本词	国际音标	方言拼音	汉语拼音	词汇属性	对应官话词	官话拼音	词频	同义词	新旧标记
㔢	tɕyɵʔ5	jyuok5	jue2	赣			4743		
㔶	kon3	gon3	gong4	赣	覆盖/盖住	fu4 gai4/gai4 zhu4	127698		
㞘	tuʔ5	duk5	du1	赣			10001		
㦜	foʔ5	fok5	huo4	赣	惊恐/惊慌/着急	jing1 kong3/jing1 huang1/zhao2 ji2	124290		
㦿	kʰam3	kam3	qian3	赣	窗户	chuang1 hu4	122122		
㦿	kʰan3	kan3	qian3	赣	窗户	chuang1 hu4	122122		
㧐	tsʰuŋ3	cung3	song3	赣			100000		
㧦	fɑŋ4	fang4	xuan4	赣	挥甩/扔	hui1 shuai3/reng1	125494		
㨘	sɑŋ4	sang4	xing3	赣	捏住鼻子，用气排出鼻涕	nie1 zhu4 bi2 zi5 ， yong4 qi4 pai2 chu1 bi2 ti4	127010		
㩃	tɕʰiɛn2	qien2	qian1	赣	拔取/采摘	ba2 qu3/cai3 zhai1	123334		
㩉	tæp6	daep6	da2	赣	拍打/打	pai1 da3/da3	125498		
㪗	tʰəu3	teu3	tou3	赣	展开/伸展	zhan3 kai1/shen1 zhan3	122825		
䅴	saʔ5	sak5	suo3	赣			126997		
䞀	hɛu2	heu2	hou4	赣	贪/馋	tan1/chan2	126891		
䟕	tsʰa2	ca2	cha4	赣	踩/踏/踹	cai3/ta4/chuai4	122094		
一	it5	yit5	yi1	赣			467830		
丁	tən1	den1	ding1	赣			140000		
丁	tiaŋ1	diang1	ding1	赣			140000		
七	tɕʰit5	qit5	qi1	赣			280000		
万	uan1	wan1	wan4	赣			220000		
丈	tsʰoŋ1	cong1	zhang4	赣			120000		
三	sam1	sam1	san1	赣			370000		
三	san1	san1	san1	赣			370000		
上	soŋ1	song1	shang4	赣			508101		
上	soŋ4	song4	shang4	赣			508101		
下	ha4	ha4	xia4	赣			370000		
下	xa1	xa1	xia4	赣			370000		
下	xa4	xa4	xia4	赣			370000		
不	pɨʔ5	bek5	bu4	赣			610331		
不	pit6	bit6	bu4	赣			610331		
与	ȵi2	ni2	yu3	赣			395033		
与	y2	yu2	yu3	赣			395033		
丑	tsʰəu3	ceu3	chou3	赣			130000		
专	tson1	zon1	zhuan1	赣			170000		
且	tɕʰia3	qia3	qie3	赣			370000		
世	si4	si4	shi4	赣			120000		
丘	kʰiɛu1	kieu1	qiu1	赣			145000		
丘	tɕʰiəu1	qieu1	qiu1	赣			145000		
丘	tɕʰiu1	qiu1	qiu1	赣			145000		
丙	pən3	ben3	bing3	赣			224999		
丙	pin3	bin3	bing3	赣			224999		
业	ȵiɛp5	niep5	ye4	赣			133000		
丛	tsʰuŋ2	cung2	cong2	赣			270000		
东	tuŋ1	dung1	dong1	赣			260000		
丝	si1	si1	si1	赣			120000		
丞	tsʰən2	cen2	cheng2	赣			125000		
丢	tiəu1	dieu1	diu1	赣			130000		
丢	tiu1	diu1	diu1	赣			130000		
两	lioŋ3	liong3	liang3	赣			370000		
严	ŋan2	ngan2	yan2	赣			170000		
严	ȵiɛn2	nien2	yan2	赣			170000		
严	iɛn2	yen2	yan2	赣			170000		
丧	soŋ1	song1	sang4	赣			125000		
个	kɛi1	gei1	ge4	赣	这/的/地	zhe4/de5/di4	125017		
个	ko4	go4	ge4	赣	这/的/地	zhe4/de5/di4	125017		
丫	ŋa1	nga1	ya1	赣			120000		
中	tsuŋ1	zung1	zhong1	赣			493191		
中	tsuŋ4	zung4	zhong1	赣			493191		
丰	fuŋ1	fung1	feng1	赣			120000		
串	tsʰon4	con4	chuan4	赣			260000		
临	lən2	len2	lin2	赣			120000		
临	lin2	lin2	lin2	赣			120000		
丸	ȵyon2	nyuon2	wan2	赣			120000		
丸	yon2	yon2	wan2	赣			120000		
丸	yon2	yuon2	wan2	赣			120000		
丹	tan1	dan1	dan1	赣			120000		
为	ui2	wui2	wei4	赣			545952		
为	ui4	wui4	wei4	赣			545952		
主	tsy3	zyu3	zhu3	赣			385602		
丽	li4	li4	li4	赣			120000		
举	tɕi3	ji3	ju3	赣			155000		
举	tɕu3	ju3	ju3	赣			155000		
乃	ȵɛi3	nei3	nai3	赣			120000		
久	tɕiəu3	jieu3	jiu3	赣			260000		
久	tɕiu3	jiu3	jiu3	赣			260000		
义	ȵi1	ni1	yi4	赣			195000		
之	tsi1	zi1	zhi1	赣			390957		
乌	u1	wu1	wu1	赣			145000		
乍	tsa4	za4	zha4	赣			120000		
乎	fu1	fu1	hu1	赣			175000		
乏	fæt6	faet6	fa2	赣			127351		
乐	lɔʔ5	lok5	le4	赣			180000		
乐	ŋoʔ5	ngok5	le4	赣			180000		
乒	pən1	ben1	ping1	赣			109404		
乒	piŋ1	bing1	ping1	赣			109404		
乓	poŋ1	bong1	pang1	赣			107515		
乔	tɕʰiau2	qiau2	qiao2	赣			120000		
乔	tɕʰiɛu2	qieu2	qiao2	赣			120000		
乖	kuai1	guai1	guai1	赣			120000		
乘	tsʰiŋ2	cing2	cheng2	赣			175000		
乘	sən2	sen2	cheng2	赣			175000		
乙	it5	yit5	yi3	赣			120000		
九	tɕiəu3	jieu3	jiu3	赣			259999		
九	tɕiu3	jiu3	jiu3	赣			259999		
九	ȵiu3	niu3	jiu3	赣			259999		
九	iu3	yiu3	jiu3	赣			259999		
乞	tɕʰi3	qi3	qi3	赣			120000		
也	a1	a1	ye3	赣			557851		
也	ia3	ya3	ye3	赣			557851		
习	ɕip6	xip6	xi2	赣			170000		
乡	ɕioŋ1	xiong1	xiang1	赣			120000		
书	sy1	syu1	shu1	赣			350000		
书	ɕu1	xu1	shu1	赣			350000		
买	mai3	mai3	mai3	赣			275000		
乱	lon1	lon1	luan4	赣			370000		
乳	lu3	lu3	ru3	赣			125000		
乳	ȵu3	nu3	ru3	赣			125000		
了	liau3	liau3	le5	赣			470908		
了	liɛu3	lieu3	le5	赣			470908		
予	i3	yi3	yu3	赣			104480		
予	y3	yu3	yu3	赣			104480		
争	tsaŋ1	zang1	zheng1	赣			270000		
争	tsɛn1	zen1	zheng1	赣			270000		
争	tsiɛn1	zien1	zheng1	赣			270000		
争	tsiŋ1	zing1	zheng1	赣			270000		
事	si1	si1	shi4	赣			225000		
二	ɵ1	o1	er4	赣			310000		
于	i1	yi1	yu2	赣			370000		
亏	kʰui1	kui1	kui1	赣			125000		
云	in2	yin2	yun2	赣			305000		
云	yn2	yun2	yun2	赣			305000		
互	fu4	fu4	hu4	赣			125000		
五	ŋ3	ng3	wu3	赣			370000		
井	tɕiaŋ3	jiang3	jing3	赣			155000		
井	tɕin3	jin3	jing3	赣			155000		
亚	ŋa4	nga4	ya4	赣			120000		
些	ɕiɛ2	xie2	xie1	赣			370000		
亡	moŋ2	mong2	wang2	赣			109629		
亡	uoŋ2	wong2	wang2	赣			109629		
交	kɑu1	gau1	jiao1	赣			120000		
亥	hɛi4	hei4	hai4	赣			145000		
亦	ȵi4	ni4	yi4	赣			120000		
亦	i4	yi4	yi4	赣			120000		
产	tsʰan3	can3	chan3	赣			120000		
亩	mɛu3	meu3	mu3	赣			120000		
亩	miau3	miau3	mu3	赣			120000		
享	ɕioŋ3	xiong3	xiang3	赣			120000		
京	tɕin1	jin1	jing1	赣			145000		
京	tɕiŋ1	jing1	jing1	赣			145000		
亭	tʰən2	ten2	ting2	赣			145000		
亭	tʰiɑŋ2	tiang2	ting2	赣			145000		
亭	tʰiŋ2	ting2	ting2	赣			145000		
亮	lioŋ1	liong1	liang4	赣			120000		
亲	tɕʰin1	qin1	qin1	赣			120000		
人	ȵin2	nin2	ren2	赣			350000		
亿	iʔ4	yik4	yi4	赣			145000		
什	sɨʔ6	sek6	shen2	赣			380000		
什	siʔ6	sik6	shen2	赣			380000		
仁	lən2	len2	ren2	赣			125000		
仁	ȵin2	nin2	ren2	赣			125000		
仅	tɕin3	jin3	jin3	赣			130000		
仆	pʰu2	pu2	pu1	赣			120000		
仇	tsʰəu2	ceu2	chou2	赣			155000		
仇	tsʰiu2	ciu2	chou2	赣			155000		
今	kin1	gin1	jin1	赣			120000		
今	tɕi1	ji1	jin1	赣			120000		
今	tɕin1	jin1	jin1	赣			120000		
介	kai4	gai4	jie4	赣			120000		
仍	ȵiŋ2	ning2	reng2	赣			120000		
从	tɕʰiuŋ2	qiung2	cong2	赣			370000		
仑	lun2	lun2	lun2	赣			110671		
仓	tsʰoŋ1	cong1	cang1	赣			155000		
仔	tsɛi3	zei3	zai3	赣			120000		
仕	si4	si4	shi4	赣			120000		
他	tɕiɛ1	jie1	ta1	赣			551339		
他	tʰa1	ta1	ta1	赣			551339		
仗	tsoŋ4	zong4	zhang4	赣			120000		
付	fu4	fu4	fu4	赣			120000		
仙	ɕiɛn1	xien1	xian1	赣			120000		
代	tʰɛi4	tei4	dai4	赣			260000		
令	lən4	len4	ling4	赣			175000		
令	liŋ3	ling3	ling4	赣			175000		
以	ȵi3	ni3	yi3	赣			386106		
以	i3	yi3	yi3	赣			386106		
仪	ȵi2	ni2	yi2	赣			120000		
仪	i2	yi2	yi2	赣			120000		
们	min2	min2	men5	赣			370000		
仰	ŋoŋ3	ngong3	yang3	赣			195000		
仰	ȵioŋ3	niong3	yang3	赣			195000		
仲	tsuŋ4	zung4	zhong4	赣			120000		
件	tɕʰiɛn4	qien4	jian4	赣			170000		
价	ka4	ga4	jia4	赣			145000		
任	lən2	len2	ren4	赣			120000		
任	lən4	len4	ren4	赣			120000		
任	lin4	lin4	ren4	赣			120000		
份	fən4	fen4	fen4	赣			195000		
份	fin4	fin4	fen4	赣			195000		
仿	foŋ3	fong3	fang3	赣			120000		
伊	ȵi1	ni1	yi1	赣			103663		
伊	i1	yi1	yi1	赣			103663		
伍	ŋ̩3	ng3	wu3	赣			120000		
伍	u3	wu3	wu3	赣			120000		
伏	fuʔ6	fuk6	fu2	赣			120000		
伐	fa2	fa2	fa2	赣			120000		
伐	fæt6	faet6	fa2	赣			120000		
休	ɕiəu1	xieu1	xiu1	赣			125000		
休	ɕiu1	xiu1	xiu1	赣			125000		
众	tsʰuŋ4	cung4	zhong4	赣			120000		
众	tsuŋ4	zung4	zhong4	赣			120000		
优	iəu1	yeu1	you1	赣			120000		
优	iu1	yiu1	you1	赣			120000		
伙	fo3	fo3	huo3	赣			120000		
会	fɛi1	fei1	hui4	赣			386025		
会	kʰuai4	kuai4	hui4	赣			386025		
会	uɛi1	wei1	hui4	赣			386025		
会	uɛi4	wui4	hui4	赣			386025		
伞	san3	san3	san3	赣			120000		
伟	ui3	wui3	wei3	赣			120000		
传	tsʰon1	con1	chuan2	赣			120000		
传	tsʰon2	con2	chuan2	赣			120000		
伢	ŋa2	nga2	ya2	赣			145000		
伤	soŋ1	song1	shang1	赣			120000		
伦	luɛn2	lun2	lun2	赣			120000		
伪	uɛi3	wui3	wei3	赣			134743		
伯	paʔ5	bak5	bo2	赣			120000		
估	ku3	gu3	gu1	赣			30000		
伴	pʰɛn1	pen1	ban4	赣			120000		
伴	pʰiɛn4	pien4	ban4	赣			120000		
伶	liɑŋ2	liang2	ling2	赣			120000		
伸	sən1	sen1	shen1	赣			120000		
伸	sin1	sin1	shen1	赣			120000		
伺	tsʰi4	ci4	ci4	赣			150000		
似	si4	si4	shi4	赣			120000		
佃	tian4	dian4	dian4	赣			101062		
佃	tʰian2	tian2	dian4	赣			101062		
但	tʰan4	tan4	dan4	赣			235000		
位	ui1	wui1	wei4	赣			245000		
低	ti1	di1	di1	赣			305000		
住	tsʰy1	cyu1	zhu4	赣			245000		
住	tɕʰu4	qu4	zhu4	赣			245000		
佑	iu4	yiu4	you4	赣			105446		
体	tʰi3	ti3	ti3	赣			205000		
何	ho2	ho2	he2	赣			170000		
余	ȵi2	ni2	yu2	赣			175000		
余	i2	yi2	yu2	赣			175000		
余	y2	yu2	yu2	赣			175000		
佛	fɨʔ6	fek6	fu2	赣			130000		
佛	fo2	fo2	fu2	赣			130000		
佛	fuʔ6	fuk6	fu2	赣			130000		
作	tsɔʔ5	zok5	zuo4	赣			200000		
你	ȵɛi3	nei3	ni3	赣			415320		
你	ȵi1	ni1	ni3	赣			415320		
佣	iuŋ4	yung4	yong1	赣			120000		
佩	pʰɛi4	pei4	pei4	赣			120000		
佩	pʰi4	pi4	pei4	赣			120000		
佬	lɑu3	lau3	lao3	赣			145000		
佮	kɵʔ5	gok5	ge2	赣			125000		
佳	ka1	ga1	jia1	赣			130000		
使	si3	si3	shi3	赣			120000		
侄	tsʰɨʔ6	cek6	zhi2	赣			145000		
侄	tsʰit6	cit6	zhi2	赣			145000		
侈	tsʰa3	ca3	chi3	赣			102544		
侈	tsʰi3	ci3	chi3	赣			102544		
例	li4	li4	li4	赣			150000		
侍	si4	si4	shi4	赣			120000		
供	kuŋ1	gung1	gong1	赣			205000		
供	kuŋ4	gung4	gong1	赣			205000		
供	tɕiuŋ1	jiung1	gong1	赣			205000		
供	tɕʰiuŋ4	qiung4	gong1	赣			205000		
依	i1	yi1	yi1	赣			145000		
侠	hap6	hap6	xia2	赣			106969		
侣	li3	li3	lv3	赣			109586		
侥	tɕiɛu3	jieu3	jiao3	赣			60000		
侥	ŋiɛu3	ngieu3	jiao3	赣			60000		
侦	tsən1	zen1	zhen1	赣			120000		
侦	tsiŋ1	zing1	zhen1	赣			120000		
侧	tsʰɛʔ5	cek5	ce4	赣			300000		
侧	tsʰiɛʔ5	ciek5	ce4	赣			300000		
侧	tsɛʔ5	zek5	ce4	赣			300000		
侨	tɕʰiau2	qiau2	qiao2	赣			120000		
侨	tɕʰiɛu2	qieu2	qiao2	赣			120000		
侮	fɛi3	fei3	wu3	赣			107043		
侯	hɛu2	heu2	hou2	赣			120000		
侵	tɕʰin1	qin1	qin1	赣			145000		
便	piɛn4	bien4	bian4	赣			120000		
便	pʰiɛn2	pien2	bian4	赣			120000		
便	pʰiɛn4	pien4	bian4	赣			120000		
促	tsʰuʔ5	cuk5	cu4	赣			120000		
俄	ŋo2	ngo2	e2	赣			120000		
俊	tɕin4	jin4	jun4	赣			120000		
俊	tɕuɛn4	jun4	jun4	赣			120000		
俏	tɕʰiau4	qiau4	qiao4	赣			120000		
俏	tɕʰiɛu4	qieu4	qiao4	赣			120000		
俐	li1	li1	li4	赣			104813		
俗	suʔ6	suk6	su2	赣			155000		
俗	ɕiuʔ6	xiuk6	su2	赣			155000		
俘	fuʔ6	fuk6	fu2	赣			102061		
保	pɑu3	bau3	bao3	赣			145000		
俞	i1	yi1	yu2	赣			90000		
信	ɕin4	xin4	xin4	赣			220000		
俩	lioŋ3	liong3	lia3	赣			102209		
俭	kan3	gan3	jian3	赣			120000		
俭	tɕiɛn3	jien3	jian3	赣			120000		
修	ɕiəu1	xieu1	xiu1	赣			310000		
修	ɕiu1	xiu1	xiu1	赣			310000		
俯	fu3	fu3	fu3	赣			100625		
俱	tɕi4	ji4	ju4	赣			103728		
俱	tɕu4	ju4	ju4	赣			103728		
俺	ŋiɛn1	ngien1	an3	赣			106018		
倍	pʰɛi4	pei4	bei4	赣			145000		
倒	tɑu3	dau3	dao4	赣			195000		
倒	tɑu4	dau4	dao4	赣			195000		
倔	tɕuɛt5	juet5	jue2	赣			108890		
倔	tɕut5	jut5	jue2	赣			108890		
倘	tʰoŋ3	tong3	tang3	赣			125000		
候	həu4	heu4	hou4	赣			170000		
倚	ȵi2	ni2	yi3	赣			120000		
倚	i2	yi2	yi3	赣			120000		
借	tɕia4	jia4	jie4	赣			150000		
倡	tsʰoŋ4	cong4	chang4	赣			120000		
倦	tɕyon4	jyuon4	juan4	赣			145000		
倪	ȵi2	ni2	ni2	赣			73943		
债	tsʰɛi4	cei4	zhai4	赣			125000		
债	tsai4	zai4	zhai4	赣			125000		
值	tsʰɨʔ6	cek6	zhi2	赣			370000		
值	tsʰiʔ6	cik6	zhi2	赣			370000		
倾	tɕʰiɑŋ1	qiang1	qing1	赣			175000		
倾	tɕʰiŋ1	qing1	qing1	赣			175000		
假	ka3	ga3	jia3	赣			115000		
偏	pʰiɛn1	pien1	pian1	赣			120000		
做	tsu4	zu4	zuo4	赣			428314		
停	tʰən2	ten2	ting2	赣			170000		
停	tʰiŋ2	ting2	ting2	赣			170000		
健	tɕiɛn4	jien4	jian4	赣			120000		
健	tɕʰiɛn4	qien4	jian4	赣			120000		
偶	ŋəu3	ngeu3	ou3	赣			120000		
偶	ŋiɛu3	ngieu3	ou3	赣			120000		
偶	ȵiau3	niau3	ou3	赣			120000		
偷	tʰɛu1	teu1	tou1	赣			120000		
偿	tsʰoŋ2	cong2	chang2	赣			136769		
偿	soŋ3	song3	chang2	赣			136769		
傅	fu4	fu4	fu4	赣			120000		
傍	pʰoŋ2	pong2	bang4	赣			103993		
储	tsʰuʔ5	cuk5	chu3	赣			220000		
催	tsʰɛi1	cei1	cui1	赣			145000		
傲	ŋɑu1	ngau1	ao4	赣			120000		
傻	sa3	sa3	sha3	赣			120000		
傻	siɛn2	sien2	sha3	赣			120000		
像	tɕʰioŋ4	qiong4	xiang4	赣			370000		
像	ɕioŋ4	xiong4	xiang4	赣			370000		
僚	liau2	liau2	liao2	赣			109813		
僧	sɛn1	sen1	seng1	赣			120000		
僵	koŋ1	gong1	jiang1	赣			120000		
僵	tɕioŋ1	jiong1	jiang1	赣			120000		
僻	pʰiʔ6	pik6	pi4	赣			220000		
儆	tɕʰiaŋ4	qiang4	jing3	赣	忌/戒备/警戒	ji4/jie4 bei4/jing3 jie4	125195		
儡	lui3	lui3	lei3	赣			76977		
儿	ȵin2	nin2	er2	赣			160000		
儿	ɵ2	o2	er2	赣			160000		
允	in3	yin3	yun3	赣			120000		
允	yn3	yun3	yun3	赣			120000		
元	ȵyon2	nyuon2	yuan2	赣			370000		
兄	ɕiaŋ1	xiang1	xiong1	赣			170000		
充	tsʰuŋ1	cung1	chong1	赣			120000		
兆	tsʰɛu4	ceu4	zhao4	赣			120000		
兆	tsiɛu1	zieu1	zhao4	赣			120000		
先	ɕiɛn1	xien1	xian1	赣			370000		
光	kuoŋ1	guong1	guang1	赣			234690		
克	kʰaʔ5	kak5	ke4	赣			145000		
克	kʰiɛʔ5	kiek5	ke4	赣			145000		
克	kʰoʔ5	kok5	ke4	赣			145000		
免	miɛn3	mien3	mian3	赣			120000		
兑	tɛi4	dei4	dui4	赣			120000		
兔	tʰu4	tu4	tu4	赣			120000		
党	toŋ3	dong3	dang3	赣			120000		
兜	tɛu1	deu1	dou1	赣			130000		
入	lɨʔ5	lek5	ru4	赣			350000		
入	ȵip5	nip5	ru4	赣			350000		
全	tɕʰyon2	qyuon2	quan2	赣			370000		
公	kuŋ1	gung1	gong1	赣			290000		
六	liuʔ6	liuk6	liu4	赣			230000		
兰	lan2	lan2	lan2	赣			120001		
共	kuŋ4	gung4	gong4	赣			135000		
共	kʰuŋ4	kung4	gong4	赣			135000		
共	tɕʰiuŋ4	qiung4	gong4	赣			135000		
关	kuan1	guan1	guan1	赣			180000		
兴	ɕin1	xin1	xing1	赣			145000		
兴	ɕin4	xin4	xing1	赣			145000		
兴	ɕiŋ1	xing1	xing1	赣			145000		
兵	pən1	ben1	bing1	赣			180000		
兵	piŋ1	bing1	bing1	赣			180000		
其	tɕʰi2	qi2	qi2	赣			380000		
具	tɕi4	ji4	ju4	赣			145000		
具	tɕu4	ju4	ju4	赣			145000		
具	tɕʰi4	qi4	ju4	赣			145000		
典	tian3	dian3	dian3	赣			180000		
典	tiɛn3	dien3	dian3	赣			180000		
养	ioŋ3	yong3	yang3	赣			200000		
兼	tɕiɛn1	jien1	jian1	赣			120000		
兼	tɕʰiɛn1	qien1	jian1	赣			120000		
兽	səu4	seu4	shou4	赣			180000		
内	lui4	lui4	nei4	赣			370000		
内	ȵɛi4	nei4	nei4	赣			370000		
冇	mɑu1	mau1	mao3	赣			440656		
冈	koŋ3	gong3	gang1	赣			120000		
册	tsʰɛʔ5	cek5	ce4	赣			145000		
册	tsʰiɛʔ5	ciek5	ce4	赣			145000		
再	tsʰɛi4	cei4	zai4	赣			370000		
再	tsɛi4	zei4	zai4	赣			370000		
冒	mɑu1	mau1	mao4	赣			120000		
冕	miɛn3	mien3	mian3	赣			129240		
冗	luŋ3	lung3	rong3	赣			145000		
写	ɕia3	xia3	xie3	赣			370000		
军	tɕin1	jin1	jun1	赣			120000		
军	tɕuɛn1	jun1	jun1	赣			120000		
军	tɕyn1	jyun1	jun1	赣			120000		
农	luŋ2	lung2	nong2	赣			145000		
农	ȵuŋ2	nung2	nong2	赣			145000		
冠	kuɛn1	gun1	guan1	赣			120000		
冠	kuon4	guon4	guan1	赣			120000		
冤	ȵyon1	nyuon1	yuan1	赣			100164		
冤	yon1	yon1	yuan1	赣			100164		
冤	yon1	yuon1	yuan1	赣			100164		
冬	tuŋ1	dung1	dong1	赣			120000		
冯	fuŋ2	fung2	feng2	赣			120000		
冰	pən1	ben1	bing1	赣			228788		
冰	piɑŋ1	biang1	bing1	赣			228788		
冰	piŋ1	bing1	bing1	赣			228788		
冲	tsʰuŋ1	cung1	chong1	赣			120000		
决	tɕyɵʔ5	jyuok5	jue2	赣			170000		
决	kʰoʔ6	kok6	jue2	赣			170000		
况	kʰuoŋ4	kuong4	kuang4	赣			120000		
冶	ia3	ya3	ye3	赣			14977		
冷	laŋ3	lang3	leng3	赣			145000		
冻	tuŋ4	dung4	dong4	赣			145000		
净	tɕʰiaŋ1	qiang1	jing4	赣			186934		
凄	tɕʰi1	qi1	qi1	赣			120000		
准	tsin3	zin3	zhun3	赣			120000		
准	tsuɛn3	zun3	zhun3	赣			120000		
准	tsyn3	zyun3	zhun3	赣			120000		
凉	lioŋ2	liong2	liang2	赣			120000		
凌	lən2	len2	ling2	赣			120000		
凌	lɛn4	len4	ling2	赣			120000		
凌	liɛn2	lien2	ling2	赣			120000		
减	kan3	gan3	jian3	赣			155000		
减	kaŋ3	gang3	jian3	赣			155000		
凑	tsʰɛu4	ceu4	cou4	赣			300000		
凑	tsʰiu4	ciu4	cou4	赣			300000		
凝	ȵin2	nin2	ning2	赣			120000		
几	tɕi3	ji3	ji3	赣			414956		
凡	fan2	fan2	fan2	赣			120000		
凡	fiɛn2	fien2	fan2	赣			120000		
凤	fuŋ4	fung4	feng4	赣			120000		
凫	fu2	fu2	fu2	赣			107153		
凭	pʰən2	pen2	ping2	赣			155000		
凭	pʰən3	pen3	ping2	赣			155000		
凭	pʰiɑŋ2	piang2	ping2	赣			155000		
凭	pʰiŋ2	ping2	ping2	赣			155000		
凯	kʰɛi3	kei3	kai3	赣			120000		
凰	foŋ2	fong2	huang2	赣			120000		
凳	tɛn4	den4	deng4	赣			120000		
凳	tiɛn4	dien4	deng4	赣			120000		
凶	ɕiuŋ1	xiung1	xiong1	赣			120000		
凸	tʰu1	tu1	tu1	赣			102774		
凸	tʰuʔ6	tuk6	tu1	赣			102774		
凹	ŋɑu1	ngau1	ao1	赣			120000		
出	tsʰit5	cit5	chu1	赣			395397		
出	tsʰyʔ5	cyuk5	chu1	赣			395397		
击	tɕi1	ji1	ji1	赣			220000		
击	tɕiʔ5	jik5	ji1	赣			220000		
函	hon2	hon2	han2	赣			120000		
凿	tsʰɔʔ6	cok6	zao2	赣			145000		
刀	tɑu1	dau1	dao1	赣			120000		
刁	tiau1	diau1	diao1	赣			120000		
刁	tiɛu1	dieu1	diao1	赣			120000		
刃	lin4	lin4	ren4	赣			108064		
分	fən1	fen1	fen1	赣			430000		
分	fin1	fin1	fen1	赣			430000		
切	tɕʰiɛt5	qiet5	qie4	赣			225000		
刊	kʰon1	kon1	kan1	赣			120000		
刑	ɕin2	xin2	xing2	赣			145000		
划	fa2	fa2	hua4	赣			120000		
划	fa4	fa4	hua4	赣			120000		
划	ua2	wa2	hua4	赣			120000		
列	liɛt5	liet5	lie4	赣			290000		
刘	liəu2	lieu2	liu2	赣			150000		
刘	liu2	liu2	liu2	赣			150000		
则	tsaʔ5	zak5	ze2	赣			370000		
则	tsɛʔ5	zek5	ze2	赣			370000		
刚	koŋ1	gong1	gang1	赣			195000		
创	tsʰoŋ3	cong3	chuang4	赣			233989		
初	tsʰu1	cu1	chu1	赣			150000		
初	tɕʰu1	qu1	chu1	赣			150000		
删	san1	san1	shan1	赣			205000		
判	pʰan4	pan4	pan4	赣			120000		
判	pʰɛn4	pen4	pan4	赣			120000		
判	pʰiɛn4	pien4	pan4	赣			120000		
刨	pʰɑu2	pau2	pao2	赣			108066		
利	li1	li1	li4	赣			120000		
别	pʰiɛt6	piet6	bie2	赣			370000		
刮	kuæt5	guaet5	gua1	赣			125000		
到	tɑu4	dau4	dao4	赣			455341		
制	tsi4	zi4	zhi4	赣			145000		
制	tsiʔ4	zik4	zhi4	赣			145000		
刷	sɵʔ5	sok5	shua1	赣			255000		
刷	suɛt5	suet5	shua1	赣			255000		
刹	tsʰæt6	caet6	sha1	赣			120000		
刹	sæt5	saet5	sha1	赣			120000		
刺	tsʰi4	ci4	ci4	赣			120000		
刺	tsʰiʔ4	cik4	ci4	赣			120000		
刻	kʰiɛʔ5	kiek5	ke4	赣			120000		
刻	kʰoʔ6	kok6	ke4	赣			120000		
刽	kʰuai4	kuai4	gui4	赣			90000		
剁	to4	do4	duo4	赣			5854		
剂	tɕi4	ji4	ji4	赣			104868		
剃	tʰi4	ti4	ti4	赣			120000		
削	ɕiau1	xiau1	xue1	赣			175000		
削	ɕiɔʔ5	xiok5	xue1	赣			175000		
削	ɕyɵʔ5	xyuok5	xue1	赣			175000		
前	tɕʰiɛn2	qien2	qian2	赣			412779		
剐	kua3	gua3	gua3	赣			30000		
剑	tɕiɛn4	jien4	jian4	赣			120000		
剔	tʰiʔ6	tik6	ti1	赣			145000		
剖	pʰo4	po4	pou1	赣			108773		
剥	pɔʔ5	bok5	bo1	赣			120000		
剧	tɕi4	ji4	ju4	赣			145000		
剧	tɕu4	ju4	ju4	赣			145000		
剩	sən4	sen4	sheng4	赣			145000		
剩	siŋ4	sing4	sheng4	赣			145000		
剪	tɕiɛn3	jien3	jian3	赣			120000		
副	fu4	fu4	fu4	赣			220000		
割	kɵʔ5	gok5	ge1	赣			120000		
劈	pʰiaʔ5	piak5	pi1	赣			145000		
劖	tsʰam2	cam2	chan2	赣	刺/扎	ci4/zha1	125710		
劖	tsʰan2	can2	chan2	赣	刺/扎	ci4/zha1	125710		
力	lɨʔ5	lek5	li4	赣			125000		
力	liʔ5	lik5	li4	赣			125000		
劝	tɕʰyon4	qyuon4	quan4	赣			145000		
办	pan4	ban4	ban4	赣			145000		
办	pʰan4	pan4	ban4	赣			145000		
功	kuŋ1	gung1	gong1	赣			150000		
加	ka1	ga1	jia1	赣			370000		
务	mu4	mu4	wu4	赣			145000		
务	u4	wu4	wu4	赣			145000		
劣	liɛt5	liet5	lie4	赣			120000		
动	tʰuŋ4	tung4	dong4	赣			270000		
助	tsʰu4	cu4	zhu4	赣			120000		
助	tɕu4	ju4	zhu4	赣			120000		
努	lu3	lu3	nu3	赣			120000		
努	ȵu3	nu3	nu3	赣			120000		
劫	tɕiɛʔ6	jiek6	jie2	赣			120000		
劫	tɕʰiɛʔ5	qiek5	jie2	赣			120000		
励	liʔ5	lik5	li4	赣			120000		
劲	tɕin4	jin4	jin4	赣			120000		
劳	lɑu2	lau2	lao2	赣			145000		
势	siʔ4	sik4	shi4	赣			195000		
勃	poʔ6	bok6	bo2	赣			120000		
勇	iuŋ3	yung3	yong3	赣			120000		
勉	miɛn3	mien3	mian3	赣			120000		
勋	ɕuɛn1	xun1	xun1	赣			120000		
勋	ɕyn1	xyun1	xun1	赣			120000		
勒	lɛt6	let6	lei1	赣			195000		
勘	kʰon1	kon1	kan1	赣			106652		
勤	tɕʰiɑŋ2	qiang2	qin2	赣			145000		
勤	tɕʰin2	qin2	qin2	赣			145000		
勦	tsʰɑu1	cau1	chao1	赣			4980		
勺	sɔʔ6	sok6	shao2	赣			120000		
勾	kiɛu1	gieu1	gou1	赣			210000		
勾	tɕiau1	jiau1	gou1	赣			210000		
勿	mu4	mu4	wu4	赣			120000		
勿	u4	wu4	wu4	赣			120000		
匀	in2	yin2	yun2	赣			120000		
匀	yn2	yun2	yun2	赣			120000		
包	pɑu1	bau1	bao1	赣			325000		
匆	tsʰuŋ1	cung1	cong1	赣			145000		
匈	ɕiuŋ1	xiung1	xiong1	赣			120000		
化	fa4	fa4	hua4	赣			370000		
北	pɛʔ5	bek5	bei3	赣			235000		
匙	siʔ5	sik5	shi5	赣			120000		
匠	tɕioŋ4	jiong4	jiang4	赣			120000		
匠	tɕʰioŋ1	qiong1	jiang4	赣			120000		
匡	kʰoŋ1	kong1	kuang1	赣			90000		
匣	ha2	ha2	xia2	赣			120000		
匪	fi3	fi3	fei3	赣			145000		
匹	pʰi2	pi2	pi3	赣			120000		
区	tɕʰi1	qi1	qu1	赣			470000		
区	tɕʰiuʔ6	qiuk6	qu1	赣			470000		
区	tɕʰu1	qu1	qu1	赣			470000		
医	i1	yi1	yi1	赣			120000		
匾	piɛn3	bien3	bian3	赣			120000		
匿	ȵiʔ6	nik6	ni4	赣			120000		
十	sɨʔ6	sek6	shi2	赣			190000		
十	sip6	sip6	shi2	赣			190000		
千	tɕʰiɛn1	qien1	qian1	赣			160000		
升	sən1	sen1	sheng1	赣			218907		
升	siŋ1	sing1	sheng1	赣			218907		
午	u3	wu3	wu3	赣			120000		
半	pɛn4	ben4	ban4	赣			125000		
半	pʰiɛn4	pien4	ban4	赣			125000		
华	fa2	fa2	hua2	赣			215000		
华	fa4	fa4	hua2	赣			215000		
协	ɕia2	xia2	xie2	赣			120000		
协	ɕiɛ2	xie2	xie2	赣			120000		
卑	pi1	bi1	bei1	赣			120000		
卒	tɕʰut5	qut5	zu2	赣			120000		
卒	tsut5	zut5	zu2	赣			120000		
卒	tsyʔ5	zyuk5	zu2	赣			120000		
卓	tsʰoʔ5	cok5	zhuo2	赣			133886		
卓	tsoʔ5	zok5	zhuo2	赣			133886		
单	tan1	dan1	dan1	赣			310000		
单	sɛn4	sen4	dan1	赣			310000		
卖	mai1	mai1	mai4	赣			175000		
南	lon2	lon2	nan2	赣			180001		
南	ȵon2	non2	nan2	赣			180001		
博	pɔʔ5	bok5	bo2	赣			120000		
卜	puʔ5	buk5	bo5	赣			120000		
卜	pʰɨʔ6	pek6	bo5	赣			120000		
卜	pʰoʔ6	pok6	bo5	赣			120000		
占	tsan4	zan4	zhan4	赣			120000		
占	tsɛn4	zen4	zhan4	赣			120000		
卡	kʰa3	ka3	ka3	赣			370000		
卢	lu2	lu2	lu2	赣			120000		
卤	lu3	lu3	lu3	赣			120000		
卦	kua4	gua4	gua4	赣			30000		
卧	ŋo4	ngo4	wo4	赣			148010		
卧	uo4	wo4	wo4	赣			148010		
卫	ui4	wui4	wei4	赣			120000		
卯	mɑu3	mau3	mao3	赣			120000		
印	ȵin4	nin4	yin4	赣			120000		
印	in4	yin4	yin4	赣			120000		
危	ui1	wui1	wei1	赣			100000		
即	tɕiʔ6	jik6	ji2	赣			270000		
却	kʰoʔ5	kok5	que4	赣			190000		
卵	lo3	lo3	luan3	赣			205000		
卵	lon3	lon3	luan3	赣			205000		
卷	tɕyon3	jyuon3	juan3	赣			145000		
卷	tɕyon4	jyuon4	juan3	赣			145000		
卸	ɕiaʔ5	xiak5	xie4	赣			104592		
卸	ɕiɛʔ5	xiek5	xie4	赣			104592		
卿	tɕʰin1	qin1	qing1	赣			120000		
厂	tsʰoŋ3	cong3	chang3	赣			184000		
厅	tʰən1	ten1	ting1	赣			120000		
厅	tʰiɑŋ1	tiang1	ting1	赣			120000		
厅	tʰiŋ1	ting1	ting1	赣			120000		
历	lɨʔ6	lek6	li4	赣			145000		
历	liʔ5	lik5	li4	赣			145000		
厉	li1	li1	li4	赣			120000		
压	ŋæt5	ngaet5	ya1	赣			180000		
厌	ȵiɛn4	nien4	yan4	赣			120000		
厌	iɛn4	yen4	yan4	赣			120000		
厕	tsʰɛʔ5	cek5	ce4	赣			170000		
厕	tsʰiɛʔ6	ciek6	ce4	赣			170000		
厘	li2	li2	li2	赣			120000		
厚	hɛu1	heu1	hou4	赣			145000		
原	ȵyon2	nyuon2	yuan2	赣			180000		
原	yon2	yon2	yuan2	赣			180000		
厢	ɕioŋ1	xiong1	xiang1	赣			120000		
厦	ha4	ha4	sha4	赣			120000		
厦	xa3	xa3	sha4	赣			120000		
厨	tsʰy2	cyu2	chu2	赣			120000		
厨	tɕʰu2	qu2	chu2	赣			120000		
去	tɕʰiɛ4	qie4	qu4	赣			373402		
厾	tu1	du1	du1	赣	用指头/棍棒等轻击轻点	yong4 zhi3 tou5/gun4 bang4 deng3 qing1 ji1 qing1 dian3	123168		
厾	tuʔ5	duk5	du1	赣	用指头/棍棒等轻击轻点	yong4 zhi3 tou5/gun4 bang4 deng3 qing1 ji1 qing1 dian3	123168		
县	ɕyon1	xyuon1	xian4	赣			120000		
叁	sam1	sam1	san1	赣			131131		
叁	san1	san1	san1	赣			131131		
参	tsʰan1	can1	can1	赣			120000		
参	tsʰiɛn1	cien1	can1	赣			120000		
参	sɛn1	sen1	can1	赣			120000		
参	siŋ2	sing2	can1	赣			120000		
又	iəu1	yeu1	you4	赣			400749		
又	iu4	yiu4	you4	赣			400749		
叉	tsʰa1	ca1	cha1	赣			120000		
叉	tsʰæt5	caet5	cha1	赣			120000		
及	tɕip6	jip6	ji2	赣			175000		
及	tɕʰiʔ6	qik6	ji2	赣			175000		
友	iəu3	yeu3	you3	赣			155000		
友	iu3	yiu3	you3	赣			155000		
双	soŋ1	song1	shuang1	赣			120000		
反	fan3	fan3	fan3	赣			145000		
发	fæt5	faet5	fa1	赣			370000		
叔	suʔ5	suk5	shu1	赣			120000		
取	tɕʰi3	qi3	qu3	赣			190000		
受	səu4	seu4	shou4	赣			155000		
受	siu4	siu4	shou4	赣			155000		
变	piɛn4	bien4	bian4	赣			270000		
叙	ɕu4	xu4	xu4	赣			109332		
叛	pʰɛn4	pen4	pan4	赣			120000		
叠	tiɛt6	diet6	die2	赣			115724		
口	kʰiɛu3	kieu3	kou3	赣			370000		
口	tɕʰiau3	qiau3	kou3	赣			370000		
古	ku3	gu3	gu3	赣			166302		
句	tɕi4	ji4	ju4	赣			222807		
另	lən4	len4	ling4	赣			102964		
另	liŋ4	ling4	ling4	赣			102964		
叨	tɑu1	dau1	dao1	赣			104761		
只	tsaʔ5	zak5	zhi3	赣			386050		
只	tsi3	zi3	zhi3	赣			386050		
叫	tɕiau4	jiau4	jiao4	赣			370000		
叫	tɕiɛu4	jieu4	jiao4	赣			370000		
召	tsɛu1	zeu1	zhao4	赣			120000		
叭	pa1	ba1	ba1	赣			170000		
叮	tən1	den1	ding1	赣			120000		
叮	tiaŋ1	diang1	ding1	赣			120000		
叮	tiŋ1	ding1	ding1	赣			120000		
可	kʰo3	ko3	ke3	赣			370000		
台	tʰɛi2	tei2	tai2	赣			155000		
史	si3	si3	shi3	赣			145000		
右	iəu4	yeu4	you4	赣			150000		
右	iu4	yiu4	you4	赣			150000		
叶	iɛp6	yep6	ye4	赣			120000		
号	hɑu1	hau1	hao4	赣			240000		
司	si1	si1	si1	赣			120000		
叹	tʰan4	tan4	tan4	赣			120000		
叼	tiau1	diau1	diao1	赣			105798		
叽	tɕi1	ji1	ji1	赣			120000		
吁	ȵi4	ni4	xu1	赣			104996		
吁	ɕi1	xi1	xu1	赣			104996		
吃	tsʰi2	ci2	chi1	赣	饮/食/吃	yin3/shi2/chi1	124794		
吃	tɕʰiaʔ5	qiak5	chi1	赣	饮/食/吃	yin3/shi2/chi1	124794		
各	kɔʔ5	gok5	ge4	赣			140000		
吆	iau1	yau1	yao1	赣			104620		
合	hɵt6	hot6	he2	赣			200000		
吉	tɕit5	jit5	ji2	赣			175000		
吊	tiau4	diau4	diao4	赣			145000		
吊	tiɛu4	dieu4	diao4	赣			145000		
同	tʰuŋ2	tung2	tong2	赣			370000		
名	mən2	men2	ming2	赣			266260		
名	miaŋ2	miang2	ming2	赣			266260		
后	hɛu1	heu1	hou4	赣			374793		
吏	liʔ5	lik5	li4	赣			103563		
吐	tʰu3	tu3	tu3	赣			170000		
向	tɕʰioŋ4	qiong4	xiang4	赣			225000		
向	ɕioŋ4	xiong4	xiang4	赣			225000		
吓	haʔ5	hak5	xia4	赣			145000		
吕	li3	li3	lv3	赣			120000		
吕	ly3	lyu3	lv3	赣			120000		
吗	ma2	ma2	ma5	赣			370000		
君	tɕin1	jin1	jun1	赣			120000		
君	tɕuɛn1	jun1	jun1	赣			120000		
君	tɕyn1	jyun1	jun1	赣			120000		
吝	lin4	lin4	lin4	赣			102803		
吞	tʰɛn1	ten1	tun1	赣			160000		
吞	tʰiɛn1	tien1	tun1	赣			160000		
吟	ȵin2	nin2	yin2	赣			109578		
吟	in2	yin2	yin2	赣			109578		
吠	fi4	fi4	fei4	赣			100574		
否	fɛu3	feu3	fou3	赣			155000		
否	fiɛu3	fieu3	fou3	赣			155000		
吧	pa2	ba2	ba5	赣			311606		
吨	tin1	din1	dun1	赣			101119		
吨	tuɛn1	dun1	dun1	赣			101119		
吩	fən1	fen1	fen1	赣			120000		
吩	fin1	fin1	fen1	赣			120000		
含	hon2	hon2	han2	赣			130000		
听	tʰiaŋ1	tiang1	ting1	赣			290000		
吭	hoŋ2	hong2	keng1	赣			108120		
吭	kʰiɛn1	kien1	keng1	赣			108120		
吮	suɛn3	sun3	shun3	赣			103025		
启	tɕʰi3	qi3	qi3	赣			120000		
吱	tsi1	zi1	zhi1	赣			103969		
吴	u2	wu2	wu2	赣			245000		
吵	tsʰɑu3	cau3	chao3	赣			120000		
吵	tsɑu1	zau1	chao3	赣			120000		
吸	tɕip6	jip6	xi1	赣			120000		
吸	ɕip5	xip5	xi1	赣			120000		
吹	tsʰy1	cyu1	chui1	赣			120000		
吹	tɕʰu1	qu1	chui1	赣			120000		
吻	uɛn3	win3	wen3	赣			145000		
吼	hoŋ3	hong3	hou3	赣			130000		
呀	ŋa1	nga1	ya5	赣			375300		
呆	tai1	dai1	dai1	赣			170000		
呆	tɛi1	dei1	dai1	赣			170000		
呆	ŋɛi2	ngei2	dai1	赣			170000		
呈	tsʰiŋ2	cing2	cheng2	赣			125000		
告	kɑu4	gau4	gao4	赣			120000		
呕	ŋiɛu3	ngieu3	ou3	赣			170000		
呕	ȵiau3	niau3	ou3	赣			170000		
员	ȵyon2	nyuon2	yuan2	赣			225000		
员	yon2	yon2	yuan2	赣			225000		
员	yon2	yuon2	yuan2	赣			225000		
呛	tɕʰioŋ4	qiong4	qiang1	赣			120000		
呜	u1	wu1	wu1	赣			120000		
呢	ȵɛ2	ne2	ne5	赣			350000		
周	tsəu1	zeu1	zhou1	赣			370000		
周	tsiu1	ziu1	zhou1	赣			370000		
味	mi4	mi4	wei4	赣			145000		
味	ui1	wui1	wei4	赣			145000		
呵	ho1	ho1	he1	赣			120000		
呻	sin1	sin1	shen1	赣			104829		
呼	fu1	fu1	hu1	赣			120000		
命	mən2	men2	ming4	赣			221520		
命	miaŋ1	miang1	ming4	赣			221520		
咆	pʰɑu2	pau2	pao2	赣			75949		
和	fo2	fo2	he2	赣			805815		
和	fo4	fo4	he2	赣			805815		
和	fu2	fu2	he2	赣			805815		
和	ho2	ho2	he2	赣			805815		
和	uo2	wo2	he2	赣			805815		
咏	iuŋ3	yung3	yong3	赣			120000		
咐	fuʔ4	fuk4	fu4	赣			120000		
咒	tsəu4	zeu4	zhou4	赣			145000		
咒	tsiu4	ziu4	zhou4	赣			145000		
咕	ku1	gu1	gu1	赣			104335		
咖	ka1	ga1	ka1	赣			101072		
咖	kʰa1	ka1	ka1	赣			101072		
咙	luŋ2	lung2	long2	赣			120000		
咚	tuŋ1	dung1	dong1	赣			100000		
咧	liɛt6	liet6	lie3	赣			130558		
咨	tsi1	zi1	zi1	赣			102506		
咪	mi1	mi1	mi1	赣			105952		
咬	ŋɑu3	ngau3	yao3	赣			120000		
咱	tsən1	zen1	zan2	赣			157973		
咳	kʰiɛʔ6	kiek6	ke2	赣			120000		
咳	kʰot6	kot6	ke2	赣			120000		
咸	han2	han2	xian2	赣			120000		
咸	haŋ2	hang2	xian2	赣			120000		
咸	ɕiɛn2	xien2	xian2	赣			120000		
咽	ȵiɛn4	nien4	yan4	赣			104563		
咽	iɛn4	yen4	yan4	赣			104563		
哀	ŋɛi1	ngei1	ai1	赣			120000		
品	pʰən3	pen3	pin3	赣			145000		
品	pʰin3	pin3	pin3	赣			145000		
哄	fuŋ3	fung3	hong3	赣			125000		
哄	fuŋ4	fung4	hong3	赣			125000		
哆	to1	do1	duo1	赣			103112		
哇	ua1	wa1	wa5	赣			107830		
哈	ha1	ha1	ha1	赣			190000		
响	hoŋ3	hong3	xiang3	赣			120000		
响	ɕioŋ3	xiong3	xiang3	赣			120000		
哎	ŋɛi1	ngei1	ai1	赣			129707		
哑	ŋa3	nga3	ya3	赣			120000		
哗	fa2	fa2	hua1	赣			108070		
哟	iɔ2	yo2	yo1	赣			102278		
哥	ko3	go3	ge1	赣			145000		
哨	tɕiau4	jiau4	shao4	赣			125000		
哨	sɑu4	sau4	shao4	赣			125000		
哨	səu4	seu4	shao4	赣			125000		
哩	li4	li4	li1	赣			342225		
哪	hɛi2	hei2	na3	赣			265000		
哪	la1	la1	na3	赣			265000		
哪	ȵa3	na3	na3	赣			265000		
哭	kʰuʔ5	kuk5	ku1	赣			145000		
哮	hɑu4	hau4	xiao1	赣			105535		
哲	tsɛʔ5	zek5	zhe2	赣			124000		
哲	tsiɛt5	ziet5	zhe2	赣			124000		
哺	pʰu3	pu3	bu3	赣			109543		
哼	hɛn1	hen1	heng1	赣			120000		
哼	hiɛn1	hien1	heng1	赣			120000		
哽	kiɛn3	gien3	geng3	赣			90000		
唁	ȵiɛn4	nien4	yan4	赣			103728		
唆	so1	so1	suo1	赣			175000		
唇	tsʰin2	cin2	chun2	赣			150000		
唇	tsʰuɛn2	cun2	chun2	赣			150000		
唇	sən2	sen2	chun2	赣			150000		
唇	syn2	syun2	chun2	赣			150000		
唉	ŋai1	ngai1	ai1	赣			107022		
唉	ŋɛi1	ngei1	ai1	赣			107022		
唐	tʰoŋ2	tong2	tang2	赣			120000		
唔	ŋ3	ng3	wu2	赣			10000		
唠	lɑu1	lau1	lao2	赣			160000		
唤	fuɛn4	fun4	huan4	赣			120000		
唤	uon4	won4	huan4	赣			120000		
唧	tɕi1	ji1	ji1	赣			105335		
唬	fu4	fu4	hu3	赣			105711		
售	siu4	siu4	shou4	赣			100000		
唯	ui2	wui2	wei2	赣			105512		
唱	tsʰoŋ4	cong4	chang4	赣			120000		
唾	tʰo2	to2	tuo4	赣			103590		
啃	kʰiɛn3	kien3	ken3	赣			120000		
啃	tɕʰiɛn3	qien3	ken3	赣			120000		
啄	tsʰoʔ6	cok6	zhuo2	赣			145000		
啄	tɔʔ6	dok6	zhuo2	赣			145000		
啄	tso1	zo1	zhuo2	赣			145000		
商	soŋ1	song1	shang1	赣			120000		
啊	a1	a1	a5	赣			382439		
啊	ŋa1	nga1	a5	赣			382439		
啜	tsʰuɛt5	cuet5	chuai4	赣	饮/喝	yin3/he1	126711		
啡	fi1	fi1	fei1	赣			145000		
啤	pʰi2	pi2	pi2	赣			100695		
啥	sa2	sa2	sha2	赣			129630		
啦	la1	la1	la5	赣			230193		
啮	ŋæʔ5	ngaek5	nie4	赣	咬/啃	yao3/ken3	123865		
啮	ŋæt5	ngaet5	nie4	赣	咬/啃	yao3/ken3	123865		
啰	lo1	lo1	luo1	赣			370000		
啸	ɕiau4	xiau4	xiao4	赣			100415		
啼	tʰi2	ti2	ti2	赣			120000		
喂	uɛi1	wei1	wei4	赣			120000		
喂	ui4	wui4	wei4	赣			120000		
善	sɛn4	sen4	shan4	赣			120000		
善	siɛn4	sien4	shan4	赣			120000		
喇	la3	la3	la3	赣			145000		
喉	hɛu2	heu2	hou2	赣			125000		
喊	han3	han3	han3	赣			120000		
喊	haŋ3	hang3	han3	赣			120000		
喘	tsʰon3	con3	chuan3	赣			145000		
喜	ɕi3	xi3	xi3	赣			130000		
喝	hɵʔ5	hok5	he1	赣			135000		
喝	huɛt6	huet6	he1	赣			135000		
喡	uiɛ1	wie1	wei2	赣	呼唤/啼哭声	hu1 huan4/ti2 ku1 sheng1	125354		
喷	pʰən1	pen1	pen1	赣			170000		
喷	pʰin1	pin1	pen1	赣			170000		
喷	pʰuŋ1	pung1	pen1	赣			170000		
喻	i4	yi4	yu4	赣			120000		
嗅	ɕiuŋ4	xiung4	xiu4	赣			120000		
嗓	soŋ3	song3	sang3	赣			120000		
嗯	ŋ3	ng3	n2	赣			123456		
嗽	su4	su4	sou4	赣			102097		
嘉	ka1	ga1	jia1	赣			120000		
嘟	tu1	du1	du1	赣			10002		
嘱	tɕu1	ju1	zhu3	赣			120000		
嘴	tɕi3	ji3	zui3	赣			120000		
嘻	ɕi1	xi1	xi1	赣			120000		
噍	tɕʰiɛu4	qieu4	jiao4	赣			90000		
噙	tɕin1	jin1	qin2	赣	含着/吸吮	han2 zhe5/xi1 shun3	122843		
器	tɕʰi4	qi4	qi4	赣			120000		
嚈	iɛʔ5	yek5	ye4	赣			5668		
嚷	ȵioŋ2	niong2	rang3	赣			105287		
嚼	tɕʰiau4	qiau4	jue2	赣			225000		
嚼	tɕʰiɔʔ6	qiok6	jue2	赣			225000		
囚	tɕʰiu2	qiu2	qiu2	赣			120000		
四	si4	si4	si4	赣			360000		
回	fɛi2	fei2	hui2	赣			285000		
因	iɑŋ1	yang1	yin1	赣			120000		
因	in1	yin1	yin1	赣			120000		
团	tʰon2	ton2	tuan2	赣			120000		
囤	tuɛn4	dun4	dun4	赣			125000		
囤	tʰun4	tun4	dun4	赣			125000		
囥	kʰoŋ4	kong4	kang4	赣	藏	cang2	126346		
园	ȵyon2	nyuon2	yuan2	赣			145000		
园	yon2	yon2	yuan2	赣			145000		
园	yon2	yuon2	yuan2	赣			145000		
困	kʰun4	kun4	kun4	赣			120000		
囱	tsʰuŋ1	cung1	cong1	赣			120000		
围	ui2	wui2	wei2	赣			120000		
固	ku4	gu4	gu4	赣			135620		
国	kuɛʔ5	guek5	guo2	赣			329470		
图	tʰu2	tu2	tu2	赣			165000		
圃	pʰu3	pu3	pu3	赣			104063		
圆	ȵyon2	nyuon2	yuan2	赣			170000		
圆	yon2	yon2	yuan2	赣			170000		
圆	yon2	yuon2	yuan2	赣			170000		
圈	tɕyon4	jyuon4	quan1	赣			225000		
圈	tɕʰyon1	qyuon1	quan1	赣			225000		
土	tʰu3	tu3	tu3	赣			145000		
圣	sən4	sen4	sheng4	赣			120000		
圣	sin2	sin2	sheng4	赣			120000		
在	tsʰɛi4	cei4	zai4	赣			431978		
圭	kui1	gui1	gui1	赣			72578		
地	tʰi1	ti1	di4	赣			370541		
场	tsʰoŋ3	cong3	chang3	赣			145000		
圾	la1	la1	ji1	赣			101059		
圾	læp6	laep6	ji1	赣			101059		
址	tsi3	zi3	zhi3	赣			120000		
均	tɕin1	jin1	jun1	赣			155000		
均	tɕuɛn1	jun1	jun1	赣			155000		
均	tɕyn1	jyun1	jun1	赣			155000		
坊	foŋ2	fong2	fang1	赣			130000		
坎	kʰan3	kan3	kan3	赣			120000		
坎	kʰiɛn3	kien3	kan3	赣			120000		
坎	kʰon3	kon3	kan3	赣			120000		
坏	fai1	fai1	huai4	赣			205000		
坐	tsʰo4	co4	zuo4	赣			175000		
坑	kʰaŋ1	kang1	keng1	赣			100000		
坑	kʰiɛn1	kien1	keng1	赣			100000		
块	kʰuai4	kuai4	kuai4	赣			170000		
坚	kan1	gan1	jian1	赣			120000		
坚	tɕiɛn1	jien1	jian1	赣			120000		
坛	tʰən2	ten2	tan2	赣			120000		
坛	tʰon2	ton2	tan2	赣			120000		
坝	paʔ4	bak4	ba4	赣			104794		
坝	pʰaʔ5	pak5	ba4	赣			104794		
坞	u1	wu1	wu4	赣			70980		
坟	fən2	fen2	fen2	赣			120000		
坟	fin2	fin2	fen2	赣			120000		
坠	tsʰɛi4	cei4	zhui4	赣			120000		
坠	tsɛi4	zei4	zhui4	赣			120000		
坡	pʰo1	po1	po1	赣			120000		
坤	kʰuin1	kuin1	kun1	赣			120000		
坤	kʰun1	kun1	kun1	赣			120000		
坦	tʰan3	tan3	tan3	赣			120000		
坪	pʰiŋ2	ping2	ping2	赣			100000		
坯	pʰɛi1	pei1	pi1	赣			104096		
坯	pʰi1	pi1	pi1	赣			104096		
坳	ŋɑu1	ngau1	ao4	赣			72351		
坷	kʰo1	ko1	ke3	赣			106334		
坷	kʰo3	ko3	ke3	赣			106334		
坼	tsʰaʔ5	cak5	che4	赣			10000		
垂	tɕʰu2	qu2	chui2	赣			120000		
垃	la1	la1	la1	赣			100322		
垃	læp6	laep6	la1	赣			100322		
垄	luŋ3	lung3	long3	赣			120000		
型	ɕin2	xin2	xing2	赣			106597		
型	ɕiŋ2	xing2	xing2	赣			106597		
垒	lɛi3	lei3	lei3	赣			102790		
垛	to3	do3	duo3	赣			120000		
垛	to4	do4	duo3	赣			120000		
垢	kiɛu4	gieu4	gou4	赣			120000		
垫	tʰiɛn4	tien4	dian4	赣			170000		
垮	kʰua3	kua3	kua3	赣			145000		
垱	toŋ4	dong4	dang4	赣			123476		
埂	kiɛn3	gien3	geng3	赣			150200		
埃	ŋɛi1	ngei1	ai1	赣			120000		
埋	mai2	mai2	mai2	赣			120000		
城	tsʰən2	cen2	cheng2	赣			80000		
城	tsʰiŋ2	cing2	cheng2	赣			80000		
域	ȵy4	nyu4	yu4	赣			195000		
域	y4	yu4	yu4	赣			195000		
埠	pʰu4	pu4	bu4	赣			145000		
培	pʰɛi2	pei2	pei2	赣			109684		
培	pʰi2	pi2	pei2	赣			109684		
基	tɕi1	ji1	ji1	赣			120000		
堂	tʰoŋ2	tong2	tang2	赣			120000		
堆	tɛi1	dei1	dui1	赣			195000		
堡	pɑu3	bau3	bao3	赣			120000		
堤	tʰi1	ti1	di1	赣			120000		
堪	kʰon1	kon1	kan1	赣			145000		
堵	tu3	du3	du3	赣			120000		
塌	læʔ6	laek6	ta1	赣			120000		
塌	tʰæp5	taep5	ta1	赣			120000		
塍	sən4	sen4	cheng2	赣			120000		
塑	sɔʔ5	sok5	su4	赣			120000		
塔	tʰæp5	taep5	ta3	赣			120000		
塘	tʰoŋ2	tong2	tang2	赣			120000		
塞	sɛʔ5	sek5	sai1	赣			230000		
塞	siɛt5	siet5	sai1	赣			230000		
填	tʰiɛn2	tien2	tian2	赣			180000		
塳	pʰuŋ2	pung2	peng2	赣			127109		
塾	suʔ6	suk6	shu2	赣			90000		
境	tɕiɑŋ4	jiang4	jing4	赣			120000		
境	tɕin4	jin4	jing4	赣			120000		
墓	mu4	mu4	mu4	赣			120000		
墙	tɕʰioŋ2	qiong2	qiang2	赣			120000		
增	tsɛn1	zen1	zeng1	赣			120000		
增	tsiɛn1	zien1	zeng1	赣			120000		
墨	mɛʔ6	mek6	mo4	赣			30000		
墩	tun1	dun1	dun1	赣			120000		
壁	piaʔ5	biak5	bi4	赣			205000		
壅	iuŋ1	yung1	yong1	赣			90000		
士	si1	si1	shi4	赣			145000		
壮	tsʰoŋ4	cong4	zhuang4	赣			120000		
壮	tsoŋ4	zong4	zhuang4	赣			120000		
声	saŋ1	sang1	sheng1	赣			370000		
壳	kʰɔʔ5	kok5	ke2	赣			145000		
壳	tɕʰiau4	qiau4	ke2	赣			145000		
壶	fu2	fu2	hu2	赣			120000		
处	tsʰy3	cyu3	chu4	赣			370000		
处	tsʰy4	cyu4	chu4	赣			370000		
处	tɕʰu3	qu3	chu4	赣			370000		
备	pi2	bi2	bei4	赣			120000		
备	pʰi4	pi4	bei4	赣			120000		
复	fuʔ6	fuk6	fu4	赣			195000		
夏	ha4	ha4	xia4	赣			120000		
夏	xa4	xa4	xia4	赣			120000		
夏	ɕia4	xia4	xia4	赣			120000		
夕	ɕiʔ6	xik6	xi1	赣			120000		
外	ŋai1	ngai1	wai4	赣			260000		
外	ŋai4	ngai4	wai4	赣			260000		
多	to1	do1	duo1	赣			390000		
夜	ia4	ya4	ye4	赣			225000		
够	kiɛu4	gieu4	gou4	赣			205000		
够	tɕiau4	jiau4	gou4	赣			205000		
大	tʰai4	tai4	da4	赣			394099		
大	tʰo4	to4	da4	赣			394099		
天	tʰiɛn1	tien1	tian1	赣			250000		
太	tʰai4	tai4	tai4	赣			370000		
夫	fu1	fu1	fu1	赣			145000		
夭	iau2	yau2	yao1	赣			101772		
央	ioŋ1	yong1	yang1	赣			120000		
夯	pin4	bin4	hang1	赣			101019		
夯	hoŋ1	hong1	hang1	赣			101019		
失	sɨʔ5	sek5	shi1	赣			125000		
失	siʔ5	sik5	shi1	赣			125000		
头	tʰɛu2	teu2	tou2	赣			245000		
夷	ȵi2	ni2	yi2	赣			120000		
夷	i2	yi2	yi2	赣			120000		
夸	kʰua1	kua1	kua1	赣			120000		
夹	kæp6	gaep6	jia1	赣			255000		
夺	to2	do2	duo2	赣			195000		
夺	tʰɵʔ6	tok6	duo2	赣			195000		
奄	iɛn3	yen3	yan3	赣			77897		
奇	tɕiʔ6	jik6	qi2	赣			145000		
奇	tɕʰi2	qi2	qi2	赣			145000		
奈	lai4	lai4	nai4	赣			120000		
奈	ȵɛi4	nei4	nai4	赣			120000		
奉	fuŋ4	fung4	feng4	赣			120000		
奋	fən4	fen4	fen4	赣			120000		
奋	fin4	fin4	fen4	赣			120000		
奎	kʰui2	kui2	kui2	赣			90000		
契	tɕʰiʔ6	qik6	qi4	赣			120000		
奔	pən1	ben1	ben1	赣			120000		
奔	pin1	bin1	ben1	赣			120000		
奕	iʔ6	yik6	yi4	赣			79495		
奖	koŋ3	gong3	jiang3	赣			120000		
奖	tɕioŋ3	jiong3	jiang3	赣			120000		
套	tʰɑu4	tau4	tao4	赣			125000		
奚	hɛi4	hei4	xi1	赣	哪/何	na3/he2	123390		
奢	sa2	sa2	she1	赣			120000		
奥	ŋɑu4	ngau4	ao4	赣			155000		
女	ȵi3	ni3	nv3	赣			370000		
奴	lu2	lu2	nu2	赣			120000		
奴	ȵu2	nu2	nu2	赣			120000		
奶	lai2	lai2	nai3	赣			120000		
奶	lai3	lai3	nai3	赣			120000		
奶	ȵai1	nai1	nai3	赣			120000		
奶	ȵai3	nai3	nai3	赣			120000		
奸	kan1	gan1	jian1	赣			120000		
她	tɕiɛ1	jie1	ta1	赣			246424		
她	tʰa1	ta1	ta1	赣			246424		
好	hɑu3	hau3	hao3	赣			370000		
如	lu2	lu2	ru2	赣			406065		
如	ɵ2	o2	ru2	赣			406065		
妃	fi1	fi1	fei1	赣			145000		
妆	tsoŋ1	zong1	zhuang1	赣			120000		
妇	fu4	fu4	fu4	赣			120000		
妈	ma1	ma1	ma1	赣			145000		
妒	tu4	du4	du4	赣			120000		
妓	tɕi4	ji4	ji4	赣			120000		
妖	iau1	yau1	yao1	赣			120000		
妖	iɛu1	yeu1	yao1	赣			120000		
妗	tɕʰim4	qim4	jin4	赣	舅母/舅妈	jiu4 mu3/jiu4 ma1	124398		
妗	tɕʰin4	qin4	jin4	赣	舅母/舅妈	jiu4 mu3/jiu4 ma1	124398		
妙	miau4	miau4	miao4	赣			145000		
妙	miɛu1	mieu1	miao4	赣			145000		
妞	ȵiəu1	nieu1	niu1	赣			5912		
妥	tʰo3	to3	tuo3	赣			145000		
妨	foŋ2	fong2	fang2	赣			120000		
妯	tsʰuʔ6	cuk6	zhou2	赣			132456		
妹	mɛi1	mei1	mei4	赣			130000		
妻	tɕʰi1	qi1	qi1	赣			120000		
姆	m4	m4	mu3	赣			145000		
姆	mu3	mu3	mu3	赣			145000		
姊	tsi3	zi3	zi3	赣			120000		
始	si3	si3	shi3	赣			120000		
姐	tɕia3	jia3	jie3	赣			145000		
姐	tɕiɛ3	jie3	jie3	赣			145000		
姑	ku1	gu1	gu1	赣			30000		
姓	ɕiaŋ4	xiang4	xing4	赣			145000		
委	ui3	wui3	wei3	赣			140000		
姚	iau2	yau2	yao2	赣			120000		
姚	iɛu2	yeu2	yao2	赣			120000		
姜	koŋ1	gong1	jiang1	赣			145000		
姜	tɕioŋ1	jiong1	jiang1	赣			145000		
姥	lɑu3	lau3	lao3	赣			104815		
姨	i1	yi1	yi2	赣			120000		
姻	ȵiɛn1	nien1	yin1	赣			120000		
姻	iɛn2	yen2	yin1	赣			120000		
姻	in1	yin1	yin1	赣			120000		
姿	tsi1	zi1	zi1	赣			120000		
威	ui1	wui1	wei1	赣			120000		
娃	ua2	wa2	wa2	赣			120000		
娄	ləu2	leu2	lou2	赣			102331		
娇	tɕiau1	jiau1	jiao1	赣			120000		
娇	tɕiɛu1	jieu1	jiao1	赣			120000		
娌	li3	li3	li3	赣			73590		
娘	ȵioŋ2	niong2	niang2	赣			255000		
娜	ȵa4	na4	na4	赣			100370		
娥	ŋo2	ngo2	e2	赣			120000		
娩	miɛn4	mien4	mian3	赣			75136		
娩	uɛn3	wien3	mian3	赣			75136		
娱	ȵi2	ni2	yu2	赣			101372		
娱	y2	yu2	yu2	赣			101372		
娶	tɕʰi3	qi3	qu3	赣			120000		
婆	pʰo2	po2	po2	赣			140000		
婉	uɛn3	wen3	wan3	赣			145000		
婊	piɛu3	bieu3	biao3	赣			10000		
婚	fən1	fen1	hun1	赣			120000		
婚	fin1	fin1	hun1	赣			120000		
婴	iɑŋ1	yang1	ying1	赣			145000		
婴	iŋ1	ying1	ying1	赣			145000		
婶	sən3	sen3	shen3	赣			145000		
婶	sin3	sin3	shen3	赣			145000		
婷	tʰən2	ten2	ting2	赣			4000		
媒	mɛi2	mei2	mei2	赣			145000		
嫁	ka4	ga4	jia4	赣			145000		
嫂	sɑu3	sau3	sao3	赣			120000		
嫌	ɕiɛn2	xien2	xian2	赣			145000		
嫖	pʰiɛu2	pieu2	piao2	赣			90000		
嫩	lin4	lin4	nen4	赣			260000		
嫩	lun1	lun1	nen4	赣			260000		
嫲	ma3	ma3	ma5	赣	母亲/奶奶/祖母	mu3 qin1/nai3 nai3/zu3 mu3	127321		
嫲	ma4	ma4	ma5	赣	母亲/奶奶/祖母	mu3 qin1/nai3 nai3/zu3 mu3	127321		
嬭	ȵai2	nai2	nai3	赣	母亲/妈妈	mu3 qin1/ma1 ma1	127742		
嬷	ma3	ma3	ma1	赣	母亲/奶奶/祖母	mu3 qin1/nai3 nai3/zu3 mu3	127322		
嬷	ma4	ma4	ma1	赣	母亲/奶奶/祖母	mu3 qin1/nai3 nai3/zu3 mu3	127322		
子	tsi3	zi3	zi5	赣			450000		
孔	kʰuŋ3	kung3	kong3	赣			170000		
孕	ȵyn4	nyun4	yun4	赣			120000		
孕	yn4	yun4	yun4	赣			120000		
字	tsʰi1	ci1	zi4	赣			380000		
字	tsi4	zi4	zi4	赣			380000		
存	tsʰin2	cin2	cun2	赣			170000		
存	tsʰuɛn2	cun2	cun2	赣			170000		
存	tsʰyn2	cyun2	cun2	赣			170000		
孙	suɛn1	sun1	sun1	赣			120000		
孙	syn1	syun1	sun1	赣			120000		
孙	ɕuɛn1	xun1	sun1	赣			120000		
孝	hɑu4	hau4	xiao4	赣			145000		
孟	muŋ4	mung4	meng4	赣			120000		
季	tɕi4	ji4	ji4	赣			120000		
孤	ku1	gu1	gu1	赣			30000		
学	hɔʔ6	hok6	xue2	赣			370000		
孩	hɛi2	hei2	hai2	赣			120000		
孽	ȵiɛʔ5	niek5	nie4	赣			120000		
宁	lən2	len2	ning2	赣			120000		
宁	ȵin2	nin2	ning2	赣			120000		
宁	ȵiŋ2	ning2	ning2	赣			120000		
它	tɕiɛ1	jie1	ta1	赣			358175		
它	tʰa1	ta1	ta1	赣			358175		
宅	tsʰɛi2	cei2	zhai2	赣			145000		
宅	tsɛi2	zei2	zhai2	赣			145000		
宇	ȵi3	ni3	yu3	赣			120000		
宇	i3	yi3	yu3	赣			120000		
宇	y3	yu3	yu3	赣			120000		
守	səu3	seu3	shou3	赣			120000		
守	siu3	siu3	shou3	赣			120000		
安	ŋon1	ngon1	an1	赣			245000		
宋	suŋ4	sung4	song4	赣			145000		
完	ȵyon2	nyuon2	wan2	赣			370000		
完	uɛn2	wen2	wan2	赣			370000		
完	yon2	yon2	wan2	赣			370000		
完	yon2	yuon2	wan2	赣			370000		
宏	fuŋ2	fung2	hong2	赣			125000		
宗	tsuŋ1	zung1	zong1	赣			170000		
官	kuɛn1	gun1	guan1	赣			260000		
官	kuon1	guon1	guan1	赣			260000		
宙	tsəu4	zeu4	zhou4	赣			104086		
宙	tsiu4	ziu4	zhou4	赣			104086		
定	tʰən4	ten4	ding4	赣			62500		
定	tʰiaŋ4	tiang4	ding4	赣			62500		
定	tʰiŋ4	ting4	ding4	赣			62500		
宛	uɛn3	wien3	wan3	赣			120000		
宜	ȵi2	ni2	yi2	赣			225000		
宜	i1	yi1	yi2	赣			225000		
宝	pɑu3	bau3	bao3	赣			170000		
实	sat6	sat6	shi2	赣			350000		
实	sɨʔ6	sek6	shi2	赣			350000		
实	sit6	sit6	shi2	赣			350000		
宠	tsʰuŋ3	cung3	chong3	赣			120000		
审	sən3	sen3	shen3	赣			120000		
审	sin3	sin3	shen3	赣			120000		
客	kʰaʔ5	kak5	ke4	赣			175000		
宣	ɕyon1	xyuon1	xuan1	赣			145000		
室	sɨʔ5	sek5	shi4	赣			120000		
室	siʔ5	sik5	shi4	赣			120000		
宦	fiɛn4	fien4	huan4	赣			100325		
宦	fon4	fon4	huan4	赣			100325		
宪	ɕiɛn4	xien4	xian4	赣			170000		
宫	kuŋ1	gung1	gong1	赣			125000		
宰	tsɛi3	zei3	zai3	赣			120000		
害	hɛi4	hei4	hai4	赣			120000		
宴	ŋan4	ngan4	yan4	赣			120000		
宴	ȵiɛn4	nien4	yan4	赣			120000		
宴	iɛn4	yen4	yan4	赣			120000		
宵	ɕiau1	xiau1	xiao1	赣			120000		
宵	ɕiɛu1	xieu1	xiao1	赣			120000		
家	ka1	ga1	jia1	赣			370000		
容	luŋ2	lung2	rong2	赣			150000		
容	iuŋ2	yung2	rong2	赣			150000		
宽	kʰuɛn1	kun1	kuan1	赣			125000		
宽	kʰuon1	kuon1	kuan1	赣			125000		
宾	pən1	ben1	bin1	赣			202982		
宾	pin1	bin1	bin1	赣			202982		
宿	suʔ5	suk5	su4	赣			125000		
宿	ɕiuʔ5	xiuk5	su4	赣			125000		
寄	tɕi4	ji4	ji4	赣			120000		
寅	in3	yin3	yin2	赣			120000		
密	mit6	mit6	mi4	赣			120000		
寇	kʰəu4	keu4	kou4	赣			120000		
寇	kʰiɛu4	kieu4	kou4	赣			120000		
寇	tɕʰiau4	qiau4	kou4	赣			120000		
富	fu4	fu4	fu4	赣			150000		
寒	hon2	hon2	han2	赣			120000		
寝	tɕʰin3	qin3	qin3	赣			120000		
察	tsʰæt5	caet5	cha2	赣			120000		
寡	kua3	gua3	gua3	赣			30000		
寨	tsʰai4	cai4	zhai4	赣			120000		
寨	tsʰɛi4	cei4	zhai4	赣			120000		
寸	tsʰin4	cin4	cun4	赣			120000		
寸	tsʰuɛn4	cun4	cun4	赣			120000		
寸	tsʰyn4	cyun4	cun4	赣			120000		
对	tɛi4	dei4	dui4	赣			434674		
寺	si1	si1	si4	赣			120000		
寻	tɕʰin2	qin2	xun2	赣			326094		
导	tɑu3	dau3	dao3	赣			195000		
导	tʰɑu4	tau4	dao3	赣			195000		
寿	səu1	seu1	shou4	赣			145000		
封	fuŋ1	fung1	feng1	赣			120000		
射	sa4	sa4	she4	赣			120000		
将	koŋ1	gong1	jiang1	赣			372305		
将	tɕioŋ1	jiong1	jiang1	赣			372305		
将	tɕioŋ4	jiong4	jiang1	赣			372305		
尊	tsin1	zin1	zun1	赣			120000		
尊	tsuɛn1	zun1	zun1	赣			120000		
尊	tsyn1	zyun1	zun1	赣			120000		
小	ɕiau3	xiau3	xiao3	赣			370000		
小	ɕiɛu3	xieu3	xiao3	赣			370000		
少	sɛu3	seu3	shao3	赣			370000		
少	sɛu4	seu4	shao3	赣			370000		
少	siɛu3	sieu3	shao3	赣			370000		
尔	o3	o3	er3	赣			70000		
尖	tɕiɛn1	jien1	jian1	赣			145000		
尘	tsʰən2	cen2	chen2	赣			130000		
尘	tsʰin2	cin2	chen2	赣			130000		
尚	tsʰoŋ4	cong4	shang4	赣			120000		
尚	soŋ4	song4	shang4	赣			120000		
尝	tsʰoŋ2	cong2	chang2	赣			145000		
尝	soŋ2	song2	chang2	赣			145000		
尤	iu2	yiu2	you2	赣			145000		
尧	ȵiɛu2	nieu2	yao2	赣			175000		
尬	kai4	gai4	ga4	赣			120000		
就	tɕʰiəu1	qieu1	jiu4	赣			523122		
就	tɕʰiu4	qiu4	jiu4	赣			523122		
尸	si1	si1	shi1	赣			123000		
尹	in3	yin3	yin3	赣			90000		
尺	tsʰaʔ5	cak5	chi3	赣			120000		
尼	ȵi2	ni2	ni2	赣			120000		
尽	tɕin4	jin4	jin3	赣			120000		
尽	tɕʰin4	qin4	jin3	赣			120000		
尾	mi3	mi3	wei3	赣			145000		
尾	ui3	wui3	wei3	赣			145000		
尿	ȵiau4	niau4	niao4	赣			130000		
尿	ȵiɛu1	nieu1	niao4	赣			130000		
局	tɕʰiuʔ6	qiuk6	ju2	赣			135000		
屁	pʰi4	pi4	pi4	赣			120000		
层	tsʰɛn2	cen2	ceng2	赣			330000		
层	tsʰiŋ2	cing2	ceng2	赣			330000		
屄	piɛʔ5	biek5	bi1	赣	女性外生殖器	nv3 xing4 wai4 sheng1 zhi2 qi4	125314		
屄	piɛt5	biet5	bi1	赣	女性外生殖器	nv3 xing4 wai4 sheng1 zhi2 qi4	125314		
屈	tɕʰu1	qu1	qu1	赣			120000		
屈	tɕʰyʔ5	qyuk5	qu1	赣			120000		
屉	tʰi4	ti4	ti4	赣			120000		
届	kai4	gai4	jie4	赣			120000		
屋	uʔ5	uk5	wu1	赣			85000		
屋	uʔ5	wuk5	wu1	赣			85000		
屎	ŋ̩1	ng1	shi3	赣			155000		
屎	si3	si3	shi3	赣			155000		
屏	pʰən2	pen2	ping2	赣			150000		
屏	pʰin2	pin2	ping2	赣			150000		
屑	ɕia4	xia4	xie4	赣			145000		
屑	ɕiɛʔ5	xiek5	xie4	赣			145000		
展	tsɛn3	zen3	zhan3	赣			261054		
展	tsiɛn3	zien3	zhan3	赣			261054		
屙	uo1	wo1	e1	赣	排泄/拉	pai2 xie4/la1	126633		
属	suʔ5	suk5	shu3	赣			120000		
属	ɕu3	xu3	shu3	赣			120000		
屠	tʰu2	tu2	tu2	赣			120000		
屡	ly3	lyu3	lv3	赣			120000		
屯	tʰuɛn2	tun2	tun2	赣			106208		
屯	tsuɛn1	zun1	tun2	赣			106208		
山	san1	san1	shan1	赣			245000		
屹	ko1	go1	yi4	赣			100601		
屹	iʔ5	yik5	yi4	赣			100601		
屿	ȵi3	ni3	yu3	赣			108351		
屿	i3	yi3	yu3	赣			108351		
屿	y2	yu2	yu3	赣			108351		
岁	ɕi4	xi4	sui4	赣			120000		
岂	tɕʰi3	qi3	qi3	赣			120000		
岐	tɕʰi2	qi2	qi2	赣			73440		
岑	tsʰən2	cen2	cen2	赣			90000		
岔	tsʰa4	ca4	cha4	赣			120000		
岖	tɕʰuʔ6	quk6	qu1	赣			101411		
岗	koŋ3	gong3	gang3	赣			120000		
岛	tɑu3	dau3	dao3	赣			120000		
岩	ŋan2	ngan2	yan2	赣			100329		
岩	ȵiɛn2	nien2	yan2	赣			100329		
岩	iɛn2	yen2	yan2	赣			100329		
岭	lən3	len3	ling3	赣			120000		
岭	liaŋ3	liang3	ling3	赣			120000		
岳	ŋɔʔ5	ngok5	yue4	赣			120000		
岸	ŋon1	ngon1	an4	赣			120000		
峡	ha2	ha2	xia2	赣			170000		
峡	hæp6	haep6	xia2	赣			170000		
峡	haʔ6	hak6	xia2	赣			170000		
峦	lon2	lon2	luan2	赣			103758		
峨	ŋo2	ngo2	e2	赣			10000		
峭	tɕʰiau4	qiau4	qiao4	赣			107426		
峰	fuŋ1	fung1	feng1	赣			120000		
峻	tɕin4	jin4	jun4	赣			103255		
峻	tɕuɛn4	jun4	jun4	赣			103255		
崇	tsʰuŋ2	cung2	chong2	赣			120000		
崔	tsʰɛi1	cei1	cui1	赣			120000		
崔	tsʰui1	cui1	cui1	赣			120000		
崖	ŋa2	nga2	ya2	赣			103709		
崩	puŋ1	bung1	beng1	赣			220000		
崭	tsan3	zan3	zhan3	赣			120000		
崭	tsiɛn3	zien3	zhan3	赣			120000		
崽	tsɛi3	zei3	zai3	赣			145000		
嵩	suŋ1	sung1	song1	赣			90000		
川	tsʰon1	con1	chuan1	赣			120000		
州	tsəu1	zeu1	zhou1	赣			245000		
州	tsiu1	ziu1	zhou1	赣			245000		
巡	ɕin2	xin2	xun2	赣			120000		
巡	ɕuɛn2	xun2	xun2	赣			120000		
工	kuŋ1	gung1	gong1	赣			220000		
左	tso3	zo3	zuo3	赣			145000		
巧	tɕʰiau3	qiau3	qiao3	赣			120000		
巧	tɕʰiɛu3	qieu3	qiao3	赣			120000		
巨	tɕi4	ji4	ju4	赣			120000		
巨	tɕu4	ju4	ju4	赣			120000		
巩	kuŋ3	gung3	gong3	赣			108130		
巫	u1	wu1	wu1	赣			120000		
差	tsʰa1	ca1	cha4	赣			120000		
差	tsʰai1	cai1	cha4	赣			120000		
差	tsʰɛi1	cei1	cha4	赣			120000		
己	tɕi3	ji3	ji3	赣			120000		
已	i3	yi3	yi3	赣			210000		
巴	pa1	ba1	ba1	赣			120000		
巷	hoŋ4	hong4	xiang4	赣			120000		
巾	tɕin1	jin1	jin1	赣			120000		
币	pi4	bi4	bi4	赣			265000		
币	pʰi1	pi1	bi4	赣			265000		
市	si4	si4	shi4	赣			160000		
布	pu4	bu4	bu4	赣			130000		
布	pʰu4	pu4	bu4	赣			130000		
帅	sai4	sai4	shuai4	赣			120000		
帆	fan1	fan1	fan1	赣			120000		
师	si1	si1	shi1	赣			120000		
希	ɕi1	xi1	xi1	赣			120000		
帐	tsoŋ4	zong4	zhang4	赣			120000		
帕	pʰa4	pa4	pa4	赣			108828		
帖	tʰiɛʔ5	tiek5	tie1	赣			160000		
帘	liɛn2	lien2	lian2	赣			145000		
帚	tsəu3	zeu3	zhou3	赣			170000		
帚	tsiu3	ziu3	zhou3	赣			170000		
帜	tsiʔ6	zik6	zhi4	赣			109625		
帝	ti4	di4	di4	赣			145000		
帝	tʰi4	ti4	di4	赣			145000		
带	tai4	dai4	dai4	赣			370000		
席	ɕiʔ6	xik6	xi2	赣			100000		
帮	poŋ1	bong1	bang1	赣			170000		
常	tsʰoŋ2	cong2	chang2	赣			145000		
常	soŋ2	song2	chang2	赣			145000		
帽	mɑu4	mau4	mao4	赣			120000		
幅	fuʔ6	fuk6	fu2	赣			145000		
幕	mɔʔ5	mok5	mu4	赣			121000		
幕	muʔ5	muk5	mu4	赣			121000		
干	kon1	gon1	gan4	赣			125000		
干	kon4	gon4	gan4	赣			125000		
干	tɕʰiɛn2	qien2	gan4	赣			125000		
平	pʰən2	pen2	ping2	赣			175000		
平	pʰiaŋ2	piang2	ping2	赣			175000		
平	pʰiŋ2	ping2	ping2	赣			175000		
年	ȵiɛn2	nien2	nian2	赣			498559		
并	pən4	ben4	bing4	赣			415230		
并	pʰən4	pen4	bing4	赣			415230		
并	pʰiɑŋ4	piang4	bing4	赣			415230		
并	pʰiŋ4	ping4	bing4	赣			415230		
幸	ɕin4	xin4	xing4	赣			120000		
幺	iɛu1	yeu1	yao1	赣			76187		
幻	fan4	fan4	huan4	赣			120000		
幻	fon4	fon4	huan4	赣			120000		
幻	uon4	won4	huan4	赣			120000		
幼	iəu4	yeu4	you4	赣			120000		
幼	iu4	yiu4	you4	赣			120000		
幽	iu1	yiu1	you1	赣			145000		
广	kuoŋ3	guong3	guang3	赣			30000		
庄	tsoŋ1	zong1	zhuang1	赣			120000		
庆	tɕʰiɑŋ4	qiang4	qing4	赣			120000		
庆	tɕʰin4	qin4	qing4	赣			120000		
庆	tɕʰiŋ4	qing4	qing4	赣			120000		
庇	pʰi4	pi4	bi4	赣			106922		
床	tsʰoŋ2	cong2	chuang2	赣			135000		
序	ɕu4	xu4	xu4	赣			170000		
序	ɕuʔ6	xuk6	xu4	赣			170000		
庐	lu2	lu2	lu2	赣			120000		
库	kʰu4	ku4	ku4	赣			310000		
应	in1	yin1	ying1	赣			30000		
应	in4	yin4	ying1	赣			30000		
应	iŋ1	ying1	ying1	赣			30000		
应	iŋ4	ying4	ying1	赣			30000		
底	ti3	di3	di3	赣			245000		
店	tiɛn4	dien4	dian4	赣			195000		
庙	miau4	miau4	miao4	赣			120000		
庙	miɛu1	mieu1	miao4	赣			120000		
庚	kiɛn1	gien1	geng1	赣			170000		
府	fu3	fu3	fu3	赣			120000		
庞	pʰoŋ2	pong2	pang2	赣			109027		
废	fi3	fi3	fei4	赣			120000		
度	tʰu1	tu1	du4	赣			386023		
座	tsʰo4	co4	zuo4	赣			120000		
庭	tʰən2	ten2	ting2	赣			120000		
庭	tʰiɑŋ2	tiang2	ting2	赣			120000		
庭	tʰiŋ2	ting2	ting2	赣			120000		
庵	ŋon1	ngon1	an1	赣			120000		
康	kʰoŋ1	kong1	kang1	赣			120000		
庸	iuŋ1	yung1	yong1	赣			120000		
廉	liɛn2	lien2	lian2	赣			120000		
廊	loŋ2	long2	lang2	赣			120000		
廖	liɛu4	lieu4	liao4	赣			90000		
延	ȵiɛn2	nien2	yan2	赣			125000		
延	iɛn2	yen2	yan2	赣			125000		
廷	tʰən2	ten2	ting2	赣			120000		
廷	tʰiŋ2	ting2	ting2	赣			120000		
建	tɕiɛn4	jien4	jian4	赣			120000		
开	kʰɛi1	kei1	kai1	赣			370000		
异	ȵi4	ni4	yi4	赣			150000		
异	i4	yi4	yi4	赣			150000		
弄	luŋ4	lung4	nong4	赣			170000		
弄	ȵuŋ4	nung4	nong4	赣			170000		
弆	kiɛ3	gie3	ju3	赣	藏	cang2	123894		
弆	tɕiɛ3	jie3	ju3	赣	藏	cang2	123894		
弆	kʰiɛ3	kie3	ju3	赣	藏	cang2	123894		
弊	pi4	bi4	bi4	赣			120000		
弋	iʔ6	yik6	yi4	赣			140000		
式	sɨʔ5	sek5	shi4	赣			265000		
弓	kuŋ1	gung1	gong1	赣			145000		
引	iɑŋ3	yang3	yin3	赣			120000		
引	in3	yin3	yin3	赣			120000		
弘	fuŋ2	fung2	hong2	赣			120000		
弛	tsʰi2	ci2	chi2	赣			108608		
弟	tʰi1	ti1	di4	赣			120000		
张	tsoŋ1	zong1	zhang1	赣			170000		
弥	mi2	mi2	mi2	赣			120000		
弦	ɕiɛn2	xien2	xian2	赣			120000		
弦	ɕyon2	xyuon2	xian2	赣			120000		
弧	fu2	fu2	hu2	赣			101275		
弯	uan1	wan1	wan1	赣			120000		
弱	loʔ6	lok6	ruo4	赣			125000		
弱	ȵiɔʔ5	niok5	ruo4	赣			125000		
弱	ȵoʔ6	nok6	ruo4	赣			125000		
弱	iɔʔ6	yok6	ruo4	赣			125000		
弸	paŋ1	bang1	peng2	赣			5168		
弹	tʰan2	tan2	dan4	赣			135000		
弹	tʰan4	tan4	dan4	赣			135000		
强	tɕʰioŋ2	qiong2	qiang2	赣			165000		
强	tɕʰioŋ3	qiong3	qiang2	赣			165000		
弼	pɛʔ5	bek5	bi4	赣			90000		
归	kui1	gui1	gui1	赣			234000		
归	kʰuɛi1	kui1	gui1	赣			234000		
当	toŋ1	dong1	dang1	赣			370000		
当	toŋ4	dong4	dang1	赣			370000		
录	luʔ5	luk5	lu4	赣			120000		
形	ɕin2	xin2	xing2	赣			145000		
形	ɕiŋ2	xing2	xing2	赣			145000		
彤	tʰuŋ1	tung1	tong2	赣			106693		
彩	tsʰɛi3	cei3	cai3	赣			120000		
彪	piau1	biau1	biao1	赣			170000		
彪	piɛu1	bieu1	biao1	赣			170000		
彬	pən1	ben1	bin1	赣			120000		
彬	pin1	bin1	bin1	赣			120000		
彭	pʰaŋ2	pang2	peng2	赣			100000		
影	iaŋ3	yang3	ying3	赣			120000		
影	in3	yin3	ying3	赣			120000		
影	iŋ3	ying3	ying3	赣			120000		
役	ȵi4	ni4	yi4	赣			120000		
役	i4	yi4	yi4	赣			120000		
彻	tsʰɛʔ5	cek5	che4	赣			120000		
彻	tsʰiɛt6	ciet6	che4	赣			120000		
彼	piʔ5	bik5	bi3	赣			120000		
往	moŋ4	mong4	wang3	赣			245000		
往	uoŋ3	wong3	wang3	赣			245000		
征	tsən1	zen1	zheng1	赣			120000		
征	tsiŋ1	zing1	zheng1	赣			120000		
径	tɕiɑŋ4	jiang4	jing4	赣			145000		
径	tɕiŋ4	jing4	jing4	赣			145000		
径	tɕʰiŋ4	qing4	jing4	赣			145000		
待	tʰɛi4	tei4	dai4	赣			205000		
很	hɛn3	hen3	hen3	赣			235000		
很	hiɛn3	hien3	hen3	赣			235000		
徊	fai2	fai2	huai2	赣			108325		
律	liʔ6	lik6	lv4	赣			245000		
律	lyt5	lyut5	lv4	赣			245000		
徐	ɕi2	xi2	xu2	赣			120000		
徐	ɕu2	xu2	xu2	赣			120000		
徒	tʰu2	tu2	tu2	赣			120000		
得	tɛʔ5	dek5	de2	赣			384479		
得	tiɛʔ5	diek5	de2	赣			384479		
徛	tɕʰi4	qi4	ji4	赣	站立	zhan4 li4	124739		
御	ȵy4	nyu4	yu4	赣			102098		
循	ɕuɛn2	xun2	xun2	赣			120000		
微	mi1	mi1	wei1	赣			120000		
德	tɛʔ5	dek5	de2	赣			124589		
德	tiɛʔ5	diek5	de2	赣			124589		
徽	fi1	fi1	hui1	赣			120000		
心	ɕin1	xin1	xin1	赣			195000		
必	pɨʔ5	bek5	bi4	赣			145000		
必	pi4	bi4	bi4	赣			145000		
必	pit5	bit5	bi4	赣			145000		
忆	iʔ4	yik4	yi4	赣			120000		
忌	tɕi4	ji4	ji4	赣			125000		
忌	tɕʰi4	qi4	ji4	赣			125000		
忍	ȵin3	nin3	ren3	赣			170000		
志	tsi4	zi4	zhi4	赣			120000		
忘	moŋ4	mong4	wang4	赣			145000		
忘	uoŋ4	wong4	wang4	赣			145000		
忙	moŋ2	mong2	mang2	赣			220000		
忠	tsuŋ1	zung1	zhong1	赣			120000		
忧	iəu1	yeu1	you1	赣			120000		
忧	iu1	yiu1	you1	赣			120000		
快	kʰuai4	kuai4	kuai4	赣			280000		
忱	tsʰin2	cin2	chen2	赣			105545		
念	ȵiɛn4	nien4	nian4	赣			220000		
忺	kʰiɛn4	kien4	xian1	赣	欲/想念/牵挂	yu4/xiang3 nian4/qian1 gua4	127383		
忺	tɕʰiɛn4	qien4	xian1	赣	欲/想念/牵挂	yu4/xiang3 nian4/qian1 gua4	127383		
忽	fu1	fu1	hu1	赣			185000		
忿	fin4	fin4	fen4	赣			109322		
怀	fai2	fai2	huai2	赣			130000		
怀	uai2	wai2	huai2	赣			130000		
态	tʰɛi4	tei4	tai4	赣			120000		
怄	ŋiɛu4	ngieu4	ou4	赣			170000		
怎	tsɛn1	zen1	zen3	赣			370000		
怎	tsiɛn1	zien1	zen3	赣			370000		
怒	lu4	lu4	nu4	赣			120000		
怒	ȵu4	nu4	nu4	赣			120000		
怔	tsiŋ1	zing1	zheng1	赣			109508		
怕	pʰa4	pa4	pa4	赣			255000		
怖	pu4	bu4	bu4	赣			100831		
怜	liɛn2	lien2	lian2	赣			120000		
思	si1	si1	si1	赣			120000		
怠	tʰɛi4	tei4	dai4	赣			120000		
急	tɕip5	jip5	ji2	赣			250000		
性	ɕiaŋ4	xiang4	xing4	赣			330000		
性	ɕin4	xin4	xing4	赣			330000		
性	ɕiŋ4	xing4	xing4	赣			330000		
怨	ȵyon4	nyuon4	yuan4	赣			120000		
怨	yon4	yon4	yuan4	赣			120000		
怨	yon4	yuon4	yuan4	赣			120000		
怪	kuai4	guai4	guai4	赣			110000		
怯	kʰiap6	kiap6	qie4	赣			120000		
怯	kʰiɛp6	kiep6	qie4	赣			120000		
怯	tɕʰiɛʔ5	qiek5	qie4	赣			120000		
总	tsuŋ3	zung3	zong3	赣			370000		
恃	si4	si4	shi4	赣			107463		
恋	liɛn4	lien4	lian4	赣			120000		
恍	foŋ3	fong3	huang3	赣			120000		
恐	kʰuŋ3	kung3	kong3	赣			120000		
恒	hɛn2	hen2	heng2	赣			120000		
恒	hiɛn2	hien2	heng2	赣			120000		
恕	su4	su4	shu4	赣			104005		
恢	fɛi1	fei1	hui1	赣			120000		
恤	ɕuɛt6	xuet6	xu4	赣			120000		
恤	ɕut6	xut6	xu4	赣			120000		
恨	hɛn4	hen4	hen4	赣			170000		
恨	hiɛn4	hien4	hen4	赣			170000		
恩	ŋiɛn1	ngien1	en1	赣			195000		
恬	tʰiɛn2	tien2	tian2	赣			100455		
恭	kuŋ1	gung1	gong1	赣			120000		
息	ɕiʔ5	xik5	xi1	赣			145000		
恰	tɕʰiaʔ5	qiak5	qia4	赣			120000		
恳	kʰiɛn3	kien3	ken3	赣			120000		
恶	ŋɔʔ5	ngok5	e4	赣			195000		
恶	uʔ5	uk5	e4	赣			195000		
恶	u4	wu4	e4	赣			195000		
恼	lɑu3	lau3	nao3	赣			120000		
恼	ȵɑu3	nau3	nao3	赣			120000		
悄	tɕʰiau1	qiau1	qiao1	赣			106074		
悉	ɕiʔ6	xik6	xi1	赣			108873		
悍	hon4	hon4	han4	赣			104921		
悔	fɛi4	fei4	hui3	赣			145000		
悔	fi3	fi3	hui3	赣			145000		
悟	uʔ4	wuk4	wu4	赣			120000		
悠	iu1	yiu1	you1	赣			120000		
患	fiɛn4	fien4	huan4	赣			120000		
患	uɛn4	wien4	huan4	赣			120000		
悦	ȵuɛt6	nuet6	yue4	赣			120000		
悦	yɵʔ5	yuok5	yue4	赣			120000		
您	ȵin2	nin2	nin2	赣			134934		
悬	ɕyon2	xyuon2	xuan2	赣			120000		
悯	min3	min3	min3	赣			120000		
悲	pi1	bi1	bei1	赣			120000		
悼	tɑu4	dau4	dao4	赣			100020		
情	tɕʰiɑŋ2	qiang2	qing2	赣			120000		
情	tɕʰin2	qin2	qing2	赣			120000		
惊	tɕiaŋ1	jiang1	jing1	赣			145000		
惊	tɕin1	jin1	jing1	赣			145000		
惑	fɛʔ6	fek6	huo4	赣			120000		
惑	foʔ6	fok6	huo4	赣			120000		
惕	tʰiʔ5	tik5	ti4	赣			107422		
惜	ɕiɛʔ5	xiek5	xi1	赣			120000		
惜	ɕiʔ5	xik5	xi1	赣			120000		
惠	fɛi4	fei4	hui4	赣			145000		
惠	fi4	fi4	hui4	赣			145000		
惧	tɕi4	ji4	ju4	赣			104048		
惧	tɕu4	ju4	ju4	赣			104048		
惨	tsʰan3	can3	can3	赣			120000		
惨	tsʰiɛn3	cien3	can3	赣			120000		
惩	tsʰiŋ3	cing3	cheng2	赣			105794		
惭	tsʰan2	can2	can2	赣			120000		
惯	kuan4	guan4	guan4	赣			30000		
惯	kuon4	guon4	guan4	赣			30000		
惰	to4	do4	duo4	赣			120000		
想	ɕioŋ3	xiong3	xiang3	赣			411904		
惹	lɛ3	le3	re3	赣			200000		
惹	ia3	ya3	re3	赣			200000		
愁	tsʰɛu2	ceu2	chou2	赣			120000		
愈	ȵi2	ni2	yu4	赣			102307		
愈	y2	yu2	yu4	赣			102307		
愉	ȵi2	ni2	yu2	赣			107329		
愉	y2	yu2	yu2	赣			107329		
意	ȵi4	ni4	yi4	赣			145000		
意	i4	yi4	yi4	赣			145000		
愚	ȵi2	ni2	yu2	赣			120000		
愚	ȵy2	nyu2	yu2	赣			120000		
愚	y2	yu2	yu2	赣			120000		
感	kon3	gon3	gan3	赣			145000		
愤	fin4	fin4	fen4	赣			102996		
愧	fai2	fai2	kui4	赣			120000		
愧	kʰui4	kui4	kui4	赣			120000		
愿	ȵyon1	nyuon1	yuan4	赣			120000		
慈	tsʰi2	ci2	ci2	赣			120000		
慌	foŋ1	fong1	huang1	赣			120000		
慎	sən4	sen4	shen4	赣			120000		
慎	sin4	sin4	shen4	赣			120000		
慕	mu4	mu4	mu4	赣			120000		
慢	man1	man1	man4	赣			220000		
慧	fi4	fi4	hui4	赣			145000		
慨	kʰɛi3	kei3	kai3	赣			120000		
慰	ui4	wui4	wei4	赣			120000		
憨	hon1	hon1	han1	赣			120000		
懂	tuŋ3	dung3	dong3	赣			370000		
懈	kai4	gai4	xie4	赣			103268		
懈	ɕia4	xia4	xie4	赣			103268		
懒	lan3	lan3	lan3	赣			220000		
懵	muŋ3	mung3	meng3	赣			90000		
戄	foʔ5	fok5	jue2	赣	惊恐/惊慌/着急	jing1 kong3/jing1 huang1/zhao2 ji2	124779		
戈	ko1	go1	ge1	赣			100232		
戏	ɕi4	xi4	xi4	赣			120000		
成	tsʰɑŋ2	cang2	cheng2	赣			416686		
成	tsʰən2	cen2	cheng2	赣			416686		
成	tsʰiŋ2	cing2	cheng2	赣			416686		
成	saŋ2	sang2	cheng2	赣			416686		
成	siŋ2	sing2	cheng2	赣			416686		
我	ŋo1	ngo1	wo3	赣			578841		
戒	kai4	gai4	jie4	赣			120000		
或	fɛʔ6	fek6	huo4	赣			135000		
或	fiɛt6	fiet6	huo4	赣			135000		
战	tsan4	zan4	zhan4	赣			145000		
战	tsɛn4	zen4	zhan4	赣			145000		
戚	tɕʰiʔ5	qik5	qi1	赣			120000		
戥	ɕiaŋ1	xiang1	deng3	赣			120000		
截	tɕiɛt5	jiet5	jie2	赣			145000		
戬	tɕiɛn3	jien3	jian3	赣			90000		
戳	tsʰɔʔ5	cok5	chuo1	赣	以物体的尖端触刺/性交	yi3 wu4 ti3 de5 jian1 duan1 chu4 ci4/xing4 jiao1	124507		
戴	tai4	dai4	dai4	赣			120000		
户	fu4	fu4	hu4	赣			170000		
房	foŋ2	fong2	fang2	赣			120000		
所	so3	so3	suo3	赣			370000		
所	suʔ5	suk5	suo3	赣			370000		
扁	piɛn3	bien3	bian3	赣			120000		
扇	sɛn4	sen4	shan4	赣			120000		
手	səu3	seu3	shou3	赣			370000		
手	siu3	siu3	shou3	赣			370000		
才	tsʰai2	cai2	cai2	赣			384590		
才	tsʰɛi2	cei2	cai2	赣			384590		
扎	tsæt5	zaet5	zha1	赣			120000		
扑	pʰuʔ5	puk5	pu1	赣			120000		
扒	pa1	ba1	ba1	赣			120000		
扒	pʰa2	pa2	ba1	赣			120000		
打	ta3	da3	da3	赣			370000		
扔	liŋ1	ling1	reng1	赣			115300		
托	tʰo1	to1	tuo1	赣			125000		
托	tʰɔʔ5	tok5	tuo1	赣			125000		
扚	tiaʔ5	diak5	diao3	赣			154620		
扛	koŋ1	gong1	kang2	赣			145000		
扛	kʰoŋ2	kong2	kang2	赣			145000		
扣	kʰiɛu4	kieu4	kou4	赣			150000		
扣	tɕʰiau4	qiau4	kou4	赣			150000		
执	tsʰiʔ6	cik6	zhi2	赣			120000		
执	tsɨʔ5	zek5	zhi2	赣			120000		
执	tsiʔ6	zik6	zhi2	赣			120000		
扩	kʰɔʔ5	kok5	kuo4	赣			120000		
扩	kʰuɛt5	kuet5	kuo4	赣			120000		
扫	sɑu4	sau4	sao3	赣			135000		
扬	iaŋ2	yang2	yang2	赣			120000		
扬	ioŋ2	yong2	yang2	赣			120000		
扭	ȵiəu3	nieu3	niu3	赣			120000		
扭	ȵiuʔ6	niuk6	niu3	赣			120000		
扮	pan4	ban4	ban4	赣			120000		
扮	pən4	ben4	ban4	赣			120000		
扮	pʰən4	pen4	ban4	赣			120000		
扯	tsʰa3	ca3	che3	赣			120000		
扯	tsʰɛ3	ce3	che3	赣			120000		
扰	lɑu3	lau3	rao3	赣			120000		
扰	lɛu3	leu3	rao3	赣			120000		
扰	ȵɑu3	nau3	rao3	赣			120000		
扳	pan1	ban1	ban1	赣			120000		
扶	fu2	fu2	fu2	赣			120000		
批	pʰi1	pi1	pi1	赣			120000		
扼	ŋoʔ5	ngok5	e4	赣			109340		
找	tɕʰin2	qin2	zhao3	赣			370000		
找	tsɑu3	zau3	zhao3	赣			370000		
承	tsʰən2	cen2	cheng2	赣			120000		
承	tsʰiŋ2	cing2	cheng2	赣			120000		
承	sən2	sen2	cheng2	赣			120000		
技	tɕʰi4	qi4	ji4	赣			120000		
抄	tsʰɑu1	cau1	chao1	赣			145000		
把	pa3	ba3	ba3	赣			415002		
把	la3	la3	ba3	赣			415002		
抑	iʔ6	yik6	yi4	赣			103709		
抒	ɕu1	xu1	shu1	赣			101738		
抓	kʰa1	ka1	zhua1	赣			125000		
抓	tsa1	za1	zhua1	赣			125000		
抓	tsiɛ1	zie1	zhua1	赣			125000		
投	tʰɛu2	teu2	tou2	赣			120000		
抖	tɛu3	deu3	dou3	赣			120000		
抗	kʰoŋ4	kong4	kang4	赣			120000		
折	sɛʔ6	sek6	zhe2	赣			120000		
折	siɛʔ6	siek6	zhe2	赣			120000		
折	tsɛʔ5	zek5	zhe2	赣			120000		
折	tsiɛʔ5	ziek5	zhe2	赣			120000		
抚	fu3	fu3	fu3	赣			120000		
抛	pʰɑu1	pau1	pao1	赣			120000		
抠	kʰəu1	keu1	kou1	赣			120000		
抠	kʰiɛu1	kieu1	kou1	赣			120000		
抠	tɕʰiau1	qiau1	kou1	赣			120000		
抡	luɛn2	lun2	lun1	赣			116302		
抢	tɕʰioŋ3	qiong3	qiang3	赣			120000		
护	fu4	fu4	hu4	赣			120000		
报	pɑu4	bau4	bao4	赣			180000		
披	pʰi1	pi1	pi1	赣			120000		
抬	tʰɛi2	tei2	tai2	赣			120000		
抱	pɑu4	bau4	bao4	赣			145000		
抱	pʰɑu4	pau4	bao4	赣			145000		
抵	ti3	di3	di3	赣			120000		
抹	mɛt5	met5	mo3	赣			146366		
抻	tsʰən1	cen1	chen1	赣			90000		
押	ŋæt5	ngaet5	ya1	赣			125000		
抽	tsʰəu1	ceu1	chou1	赣			170000		
抽	tsʰiu1	ciu1	chou1	赣			170000		
抿	mən2	men2	min3	赣			10001		
拂	fu2	fu2	fu2	赣			120000		
拂	pʰi4	pi4	fu2	赣			120000		
拄	tɕu3	ju3	zhu3	赣			120000		
拄	tɕʰu3	qu3	zhu3	赣			120000		
担	tan3	dan3	dan1	赣			120000		
担	taŋ1	dang1	dan1	赣			120000		
担	taŋ4	dang4	dan1	赣			120000		
拆	tsʰaʔ5	cak5	chai1	赣			145000		
拇	mu3	mu3	mu3	赣			170000		
拈	ȵiɛn1	nien1	nian1	赣			133000		
拉	la1	la1	la1	赣			370000		
拌	pʰɛn1	pen1	ban4	赣			120000		
拍	pʰaʔ5	pak5	pai1	赣			145000		
拐	kuai3	guai3	guai3	赣			120000		
拒	tɕi4	ji4	ju4	赣			100000		
拒	tɕu4	ju4	ju4	赣			100000		
拓	tʰoʔ5	tok5	tuo4	赣			108640		
拔	pa2	ba2	ba2	赣			120000		
拔	pʰæʔ6	paek6	ba2	赣			120000		
拖	tʰo1	to1	tuo1	赣			170000		
拗	ŋɑu2	ngau2	ao3	赣			130000		
拗	ŋɑu4	ngau4	ao3	赣			130000		
拗	ȵiu4	niu4	ao3	赣			130000		
拘	tɕu1	ju1	ju1	赣			120000		
拙	tsʰoʔ6	cok6	zhuo1	赣			120000		
拙	tsoʔ6	zok6	zhuo1	赣			120000		
招	tsɛu1	zeu1	zhao1	赣			125000		
招	tsiɛu1	zieu1	zhao1	赣			125000		
拜	pai4	bai4	bai4	赣			120000		
拟	ȵi3	ni3	ni3	赣			130000		
拢	luŋ3	lung3	long3	赣			350000		
拣	kan3	gan3	jian3	赣			142340		
拣	tɕiɛn3	jien3	jian3	赣			142340		
拥	iuŋ3	yung3	yong1	赣			120000		
拦	lan2	lan2	lan2	赣			120000		
拧	ȵiŋ3	ning3	ning2	赣			156343		
拨	pɛʔ5	bek5	bo1	赣			120000		
拨	po1	bo1	bo1	赣			120000		
择	tsʰɛʔ6	cek6	ze2	赣			145000		
择	tʰɔʔ6	tok6	ze2	赣			145000		
择	tsiɛʔ5	ziek5	ze2	赣			145000		
括	kʰuɛʔ5	kuek5	kuo4	赣			106247		
拭	siʔ5	sik5	shi4	赣			152599		
拯	tsən3	zen3	zheng3	赣			120000		
拯	tsiŋ3	zing3	zheng3	赣			120000		
拱	kuŋ3	gung3	gong3	赣			120000		
拳	tɕʰyon2	qyuon2	quan2	赣			145000		
拴	son1	son1	shuan1	赣			120000		
拶	tsat5	zat5	za1	赣	挤压/逼迫	ji3 ya1/bi1 po4	123234		
拷	kʰɑu3	kau3	kao3	赣			120000		
拼	pʰən1	pen1	pin1	赣			120000		
拼	pʰiɑŋ1	piang1	pin1	赣			120000		
拼	pʰin1	pin1	pin1	赣			120000		
拾	sɨʔ6	sek6	shi2	赣			120000		
拾	sip6	sip6	shi2	赣			120000		
拿	taʔ5	dak5	na2	赣			370000		
持	tsʰi2	ci2	chi2	赣			125000		
挂	kua4	gua4	gua4	赣			130000		
指	tsɨʔ5	zek5	zhi3	赣			370000		
指	tsi3	zi3	zhi3	赣			370000		
按	ŋon1	ngon1	an4	赣			370000		
挎	kʰua3	kua3	kua4	赣			108547		
挑	tʰiau3	tiau3	tiao1	赣			120000		
挑	tʰiɛu1	tieu1	tiao1	赣			120000		
挖	ua1	wa1	wa1	赣			135000		
挖	uæʔ5	waek5	wa1	赣			135000		
挚	tsi4	zi4	zhi4	赣			102948		
挟	ka1	ga1	xie2	赣			120000		
挟	kæʔ6	gaek6	xie2	赣			120000		
挟	ɕia2	xia2	xie2	赣			120000		
挠	lɑu2	lau2	nao2	赣			109311		
挠	ȵɑu2	nau2	nao2	赣			109311		
挡	toŋ3	dong3	dang3	赣			170000		
挣	tsaŋ4	zang4	zheng1	赣			120000		
挣	tsiŋ4	zing4	zheng1	赣			120000		
挤	tɕi3	ji3	ji3	赣			100000		
挥	fi1	fi1	hui1	赣			120000		
挦	tɕʰiɛn2	qien2	xian2	赣			90000		
挨	kʰai4	kai4	ai1	赣	拖延	tuo1 yan2	126060		
挨	ŋai1	ngai1	ai1	赣	拖延	tuo1 yan2	126060		
挨	ŋai2	ngai2	ai1	赣	拖延	tuo1 yan2	126060		
挪	ȵo2	no2	nuo2	赣			120000		
挫	tsʰo1	co1	cuo4	赣			130516		
振	tsən4	zen4	zhen4	赣			120000		
振	tsiŋ4	zing4	zhen4	赣			120000		
挲	sa1	sa1	sa1	赣			90000		
挺	tʰən3	ten3	ting3	赣			135000		
挺	tʰiŋ3	ting3	ting3	赣			135000		
挼	lo2	lo2	rua2	赣	揉搓	rou2 cuo1	122468		
挽	uan3	wan3	wan3	赣			120000		
捂	u3	wu3	wu3	赣			100989		
捅	tʰuŋ3	tung3	tong3	赣			120000		
捆	kʰuin3	kuin3	kun3	赣			120000		
捆	kʰun3	kun3	kun3	赣			120000		
捉	kʰa1	ka1	zhuo1	赣			120000		
捉	tso1	zo1	zhuo1	赣			120000		
捉	tsɔʔ5	zok5	zhuo1	赣			120000		
捋	lɵʔ6	lok6	lv3	赣			90000		
捌	pat6	bat6	ba1	赣			106102		
捍	hon4	hon4	han4	赣			109764		
捎	sɑu1	sau1	shao1	赣			104816		
捎	siɛu3	sieu3	shao1	赣			104816		
捎	siɛu4	sieu4	shao1	赣			104816		
捏	ȵiɛʔ5	niek5	nie1	赣			255000		
捐	tɕyon1	jyuon1	juan1	赣			120000		
捕	pu3	bu3	bu3	赣			106747		
捞	lɑu1	lau1	lao1	赣			145000		
损	suɛn3	sun3	sun3	赣			120000		
损	syn3	syun3	sun3	赣			120000		
损	ɕuɛn3	xun3	sun3	赣			120000		
捡	tɕiɛn3	jien3	jian3	赣			145000		
换	uɛn1	wen1	huan4	赣			350000		
换	uɛn4	wien4	huan4	赣			350000		
换	uon4	won4	huan4	赣			350000		
捣	tɑu3	dau3	dao3	赣			120000		
捧	puŋ3	bung3	peng3	赣			120000		
捧	pʰuŋ3	pung3	peng3	赣			120000		
捩	liaʔ6	liak6	lie4	赣			90000		
据	tɕi2	ji2	ju4	赣			120000		
据	tɕu2	ju2	ju4	赣			120000		
捶	tsʰy2	cyu2	chui2	赣			120000		
捶	tɕʰu2	qu2	chui2	赣			120000		
捷	tɕiɛt6	jiet6	jie2	赣			120000		
捺	læt5	laet5	na4	赣	用手重按/按压	yong4 shou3 zhong4 an4/an4 ya1	127381		
捻	ȵiɛp6	niep6	nian3	赣			107180		
捼	lo2	lo2	ruo2	赣	揉搓	rou2 cuo1	124227		
掀	ɕiɛn1	xien1	xian1	赣			120000		
掀	ɕyon1	xyuon1	xian1	赣			120000		
掂	tiɛn1	dien1	dian1	赣			170000		
掇	tɵʔ5	dok5	duo1	赣			132650		
授	siu4	siu4	shou4	赣			145000		
掉	tiɛʔ5	diek5	diao4	赣			370000		
掉	tiɛu4	dieu4	diao4	赣			370000		
掌	tsoŋ3	zong3	zhang3	赣			145000		
掏	tʰɑu1	tau1	tao1	赣			120000		
掐	kʰæp5	kaep5	qia1	赣			120000		
排	pʰai2	pai2	pai2	赣			175000		
掖	iɛʔ6	yek6	ye1	赣			70910		
掖	iʔ6	yik6	ye1	赣			70910		
掘	tɕʰuɛt6	quet6	jue2	赣			120000		
掟	tiɑŋ4	diang4	zheng3	赣	扔/抛/砸/挥	reng1/pao1/za2/hui1	127783		
掠	luɛt6	luet6	lve4	赣			106779		
探	tʰam4	tam4	tan4	赣			120000		
探	tʰan4	tan4	tan4	赣			120000		
探	tʰon4	ton4	tan4	赣			120000		
接	tɕiɛp5	jiep5	jie1	赣			250000		
控	kʰuŋ3	kung3	kong4	赣			125000		
推	tʰɛi1	tei1	tui1	赣			120000		
掩	ŋan3	ngan3	yan3	赣			120000		
掩	ȵiɛn3	nien3	yan3	赣			120000		
掩	iɛn3	yen3	yan3	赣			120000		
措	tsʰo4	co4	cuo4	赣			105010		
掫	tsʰɛu1	ceu1	zhou1	赣			5329		
掷	tsʰiʔ6	cik6	zhi4	赣			102271		
掷	tsiʔ6	zik6	zhi4	赣			102271		
掸	tan3	dan3	dan3	赣			76597		
掸	siɛn4	sien4	dan3	赣			76597		
掸	tʰon3	ton3	dan3	赣			76597		
掺	tsʰan1	can1	can4	赣			151674		
揇	lon3	lon3	nan3	赣			35004		
揈	fɑŋ4	fang4	hong1	赣	挥甩/扔	hui1 shuai3/reng1	122783		
揉	lɛu2	leu2	rou2	赣			120000		
描	miau2	miau2	miao2	赣			120000		
描	miɛu2	mieu2	miao2	赣			120000		
提	tʰi2	ti2	ti2	赣			120000		
提	tʰia2	tia2	ti2	赣			120000		
揖	i1	yi1	yi1	赣			90000		
揖	iʔ5	yik5	yi1	赣			90000		
揞	ŋon1	ngon1	an3	赣			1000		
握	uɔʔ5	wok5	wo4	赣			195000		
揢	kʰa1	ka1	ke2	赣	抓/掐/握	zhua1/qia1/wo4	122836		
揢	kʰaʔ6	kak6	ke2	赣	抓/掐/握	zhua1/qia1/wo4	122836		
揩	kʰai1	kai1	kai1	赣	擦/抹	ca1/mo3	125326		
揪	tɕiəu1	jieu1	jiu1	赣			120000		
揪	tɕiu1	jiu1	jiu1	赣			120000		
揪	tɕʰiu1	qiu1	jiu1	赣			120000		
揭	tɕiɛt6	jiet6	jie1	赣			120000		
揭	tɕʰiɛʔ6	qiek6	jie1	赣			120000		
揰	tsʰuŋ3	cung3	chong4	赣	推	tui1	125797		
援	ȵyon2	nyuon2	yuan2	赣			120000		
援	yon2	yon2	yuan2	赣			120000		
援	yon2	yuon2	yuan2	赣			120000		
揽	lan3	lan3	lan3	赣			120000		
搁	kaʔ5	gak5	ge1	赣			380000		
搁	kɔʔ5	gok5	ge1	赣			380000		
搂	lɛu1	leu1	lou3	赣			125000		
搂	lɛu3	leu3	lou3	赣			125000		
搅	kɑu3	gau3	jiao3	赣			120000		
搅	tɕiau3	jiau3	jiao3	赣			120000		
搇	tsʰim4	cim4	qin4	赣	按压	an4 ya1	127087		
搇	tsʰin4	cin4	qin4	赣	按压	an4 ya1	127087		
搇	kʰim4	kim4	qin4	赣	按压	an4 ya1	127087		
搉	kʰoʔ6	kok6	que4	赣	敲击	qiao1 ji1	127686		
搊	tsʰəu1	ceu1	chou1	赣	搀扶	chan1 fu2	127115		
搏	po2	bo2	bo2	赣			103079		
搓	tsʰo1	co1	cuo1	赣			120000		
搜	sɛu1	seu1	sou1	赣			130000		
搜	siu1	siu1	sou1	赣			130000		
搞	kɑu3	gau3	gao3	赣			239085		
搣	miɛʔ5	miek5	mie4	赣			100000		
搧	sɛn1	sen1	shan1	赣			4720		
搨	tæp6	daep6	ta4	赣	拍打/打	pai1 da3/da3	126188		
搪	tʰoŋ2	tong2	tang2	赣			90000		
搬	pɛn1	ben1	ban1	赣			120000		
搬	piɛn1	bien1	ban1	赣			120000		
搭	tæp5	daep5	da1	赣			200000		
搲	ua3	wa3	wa1	赣			125775		
搴	tɕʰiɛn2	qien2	qian1	赣	拔取/采摘	ba2 qu3/cai3 zhai1	125185		
携	ɕia2	xia2	xie2	赣			104562		
搽	tsʰa2	ca2	cha2	赣			10006		
摄	siɛʔ5	siek5	she4	赣			105141		
摆	pai3	bai3	bai3	赣			145000		
摇	iau2	yau2	yao2	赣			145000		
摇	iɛu2	yeu2	yao2	赣			145000		
摊	tʰan1	tan1	tan1	赣			120000		
摊	tʰiɛn1	tien1	tan1	赣			120000		
摔	sai1	sai1	shuai1	赣			154698		
摘	tsaʔ5	zak5	zhai1	赣			148904		
摧	tsʰɛi1	cei1	cui1	赣			109050		
摩	ma1	ma1	mo2	赣			120000		
摩	mo2	mo2	mo2	赣			120000		
摱	mɑŋ1	mang1	man4	赣	击打	ji1 da3	127042		
摸	mo1	mo1	mo1	赣			120000		
摹	mu2	mu2	mo2	赣			120000		
撂	liau4	liau4	liao4	赣	扔	reng1	127679		
撇	pʰiɛt5	piet5	pie1	赣			220000		
撑	tsʰaŋ1	cang1	cheng1	赣			195000		
撒	sæt5	saet5	sa1	赣			125000		
撕	si1	si1	si1	赣			120000		
撚	ȵiɛn3	nien3	nian3	赣			30000		
撞	tsʰoŋ4	cong4	zhuang4	赣			120000		
撤	tsʰɛʔ5	cek5	che4	赣			120000		
撤	tsʰiɛʔ6	ciek6	che4	赣			120000		
撩	liɛu2	lieu2	liao1	赣			120000		
撬	tɕʰiɛu4	qieu4	qiao4	赣			106014		
播	po1	bo1	bo1	赣			175000		
撮	tsʰɵʔ5	cok5	cuo1	赣			120000		
撮	tsɵʔ5	zok5	cuo1	赣			120000		
撼	hon4	hon4	han4	赣			120000		
擂	lɛi2	lei2	lei2	赣			120000		
操	tsʰɑu1	cau1	cao1	赣			150000		
擤	sɑŋ4	sang4	xing3	赣	捏住鼻子，用气排出鼻涕	nie1 zhu4 bi2 zi5 ， yong4 qi4 pai2 chu1 bi2 ti4	126629		
擦	tsʰæt5	caet5	ca1	赣			145000		
擿	tsiɛ1	zie1	ti1	赣	搔/挠	sao1/nao2	124485		
擿	tsiɛʔ5	ziek5	ti1	赣	搔/挠	sao1/nao2	124485		
攀	pʰan1	pan1	pan1	赣			120000		
攀	pʰiɛn1	pien1	pan1	赣			120000		
攎	lu2	lu2	lu2	赣			120000		
攒	tsan3	zan3	zan3	赣			95000		
支	tsi1	zi1	zhi1	赣			120000		
收	səu1	seu1	shou1	赣			145000		
收	siu1	siu1	shou1	赣			145000		
改	kɛi3	gei3	gai3	赣			370000		
攻	kuŋ1	gung1	gong1	赣			120000		
放	foŋ4	fong4	fang4	赣			370000		
政	tsən4	zen4	zheng4	赣			120000		
政	tsiŋ4	zing4	zheng4	赣			120000		
故	ku4	gu4	gu4	赣			120000		
效	hɑu4	hau4	xiao4	赣			133508		
敌	tiʔ6	dik6	di2	赣			120000		
敌	tʰiʔ6	tik6	di2	赣			120000		
敏	mən3	men3	min3	赣			145000		
敏	miɑŋ3	miang3	min3	赣			145000		
敏	min3	min3	min3	赣			145000		
救	tɕiəu4	jieu4	jiu4	赣			145000		
救	tɕiu4	jiu4	jiu4	赣			145000		
教	kɑu4	gau4	jiao4	赣			310000		
敞	tsʰoŋ3	cong3	chang3	赣			120000		
敢	kon3	gon3	gan3	赣			120000		
散	san3	san3	san4	赣			200000		
散	san4	san4	san4	赣			200000		
敦	tun4	dun4	dun1	赣			30000		
敨	tʰɛu3	teu3	tou3	赣			122618		
敬	tɕin4	jin4	jing4	赣			120000		
敬	tɕʰiɑŋ4	qiang4	jing4	赣			120000		
敬	tɕʰin4	qin4	jing4	赣			120000		
数	su3	su3	shu4	赣			310000		
数	su4	su4	shu4	赣			310000		
敲	kʰɑu1	kau1	qiao1	赣			120000		
敲	kʰoʔ6	kok6	qiao1	赣			120000		
敲	tɕʰiau1	qiau1	qiao1	赣			120000		
整	tsaŋ3	zang3	zheng3	赣			151502		
整	tsən3	zen3	zheng3	赣			151502		
整	tsiŋ3	zing3	zheng3	赣			151502		
文	un2	wen2	wen2	赣			448967		
文	uɛn2	win2	wen2	赣			448967		
斋	tsai1	zai1	zhai1	赣			120000		
斋	tsɛi1	zei1	zhai1	赣			120000		
斑	pan1	ban1	ban1	赣			120000		
斗	tɛu3	deu3	dou4	赣			180000		
斗	tɛu4	deu4	dou4	赣			180000		
料	liau4	liau4	liao4	赣			195000		
料	liɛu4	lieu4	liao4	赣			195000		
斜	tɕʰia2	qia2	xie2	赣			130000		
斜	ɕia4	xia4	xie2	赣			130000		
斢	tʰiau3	tiau3	tiao3	赣	调换	diao4 huan4	123791		
斤	tɕin1	jin1	jin1	赣			120000		
斥	tsʰiʔ5	cik5	chi4	赣			103945		
斧	fu3	fu3	fu3	赣			120000		
斩	tsan3	zan3	zhan3	赣			125000		
斩	tsiɛn3	zien3	zhan3	赣			125000		
斫	tɔʔ6	dok6	zhuo2	赣	以刀斧砍削/劈/袭击	yi3 dao1 fu3 kan3 xue1/pi1/xi2 ji1	126432		
斫	tsoʔ5	zok5	zhuo2	赣	以刀斧砍削/劈/袭击	yi3 dao1 fu3 kan3 xue1/pi1/xi2 ji1	126432		
断	tʰon1	ton1	duan4	赣			159979		
断	tʰon4	ton4	duan4	赣			159979		
斯	si1	si1	si1	赣			145000		
新	ɕin1	xin1	xin1	赣			370000		
方	foŋ1	fong1	fang1	赣			245000		
施	siʔ1	sik1	shi1	赣			145000		
旁	pʰoŋ2	pong2	pang2	赣			120000		
旅	li3	li3	lv3	赣			120000		
旅	liuʔ5	liuk5	lv3	赣			120000		
旅	ly3	lyu3	lv3	赣			120000		
旋	ɕuɛʔ6	xuek6	xuan2	赣			120000		
旋	ɕyon2	xyuon2	xuan2	赣			120000		
族	tsʰuʔ6	cuk6	zu2	赣			170000		
族	tsuʔ6	zuk6	zu2	赣			170000		
旗	tɕʰi2	qi2	qi2	赣			120000		
无	mu2	mu2	wu2	赣			370000		
无	u2	wu2	wu2	赣			370000		
既	tɕi4	ji4	ji4	赣			155000		
日	lɨʔ5	lek5	ri4	赣			370000		
日	lit6	lit6	ri4	赣			370000		
日	ȵit5	nit5	ri4	赣			370000		
日	iat6	yat6	ri4	赣			370000		
旦	tʰan4	tan4	dan4	赣			145000		
旧	tɕʰiəu1	qieu1	jiu4	赣			370000		
旧	tɕʰiu4	qiu4	jiu4	赣			370000		
旨	tsi3	zi3	zhi3	赣			120000		
早	tsɑu3	zau3	zao3	赣			350000		
旬	ɕin2	xin2	xun2	赣			120000		
旬	ɕuɛn2	xun2	xun2	赣			120000		
旬	ɕyn2	xyun2	xun2	赣			120000		
旭	ɕuʔ5	xuk5	xu4	赣			125000		
旱	hon4	hon4	han4	赣			120000		
时	si2	si2	shi2	赣			290000		
旷	kʰoŋ4	kong4	kuang4	赣			120000		
旷	kʰuoŋ4	kuong4	kuang4	赣			120000		
旺	uoŋ4	wong4	wang4	赣			100000		
旺	ioŋ1	yong1	wang4	赣			100000		
昂	ŋoŋ2	ngong2	ang2	赣			145000		
昆	kʰuin1	kuin1	kun1	赣			120000		
昆	kʰun1	kun1	kun1	赣			120000		
昌	tsʰoŋ1	cong1	chang1	赣			156892		
明	mən2	men2	ming2	赣			350000		
明	miaŋ2	miang2	ming2	赣			350000		
明	miŋ2	ming2	ming2	赣			350000		
明	ȵiɑŋ2	niang2	ming2	赣			350000		
昏	fən1	fen1	hun1	赣			120000		
昏	fin1	fin1	hun1	赣			120000		
易	ȵi2	ni2	yi4	赣			120000		
易	iaʔ6	yak6	yi4	赣			120000		
易	i4	yi4	yi4	赣			120000		
易	iʔ6	yik6	yi4	赣			120000		
昔	ɕiʔ6	xik6	xi1	赣			120000		
昙	tʰon2	ton2	tan2	赣			90000		
星	ɕiaŋ1	xiang1	xing1	赣			30000		
星	ɕin1	xin1	xing1	赣			30000		
映	iɑŋ4	yang4	ying4	赣			102862		
映	in4	yin4	ying4	赣			102862		
春	tsʰin1	cin1	chun1	赣			120000		
春	tsʰuɛn1	cun1	chun1	赣			120000		
春	tsʰyn1	cyun1	chun1	赣			120000		
昧	mɛi4	mei4	mei4	赣			100931		
昨	tsʰɔʔ6	cok6	zuo2	赣			120000		
昭	tsɛu1	zeu1	zhao1	赣			120000		
昭	tsiɛu4	zieu4	zhao1	赣			120000		
是	si1	si1	shi4	赣			1046991		
昵	ȵi2	ni2	ni4	赣			74682		
昼	tsəu4	zeu4	zhou4	赣			175000		
昼	tsiu4	ziu4	zhou4	赣			175000		
显	hiɛn3	hien3	xian3	赣			175000		
显	ɕiɛn3	xien3	xian3	赣			175000		
晃	foŋ4	fong4	huang3	赣			166738		
晋	tɕi4	ji4	jin4	赣			120000		
晋	tɕin4	jin4	jin4	赣			120000		
晌	soŋ3	song3	shang3	赣			102269		
晏	ŋan4	ngan4	yan4	赣	迟/晚	chi2/wan3	127148		
晒	sai4	sai4	shai4	赣			120000		
晓	ɕiau3	xiau3	xiao3	赣			145000		
晓	ɕiɛu3	xieu3	xiao3	赣			145000		
晕	in1	yin1	yun1	赣			120000		
晚	man3	man3	wan3	赣			190000		
晚	uan3	wan3	wan3	赣			190000		
晤	ŋ̩4	ng4	wu4	赣			76500		
晦	fɛi4	fei4	hui4	赣			105665		
晨	tsʰin2	cin2	chen2	赣			125000		
晨	sən2	sen2	chen2	赣			125000		
晨	sin2	sin2	chen2	赣			125000		
普	pʰu3	pu3	pu3	赣			145000		
景	tɕiɑŋ3	jiang3	jing3	赣			120000		
景	tɕin3	jin3	jing3	赣			120000		
晴	tɕʰiaŋ2	qiang2	qing2	赣			125000		
晴	tɕʰin2	qin2	qing2	赣			125000		
晶	tɕiɑŋ1	jiang1	jing1	赣			120000		
晶	tɕin1	jin1	jing1	赣			120000		
智	tsiʔ4	zik4	zhi4	赣			120000		
晾	loŋ1	long1	liang4	赣			103960		
暂	tsʰan4	can4	zan4	赣			120000		
暂	tsiɛn4	zien4	zan4	赣			120000		
暍	ȵiɛt6	niet6	ye1	赣	热	re4	122307		
暑	sy3	syu3	shu3	赣			150000		
暑	ɕu3	xu3	shu3	赣			150000		
暖	lon3	lon3	nuan3	赣			120000		
暖	ȵyon3	nyuon3	nuan3	赣			120000		
暗	ŋon4	ngon4	an4	赣			145000		
暮	mu4	mu4	mu4	赣			120000		
暴	pʰɑu4	pau4	bao4	赣			120000		
曲	tɕʰiuʔ5	qiuk5	qu1	赣			145000		
曳	iɛ3	yie3	ye4	赣	拉/拖	la1/tuo1	122059		
更	kaŋ1	gang1	geng4	赣			370000		
更	kiɛn4	gien4	geng4	赣			370000		
更	tɕiɛn4	jien4	geng4	赣			370000		
曹	tsʰɑu2	cau2	cao2	赣			120000		
曹	tsʰiɛu2	cieu2	cao2	赣			120000		
曼	man4	man4	man4	赣			105867		
曾	tsʰɛn2	cen2	ceng2	赣			120000		
曾	tsɛn1	zen1	ceng2	赣			120000		
曾	tsiɛn1	zien1	ceng2	赣			120000		
替	tʰi4	ti4	ti4	赣			120000		
最	tsɛi4	zei4	zui4	赣			370000		
最	tsui4	zui4	zui4	赣			370000		
月	ȵuɛt6	nuet6	yue4	赣			350000		
月	ȵyɵʔ5	nyuok5	yue4	赣			350000		
有	iəu3	yeu3	you3	赣			673765		
有	iu3	yiu3	you3	赣			673765		
朋	pʰuŋ2	pung2	peng2	赣			120000		
服	fuʔ6	fuk6	fu2	赣			140000		
朗	loŋ3	long3	lang3	赣			120000		
望	moŋ4	mong4	wang4	赣			370000		
望	uoŋ1	wong1	wang4	赣			370000		
朝	tsʰɛu2	ceu2	chao2	赣			120000		
朝	tsʰiɛu2	cieu2	chao2	赣			120000		
朝	tsɛu1	zeu1	chao2	赣			120000		
朝	tsiɛu2	zieu2	chao2	赣			120000		
期	tɕʰi2	qi2	qi1	赣			210000		
木	muʔ5	muk5	mu4	赣			125000		
未	mi4	mi4	wei4	赣			370000		
未	uɛi4	wui4	wei4	赣			370000		
末	mɛʔ5	mek5	mo4	赣			145000		
末	mo4	mo4	mo4	赣			145000		
本	pən3	ben3	ben3	赣			370000		
本	pin3	bin3	ben3	赣			370000		
术	sut6	sut6	shu4	赣			125000		
术	syʔ6	syuk6	shu4	赣			125000		
术	ɕut6	xut6	shu4	赣			125000		
朱	tɕu1	ju1	zhu1	赣			170000		
朱	tsy1	zyu1	zhu1	赣			170000		
朴	pʰiau2	piau2	pu3	赣			120000		
朴	pʰuʔ5	puk5	pu3	赣			120000		
朵	to3	do3	duo3	赣			109030		
机	tɕi1	ji1	ji1	赣			145000		
朽	siu3	siu3	xiu3	赣			145000		
朽	ɕiəu3	xieu3	xiu3	赣			145000		
朽	ɕiu3	xiu3	xiu3	赣			145000		
杀	sæt5	saet5	sha1	赣			195000		
杂	tsʰæt6	caet6	za2	赣			120000		
杂	tsʰɵʔ6	cok6	za2	赣			120000		
杂	tsæp6	zaep6	za2	赣			120000		
权	tɕʰyon2	qyuon2	quan2	赣			270000		
杆	kon3	gon3	gan1	赣			120000		
杈	tsʰa4	ca4	cha1	赣			75744		
杈	tsʰæt5	caet5	cha1	赣			75744		
杉	sa1	sa1	shan1	赣			120000		
杉	san1	san1	shan1	赣			120000		
李	li3	li3	li3	赣			120000		
杏	ɕiʔ6	xik6	xing4	赣			120000		
杏	ɕin4	xin4	xing4	赣			120000		
材	tsʰɛi2	cei2	cai2	赣			120000		
村	tsʰin1	cin1	cun1	赣			120000		
村	tsʰuɛn1	cun1	cun1	赣			120000		
村	tsʰyn1	cyun1	cun1	赣			120000		
杖	tsʰoŋ4	cong4	zhang4	赣			120000		
杖	tsoŋ4	zong4	zhang4	赣			120000		
杜	tʰu4	tu4	du4	赣			120000		
杞	tɕʰi3	qi3	qi3	赣			90000		
束	suʔ5	suk5	shu4	赣			120000		
束	ɕu4	xu4	shu4	赣			120000		
杠	koŋ4	gong4	gang1	赣			125000		
条	tʰiau2	tiau2	tiao2	赣			290000		
条	tʰiɛu2	tieu2	tiao2	赣			290000		
来	lɛi2	lei2	lai2	赣			411501		
杨	ioŋ2	yong2	yang2	赣			120000		
杪	miɛu3	mieu3	miao3	赣			90000		
杭	hoŋ2	hong2	hang2	赣			120000		
杯	pɛi1	bei1	bei1	赣			120000		
杰	tɕʰiɛt6	qiet6	jie2	赣			120000		
杵	tsʰy3	cyu3	chu3	赣			90000		
杷	pʰa2	pa2	pa2	赣			90000		
松	suŋ1	sung1	song1	赣			120000		
松	ɕiuŋ1	xiung1	song1	赣			120000		
板	pan3	ban3	ban3	赣			120000		
极	tɕiʔ6	jik6	ji2	赣			120000		
极	tɕʰiʔ6	qik6	ji2	赣			120000		
构	kiɛu4	gieu4	gou4	赣			120000		
构	tɕiau4	jiau4	gou4	赣			120000		
枇	pʰi2	pi2	pi2	赣			90000		
枉	moŋ2	mong2	wang3	赣			120000		
枉	uoŋ3	wong3	wang3	赣			120000		
析	ɕiʔ5	xik5	xi1	赣			120000		
枕	tsən3	zen3	zhen3	赣			120000		
枕	tsin3	zin3	zhen3	赣			120000		
林	lən2	len2	lin2	赣			120000		
林	lin2	lin2	lin2	赣			120000		
枚	mɛi2	mei2	mei2	赣			108485		
枚	mi2	mi2	mei2	赣			108485		
果	kuo3	guo3	guo3	赣			120000		
枝	tsi1	zi1	zhi1	赣			120000		
枢	tɕʰu1	qu1	shu1	赣			120000		
枣	tsɑu3	zau3	zao3	赣			145000		
枪	tɕʰioŋ1	qiong1	qiang1	赣			120000		
枫	fuŋ1	fung1	feng1	赣			177546		
枯	kʰu1	ku1	ku1	赣			120000		
架	ka4	ga4	jia4	赣			145000		
枷	ka1	ga1	jia1	赣			90000		
枷	kʰa1	ka1	jia1	赣			90000		
枸	kiɛu3	gieu3	gou3	赣			90000		
柄	pən3	ben3	bing3	赣			120000		
柄	pin3	bin3	bing3	赣			120000		
柏	paʔ5	bak5	bai3	赣			170000		
柏	pɛt5	bet5	bai3	赣			170000		
某	mɛu3	meu3	mou3	赣			370000		
柑	kon1	gon1	gan1	赣			120000		
柒	tɕʰit5	qit5	qi1	赣			104373		
染	lɛn3	len3	ran3	赣			135000		
染	liɛn3	lien3	ran3	赣			135000		
染	ȵiɛn3	nien3	ran3	赣			135000		
柔	lɛu2	leu2	rou2	赣			120000		
柚	iəu4	yeu4	you4	赣			90000		
柜	kʰui4	kui4	gui4	赣			120000		
柜	tɕʰu2	qu2	gui4	赣			120000		
柠	ȵiŋ2	ning2	ning2	赣			102021		
查	tsʰa2	ca2	cha2	赣			290000		
柬	tɕiɛn3	jien3	jian3	赣			108030		
柱	tsʰy4	cyu4	zhu4	赣			125000		
柱	tɕʰu4	qu4	zhu4	赣			125000		
柳	liəu3	lieu3	liu3	赣			120000		
柳	liu3	liu3	liu3	赣			120000		
柴	tsʰai2	cai2	chai2	赣			120000		
柴	tsʰɛi2	cei2	chai2	赣			120000		
柿	tsʰi4	ci4	shi4	赣			120000		
柿	si4	si4	shi4	赣			120000		
栀	tsi1	zi1	zhi1	赣			90000		
栅	saʔ5	sak5	zha4	赣			120000		
栅	san1	san1	zha4	赣			120000		
标	piau1	biau1	biao1	赣			370000		
标	piɛu1	bieu1	biao1	赣			370000		
栈	tsiɛn4	zien4	zhan4	赣			120000		
栋	tuŋ4	dung4	dong4	赣			120000		
栏	lan2	lan2	lan2	赣			120000		
树	sy1	syu1	shu4	赣			175000		
树	ɕu4	xu4	shu4	赣			175000		
栓	son1	son1	shuan1	赣			101894		
栖	tɕʰi1	qi1	qi1	赣			120000		
栗	tʰiʔ6	tik6	li4	赣			120000		
校	kɑu4	gau4	xiao4	赣			120000		
校	hɑu1	hau1	xiao4	赣			120000		
校	ɕiɛu4	xieu4	xiao4	赣			120000		
株	tɕu1	ju1	zhu1	赣			120000		
样	ioŋ1	yong1	yang4	赣			245000		
样	ioŋ4	yong4	yang4	赣			245000		
核	hɛʔ6	hek6	he2	赣			120000		
核	hot6	hot6	he2	赣			120000		
核	huɛt6	huet6	he2	赣			120000		
核	uɨʔ6	wek6	he2	赣			120000		
根	kiɛn1	gien1	gen1	赣			195000		
根	tɕiɛn1	jien1	gen1	赣			195000		
格	kæʔ5	gaek5	ge2	赣			120000		
格	kaʔ5	gak5	ge2	赣			120000		
格	kiɛʔ5	giek5	ge2	赣			120000		
格	koʔ5	gok5	ge2	赣			120000		
栽	tsai1	zai1	zai1	赣			120000		
栽	tsɛi1	zei1	zai1	赣			120000		
桂	kui4	gui4	gui4	赣			30000		
桃	tʰɑu2	tau2	tao2	赣			120000		
桅	uɛi2	wui2	wei2	赣			90000		
框	kʰoŋ1	kong1	kuang1	赣			145000		
框	kʰuoŋ1	kuong1	kuang1	赣			145000		
案	ŋon4	ngon4	an4	赣			120000		
桊	tɕyon4	jyuon4	juan4	赣			13200		
桌	tsɔʔ5	zok5	zhuo1	赣			120000		
桐	tʰuŋ2	tung2	tong2	赣			145000		
桑	soŋ1	song1	sang1	赣			120000		
桠	ŋa1	nga1	ya1	赣			10000		
档	toŋ3	dong3	dang4	赣			134790		
桥	tɕʰiau2	qiau2	qiao2	赣			120000		
桥	tɕʰiɛu2	qieu2	qiao2	赣			120000		
桦	fa4	fa4	hua4	赣			131573		
桨	tɕioŋ3	jiong3	jiang3	赣			120000		
桩	tsoŋ1	zong1	zhuang1	赣			120000		
桶	tʰuŋ3	tung3	tong3	赣			145000		
梁	lioŋ2	liong2	liang2	赣			120000		
梅	mɛi2	mei2	mei2	赣			120000		
梅	mi2	mi2	mei2	赣			120000		
梆	poŋ1	bong1	bang1	赣			120000		
梗	kiɛn3	gien3	geng3	赣			120000		
梗	kuaŋ3	guang3	geng3	赣			120000		
梢	səu4	seu4	shao1	赣			120000		
梦	muŋ1	mung1	meng4	赣			320000		
梧	ŋ̩2	ng2	wu2	赣			120000		
梧	u2	wu2	wu2	赣			120000		
梨	li2	li2	li2	赣			120000		
梭	so1	so1	suo1	赣			120000		
梯	tʰi1	ti1	ti1	赣			120000		
械	kʰɛi3	kei3	xie4	赣			145000		
梳	su1	su1	shu1	赣			120000		
检	kan3	gan3	jian3	赣			170000		
检	tɕiɛn3	jien3	jian3	赣			170000		
棉	miɛn2	mien2	mian2	赣			120000		
棋	tɕʰi2	qi2	qi2	赣			120000		
棍	kuin4	guin4	gun4	赣			120000		
棍	kun4	gun4	gun4	赣			120000		
棒	poŋ4	bong4	bang4	赣			120000		
棕	tsuŋ1	zung1	zong1	赣			120000		
棚	pʰuŋ2	pung2	peng2	赣			120000		
棠	tʰoŋ2	tong2	tang2	赣			120000		
森	sɛn1	sen1	sen1	赣			120000		
森	siɛn1	sien1	sen1	赣			120000		
森	sin1	sin1	sen1	赣			120000		
棵	kʰo1	ko1	ke1	赣			120000		
棺	kuɛn1	gun1	guan1	赣			120000		
椅	i3	yi3	yi3	赣			145000		
植	tsʰɨʔ6	cek6	zhi2	赣			128000		
植	tsʰiʔ6	cik6	zhi2	赣			128000		
椒	tɕiau1	jiau1	jiao1	赣			120000		
椒	tɕiɛu1	jieu1	jiao1	赣			120000		
椭	tʰo3	to3	tuo3	赣			103154		
椿	tsʰyn1	cyun1	chun1	赣			120000		
楂	tsa1	za1	zha1	赣			73888		
楔	ɕiɛʔ5	xiek5	xie1	赣			90000		
楚	tsʰu3	cu3	chu3	赣			125000		
楚	tɕʰu3	qu3	chu3	赣			125000		
楝	liɛn4	lien4	lian4	赣			90000		
楦	ɕyon4	xyuon4	xuan4	赣			90000		
楷	kʰɛi3	kei3	kai3	赣			120000		
楼	lɛu2	leu2	lou2	赣			120000		
概	kʰɛi3	kei3	gai4	赣			130000		
榜	poŋ3	bong3	bang3	赣			120000		
榨	tsa4	za4	zha4	赣			120000		
榫	ɕin3	xin3	sun3	赣			10000		
榴	liəu2	lieu2	liu2	赣			120000		
榴	liu2	liu2	liu2	赣			120000		
槐	fai2	fai2	huai2	赣			120000		
槛	kʰaŋ1	kang1	kan3	赣			101366		
槽	tsʰɑu2	cau2	cao2	赣			145000		
槽	tsʰiɛu2	cieu2	cao2	赣			145000		
樟	tsoŋ1	zong1	zhang1	赣			120000		
模	mo2	mo2	mo2	赣			170000		
模	mu2	mu2	mo2	赣			170000		
横	uaŋ2	wang2	heng2	赣			180000		
樱	in1	yin1	ying1	赣			120000		
樵	tɕʰiɛu2	qieu2	qiao2	赣			90000		
橘	tɕuʔ6	juk6	ju2	赣			120000		
橘	tɕyʔ5	jyuk5	ju2	赣			120000		
橙	tsʰaŋ2	cang2	cheng2	赣			30000		
橙	tsʰən2	cen2	cheng2	赣			30000		
橡	ɕioŋ4	xiong4	xiang4	赣			120000		
橱	tsʰy2	cyu2	chu2	赣			145000		
檀	tʰan2	tan2	tan2	赣			120000		
檐	iɛn2	yen2	yan2	赣			105523		
欛	pa4	ba4	ba4	赣			5051		
欠	tɕʰiɛn4	qien4	qian4	赣			120000		
次	tsʰi4	ci4	ci4	赣			205000		
欢	fɛn1	fen1	huan1	赣			120000		
欢	fon1	fon1	huan1	赣			120000		
欢	fuɛn1	fun1	huan1	赣			120000		
欣	ɕin1	xin1	xin1	赣			120000		
欧	əu1	eu1	ou1	赣			145000		
欧	ŋiɛu1	ngieu1	ou1	赣			145000		
欲	ȵi4	ni4	yu4	赣			120000		
欲	y4	yu4	yu4	赣			120000		
欺	tɕʰi1	qi1	qi1	赣			120000		
款	kʰuɛn3	kun3	kuan3	赣			125000		
款	kʰuon3	kuon3	kuan3	赣			125000		
歇	ɕiɛt5	xiet5	xie1	赣			245000		
歉	tɕʰiɛn4	qien4	qian4	赣			120000		
歌	ko1	go1	ge1	赣			145000		
止	tsi3	zi3	zhi3	赣			145000		
正	tsaŋ1	zang1	zheng4	赣			393560		
正	tsaŋ4	zang4	zheng4	赣			393560		
正	tsən4	zen4	zheng4	赣			393560		
正	tsiŋ4	zing4	zheng4	赣			393560		
此	tsʰi3	ci3	ci3	赣			310000		
步	pʰu1	pu1	bu4	赣			150000		
武	u3	wu3	wu3	赣			120000		
歪	uai1	wai1	wai1	赣			120000		
歹	tai3	dai3	dai3	赣			120000		
歹	tɛi3	dei3	dai3	赣			120000		
死	si3	si3	si3	赣			370000		
歼	tɕiɛn1	jien1	jian1	赣			105537		
殃	ioŋ1	yong1	yang1	赣			120000		
殉	ɕuɛn2	xun2	xun4	赣			100710		
殊	sy2	syu2	shu1	赣			120000		
殊	ɕu1	xu1	shu1	赣			120000		
残	tsʰan2	can2	can2	赣			120000		
殴	ŋəu1	ngeu1	ou1	赣			101168		
殴	ŋiɛu1	ngieu1	ou1	赣			101168		
殴	ȵiɛu1	nieu1	ou1	赣			101168		
段	tʰon4	ton4	duan4	赣			220000		
段	tʰuon4	tuon4	duan4	赣			220000		
殷	in1	yin1	yin1	赣			120000		
殿	tiɛn4	dien4	dian4	赣			120000		
毁	fɛi3	fei3	hui3	赣			120000		
毁	fi3	fi3	hui3	赣			120000		
毅	iʔ5	yik5	yi4	赣			105838		
母	mu3	mu3	mu3	赣			275000		
每	mɛi3	mei3	mei3	赣			370000		
毒	tʰuʔ6	tuk6	du2	赣			145000		
比	pi3	bi3	bi3	赣			370000		
毕	pɨʔ5	bek5	bi4	赣			120000		
毕	pit6	bit6	bi4	赣			120000		
毙	pi4	bi4	bi4	赣			120000		
毙	pʰi1	pi1	bi4	赣			120000		
毛	mɑu2	mau2	mao2	赣			200000		
毡	tsiɛn1	zien1	zhan1	赣			120000		
毫	hɑu2	hau2	hao2	赣			120000		
毯	tʰan3	tan3	tan3	赣			120000		
毽	tɕʰiɛn4	qien4	jian4	赣			5264		
氏	si4	si4	shi4	赣			145000		
民	mən2	men2	min2	赣			125000		
民	min2	min2	min2	赣			125000		
氓	min2	min2	mang2	赣			120000		
氓	moŋ2	mong2	mang2	赣			120000		
气	tɕʰi4	qi4	qi4	赣			180000		
氛	fin4	fin4	fen1	赣			104988		
氢	tɕʰiɑŋ1	qiang1	qing1	赣			133335		
氢	tɕʰin1	qin1	qing1	赣			133335		
氧	ioŋ3	yong3	yang3	赣			120000		
氨	ŋan1	ngan1	an1	赣			101882		
水	fi3	fi3	shui3	赣			220000		
水	hoi3	hoi3	shui3	赣			220000		
水	sy3	syu3	shui3	赣			220000		
水	ɕu3	xu3	shui3	赣			220000		
永	in3	yin3	yong3	赣			120000		
永	yŋ3	yung3	yong3	赣			120000		
氽	tsʰon1	con1	tun3	赣			5686		
汁	tsɨʔ5	zek5	zhi1	赣			120000		
汁	tsip6	zip6	zhi1	赣			120000		
求	tɕʰiəu2	qieu2	qiu2	赣			140000		
求	tɕʰiu2	qiu2	qiu2	赣			140000		
汇	fɛi4	fei4	hui4	赣			145000		
汉	hon4	hon4	han4	赣			125000		
汗	hon1	hon1	han4	赣			120000		
汛	ɕuɛn4	xun4	xun4	赣			108595		
汞	kuŋ3	gung3	gong3	赣			102222		
江	koŋ1	gong1	jiang1	赣			150000		
池	tsʰi2	ci2	chi2	赣			120000		
污	u1	wu1	wu1	赣			120000		
汤	tʰoŋ1	tong1	tang1	赣			120000		
汪	uoŋ1	wong1	wang1	赣			170000		
汰	tʰɛi4	tei4	tai4	赣			101280		
汹	ɕiuŋ1	xiung1	xiong1	赣			102156		
汽	tɕʰi4	qi4	qi4	赣			120000		
汾	fən1	fen1	fen2	赣			90000		
沃	uo4	wo4	wo4	赣			135000		
沃	uɔʔ5	wok5	wo4	赣			135000		
沈	sən3	sen3	shen3	赣			145000		
沈	sin3	sin3	shen3	赣			145000		
沉	tsʰən2	cen2	chen2	赣			120000		
沉	tsʰin2	cin2	chen2	赣			120000		
沐	muʔ5	muk5	mu4	赣			110104		
沓	tæʔ6	daek6	da2	赣			115000		
沕	mi4	mi4	mi4	赣			30000		
沙	sa1	sa1	sha1	赣			145000		
沛	pʰi4	pi4	pei4	赣			108478		
沟	kiɛu1	gieu1	gou1	赣			120000		
沟	tɕiau1	jiau1	gou1	赣			120000		
没	mɑu4	mau4	mei2	赣			370000		
没	mɛt5	met5	mei2	赣			370000		
没	mot5	mot5	mei2	赣			370000		
沤	ŋiɛu4	ngieu4	ou1	赣			115000		
沦	luɛn2	lun2	lun2	赣			120000		
沧	tsʰoŋ1	cong1	cang1	赣			109674		
沪	fu4	fu4	hu4	赣			145000		
沫	mɛt5	met5	mo4	赣			120000		
沫	mot5	mot5	mo4	赣			120000		
沮	tsʰiɛ3	cie3	ju3	赣			108493		
沮	tɕʰu3	qu3	ju3	赣			108493		
沮	tsi3	zi3	ju3	赣			108493		
河	ho2	ho2	he2	赣			145000		
沸	fi4	fi4	fei4	赣			108557		
油	iəu2	yeu2	you2	赣			145000		
油	iu2	yiu2	you2	赣			145000		
治	tsʰi4	ci4	zhi4	赣			205000		
治	tsiʔ6	zik6	zhi4	赣			205000		
沼	tsiɛu3	zieu3	zhao3	赣			109461		
沽	ku1	gu1	gu1	赣			101024		
沾	tsiɛn1	zien1	zhan1	赣			120000		
沿	ȵiɛn2	nien2	yan2	赣			120000		
沿	ȵyon2	nyuon2	yan2	赣			120000		
沿	iɛn2	yen2	yan2	赣			120000		
泄	ɕiɛʔ5	xiek5	xie4	赣			120000		
泉	tɕʰyon2	qyuon2	quan2	赣			120000		
泊	pat5	bat5	po1	赣			132463		
泊	po2	bo2	po1	赣			132463		
泌	pit4	bit4	mi4	赣			120000		
法	fæt5	faet5	fa3	赣			120000		
泛	fan4	fan4	fan4	赣			155293		
泞	ȵiŋ2	ning2	ning4	赣			105075		
泡	pʰɑu1	pau1	pao4	赣			170000		
泡	pʰɑu4	pau4	pao4	赣			170000		
波	po1	bo1	bo1	赣			150000		
泣	lip5	lip5	qi4	赣			120000		
泣	tɕʰit5	qit5	qi4	赣			120000		
泥	ȵi2	ni2	ni2	赣			120000		
注	tɕu4	ju4	zhu4	赣			170000		
注	tsy4	zyu4	zhu4	赣			170000		
泪	lɛi4	lei4	lei4	赣			130000		
泪	li4	li4	lei4	赣			130000		
泰	tʰai4	tai4	tai4	赣			120000		
泰	tʰɛi4	tei4	tai4	赣			120000		
泳	in3	yin3	yong3	赣			125000		
泳	yŋ3	yung3	yong3	赣			125000		
泻	ɕia4	xia4	xie4	赣			120000		
泼	pʰɛt5	pet5	po1	赣			120000		
泽	tsʰɛʔ6	cek6	ze2	赣			170000		
泽	tsaʔ5	zak5	ze2	赣			170000		
泽	tsiɛʔ6	ziek6	ze2	赣			170000		
洁	tɕiɛt5	jiet5	jie2	赣			120000		
洇	in4	yin4	yin1	赣			90000		
洋	ioŋ2	yong2	yang2	赣			155000		
洒	sæt5	saet5	sa3	赣			120000		
洗	ɕi3	xi3	xi3	赣			170000		
洛	lɔʔ6	lok6	luo4	赣			120000		
洞	tʰuŋ1	tung1	dong4	赣			195000		
津	tɕin1	jin1	jin1	赣			120000		
洪	fuŋ2	fung2	hong2	赣			120000		
洲	tsəu1	zeu1	zhou1	赣			170000		
洲	tsiu1	ziu1	zhou1	赣			170000		
活	fiɛt6	fiet6	huo2	赣			220000		
活	uɛʔ6	wek6	huo2	赣			220000		
活	uot6	wot6	huo2	赣			220000		
洼	ua1	wa1	wa1	赣			103677		
洽	tɕʰiaʔ5	qiak5	qia4	赣			107170		
派	pʰai3	pai3	pai4	赣			195000		
派	pʰɛi4	pei4	pai4	赣			195000		
流	liəu2	lieu2	liu2	赣			300000		
流	liu2	liu2	liu2	赣			300000		
浅	tɕʰiɛn3	qien3	qian3	赣			120000		
浅	tɕʰyon3	qyuon3	qian3	赣			120000		
浆	tɕioŋ1	jiong1	jiang1	赣			120000		
浇	tɕiau1	jiau1	jiao1	赣			120000		
浇	tɕiɛu1	jieu1	jiao1	赣			120000		
浊	tsʰoʔ6	cok6	zhuo2	赣			104725		
浊	tsoʔ6	zok6	zhuo2	赣			104725		
测	tsʰaʔ5	cak5	ce4	赣			120000		
测	tsʰɛʔ5	cek5	ce4	赣			120000		
济	tɕi4	ji4	ji4	赣			120000		
浑	fin1	fin1	hun2	赣			120000		
浒	fu3	fu3	hu3	赣			90000		
浓	ȵiuŋ2	niung2	nong2	赣			145000		
浓	ȵuŋ2	nung2	nong2	赣			145000		
浙	tsɛʔ5	zek5	zhe4	赣			120000		
浙	tsiɛt6	ziet6	zhe4	赣			120000		
浜	poŋ1	bong1	bang1	赣			79630		
浦	pʰu3	pu3	pu3	赣			102044		
浩	hɑu4	hau4	hao4	赣			103401		
浪	loŋ1	long1	lang4	赣			145000		
浮	fɑu2	fau2	fu2	赣			120000		
浮	fɛu2	feu2	fu2	赣			120000		
浮	pʰɑu2	pau2	fu2	赣			120000		
浴	yʔ6	yuk6	yu4	赣			125538		
海	hɛi3	hei3	hai3	赣			240000		
浸	tɕin4	jin4	jin4	赣			145000		
涂	tʰu2	tu2	tu2	赣			120000		
消	ɕiau1	xiau1	xiao1	赣			120000		
消	ɕiɛu1	xieu1	xiao1	赣			120000		
涉	sɛʔ6	sek6	she4	赣			120000		
涉	siɛp6	siep6	she4	赣			120000		
涌	yŋ3	yung3	yong3	赣			108233		
涎	tsʰan1	can1	xian2	赣	唾液/口水	tuo4 ye4/kou3 shui3	122443		
涕	tʰi4	ti4	ti4	赣			120000		
涛	tʰɑu1	tau1	tao1	赣			125000		
涝	lɑu4	lau4	lao4	赣			107429		
涡	uo1	wo1	wo1	赣			120000		
涣	fiɛn4	fien4	huan4	赣			102950		
涣	uɛn4	wien4	huan4	赣			102950		
涤	tiʔ6	dik6	di2	赣			104181		
涤	tʰiʔ6	tik6	di2	赣			104181		
润	lun4	lun4	run4	赣			108696		
涨	tsoŋ3	zong3	zhang3	赣			130000		
涩	sɛʔ5	sek5	se4	赣			120000		
涩	siɛp5	siep5	se4	赣			120000		
液	iɛʔ6	yek6	ye4	赣			100135		
涵	hon2	hon2	han2	赣			120000		
淋	lin2	lin2	lin2	赣			145000		
淑	suʔ6	suk6	shu1	赣			120000		
淘	tʰɑu2	tau2	tao2	赣			120000		
淡	tʰam4	tam4	dan4	赣			120000		
淡	tʰan1	tan1	dan4	赣			120000		
淦	kon4	gon4	gan4	赣			120000		
淫	in2	yin2	yin2	赣			120000		
深	sən1	sen1	shen1	赣			120000		
深	sin1	sin1	shen1	赣			120000		
混	fən4	fen4	hun4	赣			275000		
混	fin4	fin4	hun4	赣			275000		
淹	ȵiɛn2	nien2	yan1	赣			120000		
淹	iɛn2	yen2	yan1	赣			120000		
添	tʰiɛn1	tien1	tian1	赣			120000		
清	tɕʰiɑŋ1	qiang1	qing1	赣			325000		
清	tɕʰin1	qin1	qing1	赣			325000		
清	tɕʰiŋ1	qing1	qing1	赣			325000		
渊	yon1	yuon1	yuan1	赣			120000		
渐	tɕiɛn4	jien4	jian4	赣			145000		
渔	ȵiɛ2	nie2	yu2	赣			106716		
渗	siŋ4	sing4	shen4	赣			108153		
渠	kiɛ1	gie1	qu2	赣	她/他/它	ta1/ta1/ta1	123811		
渠	tɕiɛ1	jie1	qu2	赣	她/他/它	ta1/ta1/ta1	123811		
渠	kʰiɛ1	kie1	qu2	赣	她/他/它	ta1/ta1/ta1	123811		
渠	tɕʰi1	qi1	qu2	赣	她/他/它	ta1/ta1/ta1	123811		
渠	tɕʰiɛ1	qie1	qu2	赣	她/他/它	ta1/ta1/ta1	123811		
渠	tɕʰiuʔ6	qiuk6	qu2	赣	她/他/它	ta1/ta1/ta1	123811		
渡	tʰu1	tu1	du4	赣			120000		
渣	tsa1	za1	zha1	赣			120000		
温	un1	wen1	wen1	赣			223674		
温	uɛn1	win1	wen1	赣			223674		
港	koŋ3	gong3	gang3	赣			175000		
渴	kʰot5	kot5	ke3	赣			145000		
游	iəu2	yeu2	you2	赣			145000		
游	iu2	yiu2	you2	赣			145000		
湖	fu2	fu2	hu2	赣			145000		
湘	ɕioŋ1	xiong1	xiang1	赣			125000		
湾	uan1	wan1	wan1	赣			145000		
湿	sɨʔ5	sek5	shi1	赣			145000		
湿	siʔ5	sik5	shi1	赣			145000		
溃	kʰui4	kui4	kui4	赣			103739		
溉	kɛi4	gei4	gai4	赣			102260		
源	ȵyon2	nyuon2	yuan2	赣			170000		
溜	liəu1	lieu1	liu1	赣			120000		
溪	ɕi1	xi1	xi1	赣			145000		
滋	tsi1	zi1	zi1	赣			120000		
滑	uæt6	waet6	hua2	赣			120000		
滔	tʰɑu1	tau1	tao1	赣			120000		
滕	tʰɛn2	ten2	teng2	赣			90000		
滗	pi4	bi4	bi4	赣	过滤	guo4 lv4	124700		
滗	pit5	bit5	bi4	赣	过滤	guo4 lv4	124700		
滚	kuin3	guin3	gun3	赣			120000		
滚	kun3	gun3	gun3	赣			120000		
满	mɛn3	men3	man3	赣			225000		
满	miɛn3	mien3	man3	赣			225000		
滤	li1	li1	lv4	赣			120000		
滤	lyt5	lyut5	lv4	赣			120000		
滥	lan4	lan4	lan4	赣			103472		
滨	pin1	bin1	bin1	赣			107611		
滩	tʰan1	tan1	tan1	赣			120000		
滩	tʰiɛn1	tien1	tan1	赣			120000		
滴	tɨʔ6	dek6	di1	赣			145000		
滴	tiaʔ6	diak6	di1	赣			145000		
滴	tiʔ6	dik6	di1	赣			145000		
漂	pʰiau1	piau1	piao1	赣			145000		
漂	pʰiɛu3	pieu3	piao1	赣			145000		
漂	pʰiɛu4	pieu4	piao1	赣			145000		
漆	tɕʰit5	qit5	qi1	赣			120000		
漏	lɛu1	leu1	lou4	赣			170000		
演	iɛn3	yen3	yan3	赣			120000		
漠	mɔʔ5	mok5	mo4	赣			120000		
漩	ɕyon2	xyuon2	xuan2	赣			90000		
漫	mɛn2	men2	man4	赣			120000		
漫	miɛn4	mien4	man4	赣			120000		
漱	su4	su4	shu4	赣			120000		
潘	pʰɛn1	pen1	pan1	赣			120000		
潜	tɕʰiɛn3	qien3	qian2	赣			107029		
潦	liɛu2	lieu2	lao3	赣			90000		
潭	tʰan2	tan2	tan2	赣			120000		
潮	tsʰɛu2	ceu2	chao2	赣			120000		
潮	tsʰiɛu2	cieu2	chao2	赣			120000		
潲	sɑu4	sau4	shao4	赣			90000		
潽	pʰu1	pu1	pu1	赣			5522		
澄	tʰɛn2	ten2	cheng2	赣			105547		
澡	tsɑu3	zau3	zao3	赣			145000		
澳	ŋɑu1	ngau1	ao4	赣			100977		
激	tɕiʔ5	jik5	ji1	赣			145000		
瀑	pʰɑu4	pau4	pu4	赣			120000		
灌	kuɛn4	gun4	guan4	赣			120000		
灌	kuon4	guon4	guan4	赣			120000		
火	fo3	fo3	huo3	赣			120000		
灭	miɛt5	miet5	mie4	赣			120000		
灯	tɛn1	den1	deng1	赣			120000		
灯	tiɛn1	dien1	deng1	赣			120000		
灰	fɛi1	fei1	hui1	赣			120000		
灰	fi1	fi1	hui1	赣			120000		
灵	lən2	len2	ling2	赣			170000		
灵	liɑŋ2	liang2	ling2	赣			170000		
灵	liŋ2	ling2	ling2	赣			170000		
灶	tsɑu4	zau4	zao4	赣			120000		
灸	tɕiəu4	jieu4	jiu3	赣			102788		
灸	tɕiu1	jiu1	jiu3	赣			102788		
灼	tsʰoʔ6	cok6	zhuo2	赣			103329		
灼	tsoʔ6	zok6	zhuo2	赣			103329		
灾	tsai1	zai1	zai1	赣			120000		
灾	tsɛi1	zei1	zai1	赣			120000		
灿	tsʰan4	can4	can4	赣			103060		
炆	un2	wen2	wen2	赣	微火/小火炖	wei1 huo3/xiao3 huo3 dun4	122662		
炆	uɛn2	win2	wen2	赣	微火/小火炖	wei1 huo3/xiao3 huo3 dun4	122662		
炉	lu2	lu2	lu2	赣			120000		
炊	tsʰy1	cyu1	chui1	赣			120000		
炊	tɕʰu1	qu1	chui1	赣			120000		
炎	ȵiɛn2	nien2	yan2	赣			120000		
炎	iɛn2	yen2	yan2	赣			120000		
炒	tsʰɑu3	cau3	chao3	赣			155000		
炕	kʰoŋ4	kong4	kang4	赣			120000		
炖	tun4	dun4	dun4	赣			90000		
炙	tsaʔ6	zak6	zhi4	赣			90000		
炫	ɕyon4	xyuon4	xuan4	赣			101494		
炬	tɕi4	ji4	ju4	赣			108381		
炭	tʰan4	tan4	tan4	赣			120000		
炮	pʰɑu4	pau4	pao4	赣			145000		
炸	tsa4	za4	zha4	赣			170000		
点	tiaʔ6	diak6	dian3	赣			370000		
点	tiɛn3	dien3	dian3	赣			370000		
炼	liɛn4	lien4	lian4	赣			120000		
烁	soʔ5	sok5	shuo4	赣			103902		
烂	lan1	lan1	lan4	赣			170000		
烈	liɛt5	liet5	lie4	赣			120000		
烊	ioŋ2	yong2	yang2	赣			124660		
烘	fuŋ1	fung1	hong1	赣			120000		
烘	kʰoŋ4	kong4	hong1	赣			120000		
烙	lɔʔ5	lok5	lao4	赣			120000		
烛	tsuʔ5	zuk5	zhu2	赣			120000		
烟	iɛn1	yen1	yan1	赣			120000		
烤	kʰɑu3	kau3	kao3	赣			120000		
烦	fan2	fan2	fan2	赣			120000		
烧	sɛu1	seu1	shao1	赣			145000		
烫	tʰoŋ4	tong4	tang4	赣			120000		
热	lɛt5	let5	re4	赣			145000		
热	ȵiɛt6	niet6	re4	赣			145000		
焊	hon4	hon4	han4	赣			120000		
焕	fɛn4	fen4	huan4	赣			120000		
焖	mən4	men4	men4	赣			120000		
焦	kɑu1	gau1	jiao1	赣			120000		
焦	tɕiɛu1	jieu1	jiao1	赣			120000		
焯	tsʰɑu1	cau1	chao1	赣			73647		
焰	ȵiɛn4	nien4	yan4	赣			120000		
焰	iɛn4	yen4	yan4	赣			120000		
然	lɛn2	len2	ran2	赣			145000		
然	liɛn2	lien2	ran2	赣			145000		
煌	foŋ2	fong2	huang2	赣			103463		
煌	uoŋ2	wong2	huang2	赣			103463		
煎	tɕiɛn1	jien1	jian1	赣			120000		
煞	sæʔ5	saek5	sha1	赣			120000		
煤	mɛi2	mei2	mei2	赣			145000		
照	tsɛu4	zeu4	zhao4	赣			120000		
照	tsiɛu4	zieu4	zhao4	赣			120000		
煨	uɛi1	wei1	wei1	赣			95000		
煮	tɕu3	ju3	zhu3	赣			170000		
煮	tsy3	zyu3	zhu3	赣			170000		
熄	ɕiʔ5	xik5	xi1	赣			120000		
熊	ɕiuŋ2	xiung2	xiong2	赣			170000		
熏	syn1	syun1	xun1	赣			120000		
熔	luŋ2	lung2	rong2	赣			102735		
熔	ȵuŋ2	nung2	rong2	赣			102735		
熟	suʔ6	suk6	shu2	赣			150000		
熨	iʔ6	yik6	yun4	赣			90000		
熬	ŋɑu2	ngau2	ao2	赣			120000		
熯	hon4	hon4	han4	赣	烘干/焚烧/烧煮	hong1 gan1/fen2 shao1/shao1 zhu3	122271		
燃	lɛn2	len2	ran2	赣			120000		
燃	liɛn2	lien2	ran2	赣			120000		
燕	iɛn4	yen4	yan4	赣			120000		
燥	tsɑu1	zau1	zao4	赣			120000		
爆	pɑu4	bau4	bao4	赣			170000		
爆	pʰɑu4	pau4	bao4	赣			170000		
爨	tsʰon1	con1	cuan4	赣	烧煮/烹煮	shao1 zhu3/peng1 zhu3	125347		
爨	tsʰuon1	cuon1	cuan4	赣	烧煮/烹煮	shao1 zhu3/peng1 zhu3	125347		
爪	tsɑu3	zau3	zhao3	赣			120000		
爪	tsua3	zua3	zhao3	赣			120000		
爬	pʰa2	pa2	pa2	赣			130000		
爱	ŋɛi4	ngei4	ai4	赣			145000		
父	fu4	fu4	fu4	赣			120000		
爷	ia2	ya2	ye2	赣	爹/父亲	die1/fu4 qin1	123402		
爷	iɛ1	ye1	ye2	赣	爹/父亲	die1/fu4 qin1	123402		
爸	pa2	ba2	ba4	赣			120000		
爸	paʔ6	bak6	ba4	赣			120000		
爸	ia2	ya2	ba4	赣			120000		
爹	tia1	dia1	die1	赣			120000		
爹	tiɛ1	die1	die1	赣			120000		
爹	ia2	ya2	die1	赣			120000		
爽	soŋ3	song3	shuang3	赣			120000		
片	pʰiɛn4	pien4	pian4	赣			170000		
版	pan3	ban3	ban3	赣			120000		
牌	pʰai2	pai2	pai2	赣			145000		
牙	ŋa2	nga2	ya2	赣			120000		
牚	tsʰaŋ4	cang4	cheng1	赣			30000		
牛	ȵiau2	niau2	niu2	赣			155000		
牛	ȵiɛu2	nieu2	niu2	赣			155000		
牡	mɛu3	meu3	mu3	赣			120000		
牡	muʔ5	muk5	mu3	赣			120000		
牢	lɑu2	lau2	lao2	赣			145000		
牧	muʔ5	muk5	mu4	赣			120000		
物	uɛiʔ5	uik5	wu4	赣			195000		
物	uɨʔ5	wek5	wu4	赣			195000		
牯	ku3	gu3	gu3	赣			90000		
牲	sɑŋ1	sang1	sheng1	赣			120000		
牲	sɛn1	sen1	sheng1	赣			120000		
牲	səŋ1	seng1	sheng1	赣			120000		
牵	tɕʰiɛn1	qien1	qian1	赣			130000		
特	tɛʔ6	dek6	te4	赣			275000		
特	tʰɛt5	tet5	te4	赣			275000		
牺	ɕi1	xi1	xi1	赣			120000		
犁	li2	li2	li2	赣			120000		
犟	tɕʰioŋ4	qiong4	jiang4	赣			100000		
犬	tɕʰyon3	qyuon3	quan3	赣			120000		
犯	fan4	fan4	fan4	赣			120000		
状	tsʰoŋ1	cong1	zhuang4	赣			120000		
状	tsoŋ4	zong4	zhuang4	赣			120000		
犹	iu2	yiu2	you2	赣			120000		
狂	kʰuoŋ2	kuong2	kuang2	赣			130000		
狈	pɛi4	bei4	bei4	赣			107566		
狐	fu2	fu2	hu2	赣			120000		
狗	kiɛu3	gieu3	gou3	赣			125000		
狗	tɕiɛu3	jieu3	gou3	赣			125000		
狠	hɛn3	hen3	hen3	赣			120000		
狠	hiɛn3	hien3	hen3	赣			120000		
狡	kɑu3	gau3	jiao3	赣			100180		
狡	tɕiau3	jiau3	jiao3	赣			100180		
狡	tɕiɛu3	jieu3	jiao3	赣			100180		
独	tʰuʔ6	tuk6	du2	赣			120000		
狭	ha2	ha2	xia2	赣			145000		
狭	hæp6	haep6	xia2	赣			145000		
狮	si1	si1	shi1	赣			120000		
狮	su1	su1	shi1	赣			120000		
狰	tsɑŋ1	zang1	zheng1	赣			102940		
狰	tsiɛn1	zien1	zheng1	赣			102940		
狰	tsiŋ1	zing1	zheng1	赣			102940		
狱	ȵi4	ni4	yu4	赣			120000		
狱	i4	yi4	yu4	赣			120000		
狱	iʔ5	yik5	yu4	赣			120000		
狱	y4	yu4	yu4	赣			120000		
狸	li2	li2	li2	赣			120000		
狼	loŋ2	long2	lang2	赣			120000		
猎	liɛt6	liet6	lie4	赣			145000		
猛	maŋ3	mang3	meng3	赣			225000		
猛	muŋ3	mung3	meng3	赣			225000		
猜	tsʰai1	cai1	cai1	赣			235000		
猜	tsʰɛi1	cei1	cai1	赣			235000		
猥	uɛi3	wei3	wei3	赣			78993		
猪	tsy1	zyu1	zhu1	赣			320000		
猫	mɑu2	mau2	mao1	赣			120000		
献	ɕiɛn4	xien4	xian4	赣			120000		
猴	hɛu2	heu2	hou2	赣			120000		
猾	uæt6	waet6	hua2	赣			120000		
猿	yon2	yuon2	yuan2	赣			102827		
玄	ɕyon2	xyuon2	xuan2	赣			120000		
率	liuʔ5	liuk5	lv4	赣			280000		
玉	ȵi1	ni1	yu4	赣			145000		
王	uoŋ2	wong2	wang2	赣			145000		
玛	ma3	ma3	ma3	赣			120000		
玩	uɛi3	wui3	wan2	赣			350000		
环	fan2	fan2	huan2	赣			215000		
环	uan2	wan2	huan2	赣			215000		
现	ɕiɛn4	xien4	xian4	赣			255000		
玲	lən2	len2	ling2	赣			104049		
玲	liɑŋ2	liang2	ling2	赣			104049		
玲	liŋ2	ling2	ling2	赣			104049		
玷	tiɛn4	dien4	dian4	赣			104367		
玻	po1	bo1	bo1	赣			120000		
珊	san1	san1	shan1	赣			105907		
珊	siɛn1	sien1	shan1	赣			105907		
珍	tsən1	zen1	zhen1	赣			120000		
珍	tsiŋ1	zing1	zhen1	赣			120000		
珑	luŋ2	lung2	long2	赣			78294		
珓	kɑu4	gau4	jiao4	赣			55000		
珠	tɕu1	ju1	zhu1	赣			145000		
珠	tsy1	zyu1	zhu1	赣			145000		
班	pan1	ban1	ban1	赣			120000		
球	tɕʰiəu2	qieu2	qiu2	赣			130000		
琅	loŋ2	long2	lang2	赣			100988		
理	li3	li3	li3	赣			150000		
琉	liu2	liu2	liu2	赣			102629		
琴	tɕʰin2	qin2	qin2	赣			120000		
琵	pʰi2	pi2	pi2	赣			90000		
琶	pʰa2	pa2	pa2	赣			90000		
琼	tɕʰiuŋ2	qiung2	qiong2	赣			130000		
瑙	lɑu3	lau3	nao3	赣			4029		
瑞	lui4	lui4	rui4	赣			154739		
瑞	sy1	syu1	rui4	赣			154739		
瑰	kui1	gui1	gui1	赣			120000		
璃	li2	li2	li2	赣			120000		
瓜	kua1	gua1	gua1	赣			120000		
瓠	u4	wu4	hu4	赣			90000		
瓢	pʰiɛu2	pieu2	piao2	赣			120000		
瓣	pʰan4	pan4	ban4	赣			120000		
瓣	pʰiɛn4	pien4	ban4	赣			120000		
瓤	loŋ2	long2	rang2	赣			120000		
瓦	ŋa3	nga3	wa3	赣			170000		
瓮	uŋ1	ung1	weng4	赣			79626		
瓶	pʰən2	pen2	ping2	赣			170000		
瓶	pʰiŋ2	ping2	ping2	赣			170000		
瓷	tsʰi2	ci2	ci2	赣			120000		
甏	pʰaŋ4	pang4	beng4	赣			5000		
甑	tsɛn4	zen4	zeng4	赣			30000		
甘	kon1	gon1	gan1	赣			120000		
甚	siʔ6	sik6	shen4	赣			120000		
甚	sin4	sin4	shen4	赣			120000		
甜	tʰiɛn2	tien2	tian2	赣			120000		
生	saŋ1	sang1	sheng1	赣			202898		
生	sɛn1	sen1	sheng1	赣			202898		
生	siɛn1	sien1	sheng1	赣			202898		
生	son1	son1	sheng1	赣			202898		
甥	saŋ1	sang1	sheng1	赣			120000		
用	iuŋ1	yung1	yong4	赣			400000		
甩	sai3	sai3	shuai3	赣			145000		
甩	sɛi3	sei3	shuai3	赣			145000		
甫	fu3	fu3	fu3	赣			120000		
甫	pʰu3	pu3	fu3	赣			120000		
田	tʰiɛn2	tien2	tian2	赣			120000		
由	iəu2	yeu2	you2	赣			370000		
由	iu2	yiu2	you2	赣			370000		
甲	kæp5	gaep5	jia3	赣			130000		
甲	kap5	gap5	jia3	赣			130000		
申	sən1	sen1	shen1	赣			145000		
申	sin1	sin1	shen1	赣			145000		
电	tʰiɛn1	tien1	dian4	赣			200000		
男	lon2	lon2	nan2	赣			195000		
男	ȵon2	non2	nan2	赣			195000		
甸	tʰian4	tian4	dian1	赣			105628		
画	fa4	fa4	hua4	赣			145000		
畅	tsʰoŋ4	cong4	chang4	赣			120000		
界	kai4	gai4	jie4	赣			150000		
畏	uɛi4	wui4	wei4	赣			120000		
畔	pʰiɛn4	pien4	pan4	赣			108924		
留	liəu2	lieu2	liu2	赣			175000		
留	liu2	liu2	liu2	赣			175000		
畜	tsʰuʔ5	cuk5	chu4	赣			125000		
畜	ɕiuʔ5	xiuk5	chu4	赣			125000		
略	luɛʔ5	luek5	lve4	赣			135000		
略	ȵiɔʔ5	niok5	lve4	赣			135000		
畦	fi1	fi1	qi2	赣			71606		
畦	hi1	hi1	qi2	赣			71606		
番	fan1	fan1	fan1	赣	外族/外来物种	wai4 zu2/wai4 lai2 wu4 zhong3	127626		
番	fɑŋ1	fang1	fan1	赣	外族/外来物种	wai4 zu2/wai4 lai2 wu4 zhong3	127626		
疆	tɕioŋ1	jiong1	jiang1	赣			120000		
疏	su1	su1	shu1	赣			120000		
疏	ɕu1	xu1	shu1	赣			120000		
疑	ȵi2	ni2	yi2	赣			155000		
疔	tiaŋ1	diang1	ding1	赣			5000		
疖	tɕiɛʔ5	jiek5	jie1	赣			90000		
疗	liau2	liau2	liao2	赣			100732		
疗	liɛu2	lieu2	liao2	赣			100732		
疙	kat5	gat5	ge1	赣			107419		
疙	kot5	got5	ge1	赣			107419		
疚	tɕiu4	jiu4	jiu4	赣			100925		
疟	ŋiɔʔ5	ngiok5	nve4	赣			120000		
疤	pa1	ba1	ba1	赣			120000		
疥	kai4	gai4	jie4	赣			90000		
疫	ȵi4	ni4	yi4	赣			120000		
疫	i4	yi4	yi4	赣			120000		
疫	iʔ6	yik6	yi4	赣			120000		
疮	tsʰoŋ1	cong1	chuang1	赣			145000		
疯	fuŋ1	fung1	feng1	赣			120000		
疲	pʰi2	pi2	pi2	赣			120000		
疸	tan3	dan3	dan3	赣			70767		
疹	tsən3	zen3	zhen3	赣			120000		
疹	tsin3	zin3	zhen3	赣			120000		
疼	tʰɑŋ2	tang2	teng2	赣			102848		
疾	tɕiʔ6	jik6	ji2	赣			120000		
疾	tɕʰiʔ6	qik6	ji2	赣			120000		
病	pʰiaŋ1	piang1	bing4	赣			55000		
症	tsən4	zen4	zheng4	赣			120000		
症	tsiŋ4	zing4	zheng4	赣			120000		
痒	ioŋ3	yong3	yang3	赣			120000		
痔	tsʰi4	ci4	zhi4	赣			90000		
痕	hɛn2	hen2	hen2	赣			145000		
痕	hiɛn2	hien2	hen2	赣			145000		
痘	tʰɛu1	teu1	dou4	赣			120000		
痛	tʰuŋ4	tung4	tong4	赣			145000		
痞	pʰi3	pi3	pi3	赣			90000		
痢	li1	li1	li4	赣			120000		
痣	tsi4	zi4	zhi4	赣			90000		
痧	sa1	sa1	sha1	赣			5000		
痨	lɑu2	lau2	lao2	赣			90000		
痰	tsʰan2	can2	tan2	赣			145000		
痰	tʰam2	tam2	tan2	赣			145000		
痲	ma2	ma2	ma2	赣			5000		
痴	tsʰi1	ci1	chi1	赣			120000		
痹	pi4	bi4	bi4	赣			106617		
瘌	læʔ6	laek6	la4	赣			73067		
瘟	un1	wen1	wen1	赣			120000		
瘤	liəu2	lieu2	liu2	赣			120000		
瘦	sɛu4	seu4	shou4	赣			120000		
瘫	tʰan1	tan1	tan1	赣			120000		
瘾	in3	yin3	yin3	赣			120000		
癞	lai4	lai4	lai4	赣			90000		
癣	tɕʰyon3	qyuon3	xuan3	赣			120000		
癫	tiɛn1	dien1	dian1	赣			90000		
登	tɛn1	den1	deng1	赣			145000		
登	tiɛn1	dien1	deng1	赣			145000		
白	pʰaʔ6	pak6	bai2	赣			350000		
百	paʔ5	bak5	bai3	赣			135000		
百	pɛt5	bet5	bai3	赣			135000		
皂	tsəu4	zeu4	zao4	赣			120000		
的	tɨʔ6	dek6	de5	赣			370000		
的	tiʔ6	dik6	de5	赣			370000		
的	koʔ6	gok6	de5	赣			370000		
皆	kai1	gai1	jie1	赣			150000		
皇	foŋ2	fong2	huang2	赣			120000		
皇	uoŋ2	wong2	huang2	赣			120000		
皮	pʰi2	pi2	pi2	赣			130000		
皱	tsɛu4	zeu4	zhou4	赣			120000		
皱	tsiu4	ziu4	zhou4	赣			120000		
皲	tɕin1	jin1	jun1	赣	冻裂/干裂	dong4 lie4/gan1 lie4	127736		
皲	tɕuɛn1	jun1	jun1	赣	冻裂/干裂	dong4 lie4/gan1 lie4	127736		
皲	tɕyn1	jyun1	jun1	赣	冻裂/干裂	dong4 lie4/gan1 lie4	127736		
皿	min3	min3	min3	赣			120000		
盂	i1	yi1	yu2	赣			90000		
盅	tsuŋ1	zung1	zhong1	赣			90000		
盆	pʰan2	pan2	pen2	赣			120000		
盆	pʰən2	pen2	pen2	赣			120000		
盈	ȵiŋ2	ning2	ying2	赣			30000		
盈	in2	yin2	ying2	赣			30000		
益	i4	yi4	yi4	赣			120000		
益	iʔ6	yik6	yi4	赣			120000		
盏	tsan3	zan3	zhan3	赣			120000		
盏	tsiɛn3	zien3	zhan3	赣			120000		
盐	iɛn2	yen2	yan2	赣			150000		
监	kan1	gan1	jian1	赣			120000		
盒	hɵʔ6	hok6	he2	赣			120000		
盒	huɛt6	huet6	he2	赣			120000		
盔	kʰuɛi1	kui1	kui1	赣			120000		
盖	kɛi4	gei4	gai4	赣			145000		
盗	tɑu4	dau4	dao4	赣			120000		
盗	tʰɑu4	tau4	dao4	赣			120000		
盘	pʰɛn2	pen2	pan2	赣			185000		
盘	pʰiɛn2	pien2	pan2	赣			185000		
盛	sən2	sen2	sheng4	赣			120000		
盛	siŋ4	sing4	sheng4	赣			120000		
盟	muŋ2	mung2	meng2	赣			120000		
目	muʔ5	muk5	mu4	赣			200000		
盯	tiaŋ1	diang1	ding1	赣			150204		
盯	tiŋ1	ding1	ding1	赣			150204		
盲	moŋ2	mong2	mang2	赣			120000		
盳	moŋ4	mong4	wang4	赣	望/看	wang4/kan4	125429		
直	tsʰɨʔ6	cek6	zhi2	赣			210000		
直	tsʰit6	cit6	zhi2	赣			210000		
相	ɕioŋ1	xiong1	xiang1	赣			145000		
相	ɕioŋ4	xiong4	xiang1	赣			145000		
盹	tuɛn1	dun1	dun3	赣			102822		
盼	pʰan4	pan4	pan4	赣			120000		
盼	pʰən4	pen4	pan4	赣			120000		
盾	tuɛn4	dun4	dun4	赣			130000		
盾	tʰun4	tun4	dun4	赣			130000		
省	saŋ3	sang3	sheng3	赣			165000		
省	sɛn3	sen3	sheng3	赣			165000		
省	səŋ3	seng3	sheng3	赣			165000		
省	ɕin3	xin3	sheng3	赣			165000		
眉	mi2	mi2	mei2	赣			120000		
看	kʰon4	kon4	kan4	赣			370000		
眍	kʰiɛu1	kieu1	kou1	赣			90000		
眏	iaŋ4	yang4	yang1	赣	看守	kan1 shou3	124701		
真	tsən1	zen1	zhen1	赣			230000		
真	tsin1	zin1	zhen1	赣			230000		
眠	miɛn2	mien2	mian2	赣			120000		
眨	tsaʔ5	zak5	zha3	赣			120000		
眯	mi1	mi1	mi1	赣			120000		
眰	tsi1	zi1	die4	赣	视/看	shi4/kan4	127753		
眰	tsit5	zit5	die4	赣	视/看	shi4/kan4	127753		
眵	si3	si3	chi1	赣			77587		
眶	kʰuoŋ1	kuong1	kuang4	赣			120000		
眼	ŋan3	ngan3	yan3	赣			370000		
着	tsʰɔʔ6	cok6	zhe5	赣			438584		
着	tsɔʔ5	zok5	zhe5	赣			438584		
睁	tsɑŋ1	zang1	zheng1	赣			100548		
睁	tsɛn1	zen1	zheng1	赣			100548		
睁	tsiŋ1	zing1	zheng1	赣			100548		
睏	kʰuɛi4	kui4	kun4	赣	睡/躺	shui4/tang3	124418		
睏	kʰuin4	kuin4	kun4	赣	睡/躺	shui4/tang3	124418		
睐	lai4	lai4	lai4	赣			104908		
睛	tɕiaŋ1	jiang1	jing1	赣			145000		
睛	tɕʰiɑŋ2	qiang2	jing1	赣			145000		
睡	sɛi4	sei4	shui4	赣			195000		
督	tuʔ6	duk6	du1	赣			120000		
睬	tsʰɛi3	cei3	cai3	赣			120000		
瞄	miɛu2	mieu2	miao2	赣			145000		
瞌	kʰɵʔ5	kok5	ke1	赣			100000		
瞎	hæt5	haet5	xia1	赣			245000		
瞒	mɛn2	men2	man2	赣			120000		
瞒	miɛn2	mien2	man2	赣			120000		
瞧	tɕʰiau2	qiau2	qiao2	赣			120000		
瞳	tʰuŋ2	tung2	tong2	赣			170000		
矛	mɑu2	mau2	mao2	赣			120000		
矢	si3	si3	shi3	赣			120000		
知	tsi1	zi1	zhi1	赣			185000		
矩	tɕi4	ji4	ju3	赣			120000		
矩	tɕuʔ6	juk6	ju3	赣			120000		
短	ton3	don3	duan3	赣			52500		
短	tuon3	duon3	duan3	赣			52500		
矮	ŋai3	ngai3	ai3	赣			120000		
石	saʔ6	sak6	shi2	赣			175000		
矺	tsaʔ5	zak5	zhe2	赣			5775		
矾	fan2	fan2	fan2	赣			120000		
矿	kʰoŋ4	kong4	kuang4	赣			120000		
矿	kʰuoŋ4	kuong4	kuang4	赣			120000		
码	ma3	ma3	ma3	赣			170000		
砂	sa1	sa1	sha1	赣			107184		
砌	tɕʰi4	qi4	qi4	赣			101040		
砌	tɕʰiɛt5	qiet5	qi4	赣			101040		
砍	kʰan3	kan3	kan3	赣			120000		
砍	kʰoŋ3	kong3	kan3	赣			120000		
研	ȵiɛn3	nien3	yan2	赣			256796		
研	iɛn2	yen2	yan2	赣			256796		
砖	tson1	zon1	zhuan1	赣			160000		
砖	tsuon1	zuon1	zhuan1	赣			160000		
砚	ȵyon4	nyuon4	yan4	赣			120000		
砚	iɛn4	yen4	yan4	赣			120000		
砣	tʰo2	to2	tuo2	赣			5994		
砧	tsɛn1	zen1	zhen1	赣			90000		
破	pʰo4	po4	po4	赣			125000		
砸	tsap5	zap5	za2	赣			109730		
砻	luŋ2	lung2	long2	赣			90000		
砾	liʔ5	lik5	li4	赣			102505		
础	tsʰu3	cu3	chu3	赣			120000		
础	tɕʰu3	qu3	chu3	赣			120000		
硅	kuɛi1	gui1	gui1	赣			108417		
硕	saʔ5	sak5	shuo4	赣			110455		
硕	soʔ5	sok5	shuo4	赣			110455		
硝	ɕiɛu1	xieu1	xiao1	赣			170000		
硬	ŋaŋ1	ngang1	ying4	赣			220000		
确	kʰɔʔ6	kok6	que4	赣			190000		
确	tɕʰyɵʔ5	qyuok5	que4	赣			190000		
碉	tiɛu1	dieu1	diao1	赣			90000		
碌	luʔ5	luk5	lu4	赣			120000		
碍	ŋɛi4	ngei4	ai4	赣			175000		
碎	sɛi4	sei4	sui4	赣			120000		
碑	pi1	bi1	bei1	赣			120000		
碗	uɛn3	wen3	wan3	赣			120000		
碗	uɛn3	wien3	wan3	赣			120000		
碘	tiɛn3	dien3	dian3	赣			120000		
碟	tʰiɛʔ6	tiek6	die2	赣			145000		
碧	piʔ5	bik5	bi4	赣			120000		
碰	pʰuŋ4	pung4	peng4	赣			125000		
碱	kaŋ3	gang3	jian3	赣			105904		
碾	ȵiɛn3	nien3	nian3	赣			120000		
磁	tsʰi2	ci2	ci2	赣			120000		
磅	pʰoŋ1	pong1	bang4	赣			145000		
磉	soŋ3	song3	sang3	赣			30000		
磊	lui3	lui3	lei3	赣			104365		
磕	kʰɔʔ6	kok6	ke1	赣			120000		
磙	kun3	gun3	gun3	赣			124896		
磨	mo2	mo2	mo2	赣			120000		
磨	mo4	mo4	mo2	赣			120000		
磷	lən2	len2	lin2	赣			104900		
磺	foŋ2	fong2	huang2	赣			30000		
示	sɨʔ6	sek6	shi4	赣			230250		
示	si4	si4	shi4	赣			230250		
礼	li3	li3	li3	赣			145000		
社	sa4	sa4	she4	赣			100000		
祁	tɕʰi2	qi2	qi2	赣			73078		
祈	ki2	gi2	qi2	赣			100300		
祈	tɕi2	ji2	qi2	赣			100300		
祐	iəu4	yeu4	you4	赣			5996		
祖	tɕu3	ju3	zu3	赣			120000		
祖	tsu3	zu3	zu3	赣			120000		
祝	tɕu4	ju4	zhu4	赣			120000		
祝	tsuʔ5	zuk5	zhu4	赣			120000		
神	sən2	sen2	shen2	赣			231223		
神	sin2	sin2	shen2	赣			231223		
祟	sɛi4	sei4	sui4	赣			120000		
祟	syʔ6	syuk6	sui4	赣			120000		
祠	tsʰi2	ci2	ci2	赣			120000		
祥	hoŋ2	hong2	xiang2	赣			145000		
祥	ɕioŋ2	xiong2	xiang2	赣			145000		
票	pʰiau4	piau4	piao4	赣			120000		
票	pʰiɛu4	pieu4	piao4	赣			120000		
祸	fo1	fo1	huo4	赣			120000		
禁	tɕin4	jin4	jin4	赣			120000		
禁	tɕʰin4	qin4	jin4	赣			120000		
禄	luʔ5	luk5	lu4	赣			105782		
福	fuʔ5	fuk5	fu2	赣			120000		
禧	tɕʰi3	qi3	xi3	赣			78674		
离	li2	li2	li2	赣			370000		
禽	tɕʰin2	qin2	qin2	赣			120000		
禾	uo2	wo2	he2	赣			120000		
秀	ɕiəu4	xieu4	xiu4	赣			120000		
私	si1	si1	si1	赣			145000		
秃	tʰuʔ6	tuk6	tu1	赣			120000		
秆	kon1	gon1	gan3	赣			120000		
秉	pən3	ben3	bing3	赣			120000		
秉	piɑŋ3	biang3	bing3	赣			120000		
秉	pin3	bin3	bing3	赣			120000		
秋	tɕʰiəu1	qieu1	qiu1	赣			145000		
秋	tɕʰiu1	qiu1	qiu1	赣			145000		
种	tsuŋ3	zung3	zhong3	赣			310000		
种	tsuŋ4	zung4	zhong3	赣			310000		
科	kʰo1	ko1	ke1	赣			150000		
秒	miau3	miau3	miao3	赣			165000		
秒	miɛu3	mieu3	miao3	赣			165000		
秕	pi3	bi3	bi3	赣			71935		
秘	mi4	mi4	mi4	赣			145000		
秘	miʔ5	mik5	mi4	赣			145000		
租	tɕu1	ju1	zu1	赣			145000		
租	tsu1	zu1	zu1	赣			145000		
秤	tsʰən4	cen4	cheng4	赣			130000		
秤	tsʰiŋ4	cing4	cheng4	赣			130000		
秦	tɕʰin2	qin2	qin2	赣			120000		
秧	ioŋ1	yong1	yang1	赣			120000		
秩	tsʰit6	cit6	zhi4	赣			125000		
秫	sut6	sut6	shu2	赣			70376		
秫	ɕut6	xut6	shu2	赣			70376		
积	tɕiʔ5	jik5	ji1	赣			120000		
称	tsʰən1	cen1	cheng1	赣			130000		
移	ȵi2	ni2	yi2	赣			145000		
移	i1	yi1	yi2	赣			145000		
稀	ɕi1	xi1	xi1	赣			120000		
程	tsʰaŋ2	cang2	cheng2	赣			125000		
程	tsʰən2	cen2	cheng2	赣			125000		
程	tsʰiŋ2	cing2	cheng2	赣			125000		
稍	sɑu4	sau4	shao1	赣			120000		
稍	səu1	seu1	shao1	赣			120000		
税	sɛi4	sei4	shui4	赣			220000		
税	sui4	sui4	shui4	赣			220000		
稗	pʰa4	pa4	bai4	赣			90000		
稠	tsʰiu2	ciu2	chou2	赣			103696		
稳	un3	wen3	wen3	赣			125998		
稳	uɛn3	win3	wen3	赣			125998		
稻	tʰɑu1	tau1	dao4	赣			120000		
稼	ka2	ga2	jia4	赣			109767		
稿	kɑu3	gau3	gao3	赣			120000		
穆	muʔ5	muk5	mu4	赣			120000		
穗	sɛi4	sei4	sui4	赣			109057		
穴	ɕuɛ3	xue3	xue2	赣			120000		
穴	ɕyɵʔ6	xyuok6	xue2	赣			120000		
究	tɕiəu4	jieu4	jiu1	赣			120000		
究	tɕiu1	jiu1	jiu1	赣			120000		
穷	tɕʰiuŋ2	qiung2	qiong2	赣			155000		
空	kʰuŋ1	kung1	kong1	赣			250000		
空	kʰuŋ4	kung4	kong1	赣			250000		
穿	tsʰon1	con1	chuan1	赣			120000		
突	tʰuɨʔ6	tuek6	tu1	赣			185000		
突	tʰuʔ6	tuk6	tu1	赣			185000		
窃	tɕʰiɛʔ5	qiek5	qie4	赣			120000		
窄	tsʰæʔ6	caek6	zhai3	赣			125000		
窍	tɕʰiau3	qiau3	qiao4	赣			120000		
窍	tɕʰiɛu3	qieu3	qiao4	赣			120000		
窑	iau2	yau2	yao2	赣			120000		
窑	iɛu2	yeu2	yao2	赣			120000		
窖	kɑu4	gau4	jiao4	赣			120000		
窗	tsʰoŋ1	cong1	chuang1	赣			125000		
窜	tsʰon4	con4	cuan4	赣			170000		
窝	uo1	wo1	wo1	赣			120000		
窟	kʰuɨʔ5	kuek5	ku1	赣			120000		
窠	kʰo1	ko1	ke1	赣			125000		
立	lɨʔ6	lek6	li4	赣			175000		
立	lip6	lip6	li4	赣			175000		
竖	sy4	syu4	shu4	赣			120000		
竖	ɕu4	xu4	shu4	赣			120000		
站	tsam4	zam4	zhan4	赣			125000		
站	tsan4	zan4	zhan4	赣			125000		
竞	tɕiɑŋ4	jiang4	jing4	赣			157694		
竞	tɕin4	jin4	jing4	赣			157694		
竟	tɕiɑŋ4	jiang4	jing4	赣			106930		
竟	tɕin4	jin4	jing4	赣			106930		
章	tsoŋ1	zong1	zhang1	赣			150000		
童	tʰuŋ2	tung2	tong2	赣			170000		
竭	tɕiɛt6	jiet6	jie2	赣			120000		
端	ton1	don1	duan1	赣			375780		
竹	tsuʔ5	zuk5	zhu2	赣			175000		
竿	kon1	gon1	gan1	赣			104121		
笆	pa1	ba1	ba1	赣			90000		
笋	ɕin3	xin3	sun3	赣			131700		
笑	ɕiau4	xiau4	xiao4	赣			145000		
笑	ɕiɛu4	xieu4	xiao4	赣			145000		
笔	pɨʔ5	bek5	bi3	赣			125000		
笔	pit5	bit5	bi3	赣			125000		
笙	sɛn1	sen1	sheng1	赣			120000		
笛	tiʔ6	dik6	di2	赣			120000		
笛	tʰɨʔ6	tek6	di2	赣			120000		
笠	liʔ6	lik6	li4	赣			90000		
笡	tɕʰia4	qia4	qie4	赣	斜/歪	xie2/wai1	126281		
符	fu2	fu2	fu2	赣			120000		
笨	pin4	bin4	ben4	赣			200000		
第	tʰiʔ6	tik6	di4	赣			250000		
笮	tsaʔ5	zak5	ze2	赣	压/榨	ya1/zha4	124139		
笼	luŋ2	lung2	long2	赣			120000		
等	tɛn3	den3	deng3	赣			445934		
等	tiɛn3	dien3	deng3	赣			445934		
筋	tɕin1	jin1	jin1	赣			120000		
筐	kʰoŋ1	kong1	kuang1	赣			105363		
筐	kʰuoŋ1	kuong1	kuang1	赣			105363		
筑	tsuʔ5	zuk5	zhu4	赣	填塞/塞住	tian2 se4/sai1 zhu4	126685		
筒	tʰuŋ2	tung2	tong3	赣			120000		
答	tæp5	daep5	da2	赣			145000		
策	tsʰɛʔ5	cek5	ce4	赣			120000		
策	tsʰiɛʔ5	ciek5	ce4	赣			120000		
筛	sai1	sai1	shai1	赣			120000		
筝	tsɑŋ1	zang1	zheng1	赣			109332		
筝	tsɛn1	zen1	zheng1	赣			109332		
筝	tsiŋ1	zing1	zheng1	赣			109332		
筠	tɕyn1	jyun1	yun2	赣			77631		
筲	sɑu1	sau1	shao1	赣			90000		
筷	kʰuai4	kuai4	kuai4	赣			120000		
筹	tsʰəu2	ceu2	chou2	赣			120000		
签	tɕʰiɛn1	qien1	qian1	赣			220000		
简	kan3	gan3	jian3	赣			130000		
箅	pʰi4	pi4	bi4	赣			90000		
箍	ku1	gu1	gu1	赣			115000		
算	son4	son4	suan4	赣			370000		
管	kuɛn3	gun3	guan3	赣			370000		
箩	lo2	lo2	luo2	赣			120000		
箫	ɕiɛu1	xieu1	xiao1	赣			145000		
箬	iɔʔ5	yok5	ruo4	赣	粽叶/箬叶	zong4 ye4/ruo4 ye4	126883		
箭	tɕiɛn4	jien4	jian4	赣			120000		
箱	ɕioŋ1	xiong1	xiang1	赣			120000		
箸	tsu3	zu3	zhu4	赣	筷子	kuai4 zi5	125228		
篇	pʰiɛn1	pien1	pian1	赣			145000		
篓	lɛu3	leu3	lou3	赣			120000		
篙	kɑu1	gau1	gao1	赣			90000		
篦	pʰi4	pi4	bi4	赣			90000		
篮	lan2	lan2	lan2	赣			120000		
篮	laŋ2	lang2	lan2	赣			120000		
篱	li2	li2	li2	赣			120000		
篷	pʰuŋ2	pung2	peng2	赣			120000		
篾	miɛʔ6	miek6	mie4	赣			73133		
簕	lɛʔ6	lek6	le4	赣			123380		
簟	tʰiɛn4	tien4	dian4	赣			90000		
簧	uoŋ2	wong2	huang2	赣			120000		
簪	tson1	zon1	zan1	赣			90000		
簿	pʰu4	pu4	bu4	赣			120000		
籍	tɕiʔ6	jik6	ji2	赣			120000		
米	mi3	mi3	mi3	赣			145000		
类	lɛi4	lei4	lei4	赣			310000		
类	lui1	lui1	lei4	赣			310000		
籽	tsi3	zi3	zi3	赣			103974		
粉	fən3	fen3	fen3	赣			120000		
粉	fin3	fin3	fen3	赣			120000		
粒	liʔ5	lik5	li4	赣			120000		
粗	tsʰu1	cu1	cu1	赣			120000		
粘	ȵiɛn2	nien2	zhan1	赣			120000		
粘	tsɛn1	zen1	zhan1	赣			120000		
粟	ɕiuʔ5	xiuk5	su4	赣			145000		
粥	tsuʔ5	zuk5	zhou1	赣			120000		
粪	fən4	fen4	fen4	赣			120000		
粪	fin4	fin4	fen4	赣			120000		
粮	lioŋ2	liong2	liang2	赣			120000		
粮	ȵioŋ2	niong2	liang2	赣			120000		
粱	lioŋ2	liong2	liang2	赣			120000		
粽	tsuŋ4	zung4	zong4	赣			90000		
精	tɕiaŋ1	jiang1	jing1	赣			170000		
精	tɕin1	jin1	jing1	赣			170000		
精	tɕiŋ1	jing1	jing1	赣			170000		
糊	fu2	fu2	hu2	赣			145000		
糊	u2	wu2	hu2	赣			145000		
糍	tsʰi2	ci2	ci2	赣			90000		
糕	kɑu1	gau1	gao1	赣			145000		
糖	tʰoŋ2	tong2	tang2	赣			120000		
糙	tsʰɑu4	cau4	cao1	赣			120000		
糟	tsɑu1	zau1	zao1	赣			120000		
糟	tsiɛu1	zieu1	zao1	赣			120000		
糠	kʰoŋ1	kong1	kang1	赣			120000		
糯	lo4	lo4	nuo4	赣			120000		
系	tɕi4	ji4	xi4	赣			550000		
系	ɕi2	xi2	xi4	赣			550000		
紊	uɛn2	win2	wen3	赣			107071		
素	su4	su4	su4	赣			150000		
素	ɕu4	xu4	su4	赣			150000		
索	sɔʔ5	sok5	suo3	赣			200000		
紧	tɕin3	jin3	jin3	赣			145000		
紫	tsi3	zi3	zi3	赣			120000		
累	lɛi4	lei4	lei4	赣			215000		
累	lui3	lui3	lei4	赣			215000		
絮	ɕi4	xi4	xu4	赣			120000		
絮	ɕu4	xu4	xu4	赣			120000		
繁	fan2	fan2	fan2	赣			125000		
纠	tɕiəu1	jieu1	jiu1	赣			120000		
纠	tɕiu1	jiu1	jiu1	赣			120000		
红	fuŋ2	fung2	hong2	赣			140000		
纤	tɕʰiɛn1	qien1	xian1	赣			120000		
纤	ɕiɛn1	xien1	xian1	赣			120000		
约	ȵuɛʔ6	nuek6	yue1	赣			125000		
约	iɔʔ5	yok5	yue1	赣			125000		
级	tɕip5	jip5	ji2	赣			170000		
纪	tɕi4	ji4	ji4	赣			120000		
纫	lən4	len4	ren4	赣			107717		
纫	liɛn4	lien4	ren4	赣			107717		
纬	uɛi3	wui3	wei3	赣			120000		
纯	tsʰin2	cin2	chun2	赣			146000		
纯	tsʰuɛn2	cun2	chun2	赣			146000		
纯	syn2	syun2	chun2	赣			146000		
纱	sa1	sa1	sha1	赣			120000		
纲	koŋ1	gong1	gang1	赣			120000		
纳	læʔ5	laek5	na4	赣			145000		
纳	ȵa4	na4	na4	赣			145000		
纵	tsʰoŋ4	cong4	zong4	赣			120000		
纵	tsuŋ4	zung4	zong4	赣			120000		
纷	fin1	fin1	fen1	赣			145000		
纸	tsi3	zi3	zhi3	赣			120000		
纹	un2	wen2	wen2	赣			120000		
纹	uɛn2	win2	wen2	赣			120000		
纺	foŋ3	fong3	fang3	赣			120000		
纽	ȵiəu3	nieu3	niu3	赣			120000		
纽	ȵiu3	niu3	niu3	赣			120000		
纽	ȵiuʔ6	niuk6	niu3	赣			120000		
线	ɕiɛn4	xien4	xian4	赣			370000		
练	liɛn4	lien4	lian4	赣			120000		
组	tsuʔ3	zuk3	zu3	赣			125000		
细	ɕi4	xi4	xi4	赣			170000		
织	tsɨʔ5	zek5	zhi1	赣			120000		
织	tsiʔ6	zik6	zhi1	赣			120000		
终	tsuŋ1	zung1	zhong1	赣			120000		
绊	pan4	ban4	ban4	赣			101835		
绍	sɛu4	seu4	shao4	赣			145000		
绎	iʔ5	yik5	yi4	赣			102371		
经	tɕiaŋ1	jiang1	jing1	赣			51289		
经	tɕin1	jin1	jing1	赣			51289		
绑	poŋ3	bong3	bang3	赣			170000		
绒	luŋ2	lung2	rong2	赣			120000		
绒	ȵyŋ2	nyung2	rong2	赣			120000		
结	tɕiɛt5	jiet5	jie2	赣			130000		
绕	lɑu4	lau4	rao4	赣			145000		
绕	lɛu4	leu4	rao4	赣			145000		
绗	hoŋ2	hong2	hang2	赣			90000		
绘	fɛi4	fei4	hui4	赣			102358		
绘	uɛi4	wui4	hui4	赣			102358		
络	ȵo4	no4	luo4	赣			120000		
绝	tɕʰuɛt6	quet6	jue2	赣			150000		
绝	tɕʰyɵʔ6	qyuok6	jue2	赣			150000		
绞	kɑu3	gau3	jiao3	赣			120000		
绞	tɕiɛu3	jieu3	jiao3	赣			120000		
统	tʰuŋ3	tung3	tong3	赣			170000		
绢	tɕyon1	jyuon1	juan4	赣			120000		
绣	ɕiəu4	xieu4	xiu4	赣			120000		
绣	ɕiu4	xiu4	xiu4	赣			120000		
继	tɕi4	ji4	ji4	赣			145000		
绩	tɕiʔ5	jik5	ji4	赣			145000		
绪	ɕiuʔ6	xiuk6	xu4	赣			102148		
续	ɕiuʔ6	xiuk6	xu4	赣			155514		
绰	tsʰɔʔ5	cok5	chuo4	赣			102960		
绳	sən2	sen2	sheng2	赣			120000		
绳	sin2	sin2	sheng2	赣			120000		
维	ui2	wui2	wei2	赣			120000		
绵	miɛn2	mien2	mian2	赣			120000		
绷	paŋ1	bang1	beng1	赣			145000		
绸	tsʰəu2	ceu2	chou2	赣			125000		
绸	tsʰiu2	ciu2	chou2	赣			125000		
综	tsuŋ1	zung1	zong1	赣			101772		
绾	uan3	wan3	wan3	赣			90000		
绿	liuʔ5	liuk5	lv4	赣			145400		
缆	lan3	lan3	lan3	赣			108723		
缎	tʰon1	ton1	duan4	赣			120000		
缓	fɛn1	fen1	huan3	赣			120000		
缓	fiɛn3	fien3	huan3	赣			120000		
编	piɛn1	bien1	bian1	赣			295000		
编	pʰiɛn1	pien1	bian1	赣			295000		
缘	ȵyon2	nyuon2	yuan2	赣			120000		
缘	yon2	yuon2	yuan2	赣			120000		
缝	fuŋ2	fung2	feng4	赣			120000		
缝	fuŋ4	fung4	feng4	赣			120000		
缠	tsʰan2	can2	chan2	赣			125000		
缠	tsʰɛn2	cen2	chan2	赣			125000		
缠	tsʰiɛn2	cien2	chan2	赣			125000		
缨	in1	yin1	ying1	赣			90000		
缩	sɔʔ5	sok5	suo1	赣			145000		
缴	tɕiau3	jiau3	jiao3	赣			120000		
缴	tɕiɛu3	jieu3	jiao3	赣			120000		
缸	koŋ1	gong1	gang1	赣			120000		
缺	kʰuɛt6	kuet6	que1	赣			200000		
缺	tɕʰuɛt6	quet6	que1	赣			200000		
缺	tɕʰyɵʔ5	qyuok5	que1	赣			200000		
罐	kuɛn4	gun4	guan4	赣			120000		
网	moŋ3	mong3	wang3	赣			120000		
网	uoŋ3	wong3	wang3	赣			120000		
罕	hon3	hon3	han3	赣			103940		
罗	lo2	lo2	luo2	赣			175000		
罚	fæt6	faet6	fa2	赣			150000		
罢	pa4	ba4	ba4	赣			185000		
罢	pʰa4	pa4	ba4	赣			185000		
罩	tsɑu4	zau4	zhao4	赣			120000		
罪	tsʰɛi1	cei1	zui4	赣			120000		
置	tsɨʔ5	zek5	zhi4	赣			370000		
置	tsi4	zi4	zhi4	赣			370000		
罱	liɛn1	lien1	lan3	赣	捞	lao1	127116		
羊	ioŋ2	yong2	yang2	赣			120000		
美	mi3	mi3	mei3	赣			155000		
羔	kɑu1	gau1	gao1	赣			120000		
羞	ɕiəu1	xieu1	xiu1	赣			145000		
羞	ɕiu1	xiu1	xiu1	赣			145000		
羡	ɕiɛn4	xien4	xian4	赣			102922		
群	tsʰyn2	cyun2	qun2	赣			370000		
群	tɕʰuɛn2	qun2	qun2	赣			370000		
羹	kaŋ1	gang1	geng1	赣			145000		
羹	kiɛn1	gien1	geng1	赣			145000		
羽	ȵi3	ni3	yu3	赣			120000		
羽	i3	yi3	yu3	赣			120000		
羽	y3	yu3	yu3	赣			120000		
翁	uŋ1	ung1	weng1	赣			120000		
翁	uŋ1	weng1	weng1	赣			120000		
翅	tsʰi4	ci4	chi4	赣			120000		
翔	ɕioŋ2	xiong2	xiang2	赣			100401		
翘	tɕʰiɛu4	qieu4	qiao4	赣			145000		
翠	tsʰɛi4	cei4	cui4	赣			120000		
翻	fan1	fan1	fan1	赣			220000		
翼	iʔ6	yik6	yi4	赣			126072		
耀	iau4	yau4	yao4	赣			120000		
耀	iɛu4	yeu4	yao4	赣			120000		
老	lɑu3	lau3	lao3	赣			370000		
考	kʰɑu3	kau3	kao3	赣			245000		
者	tsaʔ3	zak3	zhe3	赣			370000		
而	o2	o2	er2	赣			393233		
耍	sua3	sua3	shua3	赣			120000		
耐	lai4	lai4	nai4	赣			120000		
耐	ȵai4	nai4	nai4	赣			120000		
耐	ȵɛi4	nei4	nai4	赣			120000		
耕	kaŋ1	gang1	geng1	赣			100000		
耗	hɑu4	hau4	hao4	赣			128428		
耘	yn2	yun2	yun2	赣			120000		
耙	pa3	ba3	ba4	赣			120000		
耙	pʰa2	pa2	ba4	赣			120000		
耳	ɵ3	o3	er3	赣			120000		
耷	tæʔ6	daek6	da1	赣			70404		
耸	suŋ3	sung3	song3	赣			102928		
耻	tsʰi3	ci3	chi3	赣			120000		
耽	tan1	dan1	dan1	赣			145000		
耿	kiɛn3	gien3	geng3	赣			170000		
聂	ȵiɛp5	niep5	nie4	赣			120000		
聊	liau2	liau2	liao2	赣			155000		
聊	liɛu2	lieu2	liao2	赣			155000		
聋	luŋ1	lung1	long2	赣			120000		
职	tsɨʔ5	zek5	zhi2	赣			120000		
职	tsiʔ6	zik6	zhi2	赣			120000		
联	liɛn2	lien2	lian2	赣			195000		
聘	pʰən4	pen4	pin4	赣			120000		
聚	tɕu4	ju4	ju4	赣			145000		
聚	tɕʰi1	qi1	ju4	赣			145000		
聚	tɕʰu4	qu4	ju4	赣			145000		
聪	tsʰuŋ1	cung1	cong1	赣			120000		
肃	suʔ5	suk5	su4	赣			125000		
肃	ɕiuʔ5	xiuk5	su4	赣			125000		
肆	siʔ4	sik4	si4	赣			120000		
肉	ȵiuʔ5	niuk5	rou4	赣			170000		
肋	lɛt6	let6	le1	赣			120000		
肌	tɕi1	ji1	ji1	赣			120000		
肖	ɕiau1	xiau1	xiao4	赣			108448		
肖	ɕiɛu1	xieu1	xiao4	赣			108448		
肘	tsiu3	ziu3	zhou3	赣			108902		
肚	tu3	du3	du4	赣			120000		
肚	tʰu1	tu1	du4	赣			120000		
肛	koŋ1	gong1	gang1	赣			120000		
肝	kon1	gon1	gan1	赣			120000		
肠	tsʰoŋ2	cong2	chang2	赣			120000		
股	ku3	gu3	gu3	赣			230000		
肢	tsi1	zi1	zhi1	赣			120000		
肢	tsiʔ6	zik6	zhi1	赣			120000		
肤	fu1	fu1	fu1	赣			107042		
肥	fi2	fi2	fei2	赣			145000		
肩	tɕiɛn1	jien1	jian1	赣			120000		
肪	foŋ2	fong2	fang2	赣			100201		
肮	foŋ1	fong1	ang1	赣			120000		
肮	koŋ1	gong1	ang1	赣			120000		
肮	hoŋ1	hong1	ang1	赣			120000		
肯	kʰiɛn3	kien3	ken3	赣			120000		
肯	tɕʰiɛn3	qien3	ken3	赣			120000		
育	iu3	yiu3	yu4	赣			120000		
育	iuʔ6	yuk6	yu4	赣			120000		
肴	iau2	yau2	yao2	赣			107638		
肺	fi4	fi4	fei4	赣			120000		
肾	sən4	sen4	shen4	赣			120000		
肾	sin4	sin4	shen4	赣			120000		
肿	tsuŋ3	zung3	zhong3	赣			120000		
胀	tsoŋ4	zong4	zhang4	赣			145000		
胃	ui4	wui4	wei4	赣			120000		
胆	tan3	dan3	dan3	赣			120000		
胆	taŋ3	dang3	dan3	赣			120000		
背	pɛi1	bei1	bei4	赣			120000		
背	pɛi4	bei4	bei4	赣			120000		
背	pʰɛi1	pei1	bei4	赣			120000		
背	pʰɛi4	pei4	bei4	赣			120000		
胎	tʰɛi1	tei1	tai1	赣			120000		
胖	pʰoŋ4	pong4	pang4	赣			102768		
胚	pʰi1	pi1	pei1	赣			109245		
胜	sən4	sen4	sheng4	赣			179897		
胜	siŋ4	sing4	sheng4	赣			179897		
胞	pɑu1	bau1	bao1	赣			120000		
胡	fu2	fu2	hu2	赣			120000		
胡	u2	wu2	hu2	赣			120000		
胧	luŋ2	lung2	long2	赣			120000		
胯	kʰa4	ka4	kua4	赣			90000		
胯	kʰu4	ku4	kua4	赣			90000		
胰	i2	yi2	yi2	赣			100778		
胳	kaʔ5	gak5	ge1	赣			105342		
胳	koʔ5	gok5	ge1	赣			105342		
胶	kɑu1	gau1	jiao1	赣			120000		
胸	ɕiuŋ1	xiung1	xiong1	赣			120000		
能	lɛn2	len2	neng2	赣			370000		
能	ȵiɛn2	nien2	neng2	赣			370000		
脂	tsi3	zi3	zhi1	赣			120000		
脆	tsʰɛi1	cei1	cui4	赣			120000		
脆	tsʰui4	cui4	cui4	赣			120000		
脉	mai4	mai4	mai4	赣			120000		
脉	mɛʔ5	mek5	mai4	赣			120000		
脊	tɕiaʔ5	jiak5	ji2	赣			120000		
脊	tɕiʔ5	jik5	ji2	赣			120000		
脏	tsʰoŋ4	cong4	zang4	赣			270000		
脏	tsoŋ1	zong1	zang4	赣			270000		
脐	tɕi2	ji2	qi2	赣			120000		
脐	tɕʰi2	qi2	qi2	赣			120000		
脑	lɑu3	lau3	nao3	赣			150000		
脑	ȵɑu3	nau3	nao3	赣			150000		
脓	luŋ2	lung2	nong2	赣			120000		
脓	ȵuŋ2	nung2	nong2	赣			120000		
脖	pot6	bot6	bo2	赣			101087		
脚	tɕiɔʔ5	jiok5	jiao3	赣			120000		
脯	pʰu2	pu2	pu2	赣			105797		
脱	tʰo3	to3	tuo1	赣			170000		
脱	tʰɵʔ5	tok5	tuo1	赣			170000		
脶	lo2	lo2	luo2	赣			30000		
脸	liɛn3	lien3	lian3	赣			145000		
脸	miɛn4	mien4	lian3	赣			145000		
脾	pʰi2	pi2	pi2	赣			120000		
腈	tɕiaŋ1	jiang1	jing1	赣	瘦肉	shou4 rou4	122339		
腊	læʔ5	laek5	la4	赣			120000		
腌	ŋa1	nga1	yan1	赣			90000		
腌	iɛn1	yen1	yan1	赣			90000		
腐	fu3	fu3	fu3	赣			120000		
腔	tɕʰioŋ1	qiong1	qiang1	赣			125000		
腕	uɛn3	wen3	wan4	赣			120000		
腥	ɕiaŋ1	xiang1	xing1	赣			120000		
腮	sɛi1	sei1	sai1	赣			120000		
腰	iau1	yau1	yao1	赣			120000		
腰	iɛu1	yeu1	yao1	赣			120000		
腹	fuʔ5	fuk5	fu4	赣			120000		
腻	ȵi4	ni4	ni4	赣			101065		
腾	tʰɛn2	ten2	teng2	赣			120000		
腾	tʰiɛn2	tien2	teng2	赣			120000		
腿	tʰɛi3	tei3	tui3	赣			125000		
膀	poŋ1	bong1	bang3	赣			120000		
膊	poʔ5	bok5	bo2	赣			120000		
膏	kɑu1	gau1	gao1	赣			120000		
膘	piɛu1	bieu1	biao1	赣			90000		
膛	tʰoŋ2	tong2	tang2	赣			105103		
膜	mɔʔ5	mok5	mo2	赣			120000		
膝	ɕiʔ6	xik6	xi1	赣			120000		
膨	pʰuŋ2	pung2	peng2	赣			100000		
膱	tsɨʔ5	zek5	zhi2	赣			6000		
臂	pit5	bit5	bi4	赣			120000		
臊	sɑu1	sau1	sao1	赣			120000		
臣	tsʰən2	cen2	chen2	赣			100000		
臣	tsʰin2	cin2	chen2	赣			100000		
臣	sin2	sin2	chen2	赣			100000		
自	tsʰi4	ci4	zi4	赣			205000		
自	tsi3	zi3	zi4	赣			205000		
臭	tsʰəu4	ceu4	chou4	赣			165000		
臭	tsʰiu4	ciu4	chou4	赣			165000		
至	tsi4	zi4	zhi4	赣			125000		
致	tsi4	zi4	zhi4	赣			175000		
臻	tsɛn1	zen1	zhen1	赣			90000		
臼	tɕiu4	jiu4	jiu4	赣			107805		
舀	iau3	yau3	yao3	赣	勺取/盛取	shao2 qu3/sheng4 qu3	124785		
舀	iɛu3	yeu3	yao3	赣	勺取/盛取	shao2 qu3/sheng4 qu3	124785		
舅	tɕʰiəu4	qieu4	jiu4	赣			120000		
舅	tɕʰiu4	qiu4	jiu4	赣			120000		
舌	sɛʔ6	sek6	she2	赣			145000		
舌	siɛʔ6	siek6	she2	赣			145000		
舍	sa3	sa3	she3	赣			225000		
舐	siɛ4	sie4	shi4	赣	舔	tian3	124353		
舒	sy1	syu1	shu1	赣			145000		
舒	ɕu1	xu1	shu1	赣			145000		
舓	siɛ4	sie4	shi4	赣	舔	tian3	125439		
舞	u3	wu3	wu3	赣			295000		
舟	tsəu1	zeu1	zhou1	赣			120000		
舟	tsiu1	ziu1	zhou1	赣			120000		
航	hoŋ2	hong2	hang2	赣			120000		
般	pɛn1	ben1	ban1	赣			190000		
舰	kaŋ4	gang4	jian4	赣			120000		
舰	tɕiɛn4	jien4	jian4	赣			120000		
舱	tsʰoŋ1	cong1	cang1	赣			170000		
舵	tʰo1	to1	duo4	赣			120000		
舷	ɕiɛn2	xien2	xian2	赣			170000		
船	tsʰon2	con2	chuan2	赣			30000		
船	son2	son2	chuan2	赣			30000		
艄	sɑu1	sau1	shao1	赣			4775		
艇	tʰən3	ten3	ting3	赣			105341		
艇	tʰiŋ3	ting3	ting3	赣			105341		
艘	siu1	siu1	sou1	赣			101120		
良	lioŋ2	liong2	liang2	赣			145000		
艰	kan1	gan1	jian1	赣			120000		
艰	tɕiɛn1	jien1	jian1	赣			120000		
色	sɛʔ5	sek5	se4	赣			150000		
色	siɛʔ5	siek5	se4	赣			150000		
艳	ȵiɛn4	nien4	yan4	赣			120000		
艳	iɛn4	yen4	yan4	赣			120000		
艺	ȵi4	ni4	yi4	赣			120000		
艾	ŋai1	ngai1	ai4	赣			145000		
节	tɕiɛt5	jiet5	jie2	赣			135000		
芋	li1	li1	yu4	赣			120000		
芋	i4	yi4	yu4	赣			120000		
芍	sɔʔ6	sok6	shao2	赣			75877		
芎	ɕiuŋ1	xiung1	qiong1	赣			90000		
芒	moŋ2	mong2	mang2	赣			120000		
芙	fu2	fu2	fu2	赣			120000		
芜	u2	wu2	wu2	赣			120000		
芝	tsi1	zi1	zhi1	赣			120000		
芥	kai4	gai4	jie4	赣			145000		
芦	lu2	lu2	lu2	赣			120000		
芬	fin1	fin1	fen1	赣			120000		
芭	pa1	ba1	ba1	赣			120000		
芯	ɕin1	xin1	xin1	赣			145000		
花	fa1	fa1	hua1	赣			170000		
芳	foŋ1	fong1	fang1	赣			120000		
芸	yn2	yun2	yun2	赣			90000		
芹	tɕʰin2	qin2	qin2	赣			120000		
芽	ŋa2	nga2	ya2	赣			120000		
苇	uɛi3	wui3	wei3	赣			100630		
苋	han1	han1	xian4	赣			90000		
苍	tsʰoŋ1	cong1	cang1	赣			120000		
苎	tsʰy1	cyu1	zhu4	赣			79468		
苏	su1	su1	su1	赣			145000		
苏	ɕu1	xu1	su1	赣			145000		
苔	hai2	hai2	tai2	赣			120000		
苔	tʰɛi2	tei2	tai2	赣			120000		
苗	miau2	miau2	miao2	赣			120000		
苗	miɛu2	mieu2	miao2	赣			120000		
苛	kʰo1	ko1	ke1	赣			120000		
苞	pɑu1	bau1	bao1	赣			104425		
苟	kiɛu3	gieu3	gou3	赣			120000		
苟	tɕiɛu3	jieu3	gou3	赣			120000		
若	lɔʔ5	lok5	ruo4	赣			225000		
若	ȵo3	no3	ruo4	赣			225000		
苦	kʰu3	ku3	ku3	赣			120000		
苫	siɛn1	sien1	shan1	赣			78436		
苫	siɛn4	sien4	shan1	赣			78436		
英	in1	yin1	ying1	赣			120000		
英	iŋ1	ying1	ying1	赣			120000		
苹	pʰən2	pen2	ping2	赣			160000		
苹	pʰiŋ2	ping2	ping2	赣			160000		
茁	tsʰæt6	caet6	zhuo2	赣			106091		
茁	tɕyt6	jyut6	zhuo2	赣			106091		
茁	tsæt6	zaet6	zhuo2	赣			106091		
茂	mɑu4	mau4	mao4	赣			120000		
茂	mɛu4	meu4	mao4	赣			120000		
范	fan4	fan4	fan4	赣			120000		
茄	tɕʰiɛ2	qie2	jia1	赣			120000		
茄	tɕʰyɵ2	qyuo2	jia1	赣			120000		
茅	mɑu2	mau2	mao2	赣			120000		
茉	mɛt5	met5	mo4	赣			120000		
茎	tɕiɑŋ1	jiang1	jing1	赣			103391		
茎	tɕin1	jin1	jing1	赣			103391		
茎	tɕiŋ1	jing1	jing1	赣			103391		
茧	tɕiɛn3	jien3	jian3	赣			120000		
茫	moŋ2	mong2	mang2	赣			145000		
茬	tsʰa2	ca2	cha2	赣			105784		
茬	tsʰi2	ci2	cha2	赣			105784		
茬	si2	si2	cha2	赣			105784		
茭	kɑu1	gau1	jiao1	赣			90000		
茴	fɛi2	fei2	hui2	赣			115000		
茴	uɛi2	wui2	hui2	赣			115000		
茵	in1	yin1	yin1	赣			108403		
茶	tsʰa2	ca2	cha2	赣			120000		
茸	luŋ2	lung2	rong1	赣			120000		
茸	yŋ2	yung2	rong1	赣			120000		
荀	ɕyn2	xyun2	xun2	赣			71805		
荆	tɕin1	jin1	jing1	赣			120000		
草	tsʰɑu3	cau3	cao3	赣			120000		
荐	kan4	gan4	jian4	赣			125000		
荐	tɕiɛn4	jien4	jian4	赣			125000		
荒	foŋ1	fong1	huang1	赣			120000		
荔	li4	li4	li4	赣			145000		
荚	kæp6	gaep6	jia2	赣			73090		
荚	tɕiɛʔ6	jiek6	jia2	赣			73090		
荞	tɕʰiau2	qiau2	qiao2	赣			90000		
荞	tɕʰiɛu2	qieu2	qiao2	赣			90000		
荠	tɕi4	ji4	ji4	赣			73570		
荠	tɕʰi2	qi2	ji4	赣			73570		
荡	toŋ4	dong4	dang4	赣			120000		
荡	tʰoŋ4	tong4	dang4	赣			120000		
荣	luŋ2	lung2	rong2	赣			120000		
荣	ȵuŋ2	nung2	rong2	赣			120000		
荣	iuŋ2	yung2	rong2	赣			120000		
荤	fən1	fen1	hun1	赣			120000		
荤	fin1	fin1	hun1	赣			120000		
荧	iɑŋ2	yang2	ying2	赣			106570		
药	iɔʔ5	yok5	yao4	赣			120000		
荷	ho2	ho2	he2	赣			120000		
荸	pʰot6	pot6	bi2	赣			72058		
莉	li4	li4	li4	赣			120000		
莝	tsʰo4	co4	cuo4	赣			11430		
莫	mɔʔ6	mok6	mo4	赣	不要/不/别	bu2 yao4/bu4/bie2	124512		
莱	lɛi2	lei2	lai2	赣			104101		
莲	liɛn2	lien2	lian2	赣			120000		
莴	uo1	wo1	wo1	赣			6000		
获	fɛʔ6	fek6	huo4	赣			120000		
获	foʔ6	fok6	huo4	赣			120000		
莹	in2	yin2	ying2	赣			104455		
莺	in1	yin1	ying1	赣			120000		
莽	moŋ3	mong3	mang3	赣			125000		
菇	ku1	gu1	gu1	赣			120000		
菊	tɕiuʔ5	jiuk5	ju2	赣			120000		
菌	tɕin3	jin3	jun1	赣			100933		
菌	tɕuɛn1	jun1	jun1	赣			100933		
菖	tsʰoŋ1	cong1	chang1	赣			90000		
菜	tsʰɛi4	cei4	cai4	赣			225000		
菠	po1	bo1	bo1	赣			120000		
菢	pʰɑu1	pau1	bao4	赣			6000		
菩	pʰu2	pu2	pu2	赣			145000		
菱	lən2	len2	ling2	赣			120000		
菱	lin2	lin2	ling2	赣			120000		
菲	fi1	fi1	fei1	赣			100360		
萄	tʰɑu2	tau2	tao2	赣			120000		
萌	muŋ2	mung2	meng2	赣			135860		
萍	pʰən2	pen2	ping2	赣			130000		
萍	pʰiŋ2	ping2	ping2	赣			130000		
萎	uɛi3	wui3	wei1	赣			120000		
萝	lo2	lo2	luo2	赣			120000		
萤	in2	yin2	ying2	赣			120000		
营	iŋ2	ying2	ying2	赣			120000		
营	iuŋ2	yung2	ying2	赣			120000		
萦	iaŋ1	yang1	ying2	赣			20000		
萧	ɕiau1	xiau1	xiao1	赣			120000		
萧	ɕiɛu1	xieu1	xiao1	赣			120000		
萨	sæt5	saet5	sa4	赣			125000		
落	lai2	lai2	luo4	赣			190000		
落	lɔʔ6	lok6	luo4	赣			190000		
著	tsuʔ5	zuk5	zhu4	赣			120000		
葛	kɵt5	got5	ge2	赣			120000		
葛	kʰot6	kot6	ge2	赣			120000		
葡	pʰu2	pu2	pu2	赣			120000		
董	tuŋ3	dung3	dong3	赣			120000		
董	kuŋ3	gung3	dong3	赣			120000		
葫	fu2	fu2	hu2	赣			120000		
葬	tsʰoŋ4	cong4	zang4	赣			120000		
葬	tsoŋ4	zong4	zang4	赣			120000		
葱	tsʰuŋ1	cung1	cong1	赣			120000		
葵	kʰui2	kui2	kui2	赣			120000		
蒂	ti4	di4	di4	赣			120000		
蒋	tɕioŋ3	jiong3	jiang3	赣			145000		
蒙	muŋ1	mung1	meng2	赣			120000		
蒙	muŋ2	mung2	meng2	赣			120000		
蒜	son4	son4	suan4	赣			120000		
蒲	pʰu2	pu2	pu2	赣			120000		
蒸	tsən1	zen1	zheng1	赣			120000		
蒸	tsin1	zin1	zheng1	赣			120000		
蒿	hɑu1	hau1	hao1	赣			77397		
蓄	tsʰuʔ5	cuk5	xu4	赣			120000		
蓄	tɕʰiuʔ5	qiuk5	xu4	赣			120000		
蓉	iuŋ2	yung2	rong2	赣			120000		
蓑	so1	so1	suo1	赣			95000		
蓖	pʰi4	pi4	bi4	赣			90000		
蓝	lan2	lan2	lan2	赣			120000		
蓬	pʰuŋ2	pung2	peng2	赣			120000		
蔑	miɛt5	miet5	mie4	赣			120000		
蔡	tsʰai4	cai4	cai4	赣			120000		
蔫	ȵiɛn1	nien1	nian1	赣			90000		
蔬	su1	su1	shu1	赣			120000		
蔬	ɕu1	xu1	shu1	赣			120000		
蔸	tɛu1	deu1	dou1	赣			60000		
蔽	piʔ6	bik6	bi4	赣			132930		
蕉	tɕiau1	jiau1	jiao1	赣			120000		
蕉	tɕiɛu1	jieu1	jiao1	赣			120000		
蕹	ŋ4	ng4	weng4	赣			60000		
蕻	fuŋ2	fung2	hong2	赣			74826		
薄	pʰɔʔ6	pok6	bao2	赣			120000		
薇	ui1	wui1	wei1	赣			145000		
薛	ɕyɵʔ5	xyuok5	xue1	赣			120000		
薪	ɕin1	xin1	xin1	赣			220000		
薯	sy2	syu2	shu3	赣			120000		
薯	ɕu2	xu2	shu3	赣			120000		
薰	syn1	syun1	xun1	赣			73178		
藏	tsʰoŋ2	cong2	cang2	赣			145000		
藏	tsoŋ4	zong4	cang2	赣			145000		
藕	ŋiɛu3	ngieu3	ou3	赣			145000		
藠	tɕʰiɛu4	qieu4	jiao4	赣			6000		
藤	tʰɛn2	ten2	teng2	赣			120000		
藩	fan1	fan1	fan1	赣			90000		
藿	fɔʔ6	fok6	huo4	赣			90000		
蘸	tsan4	zan4	zhan4	赣			90000		
虎	fu3	fu3	hu3	赣			120000		
虏	lu3	lu3	lu3	赣			109271		
虐	ȵiɔʔ5	niok5	nve4	赣			120000		
虐	ȵuɛt6	nuet6	nve4	赣			120000		
虑	li1	li1	lv4	赣			126565		
虑	lyt5	lyut5	lv4	赣			126565		
虚	ɕi1	xi1	xu1	赣			120000		
虚	ɕu1	xu1	xu1	赣			120000		
虫	tsʰuŋ2	cung2	chong2	赣			145000		
虮	tɕi3	ji3	ji3	赣			90000		
虱	sɛʔ5	sek5	shi1	赣			90000		
虱	siɛt5	siet5	shi1	赣			90000		
虹	fuŋ2	fung2	hong2	赣			145000		
虹	koŋ4	gong4	hong2	赣			145000		
虽	ɕi1	xi1	sui1	赣			120000		
虾	ha1	ha1	xia1	赣			170000		
虾	xa1	xa1	xia1	赣			170000		
虾	xa2	xa2	xia1	赣			170000		
蚀	siʔ6	sik6	shi2	赣			120000		
蚁	ȵi3	ni3	yi3	赣			120000		
蚁	ȵiɛn3	nien3	yi3	赣			120000		
蚁	i3	yi3	yi3	赣			120000		
蚂	ma3	ma3	ma3	赣			120000		
蚊	mən2	men2	wen2	赣			120000		
蚊	min2	min2	wen2	赣			120000		
蚊	uɛn2	win2	wen2	赣			120000		
蚌	pʰoŋ4	pong4	bang4	赣			120000		
蚓	ȵin3	nin3	yin3	赣			102301		
蚓	in3	yin3	yin3	赣			102301		
蚕	tsʰan2	can2	can2	赣			120000		
蚕	tsʰon2	con2	can2	赣			120000		
蚜	ŋa2	nga2	ya2	赣			79178		
蚣	kuŋ1	gung1	gong1	赣			120000		
蚤	tsɑu3	zau3	zao3	赣			120000		
蚪	təu3	deu3	dou3	赣			104925		
蚯	tɕʰiu1	qiu1	qiu1	赣			100554		
蛀	tsu4	zu4	zhu4	赣			145000		
蛆	tɕʰi1	qi1	qu1	赣			90000		
蛇	sa2	sa2	she2	赣			120000		
蛉	liɑŋ2	liang2	ling2	赣			72094		
蛋	tʰan1	tan1	dan4	赣			120000		
蛔	fɛi2	fei2	hui2	赣			90000		
蛙	ua1	wa1	wa1	赣			120000		
蛛	tɕu1	ju1	zhu1	赣			120000		
蛛	su2	su2	zhu1	赣			120000		
蛛	tsyʔ6	zyuk6	zhu1	赣			120000		
蛤	kɵʔ5	gok5	ha2	赣			145000		
蛮	man2	man2	man2	赣			370000		
蛰	tsɨʔ6	zek6	zhe2	赣			74679		
蛾	ŋo2	ngo2	e2	赣			120000		
蜂	fuŋ1	fung1	feng1	赣			120000		
蜈	u2	wu2	wu2	赣			120000		
蜓	tʰiŋ2	ting2	ting2	赣			120000		
蜘	tsi1	zi1	zhi1	赣			101174		
蜜	mɨʔ6	mek6	mi4	赣			120000		
蜜	mit6	mit6	mi4	赣			120000		
蜡	læt5	laet5	la4	赣			120000		
蜻	tɕʰiɑŋ1	qiang1	qing1	赣			120000		
蝇	ȵin2	nin2	ying2	赣			120000		
蝇	in2	yin2	ying2	赣			120000		
蝌	kʰo1	ko1	ke1	赣			100984		
蝗	foŋ2	fong2	huang2	赣			120000		
蝴	fu2	fu2	hu2	赣			120000		
蝶	tiɛ2	die2	die2	赣			120000		
蝶	tʰiɛʔ6	tiek6	die2	赣			120000		
螃	pʰoŋ2	pong2	pang2	赣			120000		
融	luŋ2	lung2	rong2	赣			120000		
融	ȵiuŋ2	niung2	rong2	赣			120000		
螺	lo2	lo2	luo2	赣			145000		
蟁	min2	min2	wen2	赣	蚊子	wen2 zi5	122406		
蟆	ma2	ma2	ma2	赣			120000		
蟒	moŋ3	mong3	mang3	赣			90000		
蟥	uoŋ2	wong2	huang2	赣			90000		
蠢	tsʰyn3	cyun3	chun3	赣			120000		
血	ɕuɛt5	xuet5	xue4	赣			170000		
血	ɕyɵʔ5	xyuok5	xue4	赣			170000		
衁	uoŋ4	wong4	huang1	赣	凝固的动物血块	ning2 gu4 de5 dong4 wu4 xue4 kuai4	124071		
行	hɛn2	hen2	xing2	赣			270000		
行	hoŋ2	hong2	xing2	赣			270000		
行	ɕin2	xin2	xing2	赣			270000		
衔	han2	han2	xian2	赣			150000		
衔	haŋ2	hang2	xian2	赣			150000		
衔	ɕiɛn2	xien2	xian2	赣			150000		
街	kai1	gai1	jie1	赣			145000		
衙	ŋa2	nga2	ya2	赣			120000		
衡	hɛn2	hen2	heng2	赣			30000		
衡	hiɛn2	hien2	heng2	赣			30000		
衣	i1	yi1	yi1	赣			120000		
补	pu3	bu3	bu3	赣			350000		
表	piau3	biau3	biao3	赣			180000		
表	piɛu3	bieu3	biao3	赣			180000		
衩	tsʰa3	ca3	cha3	赣			76254		
衩	tsʰai3	cai3	cha3	赣			76254		
衫	san1	san1	shan1	赣			120000		
衬	tsʰɛn4	cen4	chen4	赣			120000		
衬	tsʰin4	cin4	chen4	赣			120000		
衬	tsʰuɛn4	cun4	chen4	赣			120000		
衰	ŋɛi1	ngei1	shuai1	赣			120000		
衰	sɛi1	sei1	shuai1	赣			120000		
衷	tsuŋ1	zung1	zhong1	赣			120000		
袁	ȵyon2	nyuon2	yuan2	赣			120000		
袁	yon2	yon2	yuan2	赣			120000		
袁	yon2	yuon2	yuan2	赣			120000		
袄	ŋɑu3	ngau3	ao3	赣			120000		
袋	tʰɛi1	tei1	dai4	赣			120000		
袍	pʰɑu2	pau2	pao2	赣			120000		
袒	tʰiɛn3	tien3	tan3	赣			73014		
袖	tɕʰiəu4	qieu4	xiu4	赣			100000		
袖	tɕʰiu1	qiu1	xiu4	赣			100000		
袖	tɕʰiuʔ6	qiuk6	xiu4	赣			100000		
袜	uæt5	waet5	wa4	赣			120000		
被	pi4	bi4	bei4	赣			406300		
被	pʰi4	pi4	bei4	赣			406300		
袭	ɕip6	xip6	xi2	赣			101876		
袱	fuʔ6	fuk6	fu2	赣			120000		
裁	tsʰɛi2	cei2	cai2	赣			120000		
裂	liɛt6	liet6	lie4	赣			120000		
装	tsoŋ1	zong1	zhuang1	赣			123600		
裆	toŋ1	dong1	dang1	赣			90000		
裕	ȵi4	ni4	yu4	赣			120000		
裕	y4	yu4	yu4	赣			120000		
裙	tsʰyn2	cyun2	qun2	赣			120000		
裙	tɕʰin2	qin2	qun2	赣			120000		
裙	tɕʰuɛn2	qun2	qun2	赣			120000		
裤	kʰu4	ku4	ku4	赣			120000		
裱	piɛu3	bieu3	biao3	赣			90000		
裳	soŋ2	song2	shang5	赣			120000		
裴	pʰɛi2	pei2	pei2	赣			90000		
裹	kuo3	guo3	guo3	赣			120000		
褂	kua4	gua4	gua4	赣			120000		
褪	tʰɛi4	tei4	tui4	赣			109938		
褯	tɕʰia4	qia4	jie4	赣			5000		
襄	ɕioŋ1	xiong1	xiang1	赣			90000		
襻	pʰan4	pan4	pan4	赣			90000		
西	ɕi1	xi1	xi1	赣			120000		
要	iɛu1	yeu1	yao4	赣			406581		
要	iɛu4	yeu4	yao4	赣			406581		
覆	fuʔ5	fuk5	fu4	赣			120000		
见	tɕiɛn4	jien4	jian4	赣			245000		
观	kuɛn1	gun1	guan1	赣			145000		
观	kuɛn4	gun4	guan1	赣			145000		
观	kuon1	guon1	guan1	赣			145000		
规	kui1	gui1	gui1	赣			145000		
规	kʰuɛi1	kui1	gui1	赣			145000		
觅	miʔ6	mik6	mi4	赣			100742		
视	si4	si4	shi4	赣			145000		
览	lan3	lan3	lan3	赣			120000		
览	lən3	len3	lan3	赣			120000		
觉	kɑu4	gau4	jue2	赣			180000		
觉	kɔʔ5	gok5	jue2	赣			180000		
角	kɔʔ5	gok5	jiao3	赣			145000		
角	tɕiɔʔ5	jiok5	jiao3	赣			145000		
觘	tsʰɑu1	cau1	chao4	赣			120000		
解	kai3	gai3	jie3	赣			170000		
触	tsʰuʔ5	cuk5	chu4	赣			120000		
言	ȵiɛn2	nien2	yan2	赣			55000		
言	iɛn2	yen2	yan2	赣			55000		
詹	tsɛn1	zen1	zhan1	赣			90000		
誉	ȵi4	ni4	yu4	赣			120000		
誉	y4	yu4	yu4	赣			120000		
誊	tʰɛn2	ten2	teng2	赣			120000		
誓	si4	si4	shi4	赣			120000		
警	tɕiaŋ3	jiang3	jing3	赣			120000		
警	tɕin3	jin3	jing3	赣			120000		
计	ki4	gi4	ji4	赣			200000		
计	tɕi4	ji4	ji4	赣			200000		
订	tən4	den4	ding4	赣			100000		
订	tiɑŋ4	diang4	ding4	赣			100000		
订	tʰiŋ4	ting4	ding4	赣			100000		
认	ȵin4	nin4	ren4	赣			170000		
讥	tɕi1	ji1	ji1	赣			120000		
讨	tʰɑu3	tau3	tao3	赣			120000		
让	loŋ4	long4	rang4	赣			370000		
让	ȵioŋ4	niong4	rang4	赣			370000		
训	ɕuɛn4	xun4	xun4	赣			120000		
议	ȵi1	ni1	yi4	赣			120000		
讯	ɕin4	xin4	xun4	赣			106006		
讯	ɕuɛn4	xun4	xun4	赣			106006		
记	tɕi4	ji4	ji4	赣			163850		
讲	koŋ3	gong3	jiang3	赣			175000		
讳	fɛi4	fei4	hui4	赣			108601		
讳	uɛi4	wui4	hui4	赣			108601		
讶	ŋaʔ5	ngak5	ya4	赣			108927		
许	ɛ1	e1	xu3	赣			124082		
许	ɛi1	ei1	xu3	赣			124082		
许	hɛi3	hei3	xu3	赣			124082		
许	ɕi3	xi3	xu3	赣			124082		
许	ɕu3	xu3	xu3	赣			124082		
讹	ŋo2	ngo2	e2	赣			120000		
论	lun4	lun4	lun4	赣			120000		
讼	suŋ4	sung4	song4	赣			131654		
讽	fuŋ3	fung3	feng3	赣			105298		
设	sa4	sa4	she4	赣			120000		
设	siɛt5	siet5	she4	赣			120000		
访	foŋ3	fong3	fang3	赣			120000		
诀	tɕyɵʔ5	jyuok5	jue2	赣			125000		
诀	tɕʰuɛʔ6	quek6	jue2	赣			125000		
证	tsən4	zen4	zheng4	赣			170000		
证	tsiŋ4	zing4	zheng4	赣			170000		
评	pʰən2	pen2	ping2	赣			150000		
评	pʰiŋ2	ping2	ping2	赣			150000		
诅	tɕu3	ju3	zu3	赣			73072		
诅	tsu3	zu3	zu3	赣			73072		
识	sɨʔ6	sek6	shi2	赣			120000		
识	siʔ6	sik6	shi2	赣			120000		
诈	tsa4	za4	zha4	赣			120000		
诉	suʔ4	suk4	su4	赣			120000		
诊	tsən3	zen3	zhen3	赣			108221		
诊	tsin3	zin3	zhen3	赣			108221		
词	tsʰi2	ci2	ci2	赣			380000		
译	iʔ6	yik6	yi4	赣			125000		
试	si4	si4	shi4	赣			220000		
试	siʔ4	sik4	shi4	赣			220000		
诗	si1	si1	shi1	赣			120000		
诚	tsʰən2	cen2	cheng2	赣			120000		
诚	tsʰiŋ2	cing2	cheng2	赣			120000		
话	fa1	fa1	hua4	赣			410000		
话	ua1	wa1	hua4	赣			410000		
诞	tʰan4	tan4	dan4	赣			104129		
诡	kui3	gui3	gui3	赣			120000		
询	ɕuɛn2	xun2	xun2	赣			103310		
该	kɛ1	ge1	gai1	赣			350000		
该	kɛi1	gei1	gai1	赣			350000		
详	ɕioŋ2	xiong2	xiang2	赣			120000		
诫	kai4	gai4	jie4	赣			102865		
诬	u1	wu1	wu1	赣			120000		
语	ȵi3	ni3	yu3	赣			410000		
误	u4	wu4	wu4	赣			160000		
诱	iəu4	yeu4	you4	赣			100343		
诱	iu4	yiu4	you4	赣			100343		
诲	fɛi4	fei4	hui4	赣			101141		
诲	fi4	fi4	hui4	赣			101141		
说	sɵt5	sot5	shuo1	赣			469817		
诵	suŋ4	sung4	song4	赣			120000		
请	tɕʰiaŋ3	qiang3	qing3	赣			370000		
请	tɕʰin3	qin3	qing3	赣			370000		
诸	tsy1	zyu1	zhu1	赣			145000		
诺	loʔ6	lok6	nuo4	赣			104414		
诺	ȵoʔ6	nok6	nuo4	赣			104414		
读	tʰuʔ6	tuk6	du2	赣			370000		
诽	fi3	fi3	fei3	赣			109515		
课	kʰo4	ko4	ke4	赣			120000		
谁	hɛi2	hei2	shui2	赣			120000		
谁	suɛi2	sui2	shui2	赣			120000		
调	tiau4	diau4	diao4	赣			370000		
调	tiɛu4	dieu4	diao4	赣			370000		
调	tʰiau2	tiau2	diao4	赣			370000		
调	tʰiɛu2	tieu2	diao4	赣			370000		
调	tʰiɛu4	tieu4	diao4	赣			370000		
谅	lioŋ4	liong4	liang4	赣			120000		
谆	tsuɛn1	zun1	zhun1	赣			108269		
谈	tʰam2	tam2	tan2	赣			255000		
谈	tʰan2	tan2	tan2	赣			255000		
谊	ȵi2	ni2	yi4	赣			101764		
谊	i2	yi2	yi4	赣			101764		
谋	mɛu2	meu2	mou2	赣			120000		
谍	tʰiɛʔ6	tiek6	die2	赣			120000		
谎	foŋ3	fong3	huang3	赣			120000		
谓	ui4	wui4	wei4	赣			120000		
谚	iɛn4	yen4	yan4	赣			101345		
谜	mi4	mi4	mi2	赣			145000		
谢	ɕia4	xia4	xie4	赣			170000		
谢	ɕiɛ4	xie4	xie4	赣			170000		
谣	ȵiau2	niau2	yao2	赣			120000		
谣	iau2	yau2	yao2	赣			120000		
谣	iɛu2	yeu2	yao2	赣			120000		
谦	tɕʰiɛn1	qien1	qian1	赣			120000		
谨	tɕin3	jin3	jin3	赣			120000		
谨	tɕʰin3	qin3	jin3	赣			120000		
谭	tʰan2	tan2	tan2	赣			120000		
谱	pʰu3	pu3	pu3	赣			120000		
谷	kuʔ5	guk5	gu3	赣			170000		
豆	tʰɛu1	teu1	dou4	赣			120000		
豇	koŋ1	gong1	jiang1	赣			75843		
豚	tʰun1	tun1	tun2	赣			125000		
象	ɕioŋ4	xiong4	xiang4	赣			120000		
豪	hɑu2	hau2	hao2	赣			120000		
豹	pɑu4	bau4	bao4	赣			120000		
豺	tsʰai2	cai2	chai2	赣			120000		
豺	tsʰɛi2	cei2	chai2	赣			120000		
貂	tiɛu1	dieu1	diao1	赣			95000		
貌	mɑu4	mau4	mao4	赣			120000		
賸	iɑŋ4	yang4	sheng4	赣	剩/多余	sheng4/duo1 yu2	127616		
賸	in4	yin4	sheng4	赣	剩/多余	sheng4/duo1 yu2	127616		
贝	pi4	bi4	bei4	赣			120000		
贝	pʰɛi4	pei4	bei4	赣			120000		
贞	tsən1	zen1	zhen1	赣			120000		
贞	tsiŋ1	zing1	zhen1	赣			120000		
负	fu4	fu4	fu4	赣			250000		
贡	kuŋ4	gung4	gong4	赣			120000		
财	tsʰɛi2	cei2	cai2	赣			145000		
责	tsɛʔ5	zek5	ze2	赣			120000		
责	tsiɛʔ5	ziek5	ze2	赣			120000		
贤	hiɛn2	hien2	xian2	赣			120000		
贤	ɕiɛn2	xien2	xian2	赣			120000		
败	pai4	bai4	bai4	赣			120000		
败	pʰai1	pai1	bai4	赣			120000		
账	tsoŋ4	zong4	zhang4	赣			120000		
货	fo4	fo4	huo4	赣			120000		
质	tsɨʔ5	zek5	zhi4	赣			177000		
质	tsit5	zit5	zhi4	赣			177000		
贩	pan3	ban3	fan4	赣			120000		
贩	fan4	fan4	fan4	赣			120000		
贪	tʰam1	tam1	tan1	赣			120000		
贪	tʰan1	tan1	tan1	赣			120000		
贪	tʰon1	ton1	tan1	赣			120000		
贫	pʰən2	pen2	pin2	赣			120000		
贫	pʰin2	pin2	pin2	赣			120000		
贬	pian3	bian3	bian3	赣			120000		
贬	piɛn3	bien3	bian3	赣			120000		
购	kiau4	giau4	gou4	赣			120000		
购	kiɛu4	gieu4	gou4	赣			120000		
购	tɕiau4	jiau4	gou4	赣			120000		
贮	tɕu4	ju4	zhu4	赣			120000		
贯	kuan4	guan4	guan4	赣			120000		
贯	kuon4	guon4	guan4	赣			120000		
贰	o4	o4	er4	赣			120000		
贱	tɕʰiɛn4	qien4	jian4	赣			120000		
贴	tʰiɛp5	tiep5	tie1	赣			120000		
贵	kui4	gui4	gui4	赣			125000		
贷	tʰɛi4	tei4	dai4	赣			120000		
贸	mɛu4	meu4	mao4	赣			120000		
贸	miau4	miau4	mao4	赣			120000		
费	fi4	fi4	fei4	赣			170000		
贺	ho4	ho4	he4	赣			120000		
贺	hɔʔ6	hok6	he4	赣			120000		
贼	tsʰɛʔ6	cek6	zei2	赣			134902		
贼	tsʰiɛʔ6	ciek6	zei2	赣			134902		
贾	ka3	ga3	jia3	赣			120000		
贿	fɛi4	fei4	hui4	赣			102979		
赁	lən4	len4	lin4	赣			101509		
赂	lu4	lu4	lu4	赣			106773		
赃	tsoŋ1	zong1	zang1	赣			120000		
资	tsi1	zi1	zi1	赣			120000		
赊	sa1	sa1	she1	赣			90000		
赌	tu3	du3	du3	赣			120000		
赎	suʔ6	suk6	shu2	赣			145000		
赏	soŋ3	song3	shang3	赣			120000		
赔	pʰɛi2	pei2	pei2	赣			120000		
赖	lai4	lai4	lai4	赣			170000		
赚	tsʰan4	can4	zhuan4	赣			150000		
赛	sai4	sai4	sai4	赣			120000		
赛	sɛi4	sei4	sai4	赣			120000		
赞	tsiɛn4	zien4	zan4	赣			125000		
赠	tsiŋ4	zing4	zeng4	赣			120000		
赢	iaŋ2	yang2	ying2	赣			135602		
赣	kon4	gon4	gan4	赣			410000		
赤	tsʰaʔ5	cak5	chi4	赣			120000		
赦	sa4	sa4	she4	赣			120000		
走	tsɛu3	zeu3	zou3	赣			330000		
赴	fuʔ6	fuk6	fu4	赣			120000		
赵	tsʰɛu4	ceu4	zhao4	赣			145000		
赵	tsəu4	zeu4	zhao4	赣			145000		
赶	kon3	gon3	gan3	赣			120000		
起	tɕʰi3	qi3	qi3	赣			170000		
趁	tsʰən4	cen4	chen4	赣			120000		
趁	tsʰiŋ4	cing4	chen4	赣			120000		
超	tsʰɛu1	ceu1	chao1	赣			120000		
越	ȵuɛt6	nuet6	yue4	赣			230000		
越	yet5	yuet5	yue4	赣			230000		
越	yɵʔ5	yuok5	yue4	赣			230000		
趋	tɕʰuʔ6	quk6	qu1	赣			106253		
趟	tʰoŋ3	tong3	tang4	赣			120000		
趣	tɕʰi4	qi4	qu4	赣			120000		
趣	tɕʰu4	qu4	qu4	赣			120000		
足	tɕiuʔ6	jiuk6	zu2	赣			180000		
足	tsuʔ6	zuk6	zu2	赣			180000		
趴	pʰaʔ5	pak5	pa1	赣			170000		
趼	tɕiɛn3	jien3	jian3	赣			30000		
趾	tsi3	zi3	zhi3	赣			104564		
趿	tʰæʔ5	taek5	ta1	赣			90000		
跃	ȵuɛt6	nuet6	yue4	赣			107988		
跌	tiɛt5	diet5	die1	赣			180000		
跍	kʰu2	ku2	ku1	赣	蹲	dun1	124818		
跑	pʰɑu3	pau3	pao3	赣			370000		
距	tɕi4	ji4	ju4	赣			120000		
距	tɕu4	ju4	ju4	赣			120000		
跟	kiɛn1	gien1	gen1	赣			370000		
跟	tɕiɛn1	jien1	gen1	赣			370000		
跤	kɑu1	gau1	jiao1	赣			120000		
跨	kʰa2	ka2	kua4	赣			200000		
跪	kʰui3	kui3	gui4	赣			120000		
路	lu1	lu1	lu4	赣			155000		
跳	tʰiɛu4	tieu4	tiao4	赣			255000		
践	tɕiɛn4	jien4	jian4	赣			120000		
践	tɕʰiɛn3	qien3	jian4	赣			120000		
跶	tʰæʔ5	taek5	da2	赣			73876		
踏	tʰæʔ5	taek5	ta4	赣			120000		
踢	tʰɨʔ5	tek5	ti1	赣			170000		
踢	tʰiʔ5	tik5	ti1	赣			170000		
踩	tsʰɛi3	cei3	cai3	赣			120000		
踪	tsuŋ1	zung1	zong1	赣			120000		
踭	tsaŋ1	zang1	zheng1	赣			123505		
蹄	tʰi2	ti2	ti2	赣			120000		
蹅	tsʰa2	ca2	cha3	赣	踩/踏/踹	cai3/ta4/chuai4	125509		
蹈	tʰɑu3	tau3	dao3	赣			100508		
蹋	tʰæʔ5	taek5	ta4	赣			120000		
蹦	puŋ4	bung4	beng4	赣			145000		
蹬	tɛn1	den1	deng1	赣			145000		
蹲	tuɛn1	dun1	dun1	赣			145000		
躁	tsɑu1	zau1	zao4	赣			120000		
身	sən1	sen1	shen1	赣			120000		
身	sin1	sin1	shen1	赣			120000		
躬	kuŋ1	gung1	gong1	赣			145000		
躲	to3	do3	duo3	赣			153256		
躺	tʰoŋ3	tong3	tang3	赣			120000		
车	tsʰa1	ca1	che1	赣			30000		
车	tɕi1	ji1	che1	赣			30000		
轧	kat2	gat2	ya4	赣			120000		
轧	tsat2	zat2	ya4	赣			120000		
轨	kuɛi3	gui3	gui3	赣			120000		
轩	ɕyon1	xyuon1	xuan1	赣			145000		
转	tson3	zon3	zhuan3	赣			377986		
转	tson4	zon4	zhuan3	赣			377986		
转	tsuon4	zuon4	zhuan3	赣			377986		
轭	uaʔ5	wak5	e4	赣			5868		
轮	lun2	lun2	lun2	赣			190000		
软	ȵyon3	nyuon3	ruan3	赣			120000		
轰	fuŋ1	fung1	hong1	赣			120000		
轴	tsʰuʔ6	cuk6	zhou2	赣			120000		
轴	tsiu2	ziu2	zhou2	赣			120000		
轻	tɕʰiaŋ1	qiang1	qing1	赣			145000		
轻	tɕʰin1	qin1	qing1	赣			145000		
载	tsai3	zai3	zai4	赣			120000		
载	tsɛi3	zei3	zai4	赣			120000		
轿	kɑu4	gau4	jiao4	赣			120000		
轿	tɕiau4	jiau4	jiao4	赣			120000		
轿	tɕʰiau4	qiau4	jiao4	赣			120000		
轿	tɕʰiɛu4	qieu4	jiao4	赣			120000		
较	kɑu4	gau4	jiao4	赣			205000		
辅	fu3	fu3	fu3	赣			108378		
辅	pʰu3	pu3	fu3	赣			108378		
辆	lioŋ4	liong4	liang4	赣			104506		
辈	pɛi4	bei4	bei4	赣			145000		
辈	pʰɛi4	pei4	bei4	赣			145000		
辉	fi1	fi1	hui1	赣			145000		
输	sy1	syu1	shu1	赣			200000		
输	ɕu1	xu1	shu1	赣			200000		
辛	ɕin1	xin1	xin1	赣			145000		
辜	ku1	gu1	gu1	赣			120000		
辞	tsʰi2	ci2	ci2	赣			120000		
辟	piaʔ5	biak5	pi4	赣			120000		
辟	pʰi4	pi4	pi4	赣			120000		
辟	pʰiʔ5	pik5	pi4	赣			120000		
辣	læʔ6	laek6	la4	赣			120000		
辨	pʰiɛn4	pien4	bian4	赣			145000		
辩	pʰiɛn4	pien4	bian4	赣			120000		
辫	pʰiɛn4	pien4	bian4	赣			120000		
辰	tsʰin2	cin2	chen2	赣			124678		
辰	sən2	sen2	chen2	赣			124678		
辰	sin2	sin2	chen2	赣			124678		
辱	luʔ5	luk5	ru3	赣			120000		
边	piɛn1	bien1	bian1	赣			175000		
辽	liau2	liau2	liao2	赣			145000		
辽	liɛu2	lieu2	liao2	赣			145000		
达	tæt6	daet6	da2	赣			175000		
达	tʰæʔ6	taek6	da2	赣			175000		
迁	tɕʰiɛn1	qien1	qian1	赣			120000		
迂	ȵi2	ni2	yu1	赣			120000		
迂	i2	yi2	yu1	赣			120000		
迂	y2	yu2	yu1	赣			120000		
迄	tɕʰi4	qi4	qi4	赣			120000		
迅	ɕin4	xin4	xun4	赣			106647		
迅	ɕuɛn4	xun4	xun4	赣			106647		
过	kuo4	guo4	guo4	赣			370000		
迈	mai4	mai4	mai4	赣			120000		
迈	maʔ6	mak6	mai4	赣			120000		
迎	ȵiŋ2	ning2	ying2	赣			136501		
迎	in2	yin2	ying2	赣			136501		
迎	iŋ2	ying2	ying2	赣			136501		
运	yn1	yun1	yun4	赣			135000		
近	tɕʰin4	qin4	jin4	赣			145000		
返	fan3	fan3	fan3	赣			120000		
还	hai2	hai2	hai2	赣			407058		
还	uan2	wan2	hai2	赣			407058		
这	kɛi1	gei1	zhe4	赣			498316		
这	ko1	go1	zhe4	赣			498316		
这	tsa2	za2	zhe4	赣			498316		
进	tɕin4	jin4	jin4	赣			150000		
远	ȵyon3	nyuon3	yuan3	赣			370000		
远	yon3	yon3	yuan3	赣			370000		
远	yon3	yuon3	yuan3	赣			370000		
违	ui2	wui2	wei2	赣			120000		
连	lian2	lian2	lian2	赣			280000		
连	liɛn2	lien2	lian2	赣			280000		
迟	tsʰi2	ci2	chi2	赣			120000		
迫	pʰɛʔ5	pek5	po4	赣			120000		
迫	pʰo4	po4	po4	赣			120000		
迷	mi2	mi2	mi2	赣			145000		
迹	tɕiaʔ5	jiak5	ji4	赣			120000		
迹	tɕiʔ5	jik5	ji4	赣			120000		
追	tɕu1	ju1	zhui1	赣			145000		
追	tsy1	zyu1	zhui1	赣			145000		
退	tʰɛi4	tei4	tui4	赣			370000		
送	suŋ4	sung4	song4	赣			195000		
适	sɨʔ5	sek5	shi4	赣			120000		
适	siʔ6	sik6	shi4	赣			120000		
逃	tʰɑu2	tau2	tao2	赣			120000		
逆	ŋiaʔ6	ngiak6	ni4	赣			100000		
逆	ŋiɛʔ6	ngiek6	ni4	赣			100000		
逆	ȵiʔ6	nik6	ni4	赣			100000		
选	ɕyon3	xyuon3	xuan3	赣			240000		
透	tʰɛu4	teu4	tou4	赣			120000		
逐	tsuʔ6	zuk6	zhu2	赣			145000		
递	tʰi4	ti4	di4	赣			107990		
途	tʰu2	tu2	tu2	赣			120000		
逗	təu4	deu4	dou4	赣			105279		
逗	tʰɛu4	teu4	dou4	赣			105279		
通	tʰuŋ1	tung1	tong1	赣			195000		
逛	foŋ4	fong4	guang4	赣			69251		
逛	kuoŋ4	guong4	guang4	赣			69251		
逝	si4	si4	shi4	赣			102514		
逞	tsʰiŋ3	cing3	cheng3	赣			108731		
速	suʔ5	suk5	su4	赣			120000		
造	tsʰɑu1	cau1	zao4	赣			370000		
造	tsɑu4	zau4	zao4	赣			370000		
逢	fuŋ2	fung2	feng2	赣			120000		
逮	tɛi3	dei3	dai3	赣			102683		
逵	kʰui2	kui2	kui2	赣			90000		
逸	iʔ5	yik5	yi4	赣			120000		
逻	lo2	lo2	luo2	赣			120000		
逼	pɨʔ5	bek5	bi1	赣			145000		
逼	pi1	bi1	bi1	赣			145000		
遇	ȵi4	ni4	yu4	赣			120000		
遇	ȵy4	nyu4	yu4	赣			120000		
遇	y4	yu4	yu4	赣			120000		
遍	pʰiɛn4	pien4	bian4	赣			180000		
道	tɑu4	dau4	dao4	赣			320545		
道	tʰɑu4	tau4	dao4	赣			320545		
遗	ȵi2	ni2	yi2	赣			145000		
遗	uɛi4	wui4	yi2	赣			145000		
遗	i2	yi2	yi2	赣			145000		
遣	tɕʰiɛn3	qien3	qian3	赣			120000		
遥	ȵiau2	niau2	yao2	赣			120000		
遥	iau2	yau2	yao2	赣			120000		
遥	iɛu2	yeu2	yao2	赣			120000		
遭	tsɑu1	zau1	zao1	赣			120000		
遭	tsəu1	zeu1	zao1	赣			120000		
遮	tsa1	za1	zhe1	赣			120000		
遵	tsuɛn1	zun1	zun1	赣			120000		
遵	tsyn1	zyun1	zun1	赣			120000		
避	pi4	bi4	bi4	赣			120000		
避	pʰi4	pi4	bi4	赣			120000		
邀	ȵiau1	niau1	yao1	赣			120000		
邀	iau1	yau1	yao1	赣			120000		
邀	iɛu1	yeu1	yao1	赣			120000		
邈	miɛu3	mieu3	miao3	赣			71272		
邑	ȵi4	ni4	yi4	赣			120000		
邑	i4	yi4	yi4	赣			120000		
邓	tʰɛn4	ten4	deng4	赣			120000		
邓	tʰiɛn4	tien4	deng4	赣			120000		
邢	ɕin2	xin2	xing2	赣			77004		
邦	poŋ1	bong1	bang1	赣			145000		
邪	ɕia2	xia2	xie2	赣			155000		
邬	u1	wu1	wu1	赣			90000		
邮	iəu2	yeu2	you2	赣			120000		
邮	iu2	yiu2	you2	赣			120000		
邱	tɕʰiəu1	qieu1	qiu1	赣			90000		
邵	sɛu4	seu4	shao4	赣			90000		
邹	tsɛu1	zeu1	zou1	赣			90000		
邻	lən2	len2	lin2	赣			120000		
郁	ȵiu4	niu4	yu4	赣			120000		
郁	iu4	yiu4	yu4	赣			120000		
郊	kɑu1	gau1	jiao1	赣			120000		
郎	loŋ2	long2	lang2	赣			145000		
郑	tsʰən4	cen4	zheng4	赣			110000		
郑	tsiŋ4	zing4	zheng4	赣			110000		
部	pʰu4	pu4	bu4	赣			145000		
郭	kɵʔ5	gok5	guo1	赣			120000		
都	tu1	du1	dou1	赣			452780		
鄂	ŋɔʔ5	ngok5	e4	赣			120000		
鄙	pi4	bi4	bi3	赣			120000		
鄢	iɛn1	yen1	yan1	赣			90000		
鄱	pʰo2	po2	po2	赣			90000		
酉	iəu3	yeu3	you3	赣			145000		
酌	tsʰoʔ6	cok6	zhuo2	赣			120000		
配	pʰɛi4	pei4	pei4	赣			195000		
配	pʰi4	pi4	pei4	赣			195000		
酒	tɕiəu3	jieu3	jiu3	赣			120000		
酗	ɕi4	xi4	xu4	赣			104434		
酝	in4	yin4	yun4	赣			120000		
酥	su1	su1	su1	赣			120000		
酬	tsʰəu2	ceu2	chou2	赣			120000		
酬	tsʰiu2	ciu2	chou2	赣			120000		
酱	tɕioŋ4	jiong4	jiang4	赣			120000		
酵	hɑu4	hau4	jiao4	赣			106723		
酷	kʰu4	ku4	ku4	赣			120000		
酸	son1	son1	suan1	赣			120000		
酿	lioŋ4	liong4	niang4	赣			145000		
酿	ȵioŋ4	niong4	niang4	赣			145000		
醉	tɕi4	ji4	zui4	赣			120000		
醋	tsʰu4	cu4	cu4	赣			120000		
醒	ɕiaŋ3	xiang3	xing3	赣			100000		
醒	ɕin3	xin3	xing3	赣			100000		
采	tsʰɛi3	cei3	cai3	赣			145000		
釉	iəu1	yeu1	you4	赣			5000		
释	sɨʔ5	sek5	shi4	赣			170000		
释	siʔ5	sik5	shi4	赣			170000		
里	li3	li3	li3	赣			205000		
重	tsʰuŋ1	cung1	zhong4	赣			370000		
重	tsʰuŋ2	cung2	zhong4	赣			370000		
野	ia3	ya3	ye3	赣			370000		
量	lioŋ1	liong1	liang4	赣			200000		
量	lioŋ2	liong2	liang4	赣			200000		
金	tɕin1	jin1	jin1	赣			175000		
鉴	kan4	gan4	jian4	赣			120000		
鉴	tɕiɛn4	jien4	jian4	赣			120000		
针	tsən1	zen1	zhen1	赣			120000		
针	tsin1	zin1	zhen1	赣			120000		
钉	tiaŋ1	diang1	ding1	赣			55000		
钉	tiaŋ4	diang4	ding1	赣			55000		
钓	tiau4	diau4	diao4	赣			120000		
钓	tiɛu4	dieu4	diao4	赣			120000		
钙	kɛi4	gei4	gai4	赣			105253		
钝	tin4	din4	dun4	赣			108444		
钝	tuɛn4	dun4	dun4	赣			108444		
钞	tsʰɑu1	cau1	chao1	赣			120000		
钞	tsʰəu1	ceu1	chao1	赣			120000		
钟	tsuŋ1	zung1	zhong1	赣			120000		
钠	ȵa4	na4	na4	赣			106387		
钢	koŋ1	gong1	gang1	赣			120000		
钥	ŋɑu4	ngau4	yao4	赣			252769		
钥	iau4	yau4	yao4	赣			252769		
钦	tsʰin1	cin1	qin1	赣			120000		
钦	kʰin1	kin1	qin1	赣			120000		
钦	tɕʰin1	qin1	qin1	赣			120000		
钧	tɕin1	jin1	jun1	赣			120000		
钧	tɕuɛn1	jun1	jun1	赣			120000		
钧	tɕyn1	jyun1	jun1	赣			120000		
钩	kiɛu1	gieu1	gou1	赣			120000		
钩	tɕiau1	jiau1	gou1	赣			120000		
钮	ȵiu3	niu3	niu3	赣			108131		
钱	tɕʰiɛn2	qien2	qian2	赣			370000		
钳	tɕʰiɛn2	qien2	qian2	赣			120000		
钵	pɛʔ5	bek5	bo1	赣			90000		
钻	tson1	zon1	zuan1	赣			120000		
钻	tson4	zon4	zuan1	赣			120000		
钻	tsuon1	zuon1	zuan1	赣			120000		
钾	kæp5	gaep5	jia3	赣			102182		
铁	tʰiɛt5	tiet5	tie3	赣			150000		
铃	lən2	len2	ling2	赣			120000		
铃	liaŋ2	liang2	ling2	赣			120000		
铅	ȵyon2	nyuon2	qian1	赣			125000		
铅	tɕʰiɛn1	qien1	qian1	赣			125000		
铅	iɛn2	yen2	qian1	赣			125000		
铆	mɑu3	mau3	mao3	赣			71016		
铎	tʰɔʔ6	tok6	duo2	赣			75956		
铐	kʰɑu4	kau4	kao4	赣			120000		
铜	tʰuŋ2	tung2	tong2	赣			170000		
铡	tsæʔ6	zaek6	zha2	赣			90000		
铲	tsʰan3	can3	chan3	赣			120000		
铲	tsʰiɛn3	cien3	chan3	赣			120000		
铳	tsʰuŋ4	cung4	chong4	赣			90000		
银	ȵin2	nin2	yin2	赣			126500		
银	in2	yin2	yin2	赣			126500		
铸	tɕu4	ju4	zhu4	赣			145000		
铺	pʰu1	pu1	pu4	赣			120000		
铺	pʰu4	pu4	pu4	赣			120000		
链	liɛn4	lien4	lian4	赣			145000		
销	ɕiau1	xiau1	xiao1	赣			145000		
销	ɕiɛu1	xieu1	xiao1	赣			145000		
锁	so3	so3	suo3	赣			145000		
锄	tsʰy2	cyu2	chu2	赣			120000		
锄	tɕiɔʔ6	jiok6	chu2	赣			120000		
锄	tɕʰu2	qu2	chu2	赣			120000		
锅	uo1	wo1	guo1	赣			120000		
锈	ɕiəu4	xieu4	xiu4	赣			120000		
锈	ɕiu4	xiu4	xiu4	赣			120000		
锋	fuŋ1	fung1	feng1	赣			120000		
锐	lɛi4	lei4	rui4	赣			109429		
锐	lui4	lui4	rui4	赣			109429		
错	tsʰo4	co4	cuo4	赣			370000		
锚	miɛu2	mieu2	mao2	赣			145000		
锡	ɕiaʔ5	xiak5	xi1	赣			120000		
锡	ɕiʔ5	xik5	xi1	赣			120000		
锣	lo2	lo2	luo2	赣			120000		
锤	tsʰy2	cyu2	chui2	赣			120000		
锤	tɕʰu2	qu2	chui2	赣			120000		
锥	tsui1	zui1	zhui1	赣			145000		
锦	tɕin3	jin3	jin3	赣			120000		
键	tɕiɛn4	jien4	jian4	赣			163920		
键	tɕʰiɛn4	qien4	jian4	赣			163920		
锯	kiɛ4	gie4	ju4	赣			145000		
锯	tɕi4	ji4	ju4	赣			145000		
锯	tɕu4	ju4	ju4	赣			145000		
锹	tɕʰiau1	qiau1	qiao1	赣			120000		
锹	tɕʰiɛu1	qieu1	qiao1	赣			120000		
锻	ton4	don4	duan4	赣			120000		
锻	tʰon4	ton4	duan4	赣			120000		
镇	tsən4	zen4	zhen4	赣			120000		
镇	tsin4	zin4	zhen4	赣			120000		
镊	ȵiɛʔ5	niek5	nie4	赣			90000		
镖	piɛu1	bieu1	biao1	赣			90000		
镜	tɕiaŋ4	jiang4	jing4	赣			103654		
镢	tɕiɔʔ5	jiok5	jue2	赣	大锄/锄头	da4 chu2/chu2 tou5	125955		
镰	lian2	lian2	lian2	赣			120000		
镰	liɛn2	lien2	lian2	赣			120000		
长	tsʰoŋ2	cong2	zhang3	赣			408489		
长	tsoŋ3	zong3	zhang3	赣			408489		
门	mən2	men2	men2	赣			170000		
门	min2	min2	men2	赣			170000		
闩	son1	son1	shuan1	赣			4993		
闪	sɛn3	sen3	shan3	赣			135907		
闪	siɛn3	sien3	shan3	赣			135907		
闭	pit4	bit4	bi4	赣			135000		
问	un4	wen4	wen4	赣			389874		
问	uɛn4	win4	wen4	赣			389874		
闯	tsʰoŋ3	cong3	chuang3	赣			120000		
闰	lun4	lun4	run4	赣			120000		
闲	han2	han2	xian2	赣			150000		
间	kan1	gan1	jian1	赣			180000		
间	kan4	gan4	jian1	赣			180000		
闵	mən3	men3	min3	赣			90000		
闷	mən4	men4	men4	赣			120000		
闷	min1	min1	men4	赣			120000		
闸	tsʰæt6	caet6	zha2	赣			120000		
闸	tsæt6	zaet6	zha2	赣			120000		
闹	lɑu1	lau1	nao4	赣			120000		
闺	kuɛi1	gui1	gui1	赣			150000		
闻	uɛn2	win2	wen2	赣			136980		
闻	ɕioŋ4	xiong4	wen2	赣			136980		
闽	mən3	men3	min3	赣			120000		
闽	min3	min3	min3	赣			120000		
阀	fæt6	faet6	fa2	赣			145000		
阁	kɔʔ5	gok5	ge2	赣			120000		
阄	kiɛu1	gieu1	jiu1	赣			90000		
阅	ȵuɛt6	nuet6	yue4	赣			130000		
阎	iɛn2	yen2	yan2	赣			120000		
阔	kʰuɛʔ5	kuek5	kuo4	赣			120000		
阔	kʰuoʔ5	kuok5	kuo4	赣			120000		
队	tɛi4	dei4	dui4	赣			145000		
队	tʰɛi4	tei4	dui4	赣			145000		
阮	lon3	lon3	ruan3	赣			90000		
防	foŋ2	fong2	fang2	赣			170000		
阳	ioŋ2	yong2	yang2	赣			170000		
阴	in1	yin1	yin1	赣			120000		
阵	tsʰən4	cen4	zhen4	赣			120000		
阵	tsʰin4	cin4	zhen4	赣			120000		
阵	tsin4	zin4	zhen4	赣			120000		
阶	kai1	gai1	jie1	赣			145000		
阻	tɕu3	ju3	zu3	赣			125000		
阻	tsu3	zu3	zu3	赣			125000		
阿	a1	a1	a1	赣			325000		
阿	ŋa1	nga1	a1	赣			325000		
陀	tʰo2	to2	tuo2	赣			90000		
附	fu4	fu4	fu4	赣			120000		
附	fuʔ6	fuk6	fu4	赣			120000		
际	tɕi4	ji4	ji4	赣			120000		
际	tɕʰi4	qi4	ji4	赣			120000		
陆	liuʔ5	liuk5	lu4	赣			120000		
陆	luʔ5	luk5	lu4	赣			120000		
陈	tsʰən2	cen2	chen2	赣			131300		
陈	tsʰin2	cin2	chen2	赣			131300		
陋	ləu4	leu4	lou4	赣			120000		
陌	maʔ6	mak6	mo4	赣			104906		
降	koŋ4	gong4	jiang4	赣			170000		
降	kʰoŋ2	kong2	jiang4	赣			170000		
限	han4	han4	xian4	赣			125000		
限	ɕiɛn4	xien4	xian4	赣			125000		
陕	sɛn3	sen3	shan3	赣			120000		
陡	tɛu3	deu3	dou3	赣			150000		
院	ȵyon4	nyuon4	yuan4	赣			120000		
院	yon4	yon4	yuan4	赣			120000		
院	yon4	yuon4	yuan4	赣			120000		
除	tsʰy2	cyu2	chu2	赣			270000		
除	tɕʰu2	qu2	chu2	赣			270000		
陨	in3	yin3	yun3	赣			109185		
陨	yn3	yun3	yun3	赣			109185		
险	hiɛn3	hien3	xian3	赣			120000		
险	ɕiɛn3	xien3	xian3	赣			120000		
陪	pʰɛi2	pei2	pei2	赣			120000		
陪	pʰi2	pi2	pei2	赣			120000		
陵	lən2	len2	ling2	赣			120000		
陵	lin2	lin2	ling2	赣			120000		
陶	tʰɑu2	tau2	tao2	赣			120000		
陷	han1	han1	xian4	赣			120000		
陷	ɕiɛn4	xien4	xian4	赣			120000		
隆	luŋ2	lung2	long2	赣			120000		
隍	uoŋ2	wong2	huang2	赣			90000		
随	ɕi2	xi2	sui2	赣			145000		
隐	iɑŋ3	yang3	yin3	赣			120000		
隐	in3	yin3	yin3	赣			120000		
隔	kæʔ5	gaek5	ge2	赣			125000		
隔	kaʔ5	gak5	ge2	赣			125000		
隙	han4	han4	xi4	赣			120000		
障	tsʰoŋ4	cong4	zhang4	赣			120000		
障	tsoŋ4	zong4	zhang4	赣			120000		
隧	ɕi1	xi1	sui4	赣			103913		
隶	liʔ5	lik5	li4	赣			145000		
难	lan1	lan1	nan2	赣			180000		
难	lan2	lan2	nan2	赣			180000		
难	ȵan2	nan2	nan2	赣			180000		
雀	tɕiɔʔ6	jiok6	que4	赣			140000		
雁	ŋan1	ngan1	yan4	赣			120000		
雄	ɕiuŋ2	xiung2	xiong2	赣			120000		
雅	ŋa3	nga3	ya3	赣			145000		
集	tɕʰiʔ6	qik6	ji2	赣			145000		
雇	ku4	gu4	gu4	赣			125000		
雍	iuŋ1	yung1	yong1	赣			78890		
雕	tiɛu1	dieu1	diao1	赣			120000		
雨	it3	yit3	yu3	赣			170000		
雪	ɕuɛt5	xuet5	xue3	赣			120000		
雪	ɕyɵʔ5	xyuok5	xue3	赣			120000		
零	liaŋ2	liang2	ling2	赣			239000		
雷	lɛi2	lei2	lei2	赣			145000		
雹	pʰɑu2	pau2	bao2	赣			120000		
雹	pʰɔʔ6	pok6	bao2	赣			120000		
雾	u4	wu4	wu4	赣			120000		
需	ɕi1	xi1	xu1	赣			120000		
需	ɕu1	xu1	xu1	赣			120000		
震	tsən4	zen4	zhen4	赣			120000		
震	tsin4	zin4	zhen4	赣			120000		
霉	mɛi2	mei2	mei2	赣			120000		
霍	fɔʔ6	fok6	huo4	赣			120000		
霜	soŋ1	song1	shuang1	赣			120000		
霞	ha2	ha2	xia2	赣			170000		
霞	xa2	xa2	xia2	赣			170000		
露	ləu4	leu4	lu4	赣			130000		
露	lu4	lu4	lu4	赣			130000		
霸	pa4	ba4	ba4	赣			125000		
青	tɕʰiaŋ1	qiang1	qing1	赣			30000		
青	tɕʰin1	qin1	qing1	赣			30000		
靖	tɕʰiaŋ4	qiang4	jing4	赣			100937		
静	tɕʰin4	qin4	jing4	赣			120000		
非	fi1	fi1	fei1	赣			370000		
靠	kʰɑu4	kau4	kao4	赣			310000		
面	miɛn1	mien1	mian4	赣			386025		
面	miɛn4	mien4	mian4	赣			386025		
革	kaʔ5	gak5	ge2	赣			145000		
革	kiɛʔ5	giek5	ge2	赣			145000		
革	koʔ2	gok2	ge2	赣			145000		
革	koʔ5	gok5	ge2	赣			145000		
靴	ɕyɵ1	xyuo1	xue1	赣			120000		
靶	pa3	ba3	ba3	赣			120000		
鞋	hai2	hai2	xie2	赣			120000		
鞠	tɕiuʔ5	jiuk5	ju1	赣			120000		
鞠	tɕu1	ju1	ju1	赣			120000		
鞭	piɛn1	bien1	bian1	赣			120000		
韧	liɛn4	lien4	ren4	赣			125000		
韧	ȵin1	nin1	ren4	赣			125000		
韩	hon2	hon2	han2	赣			120000		
韭	tɕiəu3	jieu3	jiu3	赣			120000		
韭	tɕiu3	jiu3	jiu3	赣			120000		
音	iɑŋ1	yang1	yin1	赣			370000		
音	in1	yin1	yin1	赣			370000		
韵	ȵyn4	nyun4	yun4	赣			310000		
韵	yn4	yun4	yun4	赣			310000		
韶	sɛu2	seu2	shao2	赣			70809		
页	iɛp6	yep6	ye4	赣			290000		
顶	tən3	den3	ding3	赣			125000		
顶	tiŋ3	ding3	ding3	赣			125000		
顷	tɕʰiɑŋ3	qiang3	qing3	赣			120000		
顷	tɕʰiŋ3	qing3	qing3	赣			120000		
项	hoŋ4	hong4	xiang4	赣			170000		
项	ɕioŋ4	xiong4	xiang4	赣			170000		
顺	suɛn4	sun4	shun4	赣			170000		
顺	syn4	syun4	shun4	赣			170000		
须	ɕi1	xi1	xu1	赣			120000		
须	ɕiuʔ5	xiuk5	xu1	赣			120000		
须	ɕu1	xu1	xu1	赣			120000		
顽	uan2	wan2	wan2	赣			120000		
顾	ku4	gu4	gu4	赣			120000		
顿	tun4	dun4	dun4	赣			120000		
颁	piɛn1	bien1	ban1	赣			108769		
颂	suŋ4	sung4	song4	赣			101684		
预	ȵi4	ni4	yu4	赣			120000		
预	i4	yi4	yu4	赣			120000		
预	y4	yu4	yu4	赣			120000		
颅	lu2	lu2	lu2	赣			102108		
领	lən3	len3	ling3	赣			31739		
领	liaŋ3	liang3	ling3	赣			31739		
领	lin3	lin3	ling3	赣			31739		
颈	tɕiaŋ3	jiang3	jing3	赣	脖子	bo2 zi5	125320		
颖	in3	yin3	ying3	赣			107726		
题	tʰi2	ti2	ti2	赣			145000		
颜	ŋan2	ngan2	yan2	赣			120000		
额	ŋiaʔ6	ngiak6	e2	赣			125000		
额	ŋiɛʔ6	ngiek6	e2	赣			125000		
额	ŋo2	ngo2	e2	赣			125000		
颠	tian1	dian1	dian1	赣			120000		
颤	tsʰiɛn4	cien4	chan4	赣			100906		
颤	tsan4	zan4	chan4	赣			100906		
颧	tɕʰyon2	qyuon2	quan2	赣			90000		
风	fuŋ1	fung1	feng1	赣			155000		
飒	sap5	sap5	sa4	赣			70198		
飘	pʰiau1	piau1	piao1	赣			120000		
飘	pʰiɛu1	pieu1	piao1	赣			120000		
飞	fi1	fi1	fei1	赣			150000		
食	sɨʔ6	sek6	shi2	赣			120000		
食	siʔ6	sik6	shi2	赣			120000		
餐	tsʰan1	can1	can1	赣			145000		
餐	tsʰiɛn1	cien1	can1	赣			145000		
饥	tɕi1	ji1	ji1	赣			120000		
饭	fan1	fan1	fan4	赣			195000		
饮	iɑŋ3	yang3	yin3	赣			120000		
饮	in3	yin3	yin3	赣			120000		
饰	sɨʔ5	sek5	shi4	赣			145000		
饰	siʔ6	sik6	shi4	赣			145000		
饱	pɑu3	bau3	bao3	赣			145000		
饲	tsʰi2	ci2	si4	赣			109731		
饲	si4	si4	si4	赣			109731		
饵	o3	o3	er3	赣			106087		
饶	lɑu2	lau2	rao2	赣			205000		
饶	ȵiɛu2	nieu2	rao2	赣			205000		
饶	iau1	yau1	rao2	赣			205000		
饺	kɑu3	gau3	jiao3	赣			120000		
饺	tɕiau3	jiau3	jiao3	赣			120000		
饺	tɕiɛu3	jieu3	jiao3	赣			120000		
饼	piaŋ3	biang3	bing3	赣			145000		
饿	ŋo1	ngo1	e4	赣			120000		
馀	i1	yi1	yu2	赣			30000		
馁	ȵɛi3	nei3	nei3	赣			106022		
馅	ɕiɛn4	xien4	xian4	赣			125000		
馆	kuɛn3	gun3	guan3	赣			145000		
馆	kuon3	guon3	guan3	赣			145000		
馊	sɛu1	seu1	sou1	赣			4997		
馋	tsʰan2	can2	chan2	赣			102621		
馒	mɛn2	men2	man2	赣			120000		
馒	miɛn2	mien2	man2	赣			120000		
首	səu3	seu3	shou3	赣			370000		
首	siu3	siu3	shou3	赣			370000		
香	hoŋ1	hong1	xiang1	赣			120000		
香	ɕioŋ1	xiong1	xiang1	赣			120000		
馨	ɕin1	xin1	xin1	赣			104389		
驐	tun1	dun1	dun1	赣			4998		
马	ma3	ma3	ma3	赣			120000		
驮	tʰo2	to2	tuo2	赣	挨/受	ai1/shou4	125859		
驯	ɕuɛn4	xun4	xun4	赣			120000		
驰	tsʰi2	ci2	chi2	赣			108784		
驱	tɕʰu2	qu2	qu1	赣			120000		
驳	pɔʔ5	bok5	bo2	赣			120000		
驴	li2	li2	lv2	赣			145000		
驴	ly2	lyu2	lv2	赣			145000		
驶	si3	si3	shi3	赣			120000		
驸	fu4	fu4	fu4	赣			90000		
驹	tɕi1	ji1	ju1	赣			120000		
驹	tɕu1	ju1	ju1	赣			120000		
驻	tɕʰu4	qu4	zhu4	赣			120000		
驻	tsu4	zu4	zhu4	赣			120000		
驼	tʰo2	to2	tuo2	赣			120000		
驾	ka4	ga4	jia4	赣			120000		
骂	ma4	ma4	ma4	赣			150000		
骄	kɑu1	gau1	jiao1	赣			120000		
骄	tɕiau1	jiau1	jiao1	赣			120000		
骄	tɕiɛu1	jieu1	jiao1	赣			120000		
骆	lɔʔ5	lok5	luo4	赣			120000		
骇	hɛi4	hei4	hai4	赣			109858		
验	ŋan4	ngan4	yan4	赣			145000		
验	ȵiɛn4	nien4	yan4	赣			145000		
验	iɛn4	yen4	yan4	赣			145000		
骏	tɕin4	jin4	jun4	赣			120000		
骏	tɕuɛn4	jun4	jun4	赣			120000		
骑	tɕiʔ6	jik6	qi2	赣			120000		
骑	tɕʰi2	qi2	qi2	赣			120000		
骗	pʰiɛn4	pien4	pian4	赣			185000		
骚	sɑu1	sau1	sao1	赣			132505		
骡	lo2	lo2	luo2	赣			145000		
骤	tsiu1	ziu1	zhou4	赣			133229		
骨	kuɨt5	guet5	gu3	赣			170000		
髓	ɕi3	xi3	sui3	赣			109275		
高	kɑu1	gau1	gao1	赣			419230		
鬃	tsuŋ1	zung1	zong1	赣			90000		
鬼	kui3	gui3	gui3	赣			120000		
魁	kʰui2	kui2	kui2	赣			106914		
魂	fən2	fen2	hun2	赣			120000		
魂	fin2	fin2	hun2	赣			120000		
魄	pʰɛʔ5	pek5	po4	赣			120000		
魄	pʰoʔ5	pok5	po4	赣			120000		
魏	ui4	wui4	wei4	赣			120000		
魔	mo2	mo2	mo2	赣			120000		
鱼	ȵiɛ2	nie2	yu2	赣			180000		
鲁	lu3	lu3	lu3	赣			145000		
鲈	lu2	lu2	lu2	赣			74121		
鲜	ɕiɛn1	xien1	xian1	赣			120000		
鲢	liɛn2	lien2	lian2	赣			90000		
鲤	li3	li3	li3	赣			120000		
鲨	sa1	sa1	sha1	赣			120000		
鲩	uan3	wan3	huan4	赣			78503		
鲫	tsɛʔ5	zek5	ji4	赣			120000		
鲸	tɕin1	jin1	jing1	赣			106672		
鳃	sɛi1	sei1	sai1	赣			90000		
鳄	ŋɔʔ5	ngok5	e4	赣			103547		
鳅	tɕʰiəu1	qieu1	qiu1	赣			90000		
鳊	piɛn1	bien1	bian1	赣			90000		
鳜	kui4	gui4	gui4	赣			90000		
鳝	sɛn4	sen4	shan4	赣			9993		
鳞	lən2	len2	lin2	赣			120000		
鸟	tiɛu3	dieu3	niao3	赣			120000		
鸟	ȵiau3	niau3	niao3	赣			120000		
鸟	ȵiɛu3	nieu3	niao3	赣			120000		
鸠	tɕiu1	jiu1	jiu1	赣			90000		
鸡	tɕi1	ji1	ji1	赣			120000		
鸣	mən2	men2	ming2	赣			130964		
鸣	miɑŋ2	miang2	ming2	赣			130964		
鸣	miŋ2	ming2	ming2	赣			130964		
鸥	ŋiɛu1	ngieu1	ou1	赣			106795		
鸦	ŋa1	nga1	ya1	赣			120000		
鸦	ŋæt5	ngaet5	ya1	赣			120000		
鸭	ŋæt5	ngaet5	ya1	赣			120000		
鸯	ioŋ1	yong1	yang1	赣			120000		
鸳	ȵyon1	nyuon1	yuan1	赣			120000		
鸳	yon1	yuon1	yuan1	赣			120000		
鸵	tʰo2	to2	tuo2	赣			109394		
鸽	kɵp5	gop5	ge1	赣			120000		
鸿	fuŋ2	fung2	hong2	赣			120000		
鹂	li2	li2	li2	赣			70013		
鹅	ŋo2	ngo2	e2	赣			120000		
鹊	tɕʰuɛʔ6	quek6	que4	赣			130000		
鹌	ŋon1	ngon1	an1	赣			4685		
鹏	pʰuŋ2	pung2	peng2	赣			120000		
鹑	tsʰyn2	cyun2	chun2	赣			78800		
鹦	in1	yin1	ying1	赣			120000		
鹰	in1	yin1	ying1	赣			120000		
鹿	luʔ5	luk5	lu4	赣			120000		
麂	tɕi3	ji3	ji3	赣			90000		
麝	sa4	sa4	she4	赣			90000		
麦	maʔ6	mak6	mai4	赣			120000		
麸	fu1	fu1	fu1	赣			90000		
麺	miɛn1	mien1	mian4	赣			124635		
麻	ma2	ma2	ma2	赣			145000		
黄	foŋ2	fong2	huang2	赣			320000		
黄	uoŋ2	wong2	huang2	赣			320000		
黎	li2	li2	li2	赣			120000		
黏	ȵiɛn2	nien2	nian2	赣			90000		
黑	hɛʔ5	hek5	hei1	赣			125000		
黑	hiɛʔ5	hiek5	hei1	赣			125000		
默	mɛʔ5	mek5	mo4	赣			120000		
黸	lu1	lu1	lu2	赣	黑/肤垢	hei1/fu1 gou4	124254		
鼓	ku3	gu3	gu3	赣			120000		
鼠	sy3	syu3	shu3	赣			120000		
鼠	ɕu3	xu3	shu3	赣			120000		
鼻	pʰɛi2	pei2	bi2	赣			120000		
鼻	pʰɨʔ6	pek6	bi2	赣			120000		
鼾	hoŋ1	hong1	han1	赣			90000		
齁	hɛu1	heu1	hou1	赣			90000		
齆	ŋ4	ng4	weng4	赣			124768		
齐	tɕʰi2	qi2	qi2	赣			150000		
齿	tsʰi3	ci3	chi3	赣			120000		
龄	lən2	len2	ling2	赣			145000		
龄	lin2	lin2	ling2	赣			145000		
龊	tsʰɔʔ5	cok5	chuo4	赣			90000		
龌	uɔʔ5	wok5	wo4	赣			90000		
龙	liuŋ2	liung2	long2	赣			120000		
龙	luŋ2	lung2	long2	赣			120000		
龚	kuŋ1	gung1	gong1	赣			105000		
龛	ŋon1	ngon1	kan1	赣			90000		
龟	kui1	gui1	gui1	赣			120000		
𢴒	pʰɑŋ1	pang1	𢴒5	赣	赶	gan3	127158		
𫍧	lai2	lai2	𫍧5	赣	失误/遗忘	shi1 wu4/yi2 wang4	126309		
𫔌	ɕiɛn4	xien4	𫔌5	赣			1295		
𬉼	ŋiɛu4	ngieu4	ou1	赣			122300		
𬮿	kʰai4	kai4	qi2	赣			1995		
