本词	国际音标	方言拼音	汉语拼音	词汇属性	对应官话词	官话拼音	词频	同义词	新旧标记
一	it7	yit6	yi1	赣			467830		
七	tɕʰit7	qit6	qi1	赣			280000		
丈	tsʰɔŋ6	cong5	zhang4	赣			120000		
三	san1	san1	san1	赣			370000		
上	sɔŋ6	song5	shang4	赣			508101		
不	pet7	bet6	bu4	赣			610331		
与	y3	yu3	yu3	赣			395033		
丐	kai5	gai4	gai4	赣			120000		
丑	tsʰɛu3	ceu3	chou3	赣			130000		本1
专	tson1	zon1	zhuan1	赣			170000		
且	tɕʰia3	qia3	qie3	赣			370000		老1
丕	pʰi1	pi1	pi1	赣			120000		
世	ɕi5	xi4	shi4	赣			120000		又1
丘	tɕʰiu1	qiu1	qiu1	赣			145000		
丙	pin3	bin3	bing3	赣			224999		
丛	tsʰuŋ2	cung2	cong2	赣			270000		
东	tuŋ1	dung1	dong1	赣			260000		
丝	sɿ1	si1	si1	赣			120000		
丞	tsʰɨn2	cen2	cheng2	赣			125000		
丢	tiu1	diu1	diu1	赣			130000		
两	liɔŋ3	liong3	liang3	赣			370000		
严	ȵien5	nien4	yan2	赣			170000		老1
丧	sɔŋ1	song1	sang4	赣			125000		
丫	ŋa1	nga1	ya1	赣			120000		
中	tsuŋ1	zung1	zhong1	赣			493191		
中	tsuŋ5	zung4	zhong1	赣			493191		
丰	fuŋ1	fung1	feng1	赣			120000		
串	kuon5	guon4	chuan4	赣			260000		老1
临	lin5	lin4	lin2	赣			120000		
丹	tan1	dan1	dan1	赣			120000		
为	ui6	wui5	wei4	赣			545952		
为	ui5	wui4	wei4	赣			545952		
主	tsu3	zu3	zhu3	赣			385602		新1
丽	li6	li5	li4	赣			120000		
举	tɕy3	jyu3	ju3	赣			155000		
乂	ȵi6	ni5	yi4	赣			106939		
乃	lai3	lai3	nai3	赣			120000		
久	tɕiu3	jiu3	jiu3	赣			260000		
义	ȵi6	ni5	yi4	赣			195000		老1
之	tsɿ1	zi1	zhi1	赣			390957		
乌	u1	wu1	wu1	赣			145000		
乍	tsa5	za4	zha4	赣			120000		
乎	fu5	fu4	hu1	赣			195000		
乏	fat7	fat6	fa2	赣			127351		
乐	lɔʔ7	lok6	le4	赣			180000		
乒	pʰin1	pin1	ping1	赣			109404		
乓	pʰɔŋ1	pong1	pang1	赣			107515		
乔	tɕʰiɛu2	qieu2	qiao2	赣			120000		
乘	sɨn5	sen4	cheng2	赣			175000		本1
乙	it7	yit6	yi3	赣			120000		
乜	mie1	mie1	mie1	赣			120000		
九	tɕiu3	jiu3	jiu3	赣			259999		
乞	tɕʰit7	qit6	qi3	赣			120000		
也	ia3	ya3	ye3	赣			557851		
习	ɕit7	xit6	xi2	赣			170000		
乡	ɕiɔŋ1	xiong1	xiang1	赣			120000		
买	mai3	mai3	mai3	赣			275000		
乱	lon6	lon5	luan4	赣			370000		
乳	ɵ3	o3	ru3	赣			125000		本1
了	liɛu3	lieu3	le5	赣			470908		
予	y3	yu3	yu3	赣			104480		
事	sɿ6	si5	shi4	赣			225000		
二	ɵ6	o5	er4	赣			310000		
亍	tɕy5	jyu4	chu4	赣			101119		
亏	kʰui1	kui1	kui1	赣			125000		
云	yn5	yun4	yun2	赣			305000		
互	fu6	fu5	hu4	赣			125000		
五	ŋ̍3	ng3	wu3	赣			370000		
亘	kien5	gien4	gen4	赣			175149		
亚	ŋa3	nga3	ya4	赣			120000		
些	ɕiɛt7	xiet6	xie1	赣			370000		
亟	tɕʰi3	qi3	ji2	赣			108724		
亡	uɔŋ5	wong4	wang2	赣			109629		
亢	kɔŋ1	gong1	kang4	赣			100603		
交	kau1	gau1	jiao1	赣			120000		
亥	hai6	hai5	hai4	赣			145000		
亦	it7	yit6	yi4	赣			120000		
产	tsʰan3	can3	chan3	赣			120000		
亨	hen1	hen1	heng1	赣			120000		
亩	mɛu3	meu3	mu3	赣			120000		
享	ɕiɔŋ3	xiong3	xiang3	赣			120000		
京	tɕin1	jin1	jing1	赣			145000		
亮	liɔŋ6	liong5	liang4	赣			120000		
亲	tɕʰin1	qin1	qin1	赣			120000		
亳	pʰɔʔ8	pok7	bo2	赣			102623		
亵	ɕiet7	xiet6	xie4	赣			107650		
亶	tan3	dan3	dan3	赣			101887		
亸	to3	do3	duo3	赣			125081		
亿	i5	yi4	yi4	赣			145000		
仂	lɛt7	let6	le4	赣			105996		
仃	tin1	din1	ding1	赣			120000		
仄	tset7	zet6	ze4	赣			103207		
仅	tɕin3	jin3	jin3	赣			130000		
仆	pʰuʔ7	puk6	pu1	赣			120000		
仇	tsʰɛu2	ceu2	chou2	赣			155000		本1
仉	tsɔŋ3	zong3	zhang3	赣			104147		
今	tɕin1	jin1	jin1	赣			120000		
介	kai5	gai4	jie4	赣			120000		
仍	lən5	len4	reng2	赣			120000		
仑	lɨn5	len4	lun2	赣			110671		
仓	tsʰɔŋ1	cong1	cang1	赣			155000		
仔	tsɿ3	zi3	zai3	赣			120000		
仕	sɿ6	si5	shi4	赣			120000		
他	tʰa1	ta1	ta1	官			551339		
仗	tsʰɔŋ6	cong5	zhang4	赣			120000		
仗	tsɔŋ5	zong4	zhang4	赣			120000		
付	fu5	fu4	fu4	赣			120000		
仙	ɕiɛn1	xien1	xian1	赣			120000		
仞	ȵin6	nin5	ren4	赣			104489		
仟	tɕʰien1	qien1	qian1	赣			101886		
仡	ȵit7	nit6	ge1	赣			105495		
代	tʰai6	tai5	dai4	赣			260000		
令	lin6	lin5	ling4	赣			175000		
以	i3	yi3	yi3	赣			386106		
仪	ȵi5	ni4	yi2	赣			120000		老1
们	mɨn5	men4	men5	赣			370000		
仰	ȵiɔŋ3	niong3	yang3	赣			195000		老1
仰	iɔŋ3	yong3	yang3	赣			195000		新1
仲	tsʰuŋ6	cung5	zhong4	赣			120000		
仳	pʰi2	pi2	pi3	赣			105004		
仵	u3	wu3	wu3	赣			90000		
件	tɕʰiɛn6	qien5	jian4	赣			170000		
价	ka5	ga4	jia4	赣			145000		
任	lɨn6	len5	ren4	赣			120000		
份	fɨn6	fen5	fen4	赣			195000		
仿	fɔŋ3	fong3	fang3	赣			120000		
企	tɕʰi3	qi3	qi3	赣			120000		
伉	kʰɔŋ3	kong3	kang4	赣			100172		
伊	i1	yi1	yi1	赣			103663		
伋	tɕit7	jit6	ji2	赣			18884		
伍	u3	wu3	wu3	赣			120000		
伎	tsɿ5	zi4	ji4	赣			108306		
伐	fat7	fat6	fa2	赣			120000		
休	ɕiu1	xiu1	xiu1	赣			125000		
众	tsuŋ5	zung4	zhong4	赣			120000		
优	iu1	yiu1	you1	赣			120000		
会	kʰuai3	kuai3	hui4	赣			386025		
会	fɨi6	fei5	hui4	赣			386025		
伛	y3	yu3	yu3	赣			75024		
伞	san3	san3	san3	赣			120000		
伟	ui3	wui3	wei3	赣			120000		
传	tsʰon2	con2	chuan2	赣			120000		
传	tsʰon6	con5	chuan2	赣			120000		
伤	sɔŋ1	song1	shang1	赣			120000		
伥	tsen5	zen4	chang1	赣			107788		
伦	lun5	lun4	lun2	赣			120000		
伧	tsʰen2	cen2	cang1	赣			107311		
伪	ui3	wui3	wei3	赣			134743		
伫	tɕʰy6	qyu5	zhu4	赣			195000		老1
伴	pʰon6	pon5	ban4	赣			120000		
伶	lin5	lin4	ling2	赣			120000		
伸	sɨn1	sen1	shen1	赣			120000		
伺	tsʰɿ3	ci3	ci4	赣			150000		
伺	sɿ5	si4	ci4	赣			150000		
似	sɿ6	si5	shi4	赣			120000		
伽	tɕʰia2	qia2	ga1	赣			107482		
伾	pʰi1	pi1	pi1	赣			108381		
佃	tʰien2	tien2	dian4	赣			101062		
但	tʰan6	tan5	dan4	赣			235000		
位	ui6	wui5	wei4	赣			245000		
低	ti1	di1	di1	赣			305000		
住	tsʰu6	cu5	zhu4	赣			245000		新1
佐	tso5	zo4	zuo3	赣			120000		
佑	iu6	yiu5	you4	赣			105446		
体	tʰi3	ti3	ti3	赣			205000		
何	ho2	ho2	he2	赣			170000		
佗	tʰo1	to1	tuo2	赣			105098		
余	y5	yu4	yu2	赣			175000		
佚	it7	yit6	yi4	赣			101362		
佛	fɨt8	fet7	fu2	赣			130000		老1
佛	fɨt7	fet6	fu2	赣			130000		
佝	heu3	heu3	gou1	赣			105267		
佞	ȵin6	nin5	ning4	赣			103367		
佟	tʰuŋ2	tung2	tong2	赣			107600		
你	n̩3	n3	ni3	赣			415320		
佣	iuŋ6	yung5	yong1	赣			120000		
佥	tɕʰien1	qien1	qian1	赣			102568		
佩	pʰi3	pi3	pei4	赣			120000		
佯	iɔŋ5	yong4	yang2	赣			120000		
佳	ka1	ga1	jia1	赣			130000		
佴	ɵ6	o5	er4	赣			101133		
佻	tieu3	dieu3	tiao1	赣			102478		
佼	kau1	gau1	jiao3	赣			108431		
佾	it7	yit6	yi4	赣			109843		
使	sɿ3	si3	shi3	赣			120000		
侃	kʰon3	kon3	kan3	赣			120000		
侄	tsʰɨt8	cet7	zhi2	赣			145000		老1
侄	tsɿʔ7	zik6	zhi2	赣			145000		新1
侈	tsʰɿ3	ci3	chi3	赣			102544		
侉	kʰua3	kua3	kua3	赣			90000		
例	li6	li5	li4	赣			150000		
侍	sɿ6	si5	shi4	赣			120000		
侏	tɕy1	jyu1	zhu1	赣			220000		老1
侔	meu5	meu4	mou2	赣			104422		
侗	tʰuŋ1	tung1	dong4	赣			106689		
供	kuŋ5	gung4	gong1	赣			205000		
供	tɕiuŋ1	jiung1	gong1	赣			205000		
依	i1	yi1	yi1	赣			145000		
侠	hat7	hat6	xia2	赣			106969		
侣	li3	li3	lv3	赣			109586		
侦	tsɨn1	zen1	zhen1	赣			120000		
侧	tsɛt7	zet6	ce4	赣			300000		本1
侧	tsʰɛt7	cet6	ce4	赣			300000		又1
侨	tɕʰiɛu2	qieu2	qiao2	赣			120000		
侩	kui5	gui4	kuai4	赣			72001		
侪	tsʰai2	cai2	chai2	赣			104213		
侬	luŋ5	lung4	nong2	赣			129298		
侮	u3	wu3	wu3	赣			107043		
侯	hɛu2	heu2	hou2	赣			120000		
侵	tɕʰin1	qin1	qin1	赣			145000		
便	pʰiɛn2	pien2	bian4	赣			120000		
便	pʰiɛn6	pien5	bian4	赣			120000		
促	tsʰuʔ7	cuk6	cu4	赣			120000		
俄	ŋo5	ngo4	e2	赣			120000		
俅	tɕʰiu2	qiu2	qiu2	赣			105986		
俊	tɕyn5	jyun4	jun4	赣			120000		
俎	tsu3	zu3	zu3	赣			126830		
俏	tɕʰiɛu3	qieu3	qiao4	赣			120000		
俐	li6	li5	li4	赣			104813		
俑	tʰuŋ1	tung1	yong3	赣			106437		
俗	ɕiuʔ7	xiuk6	su2	赣			155000		老1
俘	fu1	fu1	fu2	赣			102061		
俚	li3	li3	li3	赣			73581		
俜	pʰin1	pin1	ping1	赣			105942		
保	pau3	bau3	bao3	赣			145000		
俟	sɿ6	si5	qi2	赣			102308		
信	ɕin5	xin4	xin4	赣			220000		
俦	tʰau6	tau5	chou2	赣			108315		
俨	ȵien3	nien3	yan3	赣			107926		
俩	liɔŋ3	liong3	lia3	赣			102209		
俪	li6	li5	li4	赣			79063		
俭	tɕʰiɛn6	qien5	jian3	赣			120000		
修	ɕiu1	xiu1	xiu1	赣			310000		
俯	fu3	fu3	fu3	赣			100625		
俱	tɕy1	jyu1	ju4	赣			103728		
俳	pʰai2	pai2	pai2	赣			108721		
俵	pieu3	bieu3	biao4	赣			106242		
俶	tsʰuʔ7	cuk6	chu4	赣			106063		
俸	puŋ3	bung3	feng4	赣			107966		
俺	ŋon3	ngon3	an3	赣			106018		
俾	pi3	bi3	bi3	赣			105255		
倍	pʰi5	pi4	bei4	赣			145000		
倏	suʔ7	suk6	shu1	赣			102720		
倒	tau3	dau3	dao4	赣			195000		
倒	tau5	dau4	dao4	赣			195000		
倓	tʰan2	tan2	tan2	赣			100002		
倔	tɕʰyt8	qyut7	jue2	赣			108890		
倘	tʰɔŋ3	tong3	tang3	赣			125000		
候	hɛu6	heu5	hou4	赣			170000		
倚	i3	yi3	yi3	赣			120000		
倜	tʰit7	tit6	ti4	赣			101602		
倞	tɕʰin6	qin5	jing4	赣			16645		
借	tɕia5	jia4	jie4	文			150000		
借	tɕʰiᴀ6	qia5	jie4	白			150000		
倡	tsʰɔŋ3	cong3	chang4	赣			120000		
倥	kʰuŋ1	kung1	kong1	赣			105346		
倦	tɕʰyon6	qyuon5	juan4	赣			145000		
倨	tɕy5	jyu4	ju4	赣			71366		
倪	ȵi5	ni4	ni2	赣			73943		
倬	tsɔʔ7	zok6	zhuo1	赣			105123		
值	tsɿʔ7	zik6	zhi2	赣			370000		新1
偃	ien3	yen3	yan3	赣			71126		
偎	ui1	wui1	wei1	赣			109954		
偏	pʰiɛn1	pien1	pian1	赣			120000		
偕	hai2	hai2	xie2	赣			90000		
做	tsu5	zu4	zuo4	赣			428314	舞	
停	tʰin2	tin2	ting2	赣			170000		
健	tɕʰiɛn6	qien5	jian4	赣			120000		
偬	tsuŋ3	zung3	zong3	赣			105417		
偲	sɿ1	si1	cai1	赣			15868		
偶	ŋiɛu3	ngieu3	ou3	赣			120000		
偷	tʰɛu1	teu1	tou1	赣			120000		
偻	li3	li3	lou2	赣			78438		
偾	fɨn5	fen4	fen4	赣			109244		
偿	sɔŋ5	song4	chang2	赣			136769		老1
傀	kui1	gui1	gui1	赣			71608		
傅	fu5	fu4	fu4	赣			120000		
傍	pʰɔŋ6	pong5	bang4	赣			103993		
傥	tɔŋ3	dong3	tang3	赣			102930		
傧	pin1	bin1	bin1	赣			120000		
储	tɕʰy2	qyu2	chu3	赣			220000		新1
储	tsʰu2	cu2	chu3	赣			220000		老1
傩	lo5	lo4	nuo2	赣			102635		
催	tsʰui1	cui1	cui1	赣			145000		
傲	ŋau6	ngau5	ao4	赣			120000		
傻	sa3	sa3	sha3	官			120000		
僇	liu6	liu5	lu4	赣			18614		
像	tɕʰiɔŋ6	qiong5	xiang4	赣			370000		
像	ɕiɔŋ5	xiong4	xiang4	赣			370000		
僖	ɕi1	xi1	xi1	赣			100202		
僚	lieu3	lieu3	liao2	赣			109813		
僦	tɕiu5	jiu4	jiu4	赣			105274		
僧	sɛn1	sen1	seng1	赣			120000		
僬	tɕieu1	jieu1	jiao1	赣			104209		
僭	tɕien5	jien4	jian4	赣			107590		
僮	tʰuŋ2	tung2	tong2	赣			90000		
僵	tɕiɔŋ1	jiong1	jiang1	赣			120000		
僻	pʰit7	pit6	pi4	赣			220000		
儆	tɕin3	jin3	jing3	赣			70675		
儇	ɕyon1	xyuon1	xuan1	赣			100332		
儋	tan1	dan1	dan1	赣			104073		
儡	lui3	lui3	lei3	赣			76977		老1
儿	ɵ5	o4	er2	赣			160000		
允	yn3	yun3	yun3	赣			120000		
允	in3	yin3	yun3	赣			120000		
元	ȵyon5	nyuon4	yuan2	赣			370000		老1
元	yon5	yuon4	yuan2	赣			370000		新1
充	tsʰuŋ1	cung1	chong1	赣			120000		
兆	tsʰɛu6	ceu5	zhao4	赣			120000		
先	ɕiɛn1	xien1	xian1	赣			370000		
克	kʰiɛt7	kiet6	ke4	赣			145000		
免	miɛn3	mien3	mian3	赣			120000		
兑	tʰui6	tui5	dui4	赣			120000		
兔	tʰu3	tu3	tu4	赣			120000		
兖	yon3	yuon3	yan3	赣			75659		
党	tɔŋ3	dong3	dang3	赣			120000		
兜	tɛu1	deu1	dou1	赣			130000		
兢	tɕin1	jin1	jing1	赣			109414		
全	tɕʰyon2	qyuon2	quan2	赣			370000		
八	pat7	bat6	ba1	赣			160000		
公	kuŋ1	gung1	gong1	赣			290000		
六	liuʔ7	liuk6	liu4	赣			230000		
兮	ɕi1	xi1	xi1	赣			90000		
兰	lan5	lan4	lan2	赣			120001		
关	kuan1	guan1	guan1	赣			180000		
兴	ɕin1	xin1	xing1	赣			145000		
兴	ɕin5	xin4	xing1	赣			145000		
具	tɕʰy6	qyu5	ju4	赣			145000		老1
典	tiɛn3	dien3	dian3	赣			180000		
兹	tsɿ1	zi1	zi1	赣			120000		
养	iɔŋ3	yong3	yang3	赣			200000		
兼	kan1	gan1	jian1	赣			120000		
兽	seu5	seu4	shou4	赣			180000		本1
冀	tɕi5	ji4	ji4	赣			101273		
内	lui6	lui5	nei4	赣			370000		老1
冈	kɔŋ1	gong1	gang1	赣			120000		
冉	len3	len3	ran3	赣			102959		
册	tsʰɛt7	cet6	ce4	赣			145000		
冒	mau6	mau5	mao4	赣			120000		
冕	mien3	mien3	mian3	赣			129240		
冗	luŋ3	lung3	rong3	赣			145000		
写	ɕia3	xia3	xie3	赣			370000		
军	tɕyn1	jyun1	jun1	赣			120000		
农	luŋ5	lung4	nong2	赣			145000		
冠	kuon1	guon1	guan1	赣			120000		
冢	tsuŋ3	zung3	zhong3	赣			107521		
冤	yon1	yuon1	yuan1	赣			100164		
冥	min5	min4	ming2	赣			107541		
冬	tuŋ1	dung1	dong1	赣			120000		
冯	fuŋ5	fung4	feng2	赣			120000		
冱	fu6	fu5	hu4	赣			15741		
冲	tsʰuŋ1	cung1	chong1	赣			120000		
冲	tsʰuŋ3	cung3	chong1	赣			120000		
决	tɕyot7	jyuot6	jue2	赣			170000		
况	kʰuoŋ3	kuong3	kuang4	赣			120000		
冻	tuŋ5	dung4	dong4	赣			145000		
冽	liet7	liet6	lie4	赣			74203		
凄	tɕʰi1	qi1	qi1	赣			120000		
准	tsun3	zun3	zhun3	赣			120000		
凇	suŋ1	sung1	song1	赣			109420		
凉	liɔŋ5	liong4	liang2	赣			120000		
凋	tieu1	dieu1	diao1	赣			77560		
凌	lin5	lin4	ling2	赣			120000		
减	kan3	gan3	jian3	赣			155000		
凑	tsʰɛu3	ceu3	cou4	赣			300000	再	
凛	lin3	lin3	lin3	赣			104168		
凝	ȵin5	nin4	ning2	赣			120000		
几	tɕi3	ji3	ji3	赣			414956	多	
凡	fan5	fan4	fan2	赣			120000		
凤	fuŋ6	fung5	feng4	赣			120000		
凫	fu5	fu4	fu2	赣			107153		
凯	kʰai3	kai3	kai3	赣			120000		
凰	fɔŋ5	fong4	huang2	赣			120000		
凳	tɛn5	den4	deng4	赣			120000		
凶	ɕiuŋ1	xiung1	xiong1	赣			120000		
凸	tʰiet8	tiet7	tu1	赣			102774		
凹	iɛt7	yet6	ao1	赣			120000		
击	tɕit7	jit6	ji1	赣			220000		
函	hon2	hon2	han2	赣			120000		
凿	tsʰɔʔ8	cok7	zao2	赣			145000		
刀	tau1	dau1	dao1	赣			120000		
刁	tiɛu1	dieu1	diao1	赣			120000		
分	fɨn1	fen1	fen1	赣			430000		
分	fɨn6	fen5	fen1	赣			430000		
切	tɕʰiɛt7	qiet6	qie4	赣			225000		
刈	ȵi6	ni5	yi4	赣			77248		
刊	kʰon1	kon1	kan1	赣			120000		
刍	tɕʰy2	qyu2	chu2	赣			120000		老1
刎	uen3	wun3	wen3	赣			108732		
划	fa2	fa2	hua4	赣			120000		
划	fa6	fa5	hua4	赣			120000		
列	liɛt7	liet6	lie4	赣			290000		
刘	liu5	liu4	liu2	赣			150000		
则	tsɛt7	zet6	ze2	赣			370000		
创	tsʰɔŋ3	cong3	chuang4	赣			233989		
初	tsʰu1	cu1	chu1	赣			150000		
删	san1	san1	shan1	赣			205000		
判	pʰon3	pon3	pan4	赣			120000		
判	pʰɔŋ3	pong3	pan4	赣			120000		
刨	pʰau2	pau2	pao2	赣			108066		
利	li6	li5	li4	赣			120000		
别	pʰiɛt8	piet7	bie2	赣			370000		
别	pʰiɛt7	piet6	bie2	赣			370000		
到	tau5	dau4	dao4	赣	给	gei3	455341		
刳	kʰu1	ku1	ku1	赣			71892		
制	tsɿ5	zi4	zhi4	赣			145000		
刷	sot7	sot6	shua1	赣			255000		
刷	suɛt7	suet6	shua1	赣			255000		
券	tɕyon5	jyuon4	quan4	赣			120000		
刹	sat7	sat6	sha1	赣			120000		
刺	tsʰɿ3	ci3	ci4	赣			120000		
刻	kʰiɛt7	kiet6	ke4	赣			120000		
刽	kui3	gui3	gui4	赣			90000		
刿	kui5	gui4	gui4	赣			53595		
剂	tɕʰi6	qi5	ji4	赣			104868		
剃	tʰi3	ti3	ti4	赣			120000		
剅	teu1	deu1	lou2	赣			12654		
削	ɕiɔʔ7	xiok6	xue1	赣			175000		
前	tɕʰiɛn2	qien2	qian2	赣			412779		
剑	tɕiɛn5	jien4	jian4	赣			120000		
剔	tʰit7	tit6	ti1	赣			145000		
剖	fu3	fu3	pou1	赣			108773		
剜	uon1	won1	wan1	赣			72750		
剞	tɕi3	ji3	ji1	赣			70361		
剡	sen6	sen5	shan4	赣			102712		
剥	pɔʔ7	bok6	bo1	赣			120000		
剧	tɕy5	jyu4	ju4	赣			145000		
剩	sɨn6	sen5	sheng4	赣			145000		
剪	tɕiɛn3	jien3	jian3	赣			120000		
副	fu5	fu4	fu4	赣			220000		
割	kot7	got6	ge1	赣			120000		
剽	pʰieu2	pieu2	piao1	赣			71974		
剿	tɕiɛu3	jieu3	jiao3	赣			120000		
劂	tɕyot7	jyuot6	jue2	赣			10806		
劐	fɔʔ7	fok6	huo1	赣			13265		
力	lit7	lit6	li4	赣			125000		
劝	tɕʰyon3	qyuon3	quan4	赣			145000		
办	pʰan6	pan5	ban4	赣			145000		本1
办	pan5	ban4	ban4	赣			145000		又1
功	kuŋ1	gung1	gong1	赣			150000		
加	ka1	ga1	jia1	赣			370000		
加	ka3	ga3	jia1	赣			370000		
务	u6	wu5	wu4	赣			145000		
劢	mai6	mai5	mai4	赣			77045		
劣	liɛt7	liet6	lie4	赣			120000		
动	tʰuŋ6	tung5	dong4	赣			270000		
助	tsʰu6	cu5	zhu4	赣			120000		
努	lu3	lu3	nu3	赣			120000		
劫	tɕiɛt7	jiet6	jie2	赣			120000		
劬	tɕʰy2	qyu2	qu2	赣			79933		
劭	seu6	seu5	shao4	赣			109236		
励	li6	li5	li4	赣			120000		
劲	tɕin5	jin4	jin4	赣			120000		
劳	lau5	lau4	lao2	赣			145000		
势	sɿ5	si4	shi4	赣			195000		
勃	pʰoʔ7	pok6	bo2	赣			120000		
勇	iuŋ3	yung3	yong3	赣			120000		
勉	miɛn3	mien3	mian3	赣			120000		
勋	ɕyn1	xyun1	xun1	赣			120000		
勍	tɕʰin2	qin2	qing2	赣			15937		
勒	lɛt7	let6	lei1	赣			195000		
勘	kʰon3	kon3	kan1	赣			106652		
勚	y6	yu5	yi4	赣			30000		
募	mu6	mu5	mu4	赣			120000		
勤	tɕʰin2	qin2	qin2	赣			145000		
勰	ɕiet8	xiet7	xie2	赣			74584		
勺	sɔʔ8	sok7	shao2	赣			120000		
勾	kiɛu1	gieu1	gou1	赣			210000		
勿	ut7	wut6	wu4	赣			120000		
匀	yn5	yun4	yun2	赣			120000		
包	pau1	bau1	bao1	赣			325000		
匆	tsʰuŋ1	cung1	cong1	赣			145000		
匈	ɕiuŋ1	xiung1	xiong1	赣			120000		
匍	pʰu2	pu2	pu2	赣			175000	趴	
匏	pʰau2	pau2	pao2	赣			71555		
匐	pʰet8	pet7	fu2	赣			74802	趴	
匕	pi3	bi3	bi3	赣			105633		
化	ɸᴀ5	fa4	hua4	赣			370000		
北	pɛt7	bet6	bei3	赣			235000		
匙	sɿ0	si0	shi5	赣			120000		
匙	tsʰɿ2	ci2	shi5	赣			120000		
匠	tɕʰiɔŋ6	qiong5	jiang4	赣			120000		
匡	kʰuoŋ1	kuong1	kuang1	赣			90000		
匣	hat7	hat6	xia2	赣			120000		
匦	kui3	gui3	gui3	赣			72985		
匪	fɨi3	fei3	fei3	赣			145000		
匮	kʰui6	kui5	kui4	赣			78129		
匹	pʰi2	pi2	pi3	赣			120000		
匹	pʰit7	pit6	pi3	赣			120000		
区	tɕʰy1	qyu1	qu1	赣			470000		
医	i1	yi1	yi1	赣			120000		
匾	piɛn3	bien3	bian3	赣			120000		
匿	ȵit7	nit6	ni4	赣			120000		
千	tɕʰiɛn1	qien1	qian1	赣			160000		
升	sɨn1	sen1	sheng1	赣			120000		
午	u3	wu3	wu3	赣			120000		
卉	fɨi5	fei4	hui4	赣			101225		
半	pon5	bon4	ban4	赣			125000		
华	ɸᴀ5	fa4	hua2	赣			215000		
协	ɕiɛt7	xiet6	xie2	赣			120000		
卑	pi1	bi1	bei1	赣			120000		
卒	tsuət7	zuet6	zu2	赣			120000		
卓	tsɔʔ7	zok6	zhuo2	赣			133886		
单	tan1	dan1	dan1	赣			310000		
单	sɛn6	sen5	dan1	赣			310000		
卖	kʰɔʔ7	kok6	mai4	赣			175000		
卖	mai6	mai5	mai4	赣			175000		
南	lan5	lan4	nan2	赣			180001		
博	pɔʔ7	bok6	bo2	赣			120000		
卜	pʰuʔ7	puk6	bo5	赣			120000		
卞	pʰien6	pien5	bian4	赣			77966		
卟	tɕi1	ji1	bu3	赣			75416		
占	tsɛn5	zen4	zhan4	赣			120000		
占	tsɛn1	zen1	zhan4	赣			120000		
卡	kʰa3	ka3	ka3	赣			370000		
卢	lu5	lu4	lu2	赣			120000		
卣	iu3	yiu3	you3	赣			77370		
卤	lu3	lu3	lu3	赣			120000		
卧	ŋo6	ngo5	wo4	赣			148010		又1
卫	ui6	wui5	wei4	赣			120000		
卮	tsɿ1	zi1	zhi1	赣			78594		
卯	mau3	mau3	mao3	赣			120000		
印	in5	yin4	yin4	赣			120000		
即	tɕit7	jit6	ji2	赣			270000		
却	tɕʰiɔʔ7	qiok6	que4	赣			190000		老1
卷	tɕyon5	jyuon4	juan3	赣			145000		
卷	tɕyon3	jyuon3	juan3	赣			145000		
卸	ɕia5	xia4	xie4	赣			104592		
卺	tɕin3	jin3	jin3	赣			14858		
卿	tɕʰin1	qin1	qing1	赣			120000		
厂	tsʰɔŋ3	cong3	chang3	赣			184000		
厄	ŋiɛt7	ngiet6	e4	赣			90000		
厅	tʰiaŋ1	tiang1	ting1	白			120000		
厅	tʰin1	tin1	ting1	文			120000		
历	lit7	lit6	li4	赣			145000		
厉	li6	li5	li4	赣			120000		
压	ŋat7	ngat6	ya1	赣			180000		
厌	iɛn5	yen4	yan4	赣			120000		
厍	sa5	sa4	she4	赣			101304		
厕	tsʰɛt7	cet6	ce4	赣			170000		
厘	li5	li4	li2	赣			120000		
厚	hɛu6	heu5	hou4	赣			145000		
原	ȵyon5	nyuon4	yuan2	赣			180000		老1
厢	ɕiɔŋ1	xiong1	xiang1	赣			120000		
厣	iɛn3	yen3	yan3	赣			30000		
厥	tɕyot7	jyuot6	jue2	赣			71738		
厦	ha6	ha5	sha4	赣			120000		
厨	tɕʰy2	qyu2	chu2	赣			120000		老1
厩	tɕiu5	jiu4	jiu4	赣			71975		
厮	sɿ1	si1	si1	赣			76777		
县	ɕiɛn6	xien5	xian4	赣			120000		
叁	san1	san1	san1	赣			131131		
参	tsʰan1	can1	can1	赣			120000		
又	iu6	yiu5	you4	赣			400749		
叉	tsʰa1	ca1	cha1	赣			120000		
及	tɕit7	jit6	ji2	赣			175000		新1
及	tɕʰit7	qit6	ji2	赣			175000		老1
友	iu3	yiu3	you3	赣			155000		
双	sɔŋ1	song1	shuang1	赣			120000		
反	fan3	fan3	fan3	赣			145000		
发	fat7	fat6	fa1	赣			370000		
叔	suʔ7	suk6	shu1	赣			120000		
取	tɕʰy3	qyu3	qu3	赣			190000		
受	seu6	seu5	shou4	赣			155000		本1
变	piɛn5	bien4	bian4	赣			270000		
叙	ɕy6	xyu5	xu4	赣			109332		
叛	pʰon3	pon3	pan4	赣			120000		
叟	seu3	seu3	sou3	赣			72730		
叠	tʰiet7	tiet6	die2	赣			115724		
口	kʰiɛu3	kieu3	kou3	赣			370000		
句	tɕy5	jyu4	ju4	赣			222807		
另	lin6	lin5	ling4	赣			102964		
叨	tʰau1	tau1	dao1	赣			104761		
叩	kʰiɛu3	kieu3	kou4	赣			120000		
只	tsɨt7	zet6	zhi3	赣			386050		老1
叫	tɕiɛu5	jieu4	jiao4	赣			370000		
召	tsʰɛu6	ceu5	zhao4	赣			120000		老1
叭	pa0	ba0	ba1	赣			170000		
叮	tin1	din1	ding1	文			120000		
叮	tiaŋ1	diang1	ding1	白			120000		
可	kʰo3	ko3	ke3	赣			370000		
台	tʰai2	tai2	tai2	赣			155000		
史	sɿ3	si3	shi3	赣			145000		
右	iu6	yiu5	you4	赣			150000		
叵	pʰo3	po3	po3	赣			77269		
叶	iɛt7	yet6	ye4	赣			120000		
号	hau6	hau5	hao4	赣			240000		
号	hau2	hau2	hao4	赣			240000		
司	sɿ1	si1	si1	赣			120000		
叹	tʰan3	tan3	tan4	赣			120000		
叼	tieu1	dieu1	diao1	赣			105798		
叽	tɕi1	ji1	ji1	赣			120000		
吁	ɕy1	xyu1	xu1	赣			104996		
各	kɔʔ7	gok6	ge4	赣			140000		
吆	ieu1	yeu1	yao1	赣			104620		
合	hot7	hot6	he2	赣			200000		
吉	tɕit7	jit6	ji2	赣			175000		
吊	tiɛu5	dieu4	diao4	赣			145000		
同	tʰuŋ2	tung2	tong2	赣			370000		
后	hɛu6	heu5	hou4	赣			374793		
吏	li6	li5	li4	赣			103563		
吐	tʰu3	tu3	tu3	赣			170000		
向	ɕiɔŋ5	xiong4	xiang4	赣			225000		
吕	li3	li3	lv3	赣			120000		
吕	ly3	lyu3	lv3	赣			120000		
吗	ma3	ma3	ma5	赣			370000		
君	tɕyn1	jyun1	jun1	赣			120000		
吝	lin6	lin5	lin4	赣			102803		
吞	tʰɛn1	ten1	tun1	赣			160000		本1
吞	tʰun1	tun1	tun1	赣			160000		又1
吟	ȵin5	nin4	yin2	赣			109578		
吠	fɨi6	fei5	fei4	赣			100574		
吡	pʰi3	pi3	bi3	赣			72828		
否	fɛu3	feu3	fou3	赣			155000		
吧	pa1	ba1	ba5	赣			311606		
吨	tin1	din1	dun1	赣			101119		
吩	fɨn1	fen1	fen1	赣			120000		
含	hon2	hon2	han2	赣			130000		
吭	hɔŋ2	hong2	keng1	赣			108120		
启	tɕʰi3	qi3	qi3	赣			120000		
吱	tsɿ1	zi1	zhi1	赣			103969		
吴	u5	wu4	wu2	赣			245000		
吵	tsʰau3	cau3	chao3	赣			120000		
吸	ɕit7	xit6	xi1	赣			120000		
吹	tsʰui1	cui1	chui1	赣			120000		
吻	uən3	wun3	wen3	赣			145000		
吼	hɛu3	heu3	hou3	赣			130000		
呀	ŋa5	nga4	ya5	赣			375300		
呃	ŋiɛt7	ngiet6	e4	赣			90000		
呈	tsʰɨn2	cen2	cheng2	赣			125000		
告	kau5	gau4	gao4	赣			120000		
呐	lat7	lat6	na4	赣			103619		
呓	ȵi6	ni5	yi4	赣			76490		
呕	ŋiɛu3	ngieu3	ou3	赣			170000		
呗	pi5	bi4	bei5	赣			70051		
员	yon5	yuon4	yuan2	赣			225000		
呙	kʰua1	kua1	guo1	赣			18974		
呛	tɕʰiɔŋ3	qiong3	qiang1	赣			120000		
呜	u1	wu1	wu1	赣			120000		
呢	ȵi5	ni4	ne5	赣			350000		
呦	iu1	yiu1	you1	赣			76856		
周	tsɛu1	zeu1	zhou1	赣			370000		本1
呱	kua1	gua1	gu1	赣			90000		
味	ui6	wui5	wei4	赣			145000		
呵	ho1	ho1	he1	赣			120000		
呶	lau5	lau4	nao2	赣			102541		
呷	hat7	hat6	ga1	赣			106712		
呻	sɨn1	sen1	shen1	赣			104829		
咆	pʰau2	pau2	pao2	赣			75949		
咋	tsa3	za3	za3	赣			100525		
和	fo6	fo5	he2	赣	哄	hong3	805815		
咏	iuŋ6	yung5	yong3	赣			120000		
咐	fu0	fu0	fu4	赣			120000		
咒	tsɛu5	zeu4	zhou4	赣			145000		
咕	ku1	gu1	gu1	赣			104335		
咖	kʰa1	ka1	ka1	赣			101072		
咙	luŋ5	lung4	long2	赣			120000		
咛	lin5	lin4	ning2	赣			105083		
咤	tsa1	za1	zha4	赣			106143		
咦	i5	yi4	yi2	赣			73774		
咧	liet7	liet6	lie3	赣			130558		
咨	tsɿ1	zi1	zi1	赣			102506		
咪	mi1	mi1	mi1	赣			105952		
咫	tsɿ3	zi3	zhi3	赣			77280		
咬	ŋau3	ngau3	yao3	赣			120000		
咱	tsʰan2	can2	zan2	赣			157973		
咳	kʰiɛt7	kiet6	ke2	赣			120000		
咸	han2	han2	xian2	赣			120000		老1
咻	ɕy3	xyu3	xiu1	赣			108087		
咽	ien1	yen1	yan4	赣			104563		
咿	ȵi1	ni1	yi1	赣			73519		
哀	ŋai1	ngai1	ai1	赣			120000		
哀	ŋai2	ngai2	ai1	赣			120000		
品	pʰin3	pin3	pin3	赣			145000		
哄	fuŋ3	fung3	hong3	赣			125000		
哆	tsʰɿ3	ci3	duo1	赣			103112		
哇	ua1	wa1	wa5	赣			107830		
哈	ha1	ha1	ha1	赣			190000		
哉	tsai1	zai1	zai1	赣			120000		
响	ɕiɔŋ3	xiong3	xiang3	赣			120000		
哎	ai1	ai1	ai1	赣			129707		
哑	ŋa3	nga3	ya3	赣			120000		
哗	fa1	fa1	hua1	赣			108070		
哙	kʰuai3	kuai3	kuai4	赣			71272		
哝	lɔŋ5	long4	nong2	赣			106890		
哟	iɔʔ7	yok6	yo1	赣			102278		
哥	ko1	go1	ge1	赣			145000		
哦	ŋo5	ngo4	o2	赣			415030		
哨	sau5	sau4	shao4	赣			125000		
哩	li3	li3	li1	赣			342225		
哪	la3	la3	na3	赣			265000		
哭	kʰuʔ7	kuk6	ku1	赣			145000		
哮	hau1	hau1	xiao1	赣			105535		
哲	tsɛt7	zet6	zhe2	赣			124000		
哺	pʰu6	pu5	bu3	赣			109543		
哼	hɛn1	hen1	heng1	赣			120000		
哽	kiɛn3	gien3	geng3	赣			90000		
唁	ȵien6	nien5	yan4	赣			103728		
唆	so1	so1	suo1	赣			175000		本1
唇	sun5	sun4	chun2	赣			150000		老1
唉	ŋai1	ngai1	ai1	赣			107022		
唏	ɕi1	xi1	xi1	赣			79667		
唐	tʰɔŋ2	tong2	tang2	赣			120000		
唠	lau2	lau2	lao2	赣			160000		
唤	fon6	fon5	huan4	赣			120000		
唧	tɕit7	jit6	ji1	赣			105335		
唬	fu3	fu3	hu3	赣			105711		
唯	ui5	wui4	wei2	赣			105512		
唱	tsʰɔŋ3	cong3	chang4	赣			120000		
唾	tʰo3	to3	tuo4	赣			103590		
啁	tsau1	zau1	zhao1	赣			76402		
啃	kʰiɛn3	kien3	ken3	赣			120000		
啄	tɔʔ7	dok6	zhuo2	赣			145000		
商	sɔŋ1	song1	shang1	赣			120000		
啊	ŋa1	nga1	a5	赣			382439		
啕	tʰau2	tau2	tao2	赣			79043		
啖	tʰan6	tan5	dan4	赣			75531		
啡	fɨi1	fei1	fei1	赣			145000		
啤	pʰi2	pi2	pi2	赣			100695		
啥	sa3	sa3	sha2	赣			129630		
啦	la1	la1	la5	赣			230193		
啧	tset7	zet6	ze2	赣			107220		
啬	sɛt7	set6	se4	赣			120000		
啭	tson5	zon4	zhuan4	赣			75941		
啰	lo1	lo1	luo1	赣			370000		
啰	lo5	lo4	luo1	赣			370000		
啴	tʰan1	tan1	chan3	赣			18445		
啸	ɕieu5	xieu4	xiao4	赣			100415		
啻	sɿ5	si4	chi4	赣			79881		
啼	tʰi2	ti2	ti2	赣			120000		
喀	kʰiet7	kiet6	ka1	赣			123445		
喂	ui5	wui4	wei4	赣			120000		
喃	lan5	lan4	nan2	赣			126698		
善	sɛn6	sen5	shan4	赣			120000		
喇	la6	la5	la3	赣			145000		
喈	kai1	gai1	jie1	赣			70322		
喉	hɛu2	heu2	hou2	赣			125000		
喊	han3	han3	han3	赣			120000		
喋	tsʰat8	cat7	die2	赣			100451		
喑	ŋon1	ngon1	yin1	赣			73550		
喔	ŋɔʔ7	ngok6	o1	赣			271019		老1
喘	tsʰon5	con4	chuan3	赣			145000		
喜	ɕi3	xi3	xi3	赣			130000		
喝	hot7	hot6	he1	赣			135000		
喟	kʰuai3	kuai3	kui4	赣			79632		
喤	fen1	fen1	huang2	赣			10032		
喧	ɕyon1	xyuon1	xuan1	赣			120000		
喳	tsa1	za1	zha1	赣			104372		
喷	fɨn5	fen4	pen1	赣			170000		老1
喷	pʰən1	pen1	pen1	赣			170000		新1
喻	y6	yu5	yu4	赣			120000		
喽	lɛu5	leu4	lou2	赣			90000		
喾	kʰuʔ7	kuk6	ku4	赣			77626		
嗄	hɔʔ7	hok6	a2	赣			101977		
嗅	ɕiuŋ5	xiung4	xiu4	赣			120000		
嗉	su5	su4	su4	赣			79215		
嗌	it7	yit6	ai4	赣			77861		
嗑	kot7	got6	ke1	赣			103266		
嗒	tat7	dat6	da1	赣			71331		
嗓	sɔŋ3	song3	sang3	赣			120000		
嗜	sɿ6	si5	shi4	赣			108050		
嗝	kie6	gie5	ge2	赣			90000		
嗞	tsɿ1	zi1	zi1	赣			70043		
嗟	tsᴀ1	za1	jie1	赣			120000		
嗡	uŋ1	wung1	weng1	赣			108149		
嗣	sɿ6	si5	si4	赣			102743		
嗤	tsʰɿ1	ci1	chi1	赣			77494		
嗥	hau2	hau2	hao2	赣			90000		
嗦	so1	so1	suo5	赣			105998		
嗷	ŋau5	ngau4	ao2	赣			70966		
嗽	seu5	seu4	sou4	赣			102097		
嗾	sɛu1	seu1	sou3	赣			90000		
嘀	tset7	zet6	di2	赣			106867		
嘁	tsat7	zat6	qi1	赣			146478		
嘈	tsʰau2	cau2	cao2	赣			72281		
嘉	ka1	ga1	jia1	赣			120000		
嘌	pʰieu1	pieu1	piao4	赣			79926		
嘎	kat7	gat6	ga1	赣			315000	现在/这下	
嘏	ka3	ga3	gu3	赣			16565		
嘘	ɕy1	xyu1	xu1	赣			90000		
嘤	in1	yin1	ying1	赣			70260		
嘬	tsʰui3	cui3	chuai4	赣			70018		
嘱	tsuʔ7	zuk6	zhu3	赣			120000		
嘲	tsau1	zau1	chao2	赣			103946		
嘴	tsui3	zui3	zui3	赣			120000		
嘶	ɕi1	xi1	si1	赣			154749		又1
嘹	lieu5	lieu4	liao2	赣			103469		
嘻	ɕi1	xi1	xi1	赣			120000		
嘿	het7	het6	hei1	赣			109534		
噌	tsʰen1	cen1	ceng1	赣			75746		
噍	tɕʰiɛu6	qieu5	jiao4	赣			90000		
噎	iɛt7	yet6	ye1	赣			90000		
噢	y3	yu3	o1	赣			170176		
噤	tɕʰin6	qin5	jin4	赣			90000		
器	tɕʰi3	qi3	qi4	赣			120000		
噩	ŋɔʔ7	ngok6	e4	赣			105692		
噪	tsau5	zau4	zao4	赣			107674		
噬	sɿ6	si5	shi4	赣			71642		
噱	tɕʰiɔʔ8	qiok7	jue2	赣			86824		老1
嚄	fet8	fet7	huo1	赣			73416		
嚅	ɵ5	o4	ru2	赣			79135		
嚎	hau2	hau2	hao2	赣			120000		
嚏	ti5	di4	ti4	赣			75364		
嚚	ȵin5	nin4	yin2	赣			17749		
嚣	ɕieu1	xieu1	xiao1	赣			145000		
嚷	lɔŋ3	long3	rang3	赣			105287		
嚼	tɕʰiɔʔ8	qiok7	jue2	赣			225000		本1
嚼	tɕioʔ7	jiok6	jue2	赣			225000		又1
囊	lɔːŋ5	long4	nang2	赣			120000		
囚	tɕʰiu2	qiu2	qiu2	赣			120000		
四	sɿ5	si4	si4	赣			360000		
回	fɨi5	fei4	hui2	赣			285000		
囟	ɕin5	xin4	xin4	赣			76873		
因	in1	yin1	yin1	赣			120000		
团	tʰon2	ton2	tuan2	赣			120000		
囤	tʰɨn2	ten2	dun4	赣			125000		老1
园	yon5	yuon4	yuan2	赣			145000		
园	yon5	yuon4	yuan2	赣			145000		
困		kun3	kun4	赣			120000		
囱	ɕin5	xin4	cong1	赣			120000		
围	ui5	wui4	wei2	赣			120000		
国	kuɛt7	guet6	guo2	赣			329470		
图	tʰu2	tu2	tu2	赣			165000		
圃	pu3	bu3	pu3	赣			104063		
圄	ȵy3	nyu3	yu3	赣			76088		
圆	yon5	yuon4	yuan2	赣			170000		
圈	tɕʰyon1	qyuon1	quan1	赣			225000		
圉	ȵy3	nyu3	yu3	赣			78536		
圊	tɕʰin1	qin1	qing1	赣			72381		
圜	fan5	fan4	huan2	赣			79884		
土	tʰu3	tu3	tu3	赣			145000		
圣	sɨn5	sen4	sheng4	赣			120000		
在	tsʰai6	cai5	zai4	赣			431978		本1
圬	u1	wu1	wu1	赣			71824		
圭	kui1	gui1	gui1	赣			72578		
圮	pʰi6	pi5	pi3	赣			77546		
圯	i5	yi4	yi2	赣			74046		
地	tʰi6	ti5	di4	赣			370541		
圹	kʰuɔŋ3	kuong3	kuang4	赣			70305		
场	tsʰɔŋ2	cong2	chang3	赣			154865		
场	tsʰɔŋ3	cong3	chang3	赣			145000		
圾	sat7	sat6	ji1	赣			101059		
址	tsɿ3	zi3	zhi3	赣			120000		
坂	fan3	fan3	ban3	赣			72878		
均	tɕyn1	jyun1	jun1	赣			155000		
坊	fɔŋ5	fong4	fang1	赣			130000		
坎	kʰan3	kan3	kan3	赣			120000		
坏	fai6	fai5	huai4	赣			205000		
坐	tsʰo6	co5	zuo4	赣			175000		
块	kʰuai3	kuai3	kuai4	赣			170000		
坚	tɕiɛn1	jien1	jian1	赣			120000		
坛	tʰan2	tan2	tan2	赣			120000		
坛	tʰon5	ton4	tan2	赣			120000		
坝	pa5	ba4	ba4	赣			104794		
坞	u3	wu3	wu4	赣			70980		
坟	fɨn5	fen4	fen2	赣			120000		
坠	tsʰui6	cui5	zhui4	赣			120000		
坡	po1	bo1	po1	赣			120000		
坤		kun1	kun1	赣			120000		
坦	tʰan3	tan3	tan3	赣			120000		
坭	ȵi3	ni3	ni2	赣			74087		
坯	pʰi1	pi1	pi1	赣			104096		
坳	ŋau1	ngau1	ao4	赣			72351		
坷	kʰo3	ko3	ke3	赣			106334		
垂	tsʰui2	cui2	chui2	赣			120000		
垃	lat7	lat6	la1	赣			100322		
垄	luŋ3	lung3	long3	赣			120000		
垆	lu5	lu4	lu2	赣			72032		
型	ɕin5	xin4	xing2	赣			106597		
垍	tɕʰi6	qi5	ji4	赣			10969		
垒	lui3	lui3	lei3	赣			102790		老1
垓	kai1	gai1	gai1	赣			75521		
垛	tʰo6	to5	duo3	赣			120000	摞	
垠	in5	yin4	yin2	赣			90000		
垡	fat8	fat7	fa2	赣			77853		
垢	kiɛu3	gieu3	gou4	赣			120000		
垣	yon5	yuon4	yuan2	赣			76240		
垤	tʰiet8	tiet7	die2	赣			71622		
垦	kʰiɛn3	kien3	ken3	赣			120000		
垩	ŋɔʔ7	ngok6	e4	赣			78006		
垫	tʰiɛn6	tien5	dian4	赣			170000		
垮	kʰua3	kua3	kua3	赣			145000		
垲	kʰai3	kai3	kai3	赣			17228		
垸	fon5	fon4	yuan4	赣			75048		
埂	kien1	gien1	geng3	赣			150200		
埃	ŋai1	ngai1	ai1	赣			120000		
埋	mai5	mai4	mai2	赣			120000		
埏	sen1	sen1	shan1	赣			15971		
埒	lot7	lot6	lie4	赣			79482		
埘	sɿ5	si4	shi2	赣			72675		
埙	ɕyon1	xyuon1	xun1	赣			77657		
埚	kuo1	guo1	guo1	赣			79394		
埝	tien5	dien4	nian4	赣			78523		
域	yt7	yut6	yu4	赣			195000		
埠	pʰu0	pu0	bu4	赣			145000		
埭	tʰai6	tai5	dai4	赣			70305		
埯	ŋon3	ngon3	an3	赣			109891		
埴	tsʰɿ3	ci3	zhi2	赣			74196		
埸	it7	yit6	yi4	赣			72961		
培	pʰi2	pi2	pei2	赣			109684		
基	tɕi1	ji1	ji1	赣			120000		
埽	sau3	sau3	sao4	赣			71434		
堂	tʰɔŋ2	tong2	tang2	赣			120000		
堆	tui1	dui1	dui1	赣			195000		
堇	tɕin3	jin3	jin3	赣			72874		
堉	yt7	yut6	yu4	赣			71000		
堋	pen5	ben4	peng2	赣			77439		
堑	tɕʰien3	qien3	qian4	赣			72753		
堕	tʰo6	to5	duo4	赣			120000		
堙	in1	yin1	yin1	赣			73558		
堞	tʰiet8	tiet7	die2	赣			70302		
堠	heu6	heu5	hou4	赣			19445		
堡	pau3	bau3	bao3	赣			120000		
堤	tʰi2	ti2	di1	赣			120000		
堪	kʰon1	kon1	kan1	赣			145000		
堰	ien3	yen3	yan4	赣			104782		
堵	tu3	du3	du3	赣			120000		
塈	tɕʰi6	qi5	ji4	赣			16831		
塌	tʰat7	tat6	ta1	赣	误点/错过	wu4 dian3/cuo4 guo4	120000	擦	
塍	sɨn5	sen4	cheng2	赣			120000		
塑	su5	su4	su4	赣			120000		
塔	tʰat7	tat6	ta3	赣			120000		
塘	tʰɔŋ2	tong2	tang2	赣			120000		
塞	sɛt7	set6	sai1	赣			230000		
填	tʰiɛn2	tien2	tian2	赣			180000		
塾	suʔ7	suk6	shu2	赣			90000		
墀	tsʰɿ2	ci2	chi2	赣			77552		
墁	mon5	mon4	man4	赣			71373		
境	tɕin5	jin4	jing4	赣			120000		
墅	ɕy6	xyu5	shu4	赣			106835		老1
墉	iuŋ5	yung4	yong1	赣			79668		
墓	mu6	mu5	mu4	赣			120000		
墙	tɕʰiɔŋ2	qiong2	qiang2	赣			120000		
增	tsɛn1	zen1	zeng1	赣			120000		
墟	ɕy1	xyu1	xu1	赣			109731		
墦	fan5	fan4	fan2	赣			12175		
墩	tɨn1	den1	dun1	赣			120000		
墼	tɕit7	jit6	ji1	赣			78833		
壅	iuŋ1	yung1	yong1	赣			90000		
壑	hɔʔ7	hok6	he4	赣			72620		
壕	hau2	hau2	hao2	赣			90000		
壤	lɔŋ3	long3	rang3	赣			107428		
士	sɿ6	si5	shi4	赣			145000		
壬	lɨn5	len4	ren2	赣			120000		
壮	tsɔŋ5	zong4	zhuang4	赣			120000		
壳	kʰoʔ7	kok6	ke2	赣			145000		
壶	fu5	fu4	hu2	赣			120000		
壹	it7	yit6	yi1	赣			101507		
处	tsʰu3	cu3	chu4	赣			370000		新1
备	pʰi5	pi4	bei4	赣			120000		
复	fuʔ7	fuk6	fu4	赣			195000		
夏	ha6	ha5	xia4	赣			120000		
夔	kʰui2	kui2	kui2	赣			76410		
夕	ɕit7	xit6	xi1	赣			120000		
外	uai6	wai5	wai4	赣			260000		
夙	ɕiuʔ7	xiuk6	su4	赣			72347		老1
多	to1	do1	duo1	赣			390000		
夜	ia6	ya5	ye4	赣			225000		
够	kiɛu5	gieu4	gou4	赣			205000		
夤	in5	yin4	yin2	赣			72571		
伙	fo3	fo3	huo3	赣			120000		
大	tʰo6	to5	da4	赣			394099		
大	tʰai6	tai5	da4	赣			394099		
天	tʰiɛn1	tien1	tian1	赣			250000		
太	tʰai3	tai3	tai4	赣			370000		
夫	fu1	fu1	fu1	赣			145000		
夬	kuai5	guai4	guai4	赣			78966		
夭	ŋau3	ngau3	yao1	赣			101772		
央	iɔŋ1	yong1	yang1	赣			120000		
夯	pʰən6	pen5	hang1	赣			101019		
失	sɨt7	set6	shi1	赣			125000		老2
头	tʰɛu2	teu2	tou2	赣			245000		
夷	i5	yi4	yi2	赣			120000		
夸	kʰua1	kua1	kua1	赣			120000		
夹	kat7	gat6	jia1	赣			255000		
夺	tʰot7	tot6	duo2	赣			195000		老1
奂	fon5	fon4	huan4	赣			79532		
奄	ien3	yen3	yan3	赣			77897		
奇	tɕʰi2	qi2	qi2	赣			145000		
奈	lai6	lai5	nai4	赣			120000		
奉	fuŋ6	fung5	feng4	赣			120000		
奋	ɸən5	fen4	fen4	赣			120000		
奎	kʰui2	kui2	kui2	赣			90000		
奏	tsɛu5	zeu4	zou4	赣			120000		
契	tɕʰi3	qi3	qi4	赣			120000		
奔	pɨn5	ben4	ben1	赣			120000		
奕	it7	yit6	yi4	赣			79495		
奖	tɕiɔŋ3	jiong3	jiang3	赣			120000		
套	tʰau3	tau3	tao4	赣			125000		
奘	tsʰɔŋ6	cong5	zang4	赣			79570		
奚	ɕi1	xi1	xi1	赣			90000		
奠	tʰiɛn6	tien5	dian4	赣			120000		
奢	sa1	sa1	she1	赣			120000		
奥	ŋau5	ngau4	ao4	赣			155000		
奴	lu5	lu4	nu2	赣			120000		
奸	kan1	gan1	jian1	赣			120000		
她	tʰa1	ta1	ta1	官			246424		
好	hau3	hau3	hao3	赣			370000		
妁	tsɔʔ7	zok6	shuo4	赣			74710		
妃	fɨi1	fei1	fei1	赣			145000		
妄	uɔŋ6	wong5	wang4	赣			108099		
妆	tsɔŋ1	zong1	zhuang1	赣			120000		
妇	fu6	fu5	fu4	赣			120000		
妈	ma1	ma1	ma1	赣			145000		
妊	lɨn6	len5	ren4	赣			70401		
妍	ȵiɛn2	nien2	yan2	赣			90000		老1
妒	tu5	du4	du4	赣			120000		
妓	tɕʰi6	qi5	ji4	赣			120000		
妖	iɛu1	yeu1	yao1	赣			120000		
妗	han1	han1	jin4	赣			106577		
妙	miɛu6	mieu5	miao4	赣			145000		
妣	pi3	bi3	bi3	赣			90000		
妤	y5	yu4	yu2	赣			74318		
妥	tʰo3	to3	tuo3	赣			145000		
妨	fɔŋ5	fong4	fang2	赣			120000		
妩	u3	wu3	wu3	赣			101074		
妪	y5	yu4	yu4	赣			77218		
妫	kui1	gui1	gui1	赣			72905		
妯	tsɛu1	zeu1	zhou2	赣			132456		
妲	tat7	dat6	da2	赣			70178		
妹	mi6	mi5	mei4	赣			130000		
妻	tɕʰi1	qi1	qi1	赣			120000		
妾	tɕʰiɛt7	qiet6	qie4	赣			120000		
姆	m6	m5	mu3	赣			145000		
姊	tsɿ3	zi3	zi3	赣			120000		
始	sɿ3	si3	shi3	赣			120000		
姐	tɕia3	jia3	jie3	赣			145000		
姒	sɿ6	si5	si4	赣			73758		
姓	ɕiaŋ5	xiang4	xing4	白			145000		
委	ui3	wui3	wei3	赣			140000		
姗	san1	san1	shan1	赣			71980		
姘	pʰin1	pin1	pin1	赣			90000		
姚	iɛu5	yeu4	yao2	赣			120000		
姜	tɕiɔŋ1	jiong1	jiang1	赣			145000		
姝	tɕʰy1	qyu1	shu1	赣			76637		
姞	tɕʰit8	qit7	ji2	赣			10329		
姣	kau3	gau3	jiao1	赣			77083		
姥	mu3	mu3	lao3	赣			104815		
姨	i5	yi4	yi2	赣			120000		
姬	tɕi1	ji1	ji1	赣			73601		
姹	tu5	du4	cha4	赣			107348		
姻	in1	yin1	yin1	赣			120000		
姽	kui3	gui3	gui3	赣			19877		
姿	tsɿ1	zi1	zi1	赣			120000		
威	ui1	wui1	wei1	赣			120000		
娃	ua2	wa2	wa2	赣			120000		
娄	li5	li4	lou2	赣			102331		
娅	ŋa5	nga4	ya4	赣			71302		
娆	leu3	leu3	rao2	赣			71175		
娇	tɕiɛu1	jieu1	jiao1	赣			120000		
娈	lon3	lon3	luan2	赣			75846		
娉	pʰin3	pin3	ping1	赣			70966		
娌	li3	li3	li3	赣			73590		
娑	so1	so1	suo1	赣			79296		
娓	ui3	wui3	wei3	赣			77188		
娜	la6	la5	na4	赣			100370		
娟	tɕyon1	jyuon1	juan1	赣			109714		
娠	sɨn1	sen1	shen1	赣			90000		
娣	tʰi6	ti5	di4	赣			73898		
娥	ŋo5	ngo4	e2	赣			120000		
娩	mien3	mien3	mian3	赣			75136		
娱	ȵy5	nyu4	yu2	赣			101372		
娲	kua1	gua1	wa1	赣			106778		
娴	han2	han2	xian2	赣			177516		老1
娶	tɕʰy3	qyu3	qu3	赣			120000		
婆	pʰo2	po2	po2	赣			140000		
婉	uon3	won3	wan3	赣			145000		
婕	tɕiet7	jiet6	jie2	赣			75578		
婚	fɨn1	fen1	hun1	赣			120000		
婞	ɕin6	xin5	xing4	赣			15479		
婢	pʰi6	pi5	bi4	赣			79304		
婧	tɕin1	jin1	jing4	赣			76296		
婪	lan5	lan4	lan2	赣			100720		
婳	fet8	fet7	hua4	赣			11878		
婴	in1	yin1	ying1	赣			145000		
婵	sen5	sen4	chan2	赣			72737		
婶	sɨn3	sen3	shen3	赣			145000		
婺	u6	wu5	wu4	赣			90000		
婿	ɕy5	xyu4	xu4	赣			120000		
媒	mi5	mi4	mei2	赣			145000		
媚	mi6	mi5	mei4	赣			108107		
媛	yon5	yuon4	yuan4	赣			77554		
媪	ŋau3	ngau3	ao3	赣			77046		
媲	pʰi3	pi3	pi4	赣			72247		
媳	ɕit7	xit6	xi2	赣			120000		
媵	sen6	sen5	ying4	赣			101920		
媸	tsʰɿ1	ci1	chi1	赣			78268		
媾	kieu5	gieu4	gou4	赣			75542		
嫁	ka5	ga4	jia4	赣			145000		
嫂	sau3	sau3	sao3	赣			120000		
嫉	tɕʰit7	qit6	ji2	赣			108597		老1
嫌	ɕiɛn5	xien4	xian2	赣	讨厌	tao3 yan4	145000		
嫔	pʰin2	pin2	pin2	赣			70391		
嫖	pʰiɛu2	pieu2	piao2	赣			90000		
嫚	man6	man5	man1	赣			77877		
嫠	li5	li4	li2	赣			70435		
嫡	tit7	dit6	di2	赣			90000		
嫣	ɕien1	xien1	yan1	赣			75163		
嫩	lɨn6	len5	nen4	赣			260000		新1
嫩	lun6	lun5	nen4	赣			260000		老1
嫪	lau5	lau4	lao4	赣			11588		
嫫	mu5	mu4	mo2	赣			71984		
嫱	tɕʰiɔŋ2	qiong2	qiang2	赣			73226		
嬉	ɕi1	xi1	xi1	赣			78730		
嬖	pi5	bi4	bi4	赣			71949		
嬗	tan3	dan3	shan4	赣			78682		
嬴	in5	yin4	ying2	赣			70306		
孀	sɔŋ1	song1	shuang1	赣			76005		
子	tsɿ3	zi3	zi5	赣			450000		
孑	kai3	gai3	jie2	赣			95000		
孓	kuŋ3	gung3	jue2	赣			78255		
孔	kʰuŋ3	kung3	kong3	赣			170000		
孕	yn6	yun5	yun4	赣			120000		
孕	lun6	lun5	yun4	赣			120000		
字	tsʰɿ6	ci5	zi4	赣			380000		
存	tsʰun2	cun2	cun2	赣			170000		
孙	sun1	sun1	sun1	赣			120000		
孚	fu5	fu4	fu2	赣			98499		
孛	pʰi6	pi5	bei4	赣			76409		
孜	tsɿ1	zi1	zi1	赣			72017		
孝	hau3	hau3	xiao4	赣			145000		
季	tɕi5	ji4	ji4	赣			120000		
孥	lu3	lu3	nu2	赣			73020		
学	hɔʔ8	hok7	xue2	赣			370000		本1
学	hoʔ7	hok6	xue2	赣			370000		又1
孩	hai2	hai2	hai2	赣			120000		
孰	suʔ8	suk7	shu2	赣			77700		
孱	tsʰan2	can2	can4	赣			108723		
孳	tsɿ1	zi1	zi1	赣			77000		
孵	fu1	fu1	fu1	赣			100877		
孺	ɵ6	o5	ru2	赣			123000		本1
孽	ȵiɛt7	niet6	nie4	赣			120000		
宁	lin5	lin4	ning2	赣			120000		
它	tʰa1	ta1	ta1	官			358175		
宄	kui3	gui3	gui3	赣			13910		
宅	tsʰɛt7	cet6	zhai2	赣			145000		老1
宇	y3	yu3	yu3	赣			120000		
守	seu3	seu3	shou3	赣			120000		本1
安	ŋon1	ngon1	an1	赣			245000		
宋	suŋ5	sung4	song4	赣			145000		
宏	fɛn2	fen2	hong2	赣			125000		本1
宏	ɸʊŋ5	fung4	hong2	赣			125000		又1
宓	mɛt7	met6	mi4	赣			70631		
宕	tʰɔŋ6	tong5	dang4	赣			75870		
宗	tsuŋ1	zung1	zong1	赣			170000		
宙	tsɛu6	zeu5	zhou4	赣			104086		本1
宛	uon6	won5	wan3	赣			120000		
宝	pau3	bau3	bao3	赣			170000		
实	sɿʔ7	sik6	shi2	赣			350000		新1
宠	tsʰuŋ3	cung3	chong3	赣			120000		
审	sɨn3	sen3	shen3	赣			120000		
宣	ɕyon1	xyuon1	xuan1	赣			145000		
室	sɨt7	set6	shi4	赣			120000		老1
宥	iu6	yiu5	you4	赣			73766		
宦	fan6	fan5	huan4	赣			100325		
宪	ɕiɛn3	xien3	xian4	赣			170000		
宪	ɕien5	xien4	xian4	赣			170000		
宫	kuŋ1	gung1	gong1	赣			125000		
宬	tsʰen2	cen2	cheng2	赣			19723		
宰	tsai3	zai3	zai3	赣			120000		
害	hai6	hai5	hai4	赣			120000		
宴	iɛn5	yen4	yan4	赣			120000		新1
宴	ŋæn5	ngan4	yan4	赣			120000		老1
宵	ɕiɛu1	xieu1	xiao1	赣			120000		
家	ka1	ga1	jia1	赣			370000		
宸	sɨn5	sen4	chen2	赣			76074		
容	iuŋ5	yung4	rong2	赣			150000		老1
宽	kʰuon1	kuon1	kuan1	赣			125000		
宿	ɕiuʔ7	xiuk6	su4	赣			125000		老1
寂	tɕʰit7	qit6	ji4	赣			103382		老1
寄	tɕi5	ji4	ji4	赣			120000		
寅	in5	yin4	yin2	赣			120000		
寇	kʰiɛu3	kieu3	kou4	赣			120000		
富	fu5	fu4	fu4	赣			150000		
寐	mi6	mi5	mei4	赣			76565		
寒	hon2	hon2	han2	赣			120000		
寓	ȵy6	nyu5	yu4	赣			106824		
寝	tɕʰin3	qin3	qin3	赣			120000		
寞	mɔʔ7	mok6	mo4	赣			120000		
察	tsʰat7	cat6	cha2	赣			120000		
寤	u6	wu5	wu4	赣			79173		
寥	lieu5	lieu4	liao2	赣			108111		
寨	tsʰai6	cai5	zhai4	赣			120000		
寮	lieu5	lieu4	liao2	赣			73948		
寰	fan5	fan4	huan2	赣			77884		
寸	tsʰun3	cun3	cun4	赣			120000		
对	tui5	dui4	dui4	赣			434674		
寺	sɿ6	si5	si4	赣			120000		
导	tʰau6	tau5	dao3	赣			195000		老1
寿	seu6	seu5	shou4	赣			145000		本1
封	fuŋ1	fung1	feng1	赣			120000		
射	sa6	sa5	she4	赣			120000		
将	tɕiɔŋ1	jiong1	jiang1	赣			372305		
将	tɕiɔŋ5	jiong4	jiang1	赣			372305		
尉	ui5	wui4	wei4	赣			103062		
尊	tsun1	zun1	zun1	赣			120000		
小	ɕiɛu3	xieu3	xiao3	赣			370000		
少	sɛu3	seu3	shao3	赣			370000		
尖	tɕiɛn1	jien1	jian1	赣			145000		
尘	tsʰɨn2	cen2	chen2	赣			130000		
尚	sɔŋ6	song5	shang4	赣			120000		
尝	sɔŋ5	song4	chang2	赣			145000		
尤	iu5	yiu4	you2	赣			145000		
尥	pʰau2	pau2	liao4	赣			70586		
尧	ȵieu5	nieu4	yao2	赣			175000		老1
尬	kai5	gai4	ga4	赣			120000		
就	tɕʰiu6	qiu5	jiu4	赣			523122		
尸	sɿ1	si1	shi1	赣			123000		本1
尹	in3	yin3	yin3	赣			90000		
尻	kʰau1	kau1	kao1	赣			76886		
尼	ȵi5	ni4	ni2	赣			120000		
尽	tɕin3	jin3	jin3	赣			120000	总	新1
尽	tɕʰin6	qin5	jin3	赣			120000		老1
尿	ȵiɛu6	nieu5	niao4	赣			130000		
屁	pʰi3	pi3	pi4	赣			120000		
层	tsʰɛn2	cen2	ceng2	赣			330000		
屃	xi6	xi5	xi4	赣			30000		
居	tɕy1	jyu1	ju1	赣			120000		
屈	tɕʰyt7	qyut6	qu1	赣			120000		
屉	tʰi0	ti0	ti4	赣			120000		
届	kai5	gai4	jie4	赣			120000		
屎	sɿ3	si3	shi3	赣			155000		又1
屏	pʰin2	pin2	ping2	赣			150000		
屐	tɕit8	jit7	ji1	赣			115000		
屑	ɕiɛt7	xiet6	xie4	赣			145000		
展	tsɛn3	zen3	zhan3	赣			261054		
属	suʔ8	suk7	shu3	赣			120000		
屠	tʰu2	tu2	tu2	赣			120000		
屡	ly3	lyu3	lv3	赣			120000		
屣	sɿ3	si3	xi3	赣			74125		
履	ly3	lyu3	lv3	赣			120000		
屦	tɕy5	jyu4	ju4	赣			70153		
屯	tʰɨn2	ten2	tun2	赣			106208		老1
山	san1	san1	shan1	赣			245000		
屹	ȵit7	nit6	yi4	赣			100601		
屺	tɕʰi3	qi3	qi3	赣			74370		
屿	ɕy6	xyu5	yu3	赣			108351		
岁	sui5	sui4	sui4	赣			120000		
岂	tɕʰi3	qi3	qi3	赣			120000		
岈	ha1	ha1	ya2	赣			72216		
岌	ȵit7	nit6	ji2	赣			71349		
岍	tɕʰien1	qien1	qian1	赣			14811		
岐	tɕʰi2	qi2	qi2	赣			73440		
岑	tsʰen2	cen2	cen2	赣			90000		
岔	tsʰa3	ca3	cha4	赣			120000		
岖	tɕʰy1	qyu1	qu1	赣			101411		
岗	kɔŋ1	gong1	gang3	赣			120000		
岘	ɕien6	xien5	xian4	赣			77563		
岚	lan5	lan4	lan2	赣			73970		
岛	tau3	dau3	dao3	赣			120000		
岢	kʰo3	ko3	ke3	赣			77310		
岣	tɕy1	jyu1	gou3	赣			76660		
岩	ŋan5	ngan4	yan2	赣			100329		
岫	tɕʰiu6	qiu5	xiu4	赣			71391		
岱	tʰai6	tai5	dai4	赣			76662		
岳	ŋɔʔ7	ngok6	yue4	赣			120000		老1
岵	fu6	fu5	hu4	赣			14947		
岷	min5	min4	min2	赣			75603		
岸	ŋon6	ngon5	an4	赣			120000		
岿	kʰui1	kui1	kui1	赣			78379		
峄	it7	yit6	yi4	赣			74408		
峋	ɕyn1	xyun1	xun2	赣			75875		
峒	tʰuŋ2	tung2	dong4	赣			79382		
峙	tsʰɿ6	ci5	zhi4	赣			74466		
峡	hat8	hat7	xia2	赣			170000		
峣	ȵieu5	nieu4	yao2	赣			75598		
峤	tɕʰieu6	qieu5	jiao4	赣			77046		
峥	tsʰen2	cen2	zheng1	赣			75167		
峦	lon5	lon4	luan2	赣			103758		
峭	tɕʰieu3	qieu3	qiao4	赣			107426		
峰	fuŋ1	fung1	feng1	赣			120000		
峻	ɕyn5	xyun4	jun4	赣			103255		
崃	lai5	lai4	lai2	赣			70649		
崆	kʰɔŋ1	kong1	kong1	赣			73803		
崇	tsʰuŋ2	cung2	chong2	赣			120000		
崎	tɕʰi1	qi1	qi2	赣			107082		
崔	tsʰui1	cui1	cui1	赣			120000		
崖	ŋai5	ngai4	ya2	赣			103709		
崛	tɕʰyt8	qyut7	jue2	赣			104973		
崞	kuɔʔ7	guok6	guo1	赣			16611		
崟	ȵin5	nin4	yin2	赣			13111		
崤	hau2	hau2	xiao2	赣			79412		
崦	ien1	yen1	yan1	赣			73867		
崩	pʊŋ1	bung1	beng1	赣			220000		
崭	tsan3	zan3	zhan3	赣			120000		
崴	uai1	wai1	wai3	赣			77714		
崽	tsai3	zai3	zai3	赣			145000		
嵇	ɕi5	xi4	ji1	赣			79750		
嵊	sen6	sen5	sheng4	赣			108665		
嵋	mi5	mi4	mei2	赣			73978		
嵌	kʰan1	kan1	qian4	赣			120000		
嵎	ȵy5	nyu4	yu2	赣			79539		
嵘	fen5	fen4	rong2	赣			77904		
嵚	tɕʰin1	qin1	qin1	赣			13416		
嵝	li3	li3	lou3	赣			78386		
嵩	sʊŋ1	sung1	song1	赣			90000		
嵩	ɕyŋ1	xyung1	song1	赣			90000		
嵫	tsɿ1	zi1	zi1	赣			76783		
嵬	ui3	wui3	wei2	赣			72564		
嵯	tsʰɿ1	ci1	cuo2	赣			77994		
嶂	tsɔŋ5	zong4	zhang4	赣			77601		
嶓	po1	bo1	bo1	赣			19780		
嶙	lin3	lin3	lin2	赣			71011		
嶝	ten5	den4	deng4	赣			75638		
嶷	ȵi5	ni4	yi2	赣			71729		
巅	tien1	dien1	dian1	赣			134352		
巉	tsʰan2	can2	chan2	赣			77868		
巍	ui5	wui4	wei1	赣			107668		
川	tsʰon1	con1	chuan1	赣			120000		
州	tsɛu1	zeu1	zhou1	赣			245000		本1
巡	ɕyn5	xyun4	xun2	赣			120000		
巢	tsʰau2	cau2	chao2	赣			120000		
工	kuŋ1	gung1	gong1	赣			220000		
左	tso3	zo3	zuo3	赣			145000		
巧	tɕʰiɛu3	qieu3	qiao3	赣			120000		
巧	kʰau3	kau3	qiao3	赣			120000		
巨	tɕʰy6	qyu5	ju4	赣			120000		老1
巩	kuŋ3	gung3	gong3	赣			108130		
巫	u1	wu1	wu1	赣			120000		
差	tsʰa1	ca1	cha4	官			120000		
差	tsʰai1	cai1	cha4	官			120000		
己	tɕi3	ji3	ji3	赣			120000		
已	i3	yi3	yi3	赣			210000		
巳	tsʰɿ6	ci5	si4	赣			145000		
巴	pa1	ba1	ba1	赣			120000		
巷	hɔŋ6	hong5	xiang4	赣			120000		
巽	sun5	sun4	xun4	赣			77465		
巾	tɕin1	jin1	jin1	赣			120000		
币	pʰi6	pi5	bi4	赣			265000		
市	sɿ6	si5	shi4	赣			160000		
布	pu5	bu4	bu4	赣			130000		
帅	sai5	sai4	shuai4	赣			120000		
帅	suai5	suai4	shuai4	赣			120000		
帆	fan1	fan1	fan1	赣			120000		
师	sɿ1	si1	shi1	赣			120000		
希	ɕi1	xi1	xi1	赣			120000		
帏	ui5	wui4	wei2	赣			70201		
帐	tsɔŋ5	zong4	zhang4	赣			120000		
帑	lu5	lu4	tang3	赣			73324		
帔	pʰi0	pi0	pei4	赣			90000		
帕	pʰa3	pa3	pa4	赣			108828		
帖	tʰiɛt7	tiet6	tie1	赣			160000		
帘	liɛn5	lien4	lian2	赣			145000		
帙	tsʰɿt8	cit7	zhi4	赣			73273		
帚	tseu3	zeu3	zhou3	赣			170000		本1
帛	pʰɛt7	pet6	bo2	赣			90000		
帜	tsʰɿ3	ci3	zhi4	赣			109625		
帝	ti5	di4	di4	赣			145000		
带	tai5	dai4	dai4	赣			370000		
帮	pɔŋ1	bong1	bang1	赣			170000		
帱	tʰau6	tau5	chou2	赣			13987		
帷	ui5	wui4	wei2	赣			102234		
帻	tset7	zet6	ze2	赣			71236		
帼	kui5	gui4	guo2	赣			72247		
帽	mau6	mau5	mao4	赣			120000		
幄	ŋɔʔ7	ngok6	wo4	赣			70888		
幅	fuʔ7	fuk6	fu2	赣			145000		
幌	fɔŋ6	fong5	huang3	赣			108252		
幔	mon6	mon5	man4	赣			90000		
幕	mɔʔ7	mok6	mu4	赣			121000		老1
幞	fuʔ8	fuk7	fu2	赣			71199		
幡	fan1	fan1	fan1	赣			90000		
幢	tsʰɔŋ2	cong2	chuang2	赣			109201		
幪	muŋ5	mung4	meng2	赣			17608		
干	kon1	gon1	gan4	赣			125000		
干	kon5	gon4	gan4	赣			125000		
年	ȵiɛn5	nien4	nian2	赣			498559		
并	pin5	bin4	bing4	赣			415230		
幸	ɕin6	xin5	xing4	赣			120000		
幺	ieu1	yeu1	yao1	赣			76187		
幻	ɸæn6	fan5	huan4	赣			120000		
幼	iu5	yiu4	you4	赣			120000		
幽	iu1	yiu1	you1	赣			145000		
庀	pʰi3	pi3	pi3	赣			18962		
庄	tsɔŋ1	zong1	zhuang1	赣			120000		
庆	tɕʰin3	qin3	qing4	赣			120000		
庇	pi5	bi4	bi4	赣			106922		
庋	tɕi3	ji3	gui3	赣			73122		
序	ɕy6	xyu5	xu4	赣			170000		
庐	lu5	lu4	lu2	赣			120000		
庑	u3	wu3	wu3	赣			70782		
库	kʰu3	ku3	ku4	赣			310000		
底	ti3	di3	di3	赣			245000		
底	tit7	dit6	di3	赣			245000		
庖	pʰau2	pau2	pao2	赣			71157		
店	tiɛn5	dien4	dian4	赣			195000		
庙	miɛu6	mieu5	miao4	赣			120000		
府	fu3	fu3	fu3	赣			120000		
庞	pʰɔŋ2	pong2	pang2	赣			109027		
废	fɨi5	fei4	fei4	赣			120000		
庠	ɕiɔŋ5	xiong4	xiang2	赣			73157		
庤	tsʰɿ6	ci5	zhi4	赣			16959		
庥	ɕiu1	xiu1	xiu1	赣			74181		
度	tʰu6	tu5	du4	赣			386023		
座	tsʰo6	co5	zuo4	赣			120000		
庭	tʰin2	tin2	ting2	赣			120000		
庳	pʰi6	pi5	bi4	赣			13140		
庵	ŋon1	ngon1	an1	赣			120000		
庶	ɕy5	xyu4	shu4	赣			120000		老1
康	kʰɔŋ1	kong1	kang1	赣			120000		
庸	iuŋ5	yung4	yong1	赣			120000		
庾	y3	yu3	yu3	赣			70570		
廉	liɛn5	lien4	lian2	赣			120000		
廊	lɔŋ5	long4	lang2	赣			120000		
廋	seu1	seu1	sou1	赣			11693		
廖	liɛu6	lieu5	liao4	赣			90000		
廙	i6	yi5	yi4	赣			17685		
廛	tsʰen2	cen2	chan2	赣			73244		
廨	kai5	gai4	xie4	赣			75392		
廪	lin3	lin3	lin3	赣			76427		
延	iɛn5	yen4	yan2	赣			125000		
廷	tʰin2	tin2	ting2	赣			120000		
建	tɕiɛn5	jien4	jian4	赣			120000		
廿	ȵien6	nien5	nian4	赣			91224		
开	kʰai1	kai1	kai1	赣			370000		
弁	pʰiɛn6	pien5	bian4	赣			90000		
异	i6	yi5	yi4	赣			150000		
弃	tɕʰi3	qi3	qi4	赣			101620		
弄	luŋ6	lung5	nong4	赣			170000		
弇	kon1	gon1	yan3	赣			18778		
弈	it7	yit6	yi4	赣			79064		
弊	pʰi5	pi4	bi4	赣			120000		
弋	it7	yit6	yi4	赣			140000		
弑	sɿ5	si4	shi4	赣			70224		
弓	kuŋ1	gung1	gong1	赣			145000		
引	in3	yin3	yin3	赣			120000		
弗	ɸət7	fet6	fu2	赣			120000		
弘	ɸʊŋ5	fung4	hong2	赣			120000		
弛	tsʰɿ2	ci2	chi2	赣			108608		
弟	tʰi6	ti5	di4	赣			120000		
张	tsɔŋ1	zong1	zhang1	赣			170000		
弥	mi5	mi4	mi2	赣			120000		
弦	ɕyon5	xyuon4	xian2	赣			120000		
弧	fu5	fu4	hu2	赣			101275		
弩	lu3	lu3	nu3	赣			76359		
弭	mi3	mi3	mi3	赣			74807		
弯	uan1	wan1	wan1	赣			120000		
弹	tʰan2	tan2	dan4	赣			135000		
弹	tʰan6	tan5	dan4	赣			135000		
弼	pʰɛt7	pet6	bi4	赣			90000		
彀	kieu5	gieu4	gou4	赣			77687		
当	tɔŋ1	dong1	dang1	赣			370000		
当	tɔŋ5	dong4	dang1	赣			370000		
录	luʔ7	luk6	lu4	赣			120000		
彖	tʰon3	ton3	tuan4	赣			15758		
彗	fɨi6	fei5	hui4	赣			90000		
彘	tsʰɿ6	ci5	zhi4	赣			73987		
彝	i5	yi4	yi2	赣			75828		
形	ɕin5	xin4	xing2	赣			145000		
彤	tʰuŋ2	tung2	tong2	赣			106693		
彦	ȵien6	nien5	yan4	赣			72644		
彧	yt7	yut6	yu4	赣			70172		
彩	tsʰai3	cai3	cai3	赣			120000		
彪	piɛu1	bieu1	biao1	赣			170000		
彬	pin1	bin1	bin1	赣			120000		
彰	tsɔŋ1	zong1	zhang1	赣			105309		
彳	tsʰət7	cet6	chi4	赣			16709		
彷	fɔŋ3	fong3	pang2	赣			90000		
役	yt7	yut6	yi4	赣			120000		
彻	tsʰɛt7	cet6	che4	赣			120000		
彼	pi3	bi3	bi3	赣			120000		
往	uɔŋ3	wong3	wang3	赣			245000		
徂	tsʰu2	cu2	cu2	赣			79010		
待	tʰai6	tai5	dai4	赣			205000		
徇	ɕyn6	xyun5	xun4	赣			79849		
很	hɛn3	hen3	hen3	赣			235000		
徉	iɔŋ5	yong4	yang2	赣			79955		
徊	fɨi5	fei4	huai2	赣			108325		
律	lit7	lit6	lv4	赣			245000		老1
律	lyt7	lyut6	lv4	赣			245000		新1
徐	tɕʰy2	qyu2	xu2	赣			120000		
徒	tʰu2	tu2	tu2	赣			120000		
徕	lai5	lai4	lai2	赣			73283		
得	tɛt7	det6	de2	赣			384479		
徘	pʰi2	pi2	pai2	赣			107441		
徙	ɕi3	xi3	xi3	赣			120000		
徜	tsʰɔŋ2	cong2	chang2	赣			78270		
御	ȵy3	nyu3	yu4	赣			102098		
徨	fɔŋ5	fong4	huang2	赣			75176		
循	ɕyn5	xyun4	xun2	赣			120000		
征	tsɨn1	zen1	zheng1	赣			120000		
德	tɛt7	det6	de2	赣			124589		
徼	tɕieu1	jieu1	jiao3	赣			72608		
徽	fɨi1	fei1	hui1	赣			120000		
徽	fɨi1	fei1	hui1	赣			120000		
心	ɕin1	xin1	xin1	赣			195000		
必	pit7	bit6	bi4	赣			145000		
忆	i5	yi4	yi4	赣			120000		
忉	tau1	dau1	dao1	赣			11675		
忌	tɕʰi6	qi5	ji4	赣			125000		
忏	tsʰan3	can3	chan4	赣			75296		
忒	tʰɛt7	tet6	te4	赣			90000		
忖	tsʰun3	cun3	cun3	赣			74109		
志	tsɿ5	zi4	zhi4	赣			120000		
忙	mɔŋ5	mong4	mang2	赣			220000		
忝	tʰien3	tien3	tian3	赣			76793		
忠	tsuŋ1	zung1	zhong1	赣			120000		
忡	tsʰuŋ1	cung1	chong1	赣			70379		
忤	u6	wu5	wu3	赣			72489		
忧	iu1	yiu1	you1	赣			120000		
忪	tsuŋ1	zung1	song1	赣			76550		
快	kʰuai3	kuai3	kuai4	赣			280000		
忭	pʰien6	pien5	bian4	赣			70436		
忮	tsɿ5	zi4	zhi4	赣			12535		
忱	tsʰen2	cen2	chen2	赣			105545		
念	ȵiɛn6	nien5	nian4	赣			220000		
忸	ȵiu1	niu1	niu3	赣			120000		
忻	ɕin1	xin1	xin1	赣			71083		
忽	fɨt7	fet6	hu1	赣			185000		老1
忽	fuet7	fuet6	hu1	赣			196400		
忾	ɕi1	xi1	kai4	赣			76602		
忿	fɨn3	fen3	fen4	赣			109322		
态	tʰai3	tai3	tai4	赣			120000		
怂	suŋ3	sung3	song3	赣			73515		
怃	u3	wu3	wu3	赣			76284		
怅	tsʰɔŋ3	cong3	chang4	赣			71289		
怆	tsʰɔŋ3	cong3	chuang4	赣			77908		
怊	tsʰeu1	ceu1	chao1	赣			18581		
怍	tsʰɔʔ7	cok6	zuo4	赣			75326		
怎	tsɛn3	zen3	zen3	官			370000		
怏	iɔŋ3	yong3	yang4	赣			78848		
怒	lu6	lu5	nu4	赣			120000		
怔	tsɨn1	zen1	zheng1	赣			109508		
怕	pʰa5	pa4	pa4	赣			255000		
怖	pʰu3	pu3	bu4	赣			100831		
怙	fu6	fu5	hu4	赣			74871		
怛	tat7	dat6	da2	赣			71663		
怜	liɛn5	lien4	lian2	赣			120000		
思	sɿ1	si1	si1	赣			120000		
怠	tʰai6	tai5	dai4	赣			120000		
怡	i5	yi4	yi2	赣			104962		
急	tɕit7	jit6	ji2	赣			250000		
怨	yon5	yuon4	yuan4	赣			120000		
怩	ȵi5	ni4	ni2	赣			70668		
怫	fɨi6	fei5	fu2	赣			75405		
怯	tɕʰiɛt7	qiet6	qie4	赣			120000		
怵	tsʰuʔ7	cuk6	chu4	赣			77623		
总	tsuŋ3	zung3	zong3	赣			370000		
怼	tsʰui6	cui5	dui4	赣			70761		
怿	it7	yit6	yi4	赣			72296		
恁	n̩3	n3	nen4	赣			353650		
恂	ɕyn1	xyun1	xun2	赣			71632		
恃	sɿ6	si5	shi4	赣			107463		
恋	liɛn6	lien5	lian4	赣			120000		
恍	fɔŋ3	fong3	huang3	赣			120000		
恐	kʰuŋ3	kung3	kong3	赣			120000		
恒	hɛn2	hen2	heng2	赣			120000		
恕	ɕy5	xyu4	shu4	赣			104005		老1
恙	iɔŋ6	yong5	yang4	赣			76296		
恚	ui5	wui4	hui4	赣			71037		
恢	fɨi1	fei1	hui1	赣			120000		
恣	tsɿ5	zi4	zi4	赣			71614		
恤	ɕyt7	xyut6	xu4	赣			120000		
恧	ȵit7	nit6	nv4	赣			11361		
恨	hɛn6	hen5	hen4	赣			170000		
恩	ŋiɛn1	ngien1	en1	赣			195000		
恪	kʰɔʔ7	kok6	ke4	赣			77627		
恫	tʰuŋ1	tung1	dong4	赣			76390		
恬	tʰien2	tien2	tian2	赣			100455		
恭	kuŋ1	gung1	gong1	赣			120000		
息	ɕit7	xit6	xi1	赣			145000		
恰	kʰat7	kat6	qia4	赣			120000		
恳	kʰiɛn3	kien3	ken3	赣			120000		
恳	kʰiɛn3	kien3	ken3	赣			120000		
恶	ŋɔʔ7	ngok6	e4	赣			195000		
恶	u5	wu4	e4	赣			195000		
恸	tʰuŋ6	tung5	tong4	赣			76276		
恺	kʰai3	kai3	kai3	赣			78140		
恻	tsʰet7	cet6	ce4	赣			79665		
恼	lau3	lau3	nao3	赣			120000		
恽	yn3	yun3	yun4	赣			77811		
恿	iuŋ3	yung3	yong3	赣			71138		
悃	kʰun3	kun3	kun3	赣			10913		
悄	tɕʰieu1	qieu1	qiao1	赣			106074		
悉	ɕit7	xit6	xi1	赣			108873		
悌	tʰi6	ti5	ti4	赣			70070		
悍	hon6	hon5	han4	赣			104921		
悒	it7	yit6	yi4	赣			79766		
悔	fɨi3	fei3	hui3	赣			145000		
悖	pʰi6	pi5	bei4	赣			100359		
悚	suŋ3	sung3	song3	赣			73230		
悛	tɕʰyon1	qyuon1	quan1	赣			73550		
悝	li3	li3	kui1	赣			73197		
悟	u6	wu5	wu4	赣			120000		
悠	iu1	yiu1	you1	赣			120000		
悢	liɔŋ6	liong5	liang4	赣			19109		
患	fon6	fon5	huan4	赣			120000		
悦	yot7	yuot6	yue4	赣			120000		
您	lin5	lin4	nin2	赣			134934		
悫	kʰɔʔ7	kok6	que4	赣			97021		
悬	ɕyon5	xyuon4	xuan2	赣			120000		
悭	kʰan1	kan1	qian1	赣			74353		
悯	men3	men3	min3	赣			120000		
悱	fɨi3	fei3	fei3	赣			78413		
悲	pi1	bi1	bei1	赣			120000		
悴	tsʰui3	cui3	cui4	赣			120000		
悸	tɕʰi6	qi5	ji4	赣			79611		
悼	tʰau6	tau5	dao4	赣			100020		
情	tɕʰin2	qin2	qing2	赣			120000		
惆	tsʰeu1	ceu1	chou2	赣			79065		
惇	tɨn1	den1	dun1	赣			78652		
惋	uon3	won3	wan3	赣			120000		
惑	fɛt8	fet7	huo4	赣			120000		
惕	tʰit7	tit6	ti4	赣			107422		
惘	uɔŋ3	wong3	wang3	赣			74052		
惚	fɨt7	fet6	hu1	赣			70107		
惜	ɕit7	xit6	xi1	赣			120000		
惟	ui5	wui4	wei2	赣			145000		
惠	fɨi6	fei5	hui4	赣			145000		
惠	fɨi6	fei5	hui4	赣			145000		
惦	tien5	dien4	dian4	赣			105253		
惧	tɕʰy6	qyu5	ju4	赣			104048		
惨	tsʰan3	can3	can3	赣			120000		
惩	tsʰen2	cen2	cheng2	赣			105794		
惫	pʰai6	pai5	bei4	赣			107058		
惬	tɕʰiet7	qiet6	qie4	赣			79028		
惭	tsʰan2	can2	can2	赣			120000		
惮	tʰan6	tan5	dan4	赣			75739		
惰	tʰo6	to5	duo4	赣			120000		
惴	tsui5	zui4	zhui4	赣			70262		
惶	fɔŋ5	fong4	huang2	赣			120000		
惹	ia3	ya3	re3	赣			200000		
惹	la3	la3	re3	赣			200000		
惺	ɕin1	xin1	xing1	赣			71455		
愀	tɕʰieu3	qieu3	qiao3	赣			77874		
愁	tsʰɛu2	ceu2	chou2	赣			120000		
愆	tɕʰien1	qien1	qian1	赣			74129		
愈	y3	yu3	yu4	赣			102307		
愉	y5	yu4	yu2	赣			107329		
愎	pʰet8	pet7	bi4	赣			76612		
意	i5	yi4	yi4	赣			145000		
愔	in1	yin1	yin1	赣			77426		
愕	ŋɔʔ7	ngok6	e4	赣			104976		
愚	ȵy5	nyu4	yu2	赣			120000		老1
感	kon3	gon3	gan3	赣			145000		
愠	yn5	yun4	yun4	赣			79936		
愤	fɨn6	fen5	fen4	赣			102996		
愦	kui5	gui4	kui4	赣			77682		
愧	kʰui3	kui3	kui4	赣			120000		
愿	ȵyon6	nyuon5	yuan4	赣			120000		老1
慈	tsʰɿ2	ci2	ci2	赣			120000		
慊	tɕʰien3	qien3	qian4	赣			70711		
慌	fɔŋ1	fong1	huang1	赣			120000		
慎	sɨn6	sen5	shen4	赣			120000		
慑	tset7	zet6	she4	赣			75265		
慕	mu6	mu5	mu4	赣			120000		
慝	tʰet7	tet6	te4	赣			77771		
慢	man6	man5	man4	赣			220000		
慥	tsʰau3	cau3	zao4	赣			14268		
慧	fɨi6	fei5	hui4	赣			145000		
慨	kʰai3	kai3	kai3	赣			120000		
慭	ȵin6	nin5	yin4	赣			12669		
慰	ui3	wui3	wei4	赣			120000		
慵	suŋ5	sung4	yong1	赣			70684		
慷	kʰɔŋ3	kong3	kang1	赣			100431		
憋	piet7	biet6	bie1	赣			107553		
憎	tsen1	zen1	zeng1	赣			109637		
憔	tɕʰieu2	qieu2	qiao2	赣			102021		
憝	tʰui6	tui5	dui4	赣			10118		
憧	tsʰɔŋ6	cong5	chong1	赣			76246		
憨	hon1	hon1	han1	赣			120000		
憩	tɕʰi3	qi3	qi4	赣			74067		
憬	tɕyn3	jyun3	jing3	赣			76008		
憷	tsʰu3	cu3	chu4	赣			11339		
憾	hon6	hon5	han4	赣			103833		
懂	tuŋ3	dung3	dong3	赣			370000		
懈	kai5	gai4	xie4	赣			103268		
懊	ŋau3	ngau3	ao4	赣			105404		
懋	meu6	meu5	mao4	赣			72014		
懑	mon3	mon3	men4	赣			74949		
懒	lan3	lan3	lan3	赣			220000		
懦	lo6	lo5	nuo4	赣			145000		
懵	muŋ3	mung3	meng3	赣			90000		
懿	i5	yi4	yi4	赣			90000		
戆	tsɔŋ5	zong4	gang4	赣			79167		
戈	kuo1	guo1	ge1	赣			100232		
戊	u6	wu5	wu4	赣			145000		
戋	tsʰan2	can2	jian1	赣			15817		
戌	ɕyt7	xyut6	xu1	赣			145000		
戍	ɕy5	xyu4	shu4	赣			70725		
戏	ɕi5	xi4	xi4	赣			120000		
成	tsʰaŋ2	cang2	cheng2	赣			416686		
我	ŋo3	ngo3	wo3	赣	咱	zan2	578841		
戒	kai5	gai4	jie4	赣			120000		
戕	ko1	go1	qiang1	赣			74261		
或	fɛt7	fet6	huo4	赣			135000		老1
或	uɛt7	wet6	huo4	赣			135000		
战	tsɛn5	zen4	zhan4	赣			145000		
戚	tɕʰit7	qit6	qi1	赣			120000		
戛	kat7	gat6	jia2	赣			71971		
戟	tɕit7	jit6	ji3	赣			90000		
戡	kʰon1	kon1	kan1	赣			74836		
戢	tset7	zet6	ji2	赣			78675		
截	tɕʰiɛt8	qiet7	jie2	赣			145000		老1
戬	tɕiɛn3	jien3	jian3	赣			90000		
戮	luʔ7	luk6	lu4	赣			76420		
戳	tsʰɔʔ7	cok6	chuo1	赣			370000		
戴	tai5	dai4	dai4	赣			120000		
户	fu6	fu5	hu4	赣			170000		
戽	fu3	fu3	hu4	赣			78013		
戾	li6	li5	li4	赣			72649		
房	fɔŋ5	fong4	fang2	赣			120000		
所	so3	so3	suo3	赣			370000		本1
所	su3	su3	suo3	赣			370000		又1
扁	piɛn3	bien3	bian3	赣			120000		
扃	kuen1	gun1	jiong1	赣			78175		
扅	i5	yi4	yi2	赣			14669		
扇	sɛn5	sen4	shan4	赣			120000		
扇	sɛn6	sen5	shan4	赣			120000		
扈	fu6	fu5	hu4	赣			71574		
扉	fɨi1	fei1	fei1	赣			72989		
扊	ien6	yen5	yan3	赣			12784		
手	seu3	seu3	shou3	赣			370000		本1
才	tsʰai2	cai2	cai2	赣			384590		
扎	tsat7	zat6	zha1	赣			120000		
扑	pʰuʔ7	puk6	pu1	赣			120000		
扒	pa1	ba1	ba1	赣			120000		
扒	pʰa2	pa2	ba1	赣			120000		
打	ta3	da3	da3	赣			370000		
扔	len1	len1	reng1	赣			115300		
托	tʰɔʔ7	tok6	tuo1	赣			125000		
扛	kɔŋ1	gong1	kang2	赣			145000		
扣	kʰiɛu3	kieu3	kou4	赣			150000		
执	tsɨt7	zet6	zhi2	赣			120000		老1
扩	kʰuɔʔ7	kuok6	kuo4	赣			120000		
扪	mɨn5	men4	men2	赣			79930		
扫	sau3	sau3	sao3	赣			135000		
扫	sau5	sau4	sao3	赣			135000		
扬	iɔŋ5	yong4	yang2	赣			120000		
扭	ȵiu3	niu3	niu3	赣			120000		
扮	pan5	ban4	ban4	赣			120000		
扯	tsʰa3	ca3	che3	赣			120000		
扰	lɛu3	leu3	rao3	赣			120000		
扳	pan1	ban1	ban1	赣			120000		
扶	fu5	fu4	fu2	赣			120000		
批	pʰi1	pi1	pi1	赣			120000		
扺	tsɿ3	zi3	zhi3	赣			10130		
扼	ŋiet7	ngiet6	e4	官			109340		
找	tsau3	zau3	zhao3	赣			370000		
承	sɨn5	sen4	cheng2	赣			120000		
承	tsʰən2	cen2	cheng2	赣			120000		
技	tɕʰi6	qi5	ji4	赣			120000		
抃	pʰien6	pien5	bian4	赣			74889		
抄	tsʰau1	cau1	chao1	赣			145000		
抉	tɕyot7	jyuot6	jue2	赣			70957		
抑	it7	yit6	yi4	赣			103709		
抒	ɕy1	xyu1	shu1	赣			101738		老1
抓	tsa1	za1	zhua1	赣			125000		
抔	pʰi1	pi1	pou2	赣			79816		
投	tʰɛu2	teu2	tou2	赣			120000		
抖	tɛu3	deu3	dou3	赣			120000		
抗	kʰɔŋ2	kong2	kang4	赣			120000		
抗	kʰɔŋ3	kong3	kang4	赣			120000		
抚	fu3	fu3	fu3	赣			120000		
抛	pʰau1	pau1	pao1	赣			120000		
抟	tʰon2	ton2	tuan2	赣			75264		
抠	kʰiɛu1	kieu1	kou1	赣			120000		
抡	lɨn5	len4	lun1	赣			116302		老1
抢	tɕʰiɔŋ3	qiong3	qiang3	赣			120000		
护	fu6	fu5	hu4	赣			120000		
报	pau5	bau4	bao4	赣			180000		
抨	pʰen1	pen1	peng1	赣			74006		
抬	tʰai2	tai2	tai2	赣			120000		
抱	pʰau6	pau5	bao4	赣			145000		
抵	ti3	di3	di3	赣			120000		
抹	mot7	mot6	mo3	赣			146366		
抻	tsʰɨn1	cen1	chen1	赣			90000		
押	ŋat7	ngat6	ya1	赣			125000		
抽	tsʰeu1	ceu1	chou1	赣			170000		本1
拂	ɸət7	fet6	fu2	赣			120000		
拃	tsan3	zan3	zha3	赣			73228		
拄	tɕʰy3	qyu3	zhu3	赣			120000		
担	tan3	dan3	dan1	赣			120000		
担	tan1	dan1	dan1	赣			120000		
担	tan5	dan4	dan1	赣			120000		
拆	tsʰaʔ7	cak6	chai1	赣			145000		
拆	tsʰɛt7	cet6	chai1	赣			145000		
拇	ma0	ma0	mu3	赣			170000		
拈	ȵiɛn1	nien1	nian1	赣			133000	搛	
拉	la1	la1	la1	赣			370000		
拊	fu3	fu3	fu3	赣			74265		
拌	pʰon6	pon5	ban4	赣			120000		
拎	lin1	lin1	lin1	赣			100471		
拐	kuai3	guai3	guai3	赣			120000		
拓	tset7	zet6	tuo4	赣			108640		老1
拔	pʰat8	pat7	ba2	赣			120000		
拔	pʰat7	pat6	ba2	赣			120000		
拖	tʰo1	to1	tuo1	赣			170000		
拗	ŋau5	ngau4	ao3	赣			130000		
拘	tɕy1	jyu1	ju1	赣			120000		
拙	tsot7	zot6	zhuo1	赣			120000		
拙	tsuɛt7	zuet6	zhuo1	赣			120000		
拚	pʰon3	pon3	pan4	赣			7500		
招	tsɛu1	zeu1	zhao1	赣			125000		
拜	pai5	bai4	bai4	赣			120000		
拟	ȵi3	ni3	ni3	赣			130000		
拢	luŋ3	lung3	long3	赣			350000		
拣	kan3	gan3	jian3	赣			120000		
拥	iuŋ3	yung3	yong1	赣			120000		
拦	lan5	lan4	lan2	赣			120000		
拧	ȵin3	nin3	ning2	赣			156343		
拨	pot7	bot6	bo1	赣			120000		
择	tsʰɛt7	cet6	ze2	赣			145000		老1
括	kuɔʔ7	guok6	kuo4	赣			106247		老1
拭	sɛt7	set6	shi4	赣			152599		
拮	tɕiet7	jiet6	jie2	赣			71725		
拯	tsɨn3	zen3	zheng3	赣			120000		
拱	kuŋ3	gung3	gong3	赣			120000		
拳	tɕʰyon2	qyuon2	quan2	赣			145000		
拴	son1	son1	shuan1	赣			120000		
拶	tsat7	zat6	za1	赣			18023		
拷	kʰau3	kau3	kao3	赣			120000		
拼	pʰin1	pin1	pin1	赣			120000		
拾	sɨt7	set6	shi2	赣			120000		老1
拿	laʔ7	lak6	na2	赣			370000		
拿	la5	la4	na2	赣			370000		
持	tsʰɿ2	ci2	chi2	赣			125000		
挂	kuɑ5	gua4	gua4	赣			130000		
指	tsɿ3	zi3	zhi3	赣			370000		
指	tsɨt7	zet6	zhi3	赣			375000		
挈	tɕʰiet7	qiet6	qie4	赣			76893		
按	ŋon5	ngon4	an4	赣			370000		
挎	kʰu1	ku1	kua4	赣			108547		
挑	tʰiɛu1	tieu1	tiao1	赣			120000		
挖	ua1	wa1	wa1	赣			135000		
挖	uat7	wat6	wa1	赣			135000		
挚	tsɿ5	zi4	zhi4	赣			102948		
挛	lun2	lun2	luan2	赣			95000		新1
挛	lɨn2	len2	luan2	赣			95000		老1
挞	tʰat7	tat6	ta4	赣			78180		
挠	lau5	lau4	nao2	赣			109311		
挡	tɔŋ3	dong3	dang3	赣			170000		
挢	kʰau3	kau3	jiao3	赣			13109		
挣	tsɛn5	zen4	zheng1	赣			120000		
挥	fɨi1	fei1	hui1	赣			120000		
挦	tɕʰiɛn2	qien2	xian2	赣			90000		
挨	ŋai1	ngai1	ai1	赣			145000		
挨	ŋai5	ngai4	ai1	赣			145000		
挪	lo5	lo4	nuo2	赣			120000		
振	tsɨn5	zen4	zhen4	赣			120000		
挲	sa1	sa1	sa1	赣			90000		
挹	it7	yit6	yi4	赣			72088		
挺	tʰin3	tin3	ting3	赣			135000		
挽	uan3	wan3	wan3	赣			120000		
捂	u6	wu5	wu3	赣			100989		
捃	tɕyn5	jyun4	jun4	赣			78344		
捅	tʰuŋ3	tung3	tong3	赣			120000		
捆		kun3	kun3	赣			120000		
捉	tsɔʔ7	zok6	zhuo1	赣			120000		
捋	lot7	lot6	lv3	赣			90000		
捌	pat7	bat6	ba1	赣			106102		
捍	han6	han5	han4	赣			109764		
捎	sau1	sau1	shao1	赣			104816		
捏	ȵiɛt7	niet6	nie1	赣			255000	玩	
捐	tɕyon1	jyuon1	juan1	赣			120000		
捕	pʰu3	pu3	bu3	赣			106747		
捞	lau1	lau1	lao1	赣			145000		
损	sun3	sun3	sun3	赣			120000		
捡	tɕiɛn3	jien3	jian3	赣			145000		
换	uon6	won5	huan4	赣			350000		
捣	tau3	dau3	dao3	赣			120000		
捧	pʰuŋ3	pung3	peng3	赣			120000		
捭	pai3	bai3	bai3	赣			76887		
据	tɕy5	jyu4	ju4	赣			120000		
捶	tsʰui2	cui2	chui2	赣			120000		
捷	tɕʰiɛt8	qiet7	jie2	赣			120000		
捺	lat7	lat6	na4	赣			120000		
捻	ȵiet7	niet6	nian3	赣			107180		
掀	ɕyon1	xyuon1	xian1	赣			120000		
掂	tiɛn1	dien1	dian1	赣			170000		
掇	tot7	dot6	duo1	赣			132650	端	
授	seu6	seu5	shou4	赣			145000		本1
掉	tʰiɛu3	tieu3	diao4	赣			370000		
掊	pʰau2	pau2	pou2	赣			79168		
掌	tsɔŋ3	zong3	zhang3	赣			145000		
掎	tɕi1	ji1	ji3	赣			17375		
掏	tʰau2	tau2	tao1	赣			120000		
掐	kʰat7	kat6	qia1	赣			120000		
排	pʰai2	pai2	pai2	赣			175000		
掖	it7	yit6	ye1	赣			70910		
掘	tɕʰyt7	qyut6	jue2	赣			120000		
掠	liɔŋ6	liong5	lve4	赣			106779		
探	tʰon3	ton3	tan4	赣			120000		
掣	tsʰɿ3	ci3	che4	赣			73531		
接	tɕiɛt7	jiet6	jie1	赣			250000		
控	kʰuŋ3	kung3	kong4	赣			125000		
推	tʰui1	tui1	tui1	赣			120000		
掩	iɛn3	yen3	yan3	赣			120000		
措	tsʰu3	cu3	cuo4	赣			105010		
掬	tɕiuʔ7	jiuk6	ju1	赣			79255		
掰	pet7	bet6	bai1	官			101553		
掳	lu3	lu3	lu3	赣			77575		
掴	kuet7	guet6	guai1	赣			95174		
掷	tsʰɿt8	cit7	zhi4	官			102271		
掸	tʰan2	tan2	dan3	赣			76597		
掺	san1	san1	can4	赣			151674	占	
掼	kuan5	guan4	guan4	赣			73612		
掾	yon6	yuon5	yuan4	赣			77400		
揄	y5	yu4	yu2	赣			74232		
揆	kʰui6	kui5	kui2	赣			77233		
揉	lɛu5	leu4	rou2	赣			120000		
揍	tseu5	zeu4	zou4	赣			108835		
揎	ɕyon1	xyuon1	xuan1	赣			12633		
描	miɛu5	mieu4	miao2	赣			120000		
提	tʰi2	ti2	ti2	赣			120000		
提	tʰia2	tia2	ti2	赣			120000		
插	tsʰat7	cat6	cha1	赣			120000		
揖	it7	yit6	yi1	赣			90000		
揞	ŋan5	ngan4	an3	赣			1000		
揠	ŋat7	ngat6	ya4	赣			71289		
握	ŋɔʔ7	ngok6	wo4	赣			195000		老1
揣	tsʰai3	cai3	chuai1	赣			120000		
揣	tsʰuai3	cuai3	chuai1	赣			120000		
揩	kʰai1	kai1	kai1	赣			120000		
揪	tɕiu1	jiu1	jiu1	赣			120000		
揭	tɕiɛt7	jiet6	jie1	赣			120000		
揭	tɕʰiɛt8	qiet7	jie1	赣			120000		
揳	ɕiet7	xiet6	xie1	赣			77508		
援	yon5	yuon4	yuan2	赣			120000		
揾	uen5	wun4	wen4	赣			1031		
搀	tsʰan1	can1	chan1	赣			120000		
搂	lɛu3	leu3	lou3	赣			125000		
搂	lɛu1	leu1	lou3	赣			125000	挖	
搂	lɛu5	leu4	lou3	赣			125000		
搅	kau3	gau3	jiao3	赣			120000		
搋	tsʰai1	cai1	chuai1	赣			77433		
搌	tsen3	zen3	zhan3	赣			15736		
搏	fu5	fu4	bo2	赣			103079		
搒	pʰen2	pen2	bang4	赣			19197		
搓	tsʰo1	co1	cuo1	赣			120000		
搔	sau1	sau1	sao1	赣			105957		
搜	sɛu1	seu1	sou1	赣			130000		
搞	kau3	gau3	gao3	官			239085		
搪	tʰɔŋ2	tong2	tang2	赣			90000		
搬	pon1	bon1	ban1	赣			120000		
搭	tat7	dat6	da1	赣			200000	理睬/理	
搴	tɕien3	jien3	qian1	赣			73577		
携	fɨi5	fei4	xie2	赣			104562		
摄	set7	set6	she4	赣			105141		
摅	tɕʰy1	qyu1	shu1	赣			79743		
摆	pai3	bai3	bai3	赣			145000		
摇	iɛu5	yeu4	yao2	赣			145000		
摈	pen5	ben4	bin4	赣			71315		
摊	tʰan1	tan1	tan1	赣			120000		
摔	sai1	sai1	shuai1	赣			154698		
摘	tsaʔ7	zak6	zhai1	赣			148904		
摘	tsɛt7	zet6	zhai1	赣			148904		
摞	lo5	lo4	luo4	赣			70007		
摧	tsʰui2	cui2	cui1	赣			109050		
摩	ma1	ma1	mo2	赣			120000		
摩	mo5	mo4	mo2	赣			120000		
摭	tset7	zet6	zhi2	赣			73396		
摸	mo1	mo1	mo1	赣			120000		
摸	mɔʔ7	mok6	mo1	赣			120000		
摹	mu5	mu4	mo2	赣			120000		
折	tsɛt7	zet6	zhe2	赣			120000		
折	sɛt8	set7	zhe2	赣			120000		
摽	pʰieu1	pieu1	biao1	赣			76246		
撄	in1	yin1	ying1	赣			76326		
撅	tɕyot7	jyuot6	jue1	赣			90000		
撇	pʰiɛt7	piet6	pie1	赣			220000		
撑	tsʰaŋ1	cang1	cheng1	赣			195000	顶撞/顶嘴	
撒	sat7	sat6	sa1	赣			125000		
撒	sᴀ3	sa3	sa1	赣			125000		
撕	sɿ1	si1	si1	赣			120000		
撖	kʰan3	kan3	han4	赣			13112		
撙	tsun3	zun3	zun3	赣			71961		
撞	tsʰɔŋ6	cong5	zhuang4	官			120000		
撤	tsʰɛt7	cet6	che4	赣			120000		
撩	liɛu5	lieu4	liao1	赣			120000		
撬	tɕʰieu3	qieu3	qiao4	赣			106014		
播	po5	bo4	bo1	赣			175000		
撮	tsʰot7	cot6	cuo1	赣			120000		
撮	tsot7	zot6	cuo1	赣			120000		
撰	tsʰon6	con5	zhuan4	赣			105913		
撵	lien3	lien3	nian3	赣			120000		
撷	ɕiet7	xiet6	xie2	赣			74301		
撼	hon6	hon5	han4	赣			120000		
擂	lui5	lui4	lei2	赣			120000		老1
擅	sen6	sen5	shan4	赣			109706		
操	tsʰau1	cau1	cao1	赣			150000		
擐	fan6	fan5	huan4	赣			18766		
擒	tɕʰin2	qin2	qin2	赣			120000		
擘	paʔ7	bak6	bai1	赣			90000		
擞	seu3	seu3	sou3	赣			79357		
擢	tsʰɔʔ7	cok6	zhuo2	赣			73884		
擦	tsʰat7	cat6	ca1	赣			145000		
攀	pʰan1	pan1	pan1	赣			120000		
攉	fɔʔ7	fok6	huo1	赣			70777		
攒	tsan3	zan3	zan3	赣			95000		
攘	lɔŋ3	long3	rang3	赣			70380		
攥	tsot7	zot6	zuan4	赣			70140		
攫	tɕiɔʔ7	jiok6	jue2	赣			76175		
支	tsɿ1	zi1	zhi1	赣			120000		
收	sɛu1	seu1	shou1	赣			145000		本1
攸	iu5	yiu4	you1	赣			78643		
改	kai3	gai3	gai3	赣			370000		
攻	kuŋ1	gung1	gong1	赣			120000		
放	fɔŋ5	fong4	fang4	赣			370000		
政	tsɨn5	zen4	zheng4	赣			120000		
故	ku5	gu4	gu4	赣			120000		
效	hau6	hau5	xiao4	赣			133508		
敉	mi3	mi3	mi3	赣			14877		
敌	tʰit8	tit7	di2	赣			120000		
敌	tʰit7	tit6	di2	赣			120000		
敏	min3	min3	min3	赣			145000		
救	tɕiu5	jiu4	jiu4	赣			145000		
敕	tsʰɿ1	ci1	chi4	赣			90000		
敕	tsʰət7	cet6	chi4	赣			75367		
敖	ŋau5	ngau4	ao2	赣			76257		
教	kau5	gau4	jiao4	赣			310000		
敛	lien3	lien3	lian3	赣			106177		
敝	pʰi5	pi4	bi4	赣			90000		
敞	tsʰɔŋ3	cong3	chang3	赣			120000		
敢	kon3	gon3	gan3	赣			120000		
散	san3	san3	san4	赣			200000		
散	san5	san4	san4	赣			200000		
敫	tɕieu3	jieu3	jiao3	赣			76298		
敬	tɕin5	jin4	jing4	赣			120000		
数	su3	su3	shu4	赣			310000		
数	su5	su4	shu4	赣			310000		
敲	kʰau1	kau1	qiao1	赣			120000		
敷	fu1	fu1	fu1	赣			120000		
文	uen5	wun4	wen2	赣			448967		
斋	tsai1	zai1	zhai1	赣			120000		
斌	pin1	bin1	bin1	赣			100448		
斐	fɨi3	fei3	fei3	赣			75913		
斑	pan1	ban1	ban1	赣			120000		
斓	lan5	lan4	lan2	赣			75334		
斗	tɛu3	deu3	dou4	赣			180000		
斗	tɛu5	deu4	dou4	赣			180000		
料	liɛu6	lieu5	liao4	赣			195000		
斛	fuʔ8	fuk7	hu2	赣			72835		
斝	ka3	ga3	jia3	赣			10755		
斟	tsɨn1	zen1	zhen1	赣			120000		
斡	uot7	wot6	wo4	赣			72706		
斤	tɕin1	jin1	jin1	赣			120000		
斥	tsʰət7	cet6	chi4	赣			103945		
斧	fu3	fu3	fu3	赣			120000		
斩	tsan3	zan3	zhan3	赣			125000		
斫	tsɔʔ7	zok6	zhuo2	赣			73168		
断	tʰon6	ton5	duan4	赣			159979		
斯	sɿ1	si1	si1	赣			145000		
新	ɕin1	xin1	xin1	赣			370000		
方	fɔŋ1	fong1	fang1	赣			245000		
于	y5	yu4	yu2	赣			370000		
施	sɿ1	si1	shi1	赣			145000		
旁	pʰɔŋ2	pong2	pang2	赣			120000		
旃	tsen1	zen1	zhan1	赣			72934		
旄	mau5	mau4	mao2	赣			78219		
旅	li3	li3	lv3	赣			120000		老1
旆	pʰi6	pi5	pei4	赣			72489		
旋	ɕyon5	xyuon4	xuan2	赣	临时/随即	lin2 shi2/sui2 ji2	120000		
旌	tɕin1	jin1	jing1	赣			77335		
旎	ȵi3	ni3	ni3	赣			70257		
族	tsʰuʔ7	cuk6	zu2	赣			170000		
旒	liu5	liu4	liu2	赣			76319		
旖	i1	yi1	yi3	赣			71976		
旗	tɕʰi2	qi2	qi2	赣			120000		
无	u5	wu4	wu2	赣			370000		
既	tɕi5	ji4	ji4	赣			155000		
旦	tan5	dan4	dan4	赣			145000		
旧	tɕʰiu6	qiu5	jiu4	赣			370000		
旨	tsɿ3	zi3	zhi3	赣			120000		
早	tsau3	zau3	zao3	赣			350000		
旬	ɕyn5	xyun4	xun2	赣			120000		
旭	ɕiuʔ7	xiuk6	xu4	赣			125000		
旭	ɕyt7	xyut6	xu4	赣			125000		
旰	kon5	gon4	gan4	赣			74023		
旱	hon6	hon5	han4	赣			120000		
时	sɿ5	si4	shi2	赣			290000		本1
旷	kʰuɔŋ3	kuong3	kuang4	赣			120000		
旸	iɔŋ5	yong4	yang2	赣			73711		
旻	min5	min4	min2	赣			75260		
昂	ŋɔːŋ5	ngong4	ang2	赣			145000		
昆		kun1	kun1	赣			120000		
昉	fɔŋ3	fong3	fang3	赣			73579		
昊	hau6	hau5	hao4	赣			71406		
昌	tsʰɔŋ1	cong1	chang1	赣			156892		
昏	fɨn1	fen1	hun1	赣			120000		
易	i6	yi5	yi4	赣			120000		
易	it7	yit6	yi4	赣			120000		
昔	ɕit7	xit6	xi1	赣			120000		
昕	ɕin1	xin1	xin1	赣			72500		
昙	tʰon5	ton4	tan2	赣			90000		
昝	tsan3	zan3	zan3	赣			77694		
春	tsʰun1	cun1	chun1	赣			120000		
昧	mi6	mi5	mei4	赣			100931		
昨	tsʰɔʔ8	cok7	zuo2	赣			120000		
昨	tsʰoʔ7	cok6	zuo2	赣			120000		
昭	tsɛu1	zeu1	zhao1	赣			120000		
是	sɿ6	si5	shi4	赣			1046991		
昱	yt7	yut6	yu4	赣			77184		
昴	mau3	mau3	mao3	赣			77169		
昵	ȵit7	nit6	ni4	赣			74682		
昶	tsʰɔŋ3	cong3	chang3	赣			73657		
昼	tsɛu5	zeu4	zhou4	赣			175000		本1
昽	luŋ3	lung3	long2	赣			16992		
显	ɕiɛn3	xien3	xian3	赣			175000		
晁	tsʰeu2	ceu2	chao2	赣			72858		
晃	fɔŋ6	fong5	huang3	赣			106738		
晋	tɕin5	jin4	jin4	赣			120000		
晌	sɔŋ3	song3	shang3	赣			102269		
晒	sai5	sai4	shai4	赣			120000		
晓	ɕiɛu3	xieu3	xiao3	赣			145000		
晔	iet7	yet6	ye4	赣			15794		
晕	yn6	yun5	yun1	赣			120000		
晕	yn1	yun1	yun1	赣			120000		
晖	fɨi1	fei1	hui1	赣			19924		
晚	uan3	wan3	wan3	赣			190000		
晞	ɕi1	xi1	xi1	赣			79141		
晟	sen6	sen5	cheng2	赣			77513		
晡	pu1	bu1	bu1	赣			70096		
晢	tsɿ5	zi4	zhe2	赣			16304		
晤	u6	wu5	wu4	赣			76500		
晦	fɨi3	fei3	hui4	赣			105665		
晨	sɨn5	sen4	chen2	赣			125000		老1
普	pʰu3	pu3	pu3	赣			145000		
景	tɕin3	jin3	jing3	赣			120000		
晰	ɕit7	xit6	xi1	赣			108818		
晶	tɕin1	jin1	jing1	赣			120000		
晷	kui3	gui3	gui3	赣			79508		
智	tsɿ5	zi4	zhi4	赣			120000		
晾	liɔŋ6	liong5	liang4	赣			103960		
暂	tsʰan6	can5	zan4	赣			120000		
暄	ɕyon1	xyuon1	xuan1	赣			90000		
暅	ɕyon3	xyuon3	geng4	赣			13540		
暇	ɕia5	xia4	xia2	赣			108856		
暑	ɕy3	xyu3	shu3	赣			150000		老1
暖	lon3	lon3	nuan3	赣			120000		
暗	ŋon5	ngon4	an4	赣			145000		
暝	min5	min4	ming2	赣			78935		
暧	ŋai5	ngai4	ai4	赣			76615		
暨	tɕi5	ji4	ji4	赣			77741		
暮	mu6	mu5	mu4	赣			120000		
暴	pʰau6	pau5	bao4	赣			120000		
暹	ɕiɛn1	xien1	xian1	赣			90000		
暾	tʰɛn1	ten1	tun1	赣			72701		
曈	tʰuŋ1	tung1	tong2	赣			17399		
曙	ɕy6	xyu5	shu3	赣			106674		老1
曛	ɕyn1	xyun1	xun1	赣			74536		
曜	ieu6	yeu5	yao4	赣			73558		
曝	pʰoʔ7	pok6	pu4	赣			120000		
曦	ɕi1	xi1	xi1	赣			76887		
曩	lɔŋ3	long3	nang3	赣			72991		
曰	yot7	yuot6	yue1	赣			160000		
曲	tɕʰyt7	qyut6	qu1	赣			145000		老1
曳	i6	yi5	ye4	赣			73015		
曷	hot8	hot7	he2	赣			75818		
曹	tsʰau2	cau2	cao2	赣			120000		
曼	mon6	mon5	man4	赣			105867		
曾	tsʰɛn2	cen2	ceng2	赣			120000		
曾	tsɛn1	zen1	ceng2	赣			120000		
替	tʰi3	ti3	ti4	赣			120000		
最	tsui5	zui4	zui4	赣			370000		
有	iu3	yiu3	you3	赣			673765		
服	fuʔ8	fuk7	fu2	赣			140000		
服	ɸuʔ7	fuk6	fu2	赣			140000		
朔	sɔʔ7	sok6	shuo4	赣			71491		
朕	tsʰen6	cen5	zhen4	赣			70509		
朗	lɔŋ3	long3	lang3	赣			120000		
朝	tsɛu1	zeu1	chao2	赣			120000		
朝	tsʰɛu2	ceu2	chao2	赣			120000		
期	tɕʰi2	qi2	qi1	赣			210000		
朦	muŋ5	mung4	meng2	赣			120000		
木	muʔ7	muk6	mu4	赣			125000		
未	ui6	wui5	wei4	赣			370000		
末	mot7	mot6	mo4	赣			145000		
本	pɨn3	ben3	ben3	赣			370000		
札	tsat7	zat6	zha2	赣			90000		
术	suət7	suet6	shu4	赣			125000		老1
朱	tsu1	zu1	zhu1	赣			170000		新1
朴	pʰuʔ7	puk6	pu3	赣			120000		
朵	to3	do3	duo3	赣			109030		
机	tɕi1	ji1	ji1	赣			145000		
朽	ɕiu3	xiu3	xiu3	赣			145000		
杀	sat7	sat6	sha1	赣			195000		
杂	tsʰat7	cat6	za2	赣			120000		
权	tɕʰyon2	qyuon2	quan2	赣			270000		
杆	kon1	gon1	gan1	赣			120000		
杆	kon3	gon3	gan1	赣			120000		
杈	tsʰa1	ca1	cha1	赣			75744		
杉	sa1	sa1	shan1	赣			120000		
杌	ut7	wut6	wu4	赣			90000		
李	li3	li3	li3	赣			120000		
杏	ɕin6	xin5	xing4	赣			120000		
材	tsʰai2	cai2	cai2	赣			120000		
村	tsʰun1	cun1	cun1	赣			120000		
杓	pieu1	bieu1	biao1	赣			78151		
杖	tsʰɔŋ6	cong5	zhang4	赣			120000		
杜	tʰu6	tu5	du4	赣			120000		
杞	tɕi0	ji0	qi3	赣			90000		
束	suʔ7	suk6	shu4	赣			120000		
杠	kɔŋ5	gong4	gang1	赣			125000		
条	tʰiɛu2	tieu2	tiao2	赣			290000		
来	lei5	lei4	lai2	赣			411501		
杨	iɔŋ5	yong4	yang2	赣			120000		
杪	miɛu3	mieu3	miao3	赣			90000	梢	
杭	hɔŋ2	hong2	hang2	赣			120000		
杯	pi1	bi1	bei1	赣			120000		
杰	tɕʰiɛt7	qiet6	jie2	赣			120000		
杲	kau3	gau3	gao3	赣			79054		
杳	iɛu3	yeu3	yao3	赣			90000		
杵	tɕʰy3	qyu3	chu3	赣			90000		
杷	pʰa2	pa2	pa2	赣			90000		
杻	tsʰɛu3	ceu3	chou3	赣			75997		
杼	tɕʰy6	qyu5	zhu4	赣			70980		
松	suŋ1	sung1	song1	赣			120000		
松	tɕʰiuŋ2	qiung2	song1	赣			120000		
板	pan3	ban3	ban3	赣			120000		
极	tɕʰit7	qit6	ji2	赣			120000		老1
构	kiɛu5	gieu4	gou4	赣			120000		
枇	pʰi2	pi2	pi2	赣			90000		
枉	uɔŋ3	wong3	wang3	赣			120000		
枋	fɔŋ1	fong1	fang1	赣			79861		
析	ɕit7	xit6	xi1	赣			120000		
枕	tsɨn3	zen3	zhen3	赣			120000		
林	lin5	lin4	lin2	赣			120000		
枘	lui6	lui5	rui4	赣			18143		
枚	mi5	mi4	mei2	赣			108485		
果	kuo3	guo3	guo3	赣			120000		
枝	tsɿ1	zi1	zhi1	赣			120000		
枞	tsuŋ1	zung1	cong1	赣			72901		
枢	tɕʰy1	qyu1	shu1	赣			120000		
枣	tsau3	zau3	zao3	赣			145000		
枥	lit7	lit6	li4	赣			74331		
枨	tsʰen2	cen2	cheng2	赣			77625		
枪	tɕʰiɔŋ1	qiong1	qiang1	赣			120000		
枫	fuŋ1	fung1	feng1	赣			177546		
枭	tɕieu1	jieu1	xiao1	赣			75310		
枯	kʰu1	ku1	ku1	赣			120000		
枰	pʰin2	pin2	ping2	赣			71039		
枳	tsɿ3	zi3	zhi3	赣			72484		
枵	ɕieu1	xieu1	xiao1	赣			72277		
架	ka5	ga4	jia4	赣			145000		
枷	ka1	ga1	jia1	赣			90000		
枸	kiɛu3	gieu3	gou3	赣			90000		
柁	tʰo6	to5	duo4	赣			74284		
柃	lin3	lin3	ling2	赣			12624		
柄	pin3	bin3	bing3	赣			120000		
柈	pʰon2	pon2	ban4	赣			70831		
某	mɛu3	meu3	mou3	赣			370000		
柑	kon1	gon1	gan1	赣			120000		
柒	tɕʰit7	qit6	qi1	赣			104373		
柔	lɛu5	leu4	rou2	赣			120000		
柘	tsa5	za4	zhe4	赣			90000		
柙	hat8	hat7	xia2	赣			73093		
柚	iu6	yiu5	you4	赣			90000		
柜	kʰui6	kui5	gui4	赣			120000		
柠	tɕʰy3	qyu3	ning2	赣			102021		
柢	ti1	di1	di3	赣			70290		
查	tsʰa2	ca2	cha2	赣			290000		
查	tsa1	za1	cha2	赣			290000		
柩	tɕʰiu6	qiu5	jiu4	赣			78766		
柬	kan3	gan3	jian3	赣			108030		
柯	kʰo1	ko1	ke1	赣			90000		
柰	lai6	lai5	nai4	赣			71569		
柱	tɕʰy6	qyu5	zhu4	赣			125000		老1
柳	liu3	liu3	liu3	赣			120000		
柴	tsʰai2	cai2	chai2	赣			120000		
柽	tsʰen1	cen1	cheng1	赣			74722		
柿	tsʰɿ6	ci5	shi4	赣			120000		老1
栀	tsɿ1	zi1	zhi1	赣			90000		
栅	saʔ7	sak6	zha4	赣			120000		
栅	tsat7	zat6	zha4	赣			120000		
标	piɛu1	bieu1	biao1	赣			370000		
栈	tsʰan6	can5	zhan4	赣			120000		
栉	tset7	zet6	zhi4	赣			74147		
栊	luŋ5	lung4	long2	赣			75216		
栋	tuŋ5	dung4	dong4	赣			120000		
栌	lu5	lu4	lu2	赣			77840		
栎	liaʔ7	liak6	li4	赣			90000		
栏	lan5	lan4	lan2	赣			120000		
树	su6	su5	shu4	赣			175000		新1
栓	son1	son1	shuan1	赣			101894		
栖	tɕʰi1	qi1	qi1	赣			120000		
栗	lit7	lit6	li4	赣			120000		
栝	tʰien3	tien3	gua1	赣			77870		
栟	pɨn3	ben3	ben1	赣			77117		
校	kau5	gau4	xiao4	赣			120000		
校	hau6	hau5	xiao4	赣			120000		
栩	ɕy3	xyu3	xu3	赣			70318		
株	tɕy1	jyu1	zhu1	赣			120000		老1
栲	kʰau3	kau3	kao3	赣			75019		
栳	lau3	lau3	lao3	赣			71252		
样	iɔŋ6	yong5	yang4	赣			245000		
核	hɛt7	het6	he2	赣			120000		
根	kiɛn1	gien1	gen1	赣			195000		
栽	tsai1	zai1	zai1	赣			120000		
栾	lon5	lon4	luan2	赣			73540		
桀	tɕʰiet7	qiet6	jie2	赣			76154		
桁	hen2	hen2	heng2	赣			79282		
桃	tʰau2	tau2	tao2	赣			120000		
桄	kuɔŋ1	guong1	guang1	赣			10904		
桅	ui5	wui4	wei2	赣			90000		
框	kʰuaŋ1	kuang1	kuang1	赣			145000		
案	ŋon5	ngon4	an4	赣			120000		
桊	tɕyon5	jyuon4	juan4	赣			13200		
桌	tsɔʔ7	zok6	zhuo1	赣			120000		
桎	tset7	zet6	zhi4	赣			98581		
桐	tʰuŋ2	tung2	tong2	赣			145000		
桑	sɔŋ1	song1	sang1	赣			120000		
桓	fon5	fon4	huan2	赣			77656		
桔	tɕyt7	jyut6	ju2	赣			120000		
桡	lau6	lau5	rao2	赣			79846		
桢	tsɨn1	zen1	zhen1	赣			77410		
档	tɔŋ1	dong1	dang4	赣			134790		
桥	tɕʰiɛu2	qieu2	qiao2	赣			120000		
桦	fa5	fa4	hua4	赣			131573		
桧	fɨi6	fei5	gui4	赣			70366		
桨	tɕiɔŋ3	jiong3	jiang3	赣			120000		
桩	tsɔːŋ1	zong1	zhuang1	赣			120000		
桫	so1	so1	suo1	赣			76414		
桴	fu1	fu1	fu2	赣			70500		
桶	tʰuŋ3	tung3	tong3	赣			145000		
桷	kɔʔ7	gok6	jue2	赣			78857		
梁	liɔŋ5	liong4	liang2	赣			120000		
梃	tʰin6	tin5	ting3	赣			77097		
梅	mi5	mi4	mei2	赣			120000		老1
梆	pɔŋ1	bong1	bang1	赣			120000		
梏	kɔʔ7	gok6	gu4	赣			78519		
梓	tsɿ3	zi3	zi3	赣			70836		
梢	sau1	sau1	shao1	赣			120000		
梦	muŋ6	mung5	meng4	赣			320000		
梧	u5	wu4	wu2	赣			120000		
梨	li5	li4	li2	赣			120000		
梭	so1	so1	suo1	赣			120000		
梯	tʰi1	ti1	ti1	赣			120000		
械	kʰai6	kai5	xie4	赣			145000		
梳	su1	su1	shu1	赣			120000		
梵	fan6	fan5	fan4	赣			72002		
梾	lai5	lai4	lai2	赣			16386		
检	tɕiɛn3	jien3	jian3	赣			170000		
棁	tʰot7	tot6	zhuo1	赣			75447		
棉	miɛn5	mien4	mian2	赣			120000		
棋	tɕʰi2	qi2	qi2	赣			120000		
棍		gun4	gun4	赣			120000		
棒	pʰɔŋ6	pong5	bang4	赣			120000		
棕	tsuŋ1	zung1	zong1	赣			120000		
棘	tɕit7	jit6	ji2	赣			104756		
棠	tʰɔŋ2	tong2	tang2	赣			120000		
棣	tʰi6	ti5	di4	赣			71744		
棨	tɕʰi3	qi3	qi3	赣			18690		
棬	tɕʰyon1	qyuon1	quan1	赣			11765		
森	sɛn1	sen1	sen1	赣			120000		
棱	lɛn5	len4	leng2	赣			120000		
棵	kʰuo1	kuo1	ke1	赣			120000		
棹	tsʰau6	cau5	zhao4	赣			71595		
棺	kuon1	guon1	guan1	赣			120000		
棻	fɨn1	fen1	fen1	赣			74809		
棼	fɨn5	fen4	fen2	赣			71452		
椁	kuɔʔ7	guok6	guo3	赣			90000		
椅	i3	yi3	yi3	赣			145000		
椋	liɔŋ5	liong4	liang2	赣			76810		
植	tsʰɨt8	cet7	zhi2	赣			128000		老1
椎	tsʰui2	cui2	chui2	赣			106744		
椐	tɕy1	jyu1	ju1	赣			77395		
椑	pi1	bi1	bei1	赣			13770		
椒	tɕiɛu1	jieu1	jiao1	赣			120000		
椟	tʰuʔ8	tuk7	du2	赣			71608		
椠	tsʰan6	can5	qian4	赣			70259		
椤	lo3	lo3	luo2	赣			79211		
椭	tʰo3	to3	tuo3	赣			103154		
椰	ia5	ya4	ye1	赣			106294		
椴	tʰon6	ton5	duan4	赣			76083		
椽	tsʰon2	con2	chuan2	赣			90000		
椿	tsʰun1	cun1	chun1	赣			120000		
椿	tsɔŋ1	zong1	chun1	赣			120000		
楂	tsa1	za1	zha1	赣			73888		
楔	ɕiɛt7	xiet6	xie1	赣			90000		
楗	tɕʰien6	qien5	jian4	赣			10044		
楚	tsʰu3	cu3	chu3	赣			125000		
楝	liɛn6	lien5	lian4	赣			90000		
楞	len5	len4	leng2	赣			13143		
楠	lan5	lan4	nan2	赣			90000		
楣	mi5	mi4	mei2	赣			72043		
楦	ɕyon5	xyuon4	xuan4	赣			90000		
楫	tɕiet7	jiet6	ji2	赣			74489		
楮	tu3	du3	chu3	赣			79350		
楯	tsʰun1	cun1	dun4	赣			76045		
楷	kʰai3	kai3	kai3	赣			120000		
楸	tɕʰiu1	qiu1	qiu1	赣			74068		
楹	in5	yin4	ying2	赣			79707		
楼	lɛu5	leu4	lou2	赣			120000		
概	kʰai3	kai3	gai4	赣			130000		老1
榄	lan3	lan3	lan3	赣			100687		
榆	y5	yu4	yu2	赣			107182		
榇	tsʰen3	cen3	chen4	赣			10935		
榈	li5	li4	lv2	赣			78162		
榉	tɕy3	jyu3	ju3	赣			70198		
榍	ɕiet7	xiet6	xie4	赣			10144		
榔	lɔŋ5	long4	lang2	赣			120000		
榕	iuŋ5	yung4	rong2	赣			109293		老1
榖	kuʔ7	guk6	gu3	赣			90000		
榛	tsen1	zen1	zhen1	赣			76511		
榜	pɔŋ3	bong3	bang3	赣			120000		
榧	fɨi3	fei3	fei3	赣			79354		
榨	tsa5	za4	zha4	赣			120000		
榭	ɕia6	xia5	xie4	赣			74572		
榴	liu5	liu4	liu2	赣			120000		
榷	kɔʔ7	gok6	que4	赣			78082		
榻	tʰat7	tat6	ta4	赣			72139		
槁	kʰau3	kau3	gao3	赣			70598		
槊	sɔʔ7	sok6	shuo4	赣			70653		
槌	tsʰui2	cui2	chui2	赣			90000		
槎	tsʰa2	ca2	cha2	赣			102093		
槐	fai2	fai2	huai2	赣			120000		
槚	ka3	ga3	jia3	赣			19802		
槛	kʰan3	kan3	kan3	赣			101366		
槟	pin1	bin1	bin1	赣			90000		
槠	tɕy1	jyu1	zhu1	赣			74828		
槭	tɕiuʔ7	jiuk6	qi1	赣			76074		
槲	fuʔ8	fuk7	hu2	赣			77266		
槽	tsʰau2	cau2	cao2	赣			145000		
槽	tsau1	zau1	cao2	赣			145000		
槿	tɕin0	jin0	jin3	赣			90000		
樊	fan5	fan4	fan2	赣			73884		
樘	tsʰen1	cen1	tang2	赣			76986		
樟	tsɔŋ1	zong1	zhang1	赣			120000		
模	mu5	mu4	mo2	赣			170000		
樯	tɕʰiɔŋ2	qiong2	qiang2	赣			71666		
樱	in1	yin1	ying1	赣			120000		
樵	tɕʰiɛu2	qieu2	qiao2	赣			90000		
樽	tsun1	zun1	zun1	赣			75809		
樾	yot7	yuot6	yue4	赣			72187		
橄	kon3	gon3	gan3	赣			133572		
橇	tɕʰieu1	qieu1	qiao1	赣			71981		
橐	tʰɔʔ7	tok6	tuo2	赣			75199		
橘	tɕyt7	jyut6	ju2	赣			120000		
橥	tɕy1	jyu1	zhu1	赣			11020		
橦	tsʰɔŋ2	cong2	tong2	赣			14489		
橱	tɕʰy2	qyu2	chu2	赣			145000		
橹	lu3	lu3	lu3	赣			90000		
橼	yon5	yuon4	yuan2	赣			75653		
檀	tʰan2	tan2	tan2	赣			120000		
檄	ɕit7	xit6	xi2	赣			70203		
檎		qin	qin2	赣			90000		
檎	tɕʰin2	qin2	qin2	赣			90000		
檎		qien	qin2	赣			90000		
檐	ien5	yen4	yan2	赣			105523		
檗	pet7	bet6	bo4	赣			79199		
檠	tɕʰin2	qin2	qing2	赣			74861		
檩	lin3	lin3	lin3	赣			75388		
檬	muŋ5	mung4	meng2	赣			120000		
檵		ji5	ji4	赣			3000		
欠	tɕʰiɛn3	qien3	qian4	赣			120000		
次	tsʰɿ3	ci3	ci4	赣			205000		
欢	fon1	fon1	huan1	赣			120000		
欣	ɕin1	xin1	xin1	赣			120000		
欤	y3	yu3	yu2	赣			72000		
欧	ŋiɛu1	ngieu1	ou1	赣			145000		
欲	yt7	yut6	yu4	赣			120000		
欸	ŋai1	ngai1	ai1	赣			178946		
欺	tɕʰi1	qi1	qi1	赣			120000		
款	kʰuon3	kuon3	kuan3	赣			125000		
歃	sat7	sat6	sha4	赣			70383		
歆	ɕin1	xin1	xin1	赣			71813		
歇	ɕiɛt7	xiet6	xie1	赣			245000		
歉	tɕʰiɛn3	qien3	qian4	赣			120000		
歌	ko1	go1	ge1	赣			145000		
歙	set7	set6	she4	赣			77155		
止	tsɿ3	zi3	zhi3	赣			145000		
此	tsʰɿ3	ci3	ci3	赣			310000		
步	pʰu6	pu5	bu4	赣			150000		
武	u3	wu3	wu3	赣			120000		
歧	tɕʰi2	qi2	qi2	赣			106764		
歪	uai1	wai1	wai1	赣			120000		
歹	tai3	dai3	dai3	赣			120000		
死	sɿ3	si3	si3	赣			370000		
歼	tɕien1	jien1	jian1	赣			105537		
殁	mɛt7	met6	mo4	赣			75926		
殂	tsʰu2	cu2	cu2	赣			71274		
殃	iɔŋ1	yong1	yang1	赣			120000		
殄	tʰien6	tien5	tian3	赣			70824		
殆	tʰai6	tai5	dai4	赣			74759		
殇	sɔŋ1	song1	shang1	赣			71175		
殉	ɕyn6	xyun5	xun4	赣			100710		
殊	ɕy1	xyu1	shu1	赣			120000		
残	tsʰan2	can2	can2	赣			120000		
殍	pʰi6	pi5	piao3	赣			76589		
殒	yn3	yun3	yun3	赣			71460		
殓	tʰiɛn6	tien5	lian4	赣			90000		
殖	tsʰət7	cet6	zhi2	赣			120000		老1
殚	tan1	dan1	dan1	赣			70261		
殛	tɕit7	jit6	ji2	赣			73710		
殡	pen5	ben4	bin4	赣			90000		
殣	tɕʰin6	qin5	jin4	赣			18369		
殪	i5	yi4	yi4	赣			76356		
殳	ɕy5	xyu4	shu1	赣			12933		
殴	ŋieu3	ngieu3	ou1	赣			101168		
段	tʰon6	ton5	duan4	赣			220000		
殷	in1	yin1	yin1	赣			120000		
殿	tʰiɛn6	tien5	dian4	赣			120000		
毁	fɨi3	fei3	hui3	赣			120000		
毁	fɨi3	fei3	hui3	赣			120000		
毂	kuʔ7	guk6	gu3	赣			70094		
毅	ȵi6	ni5	yi4	赣			105838		
毋	u5	wu4	wu2	赣			74089		
母	mu3	mu3	mu3	赣			275000		
每	mi3	mi3	mei3	赣			370000		老1
毐	ŋai1	ngai1	ai3	赣			12444		
毒	tʰuʔ8	tuk7	du2	赣			145000		
毓	yt7	yut6	yu4	赣			73157		
比	pi3	bi3	bi3	赣			370000		
毕	pit7	bit6	bi4	赣			120000		
毖	pi5	bi4	bi4	赣			76050		
毗	pʰi2	pi2	pi2	赣			74149		
毙	pʰi5	pi4	bi4	赣			120000		
毡	tsɛn1	zen1	zhan1	赣			120000		
毫	hau2	hau2	hao2	赣			120000		
毯	tʰan3	tan3	tan3	赣			120000		
毳	tsʰui3	cui3	cui4	赣			70156		
毵	san1	san1	san1	赣			16180		
毹	su1	su1	shu1	赣			75791		
氅	tsʰɔŋ3	cong3	chang3	赣			71379		
氍	tɕʰy2	qyu2	qu2	赣			77059		
氏	sɿ6	si5	shi4	赣			145000		
氐	tsɿ1	zi1	di1	赣			74408		
民	min5	min4	min2	赣			125000		
氓	mɔŋ5	mong4	mang2	赣			120000		
气	tɕʰi3	qi3	qi4	赣			180000		
氛	fɨn1	fen1	fen1	赣			104988		
氢	tɕʰin1	qin1	qing1	赣			133335		
氤	in1	yin1	yin1	赣			74230		
氧	iɔŋ3	yong3	yang3	赣			120000		
氨	ŋon1	ngon1	an1	赣			101882		
氮	tʰan6	tan5	dan4	赣			108691		
氯	liuʔ7	liuk6	lv4	赣			105059		
氲	yn1	yun1	yun1	赣			72046		
水	sui3	sui3	shui3	赣			220000		
永	iuŋ3	yung3	yong3	赣			120000		
汀	tʰin1	tin1	ting1	赣			71569		
汁	tsɨt7	zet6	zhi1	赣			120000		
求	tɕʰiu2	qiu2	qiu2	赣			140000		
汇	fɨi6	fei5	hui4	赣			145000		
汇	fɨi6	fei5	hui4	赣			145000		
汉	hon6	hon5	han4	赣			125000		
汐	ɕit7	xit6	xi1	赣			97501		
汔	ɕit7	xit6	qi4	赣			73461		
汕	san3	san3	shan4	赣			75388		
汗	hon6	hon5	han4	赣			120000		
汛	ɕin5	xin4	xun4	赣			108595		
汜	sɿ6	si5	si4	赣			72730		
汞	kuŋ3	gung3	gong3	赣			102222		
江	kɔŋ1	gong1	jiang1	赣			150000		
池	tsʰɿ2	ci2	chi2	赣			120000		
污	u1	wu1	wu1	赣			120000		
汤	tʰɔŋ1	tong1	tang1	赣			120000		
汨	mɛt7	met6	mi4	赣			73826		
汩	kut7	gut6	gu3	赣			76901		
汪	uoŋ1	wong1	wang1	赣			170000		
汭	lui6	lui5	rui4	赣			12277		
汰	tʰai3	tai3	tai4	赣			101280		
汲	tɕit7	jit6	ji2	赣			77410		
汴	pʰiɛn6	pien5	bian4	赣			90000		
汶	mɨn5	men4	wen4	赣			71975		
汹	ɕiuŋ1	xiung1	xiong1	赣			102156		
汽	tɕʰi3	qi3	qi4	赣			120000		
汾	fɨn5	fen4	fen2	赣			90000		
沁	tɕʰin3	qin3	qin4	赣			103337		
沂	ȵi5	ni4	yi2	赣			70109		
沃	uʔ7	wuk6	wo4	赣			135000		又1
沄	fɨn5	fen4	yun2	赣			15707		
沅	ȵyon5	nyuon4	yuan2	赣			78734		
沆	hɔŋ2	hong2	hang4	赣			76524		
沈	sɨn3	sen3	shen3	赣			145000		
沈	tsʰɨn5	cen4	shen3	赣			145000		
沉	tsʰən2	cen2	chen2	赣			120000		
沌	tsʰon6	con5	dun4	赣			78242		
沏	tɕʰiet7	qiet6	qi1	赣			71792		
沐	muʔ7	muk6	mu4	赣			110104		
沓	tat7	dat6	da2	赣			115000		
沔	mien3	mien3	mian3	赣			70690		
沘	pi3	bi3	bi3	赣			16421		
沙	sa1	sa1	sha1	赣			145000		
沚	tsɿ3	zi3	zhi3	赣			79891		
沛	pi5	bi4	pei4	赣			108478		
沟	kiɛu1	gieu1	gou1	赣			120000		
没	mɨt7	met6	mei2	赣			370000		
沣	fuŋ1	fung1	feng1	赣			77284		
沤	ŋiɛu5	ngieu4	ou1	赣			115000		
沥	lit7	lit6	li4	赣			101334		
沦	lɨn5	len4	lun2	赣			120000		老1
沧	tsʰɔŋ1	cong1	cang1	赣			109674		
沨	fuŋ5	fung4	feng1	赣			76691		
沩	kui1	gui1	wei2	赣			73388		
沪	fu6	fu5	hu4	赣			145000		
沫	mot7	mot6	mo4	赣			120000		
沭	sut8	sut7	shu4	赣			79886		
沮	tsu1	zu1	ju3	赣			108493		
沱	tʰo2	to2	tuo2	赣			75521		
河	ho2	ho2	he2	赣			145000		
沸	fɨi5	fei4	fei4	赣			108557		
油	iu5	yiu4	you2	赣			145000		
沼	tseu3	zeu3	zhao3	赣			109461		
沽	ku1	gu1	gu1	赣			101024		
沾	tsɛn1	zen1	zhan1	赣			120000		
沿	ȵyon5	nyuon4	yan2	赣			120000		老1
沿	iɛn5	yen4	yan2	赣			120000		新1
泄	ɕiɛt7	xiet6	xie4	赣			120000		
泅	tɕʰiu5	qiu4	qiu2	赣			90000		
泉	tɕʰyon2	qyuon2	quan2	赣			120000		
泊	pʰɔʔ8	pok7	po1	赣			132463		
泌	pi5	bi4	mi4	赣			120000		
泐	lɛt7	let6	le4	赣			76865		
泔	kon1	gon1	gan1	赣			71615		
法	fat7	fat6	fa3	赣			120000		
泖	mau3	mau3	mao3	赣			71612		
泗	sɿ5	si4	si4	赣			74005		
泚	tsʰɿ3	ci3	ci3	赣			16694		
泛	fan5	fan4	fan4	赣			155293		
泜	tsʰɿ2	ci2	zhi1	赣			13930		
泞	ȵi6	ni5	ning4	赣			105075		
泠	lin5	lin4	ling2	赣			72628		
泡	pʰau1	pau1	pao4	赣			170000		
泡	pʰau3	pau3	pao4	赣			170000		
波	po1	bo1	bo1	赣			150000		
泣	tɕʰit7	qit6	qi4	赣			120000		
泥	ȵi5	ni4	ni2	赣			120000		
注	tɕy5	jyu4	zhu4	赣			170000		老1
泪	li6	li5	lei4	赣			130000		老1
泫	ɕyon6	xyuon5	xuan4	赣			79831		
泮	pʰon3	pon3	pan4	赣			71839		
泯	min3	min3	min3	赣			101869		
泰	tʰai3	tai3	tai4	赣			120000		
泱	iɔŋ1	yong1	yang1	赣			78360		
泳	iuŋ6	yung5	yong3	赣			125000		
泵	puŋ5	bung4	beng4	赣			132818		
泷	lɔŋ5	long4	long2	赣			75082		
泸	lu5	lu4	lu2	赣			75040		
泺	lɛt7	let6	luo4	赣			79110		
泻	ɕia5	xia4	xie4	赣			120000		
泼	pʰot7	pot6	po1	赣			120000		
泽	tsʰɛt7	cet6	ze2	赣			170000		老1
泾	tɕin1	jin1	jing1	赣			73379		
洁	tɕiɛt7	jiet6	jie2	赣			120000		
洄	fɨi5	fei4	hui2	赣			72661		
洇	in5	yin4	yin1	赣			90000		
洋	iɔŋ5	yong4	yang2	赣			155000		
洌	li6	li5	lie4	赣			95116		
洎	tɕi5	ji4	ji4	赣			72782		
洑	fuʔ8	fuk7	fu2	赣			19326		
洒	sa3	sa3	sa3	赣			120000		
洗	ɕi3	xi3	xi3	赣			170000		
洙	ɕy5	xyu4	zhu1	赣			78881		
洚	kɔŋ5	gong4	jiang4	赣			10727		
洛	lɔʔ7	lok6	luo4	赣			120000		
洞	tʰuŋ6	tung5	dong4	赣			195000		
洣	mi3	mi3	mi3	赣			10991		
津	tɕin1	jin1	jin1	赣			120000		
洧	ui3	wui3	wei3	赣			78274		
洨	hau2	hau2	xiao2	赣			11971		
洪	fuŋ5	fung4	hong2	赣			120000		
洫	ɕyt7	xyut6	xu4	赣			72934		
洮	tʰau1	tau1	tao2	赣			79028		
洱	ɵ3	o3	er3	赣			71457		
洲	tsɛu1	zeu1	zhou1	赣			170000		本1
洳	ɵ5	o4	ru4	赣			77713		
洴	pʰin2	pin2	ping2	赣			11808		
洵	ɕyn1	xyun1	xun2	赣			72440		
洹	fon5	fon4	huan2	赣			79742		
洺	min5	min4	ming2	赣			10768		
活	uɛt7	wet6	huo2	赣			220000		又1
洼	ua1	wa1	wa1	赣			103677		
洽	kʰat7	kat6	qia4	赣			107170		
派	pʰai3	pai3	pai4	赣			195000		
流	liu5	liu4	liu2	赣			300000		
浃	tɕiet7	jiet6	jia1	赣			77972		
浅	tɕʰiɛn3	qien3	qian3	赣			120000		
浆	tɕiɔŋ1	jiong1	jiang1	赣			120000		
浇	tɕiɛu1	jieu1	jiao1	赣			120000		
浈	tsʰen2	cen2	zhen1	赣			11882		
浊	tsʰɔʔ7	cok6	zhuo2	赣			104725		
测	tsʰɛt7	cet6	ce4	赣			120000		
浍	kui5	gui4	hui4	赣			72993		
济	tɕi5	ji4	ji4	赣			120000		
浏	liu3	liu3	liu2	赣			107544		
浐	san3	san3	chan3	赣			14560		
浑	fɨn5	fen4	hun2	赣			120000		
浒	ɕy3	xyu3	hu3	赣			90000		
浒	fu3	fu3	hu3	赣			90000		
浓	ȵiuŋ2	niung2	nong2	赣			145000		
浔	ɕyn5	xyun4	xun2	赣			90000		
浕	tsʰen6	cen5	jin4	赣			76151		
浙	tsɛt7	zet6	zhe4	赣			120000		
浚	ɕyn5	xyun4	jun4	赣			76784		
浜	pin1	bin1	bang1	赣			79630		
浞	tsʰɔʔ7	cok6	zhuo2	赣			74720		
浡	pʰet8	pet7	bo2	赣			12429		
浣	fon6	fon5	huan4	赣			72950		
浥	ŋat7	ngat6	yi4	赣			75273		
浦	pʰu3	pu3	pu3	赣			102044		
浩	hau6	hau5	hao4	赣			103401		
浪	lɔŋ6	long5	lang4	赣			145000		
浯	u5	wu4	wu2	赣			79445		
浴	ȵiuʔ7	niuk6	yu4	赣			125538		
海	hai3	hai3	hai3	赣			240000		
浸	tɕin5	jin4	jin4	赣			145000		
浼	mi3	mi3	mei3	赣			18064		
涂	tʰu2	tu2	tu2	赣			120000		
涅	ȵiet7	niet6	nie4	赣			77349		
消	ɕiɛu1	xieu1	xiao1	赣			120000		
涉	sɛt8	set7	she4	赣			120000		
涉	sɛt7	set6	she4	赣			120000		
涌	iuŋ3	yung3	yong3	赣			108233		
涎	ɕiɛn5	xien4	xian2	赣	口水	kou3 shui3	115000		
涑	seu1	seu1	su4	赣			71505		
涓	tɕyon1	jyuon1	juan1	赣			71148		
涔	tsʰen2	cen2	cen2	赣			71457		
涕	ti0	di0	ti4	赣			120000		
涘	sɿ6	si5	si4	赣			106954		
涛	tʰau2	tau2	tao1	赣			125000		
涝	lau3	lau3	lao4	赣			107429		
涞	lai5	lai4	lai2	赣			79146		
涟	lien5	lien4	lian2	赣			77087		
涠	ui5	wui4	wei2	赣			73443		
涡	uo1	wo1	wo1	赣			120000		
涢	yn3	yun3	yun2	赣			10032		
涣	fɨi3	fei3	huan4	赣			102950		
涤	tʰit8	tit7	di2	赣			104181		
润	lɨn6	len5	run4	赣			108696		
涧	kan5	gan4	jian4	赣			103773		
涨	tsɔŋ5	zong4	zhang3	赣			130000		
涨	tsɔŋ3	zong3	zhang3	赣			130000		
涩	sɛt7	set6	se4	赣			120000		
涪	feu5	feu4	fu2	赣			74836		
涫	kuon1	guon1	guan4	赣			74481		
涮	son5	son4	shuan4	赣			103930		
涯	ŋai5	ngai4	ya2	赣			120000		
液	it7	yit6	ye4	赣			100135		
涵	hon2	hon2	han2	赣			120000		
涸	hɔʔ8	hok7	he2	赣			70449		
淀	tʰien6	tien5	dian4	赣			108231		
淄	tsɿ1	zi1	zi1	赣			72835		
淅	ɕit7	xit6	xi1	赣			75730		
淆	hau2	hau2	xiao2	赣			104633		
淇	tɕʰi2	qi2	qi2	赣			76447		
淋	lin5	lin4	lin2	赣			145000		
淌	tʰɔŋ3	tong3	tang3	赣			120000		
淑	suʔ7	suk6	shu1	赣			120000		
淖	lau6	lau5	nao4	赣			79136		
淘	tʰau2	tau2	tao2	赣			120000		
淙	sɔŋ5	song4	cong2	赣			74181		
淝	fɨi5	fei4	fei2	赣			74820		
淞	suŋ1	sung1	song1	赣			74230		
淠	pʰi3	pi3	pi4	赣			70400		
淡	tʰan6	tan5	dan4	赣			120000		
淤	y1	yu1	yu1	赣			104142		
淦	kon5	gon4	gan4	赣			120000		
淫	in5	yin4	yin2	赣			120000		
淬	tsʰui3	cui3	cui4	赣			79247		
淮	fai2	fai2	huai2	赣			120000		
深	sɨn1	sen1	shen1	赣			120000		
淳	sun5	sun4	chun2	赣			109967		老1
混	fɨn6	fen5	hun4	赣			275000		
添	tʰiɛn1	tien1	tian1	赣			120000		
渊	yon1	yuon1	yuan1	赣			120000		
渌	luʔ7	luk6	lu4	赣			79435		
渍	tsʰɿ6	ci5	zi4	赣			77317		
渎	tʰuʔ8	tuk7	du2	赣			70905		
渐	tɕʰiɛn6	qien5	jian4	赣			145000		
渑	sɨn5	sen4	mian3	赣			79515		
渗	sen5	sen4	shen4	赣			108153		
渚	tɕy3	jyu3	zhu3	赣			115000		老1
渚	tsu3	zu3	zhu3	赣			115000		新1
渝	y5	yu4	yu2	赣			108453		
渡	tʰu6	tu5	du4	赣			120000		
渣	tsa1	za1	zha1	赣			120000		
渤	pʰet8	pet7	bo2	赣			101044		
渥	ŋɔʔ7	ngok6	wo4	赣			98959		老1
温	uen1	wun1	wen1	赣			223674		
渫	tsʰat8	cat7	xie4	赣			76491		
渭	ui6	wui5	wei4	赣			73165		
港	kɔŋ3	gong3	gang3	赣			175000		
渲	ɕyon5	xyuon4	xuan4	赣			126317		
渴	kʰot7	kot6	ke3	赣			145000		
游	iu5	yiu4	you2	赣			145000		
渺	miɛu3	mieu3	miao3	赣			120000		
湃	pʰai3	pai3	pai4	赣			101938		
湄	mi5	mi4	mei2	赣			75128		
湉	tʰien2	tien2	tian2	赣			79912		
湍	tʰon1	ton1	tuan1	赣			76941		
湎	mien3	mien3	mian3	赣			76742		
湔	tɕien1	jien1	jian1	赣			76317		
湖	fu5	fu4	hu2	赣			145000		
湖	u5	wu4	hu2	赣			145000		
湘	ɕiɔŋ1	xiong1	xiang1	赣			125000		
湛	tan1	dan1	zhan4	赣			72812		
湜	sɛt7	set6	shi2	赣			79347		
湝	kai1	gai1	jie1	赣			16187		
湟	fɔŋ5	fong4	huang2	赣			72857		
湨	kuet7	guet6	ju2	赣			1000		
湫	tɕieu1	jieu1	jiao3	赣			79960		
湮	ien1	yen1	yan1	赣			73811		
湲	fan5	fan4	yuan2	赣			78421		
湾	uan1	wan1	wan1	赣			145000		
湿	sɨt7	set6	shi1	赣			145000		老1
溃	kʰui3	kui3	kui4	赣			103739		
溅	tɕien5	jien4	jian4	赣			132706		
溆	ɕy6	xyu5	xu4	赣			70492		
溇	li3	li3	lou2	赣			15422		
溉	kai5	gai4	gai4	赣			102260		
溏	tʰɔŋ2	tong2	tang2	赣			71675		
源	ȵyon5	nyuon4	yuan2	赣			170000		
溘	kʰai3	kai3	ke4	赣			71452		
溜	liu1	liu1	liu1	赣			120000		
溟	min3	min3	ming2	赣			72797		
溠	tsa1	za1	zha4	赣			15018		
溢	it7	yit6	yi4	赣			132572		
溥	pʰu3	pu3	pu3	赣			75976		
溧	lit7	lit6	li4	赣			74222		
溪	tɕʰi1	qi1	xi1	赣			145000		老1
溯	su5	su4	su4	赣			103932		
溱	tsen1	zen1	qin2	赣			72544		
溶	iuŋ5	yung4	rong2	赣			107338		
溷	fɨn6	fen5	hun4	赣			71250		
溺	ȵiɛu6	nieu5	ni4	赣			145000		
溺	ȵit7	nit6	ni4	赣			145000		
溽	ȵiuʔ7	niuk6	ru4	赣			78606		
滁	tɕʰy2	qyu2	chu2	赣			75799		
滂	pʰɔŋ1	pong1	pang1	赣			72836		
滃	uŋ3	wung3	weng1	赣			74889		
滇	tien1	dien1	dian1	赣			106913		
滋	tsɿ1	zi1	zi1	赣			120000		
滍	tsʰɿ6	ci5	zhi4	赣			18827		
滏	fu6	fu5	fu3	赣			73190		
滑	uat7	wat6	hua2	赣			120000		
滓	tsɿ3	zi3	zi3	赣			73007		
滔	tʰau1	tau1	tao1	赣			120000		
滕	tʰɛn2	ten2	teng2	赣			90000		
滗	pi5	bi4	bi4	赣			90000		
滚		gun3	gun3	赣			120000		
滞	tsʰɿ6	ci5	zhi4	赣			120000		
滟	ien6	yen5	yan4	赣			78018		
滠	set7	set6	she4	赣			18236		
满	mon3	mon3	man3	赣			225000		
滢	in5	yin4	ying2	赣			90000		
滤	li6	li5	lv4	赣			120000		
滥	lan6	lan5	lan4	赣			103472		
滦	lon5	lon4	luan2	赣			74633		
滨	pin1	bin1	bin1	赣			107611		
滩	tʰan1	tan1	tan1	赣			120000		
滪	y6	yu5	yu4	赣			78284		
滫	ɕiu3	xiu3	xiu3	赣			75328		
滹	fu1	fu1	hu1	赣			75259		
漂	pʰiɛu1	pieu1	piao1	赣			145000		
漂	pʰiɛu3	pieu3	piao1	赣			145000		
漆	tɕʰit7	qit6	qi1	赣			120000		
漉	luʔ7	luk6	lu4	赣			75089		
漏	lɛu6	leu5	lou4	赣			170000		
漓	li5	li4	li2	赣			102718		
演	iɛn3	yen3	yan3	赣			120000		
漕	tsʰau2	cau2	cao2	赣			79040		
漠	mɔʔ7	mok6	mo4	赣			120000		
漤	lan3	lan3	lan3	赣			18121		
漪	i1	yi1	yi1	赣			79003		
漫	man6	man5	man4	赣			120000		
漫	mon6	mon5	man4	赣			120000		
漭	mɔŋ3	mong3	mang3	赣			77765		
漯	lo6	lo5	luo4	赣			74257		
漱	su5	su4	shu4	赣			120000		
漳	tsɔŋ1	zong1	zhang1	赣			74362		
漶	fon6	fon5	huan4	赣			71174		
漾	iɔŋ6	yong5	yang4	赣			109357		
潋	lien3	lien3	lian4	赣			79139		
潍	ui5	wui4	wei2	赣			70559		
潏	tɕyot7	jyuot6	yu4	赣			17919		
潘	pʰon1	pon1	pan1	赣			120000		
潜	tɕʰien2	qien2	qian2	赣			107029		
潞	lu6	lu5	lu4	赣			79615		
潟	ɕit7	xit6	xi4	赣			77056		
潢	fɔŋ5	fong4	huang2	赣			71795		
潦	liɛu5	lieu4	lao3	赣			90000		
潭	tʰan2	tan2	tan2	赣			120000		
潮	tsʰɛu2	ceu2	chao2	赣			120000		
潲	sau5	sau4	shao4	赣			90000		
潴	tɕy1	jyu1	zhu1	赣			115000		老1
潸	san1	san1	shan1	赣			74541		
潺	tsʰan2	can2	chan2	赣			79908		
潼	tʰuŋ2	tung2	tong2	赣			77097		
澄	tʰen2	ten2	cheng2	赣			105547		
澈	tsʰet7	cet6	che4	赣			100650		
澉	tʰan3	tan3	gan3	赣			77544		
澌	sɿ5	si4	si1	赣			73702		
澍	tɕy5	jyu4	shu4	赣			72511		
澎	pʰuŋ2	pung2	peng1	赣			109592		
澜	lan5	lan4	lan2	赣			106921		
澡	tsau3	zau3	zao3	赣			145000		
澥	hai6	hai5	xie4	赣			78877		
澧	li3	li3	li3	赣			72466		
澳	ŋau5	ngau4	ao4	赣			100977		
澴	fan5	fan4	huan2	赣			12572		
澶	tʰan6	tan5	chan2	赣			70543		
澹	tʰan2	tan2	dan4	赣			73475		
澼	pʰit7	pit6	pi4	赣			19119		
激	tɕit7	jit6	ji1	赣			145000		
濂	lien5	lien4	lian2	赣			74242		
濉	sui1	sui1	sui1	赣			72907		
濑	lai6	lai5	lai4	赣			76844		
濒	pin1	bin1	bin1	赣			109154		
濞	pʰi3	pi3	bi4	赣			70352		
濠	hau2	hau2	hao2	赣			73216		
濡	ɵ5	o4	ru2	赣			70107		
濮	puʔ7	buk6	pu2	赣			77224		
濯	tsʰau6	cau5	zhuo2	赣			75926		
瀌	pieu1	bieu1	biao1	赣			12812		
瀍	tsʰen2	cen2	chan2	赣			11943		
瀑	pʰoʔ7	pok6	pu4	赣			120000		
瀚	hon6	hon5	han4	赣			70776		
瀛	in5	yin4	ying2	赣			71115		
瀣	hai6	hai5	xie4	赣			79015		
瀵	fɨn5	fen4	fen4	赣			10340		
瀹	iɔʔ7	yok6	yue4	赣			18361		
灌	kuon5	guon4	guan4	赣			120000		
灏	hau6	hau5	hao4	赣			71994		
灞	pa5	ba4	ba4	赣			75183		
火	fo3	fo3	huo3	赣			120000		
灭	miɛt7	miet6	mie4	赣			120000		
灯	tɛn1	den1	deng1	赣			120000		
灰	fɨi1	fei1	hui1	赣			120000		
灰	fɨi1	fei1	hui1	赣			120000		
灵	lin5	lin4	ling2	赣			170000		
灶	tsau5	zau4	zao4	赣			120000		
灸	tɕiu3	jiu3	jiu3	赣			102788		
灼	tsɔʔ7	zok6	zhuo2	赣			103329		
灾	tsai1	zai1	zai1	赣			120000		
灿	tsʰan3	can3	can4	赣			103060		
炀	iɔŋ5	yong4	yang2	赣			78320		
炅	kui3	gui3	jiong3	赣			77816		
炉	lu5	lu4	lu2	赣			120000		
炊	tsʰui1	cui1	chui1	赣			120000		
炎	iɛn5	yen4	yan2	赣			120000		
炒	tsʰau3	cau3	chao3	赣			155000		
炔	kui3	gui3	gui4	赣			78827		
炕	kʰɔŋ3	kong3	kang4	赣			120000		
炖	tɨn5	den4	dun4	赣			90000		
炙	tsaʔ7	zak6	zhi4	赣			90000		
炜	ui3	wui3	wei3	赣			79768		
炟	tat7	dat6	da2	赣			14664		
炫	ɕyon6	xyuon5	xuan4	赣			101494		
炬	tɕʰy6	qyu5	ju4	赣			108381		
炭	tʰan3	tan3	tan4	赣			120000		
炮	pʰau3	pau3	pao4	赣			145000		
炯	kuen3	gun3	jiong3	赣			70082		
炱	tʰai2	tai2	tai2	赣			77234		
炳	pin3	bin3	bing3	赣			70279		
炷	tɕy3	jyu3	zhu4	赣			102461		
炸	tsᴀ5	za4	zha4	赣			170000		
炸	tsat7	zat6	zha4	赣			170000		
点	tiɛn3	dien3	dian3	赣			370000		
炼	liɛn6	lien5	lian4	赣			120000		
炽	tsʰɿ3	ci3	chi4	赣			76672		
烁	sɔʔ7	sok6	shuo4	赣			103902		
烂	lan6	lan5	lan4	赣			170000		
烃	tʰin1	tin1	ting1	赣			74173		
烈	liɛt7	liet6	lie4	赣			120000		
烘	fuŋ1	fung1	hong1	赣			120000		
烙	lɔʔ7	lok6	lao4	赣			120000		
烛	tsuʔ7	zuk6	zhu2	赣			120000		
烜	fɨi3	fei3	xuan3	赣			79545		
烝	tsɨn1	zen1	zheng1	赣			17260		
烟	iɛn1	yen1	yan1	赣			120000		
烤	kʰau3	kau3	kao3	赣			120000		
烦	fan5	fan4	fan2	赣			120000		
烧	sɛu1	seu1	shao1	赣			145000		
烨	iet7	yet6	ye4	赣			76019		
烫	tʰɔŋ3	tong3	tang4	赣			120000		
烬	tɕʰin6	qin5	jin4	赣			77328		
热	lɛt7	let6	re4	赣			145000		
烽	fuŋ1	fung1	feng1	赣			74520		
焉	iɛn1	yen1	yan1	赣			120000		
焊	hon6	hon5	han4	赣			120000		
焌	tsun5	zun4	jun4	赣			18760		
焕	fon6	fon5	huan4	赣			120000		
焘	tʰau2	tau2	dao4	赣			74582		
焙	pʰi6	pi5	bei4	赣			90000		
焚	fɨn5	fen4	fen2	赣			104701		
焜	fɨn6	fen5	kun1	赣			72916		
焦	tɕiɛu1	jieu1	jiao1	赣			120000		
焯	tsɔʔ7	zok6	chao1	赣			73647		
焰	iɛn6	yen5	yan4	赣			120000		
焱	ien6	yen5	yan4	赣			79283		
然	lɛn5	len4	ran2	赣			145000		
煌	fɔŋ5	fong4	huang2	赣			103463		
煎	tɕiɛn1	jien1	jian1	赣			120000		
煜	it7	yit6	yu4	赣			72841		
煞	sat7	sat6	sha1	赣			120000		
煤	mi5	mi4	mei2	赣			145000		
煦	ɕy3	xyu3	xu4	赣			77019		
照	tsɛu5	zeu4	zhao4	赣			120000		
煨	ui1	wui1	wei1	赣			95000		
煮	tɕy3	jyu3	zhu3	赣			170000		老1
煽	sen1	sen1	shan1	赣			107789		
熄	ɕit7	xit6	xi1	赣			120000		
熊	ɕiuŋ5	xiung4	xiong2	赣			170000		
熏	ɕyn1	xyun1	xun1	赣			120000		
熔	iuŋ5	yung4	rong2	赣			102735		
熙	ɕi1	xi1	xi1	赣			120000		
熟	suʔ8	suk7	shu2	赣			150000		
熟	suʔ7	suk6	shu2	赣			150000		
熠	it7	yit6	yi4	赣			70123		
熬	ŋau5	ngau4	ao2	赣			120000		
熹	ɕi1	xi1	xi1	赣			73902		
燃	lɛn5	len4	ran2	赣			120000		
燊	sen1	sen1	shen1	赣			14234		
燎	lieu5	lieu4	liao2	赣			90000		
燏	yt7	yut6	yu4	赣			18447		
燔	fan5	fan4	fan2	赣			70855		
燕	iɛn3	yen3	yan4	赣			120000		
燕	iɛn5	yen4	yan4	赣			120000		
燠	ŋau3	ngau3	yu4	赣			74012		
燥	tsau5	zau4	zao4	赣			120000		
燧	sui6	sui5	sui4	赣			77905		
燮	ɕiet7	xiet6	xie4	赣			77230		
燹	fɨi5	fei4	xian3	赣			79077		
爆	pau5	bau4	bao4	赣			170000		
爝	tɕieu5	jieu4	jue2	赣			73555		
爨	tsʰon3	con3	cuan4	赣			77669		
爪	tsau3	zau3	zhao3	赣			120000		
爬	pʰa2	pa2	pa2	赣			130000		
爰	yon5	yuon4	yuan2	赣			73141		
爱	ŋai5	ngai4	ai4	赣			145000		
爵	tɕiɔʔ7	jiok6	jue2	赣			120000		
父	fu6	fu5	fu4	赣			120000		
爷	ia5	ya4	ye2	赣			155000	爸爸	
爸	paʔ7	bak6	ba4	赣			120000		
爹	tiᴀ1	dia1	die1	赣			120000		
爻	hau2	hau2	yao2	赣			76720		
爽	sɔŋ3	song3	shuang3	赣			120000		
牁	ko1	go1	ke1	赣			75260		
牂		yong	zang1	赣			90000		
牂		zong	zang1	赣			90000		
片	pʰiɛn5	pien4	pian4	赣			170000		
片	pʰien3	pien3	pian4	赣			170000		
版	pan3	ban3	ban3	赣			120000		
牌	pʰai2	pai2	pai2	赣			145000		
牍	tʰuʔ8	tuk7	du2	赣			72668		
牒	tʰiet7	tiet6	die2	赣			77959		
牖	iu3	yiu3	you3	赣			79834		
牙	ŋa5	nga4	ya2	赣			120000		
牝	pʰi6	pi5	pin4	赣			79170		
牟	meu5	meu4	mou2	赣			70549		
牡	mɛu3	meu3	mu3	赣			120000		
牢	lau5	lau4	lao2	赣			145000		
牦	li5	li4	mao2	赣			76661		
牧	muʔ7	muk6	mu4	赣			120000		
物	ut7	wut6	wu4	赣			195000		新1
物	uɛt7	wet6	wu4	赣			205100		老1
牯	ku0	gu0	gu3	赣			90000		
牲	sɛn1	sen1	sheng1	赣			120000		
牵	tɕʰiɛn1	qien1	qian1	赣			130000		
牺	ɕi1	xi1	xi1	赣			120000		
犀	ɕi1	xi1	xi1	赣			120000		
犁	li5	li4	li2	赣			120000		
犄	i1	yi1	ji1	赣			70669		
犊	tʰuʔ8	tuk7	du2	赣			78210		
犍	tɕien1	jien1	jian1	赣			77383		
犒	kʰau3	kau3	kao4	赣			73257		
犨	tsʰeu1	ceu1	chou1	赣			15633		
犬	tɕʰyon3	qyuon3	quan3	赣			120000		
犯	fan6	fan5	fan4	赣			120000		
犰	tɕʰiu2	qiu2	qiu2	赣			78699		
犴	ŋon5	ngon4	an4	赣			16411		
状	tsʰɔŋ6	cong5	zhuang4	赣			120000		
犷	kuen3	gun3	guang3	赣			79306		
犹	iu5	yiu4	you2	赣			120000		
狁	yn3	yun3	yun3	赣			73882		
狂	kʰuɔŋ2	kuong2	kuang2	赣			130000		
狃	ȵiu3	niu3	niu3	赣			15115		
狄	tʰit7	tit6	di2	赣			73628		
狈	pi5	bi4	bei4	赣			107566		
狍	pʰau2	pau2	pao2	赣			74659		
狎	hat8	hat7	xia2	赣			76679		
狐	fu5	fu4	hu2	赣			120000		
狒	fɨi6	fei5	fei4	赣			76156		
狗	kiɛu3	gieu3	gou3	赣			125000		
狙	tɕʰy1	qyu1	ju1	赣			77253		
狝	ɕien3	xien3	xian3	赣			11298		
狞	lin5	lin4	ning2	赣			102752		
狠	hɛn3	hen3	hen3	赣			120000		
狡	kau3	gau3	jiao3	赣			100180		
狨	luŋ5	lung4	rong2	赣			78229		
狩	seu5	seu4	shou4	赣			73113		本1
独	tʰuʔ8	tuk7	du2	赣			120000		
独	tʰuʔ7	tuk6	du2	赣			120000		
狭	hat7	hat6	xia2	赣			145000		
狮	sɿ1	si1	shi1	赣			120000		
狯	kuai5	guai4	kuai4	赣			78489		
狰	tsen1	zen1	zheng1	赣			102940		
狱	ȵiuʔ7	niuk6	yu4	赣			120000		老1
狲	sun1	sun1	sun1	赣			72018		
狳	y5	yu4	yu2	赣			71923		
狴	pi1	bi1	bi4	赣			11113		
狷	tɕyon5	jyuon4	juan4	赣			79710		
狸	li0	li0	li2	赣			120000		
狺	ȵin5	nin4	yin2	赣			70397		
狻	son1	son1	suan1	赣			16746		
狼	lɔŋ5	long4	lang2	赣			120000		
猃	lien3	lien3	xian3	赣			74182		
猊	ȵi5	ni4	ni2	赣			16224		
猎	liɛt7	liet6	lie4	赣			145000		
猕	mi5	mi4	mi2	赣			71798		
猖	tsʰɔŋ1	cong1	chang1	赣			102062		
猗	i1	yi1	yi1	赣			70750		
猜	tsʰai1	cai1	cai1	赣			235000		
猝	tsʰuʔ7	cuk6	cu4	赣			77771		
猢	fu5	fu4	hu2	赣			76944		
猥	ui3	wui3	wei3	赣			78993		
猩	ɕin1	xin1	xing1	赣			170000		
猪	tsu1	zu1	zhu1	赣			320000		新1
猬	ui6	wui5	wei4	赣			103082		
献	ɕiɛn5	xien4	xian4	赣			120000		
猱	lau5	lau4	nao2	赣			77541		
猴	hɛu2	heu2	hou2	赣			120000		
猷	iu5	yiu4	you2	赣			72933		
猾	uat7	wat6	hua2	赣			120000		
猿	yon5	yuon4	yuan2	赣			102827		
獍	tɕin5	jin4	jing4	赣			19776		
獐	tsɔŋ1	zong1	zhang1	赣			77325		
獒	ŋau5	ngau4	ao2	赣			70171		
獠	liɛu5	lieu4	liao2	赣			90000		
獬	hai6	hai5	xie4	赣			75377		
獭	tʰat7	tat6	ta3	赣			90000		
獯	ɕyn1	xyun1	xun1	赣			17594		
獾	fon1	fon1	huan1	赣			77242		
玄	ɕyon5	xyuon4	xuan2	赣			120000		
率	sai5	sai4	lv4	赣			280000		
率	lyt8	lyut7	lv4	赣			280000		
玉	y6	yu5	yu4	赣			145000		老1
王	uɔŋ5	wong4	wang2	赣			145000		
玎	tsen1	zen1	ding1	赣			73257		
玑	tɕi1	ji1	ji1	赣			72496		
玕	kon1	gon1	gan1	赣			74638		
玖	tɕiu3	jiu3	jiu3	赣			100279		
玙	y5	yu4	yu2	赣			74041		
玚	tsʰen6	cen5	chang4	赣			13288		
玛	ma3	ma3	ma3	赣			120000		
玠	kai5	gai4	jie4	赣			76846		
玢	pin1	bin1	bin1	赣			70207		
玥	ȵyot7	nyuot6	yue4	赣			79826		
玦	tɕyot7	jyuot6	jue2	赣			77066		
玫	mi5	mi4	mei2	赣			100499		
玮	ui3	wui3	wei3	赣			75359		
现	ɕiɛn6	xien5	xian4	赣			255000		
现	ɕiɛn5	xien4	xian4	赣			255000		
玲	lin5	lin4	ling2	赣			104049		
玷	tien3	dien3	dian4	赣			104367		
玺	ɕi3	xi3	xi3	赣			90000		
玻	po1	bo1	bo1	赣			120000		
珀	pʰɛt7	pet6	po4	赣			90000		
珂	kʰo1	ko1	ke1	赣			70227		
珈	ka1	ga1	jia1	赣			79269		
珉	min5	min4	min2	赣			72059		
珊	san1	san1	shan1	赣			105907		
珍	tsɨn1	zen1	zhen1	赣			120000		
珑	luŋ5	lung4	long2	赣			78294		
珙	kuŋ1	gung1	gong3	赣			74217		
珞	lɔʔ7	lok6	luo4	赣			70100		
珠	tsu1	zu1	zhu1	赣			145000		新1
珣	ɕyn1	xyun1	xun2	赣			74272		
珥	ɵ3	o3	er3	赣			77534		
珧	ieu5	yeu4	yao2	赣			75104		
珩	hen2	hen2	hang2	赣			72753		
班	pan1	ban1	ban1	赣			120000		
珰	tɔŋ1	dong1	dang1	赣			74264		
珲	fɨn5	fen4	hui1	赣			73793		
珽	tʰin3	tin3	ting3	赣			13236		
球	tɕʰiu2	qiu2	qiu2	赣			130000		
琅	lɔŋ5	long4	lang2	赣			100988		
理	li3	li3	li3	赣			150000		
琇	ɕiu5	xiu4	xiu4	赣			79219		
琉	liu5	liu4	liu2	赣			102629		
琎	tɕin1	jin1	jin4	赣			16259		
琏	lien3	lien3	lian3	赣			77851		
琐	so3	so3	suo3	赣			120000		
琚	tɕy1	jyu1	ju1	赣			71070		
琛	tsʰen1	cen1	chen1	赣			76361		
琢	tsɔʔ7	zok6	zuo2	赣			105424		
琤	tsʰen1	cen1	cheng1	赣			75179		
琥	fu3	fu3	hu3	赣			90000		
琦	tɕʰi2	qi2	qi2	赣			70735		
琨	kun1	gun1	kun1	赣			73672		
琪	tɕʰi2	qi2	qi2	赣			74348		
琫	puŋ3	bung3	beng3	赣			76435		
琬	uon3	won3	wan3	赣			75997		
琮	tsʰuŋ2	cung2	cong2	赣			71613		
琯	kuon3	guon3	guan3	赣			79910		
琰	ien6	yen5	yan3	赣			72513		
琳	lin5	lin4	lin2	赣			104713		
琴	tɕʰin2	qin2	qin2	赣			120000		
琵	pʰi2	pi2	pi2	赣			90000		
琶	pʰa2	pa2	pa2	赣			90000		
琼	tɕʰiuŋ2	qiung2	qiong2	赣			130000		
瑀	y3	yu3	yu3	赣			13453		
瑁	mi6	mi5	mao4	赣			76321		
瑄	ɕyon1	xyuon1	xuan1	赣			75700		
瑕	ha2	ha2	xia2	赣			70611		
瑗	yon6	yuon5	yuan4	赣			75207		
瑚	fu5	fu4	hu2	赣			75188		
瑛	in1	yin1	ying1	赣			78948		
瑜	y5	yu4	yu2	赣			90000		
瑞	sui6	sui5	rui4	赣			120000		
瑟	sɛt7	set6	se4	赣			120000		
瑢	iuŋ5	yung4	rong2	赣			19420		
瑭	tʰɔŋ2	tong2	tang2	赣			74313		
瑰	kui5	gui4	gui1	赣			120000		
瑶	ieu5	yeu4	yao2	赣			79428		
瑾	tɕʰin6	qin5	jin3	赣			74128		
璀	tsʰui3	cui3	cui3	赣			79789		
璃	li5	li4	li2	赣			120000		
璆	tɕʰiu2	qiu2	qiu2	赣			16550		
璇	ɕyon5	xyuon4	xuan2	赣			75303		
璋	tsɔŋ1	zong1	zhang1	赣			70558		
璎	in1	yin1	ying1	赣			77742		
璐	lu6	lu5	lu4	赣			158528		
璘	lin5	lin4	lin2	赣			76069		
璜	fɔŋ5	fong4	huang2	赣			73764		
璞	pʰɔʔ7	pok6	pu2	赣			71961		
璟	in3	yin3	jing3	赣			79162		
璠	fan5	fan4	fan2	赣			76870		
璧	pit7	bit6	bi4	赣			108268		
璨	tsʰan3	can3	can4	赣			74117		
璩	tɕʰy2	qyu2	qu2	赣			74019		
璪	tsau3	zau3	zao3	赣			79025		
瓒	tsʰan6	can5	zan4	赣			75710		
瓘	kuon5	guon4	guan4	赣			78659		
瓜	kua1	gua1	gua1	赣			120000		
瓞	tʰiet8	tiet7	die2	赣			15474		
瓠	fu6	fu5	hu4	赣			90000		
瓢	pʰiɛu2	pieu2	piao2	赣			120000		
瓣	pan6	ban5	ban4	赣			120000		
瓣	pʰæn6	pan5	ban4	赣			120000		
瓤	lɔŋ5	long4	rang2	赣			120000		
瓦	ŋa6	nga5	wa3	赣			170000		
瓮	uŋ5	wung4	weng4	赣			79626		
瓯	ŋiɛu1	ngieu1	ou1	赣			90000		
瓴	lin5	lin4	ling2	赣			71681		
瓶	pʰiaŋ2	piang2	ping2	白			170000		
瓷	tsʰɿ2	ci2	ci2	赣			120000		
瓻	tsʰɿ1	ci1	chi1	赣			16316		
瓿	pʰu6	pu5	bu4	赣			76847		
甄	tɕien1	jien1	zhen1	赣			76633		
甍	men5	men4	meng2	赣			71385		
甓	pʰit8	pit7	pi4	赣			17917		
甘	kon1	gon1	gan1	赣			120000		
甚	sɨn6	sen5	shen4	赣			120000		
甜	tʰiɛn2	tien2	tian2	赣			120000		
甥	saŋ1	sang1	sheng1	赣			120000		
用	iuŋ6	yung5	yong4	赣			400000		
甩	sai3	sai3	shuai3	赣			145000		
甫	pʰu3	pu3	fu3	赣			120000		
甬	iuŋ3	yung3	yong3	赣			79242		
田	tʰiɛn2	tien2	tian2	赣			120000		
由	iu5	yiu4	you2	赣			370000		
甲	kat7	gat6	jia3	赣			130000		
申	sɨn1	sen1	shen1	赣			145000		
电	tʰiɛn6	tien5	dian4	赣			200000		
男	lan5	lan4	nan2	赣			195000		
甸	tʰien6	tien5	dian1	赣			105628		
町	tʰien3	tien3	ting1	赣			72421		
画	fa6	fa5	hua4	赣			145000		
甾	tsɿ1	zi1	zai1	赣			71103		
畀	pi5	bi4	bi4	赣			76805		
畅	tsʰɔŋ3	cong3	chang4	赣			120000		
畈	fan5	fan4	fan4	赣			71124		
畋	tʰien2	tien2	tian2	赣			77771		
界	kai5	gai4	jie4	赣			150000		
畎	tɕyon3	jyuon3	quan3	赣			74030		
畏	ui5	wui4	wei4	赣			120000		
畔	pʰon6	pon5	pan4	赣			108924		
留	liu5	liu4	liu2	赣			175000		
畚	pɨn3	ben3	ben3	赣			71058		
畛	tsɨn1	zen1	zhen3	赣			74430		
畜	ɕiuʔ7	xiuk6	chu4	赣			125000		
畜	tsʰuʔ7	cuk6	chu4	赣			125000		
略	liɔʔ7	liok6	lve4	赣			135000		老1
畦	fɨi5	fei4	qi2	赣			71606		
番	fan1	fan1	fan1	赣			145000		
畯	tɕyn5	jyun4	jun4	赣			11547		
畴	tsʰɛu2	ceu2	chou2	赣			103088		
畸	tɕi1	ji1	ji1	赣			106541		
畹	yon3	yuon3	wan3	赣			72796		
畿	tɕʰi2	qi2	ji1	赣			79528		
疃	tʰon3	ton3	tuan3	赣			71472		
疆	tɕiɔŋ1	jiong1	jiang1	赣			120000		
疏	su1	su1	shu1	赣			120000		
疑	ȵi5	ni4	yi2	赣			155000		老1
疖	tɕiɛt7	jiet6	jie1	赣			90000		
疗	lieu6	lieu5	liao2	赣			100732		
疙	ȵit7	nit6	ge1	赣			107419		
疚	tɕiu5	jiu4	jiu4	赣			100925		
疝	san1	san1	shan4	赣			70712		
疟	ȵiɔʔ7	niok6	nve4	赣			120000		
疠	li6	li5	li4	赣			70492		
疡	iɔŋ5	yong4	yang2	赣			90000		
疢	tsʰen3	cen3	chen4	赣			17784		
疣	iu5	yiu4	you2	赣			100403		
疤	pa1	ba1	ba1	赣			120000		
疥	kai5	gai4	jie4	赣			90000		
疫	yt7	yut6	yi4	赣			120000		
疬	lit7	lit6	li4	赣			78108		
疭	tsuŋ5	zung4	zong4	赣			73439		
疮	tsʰɔŋ1	cong1	chuang1	赣			145000		
疯	fuŋ1	fung1	feng1	赣			120000		
疰	tɕy5	jyu4	zhu4	赣			14139		
疱	pʰau3	pau3	pao4	赣			70712		
疲	pʰi2	pi2	pi2	赣			120000		
疴	kʰa3	ka3	ke1	赣			72267		
疵	tsʰɿ2	ci2	ci1	赣			75230		
疸	tan3	dan3	dan3	赣			70767		
疹	tsɨn3	zen3	zhen3	赣			120000		
疼	tʰuŋ2	tung2	teng2	赣			102848		
疽	tɕʰy1	qyu1	ju1	赣			72838		
疾	tɕʰit7	qit6	ji2	赣			120000		老1
痂	ka1	ga1	jia1	赣			70312		
痃	ɕien5	xien4	xuan2	赣			12609		
痄	tsa3	za3	zha4	赣			18302		
症	tsɨn5	zen4	zheng4	赣			120000		
痈	iuŋ1	yung1	yong1	赣			72898		
痉	tɕʰin6	qin5	jing4	赣			78941		
痊	tɕʰyon1	qyuon1	quan2	赣			105868		
痍	i5	yi4	yi2	赣			70599		
痒	iɔŋ3	yong3	yang3	赣			120000		
痔	tsʰɿ6	ci5	zhi4	赣			90000		
痕	hɛn2	hen2	hen2	赣			145000		
痘	tʰɛu6	teu5	dou4	赣			120000		
痛	tʰuŋ3	tung3	tong4	赣			145000		
痞	pʰi3	pi3	pi3	赣			90000		
痢	li6	li5	li4	赣			120000		
痣	tsɿ5	zi4	zhi4	赣			90000		
痤	tsʰo2	co2	cuo2	赣			70058		
痨	lau5	lau4	lao2	赣			90000		
痨	lau6	lau5	lao2	赣			90000		
痪	tʰon3	ton3	huan4	赣			100159		
痫	han2	han2	xian2	赣			76906		老1
痰	tʰan2	tan2	tan2	赣			145000		
痱		fei5	fei4	赣			90000		
痴	tsʰɿ1	ci1	chi1	赣			120000		
痹	pi5	bi4	bi4	赣			106617		
痼	ku5	gu4	gu4	赣			77995		
痿	ui3	wui3	wei3	赣			76694		
瘁	tsʰui3	cui3	cui4	赣			70545		
瘃	tsuʔ7	zuk6	zhu2	赣			75835		
瘅	to3	do3	dan1	赣			16189		
瘆	sen3	sen3	shen4	赣			73014		
瘊	heu2	heu2	hou2	赣			71406		
瘌	lat7	lat6	la4	赣			73067		
瘗	i5	yi4	yi4	赣			16710		
瘘	li5	li4	lou4	赣			70583		
瘙	sau5	sau4	sao4	赣			75894		
瘛	tsʰɿ3	ci3	chi4	赣			78440		
瘟	uen1	wun1	wen1	赣			120000		
瘠	tɕʰit7	qit6	ji2	赣			74657		
瘢	pʰon2	pon2	ban1	赣			78912		
瘤	liu5	liu4	liu2	赣			120000		
瘥	tɕia1	jia1	chai4	赣			10919		
瘦	sɛu5	seu4	shou4	赣			120000		
瘩	tat7	dat6	da1	赣			130885		
瘪	pie3	bie3	bie3	赣			108109		
瘫	tʰan1	tan1	tan1	赣			120000		
瘭	pieu1	bieu1	biao1	赣			18818		
瘰	lo3	lo3	luo3	赣			79172		
瘳	tsʰeu1	ceu1	chou1	赣			70073		
瘴	tsɔŋ5	zong4	zhang4	赣			90000		
瘵	tsai5	zai4	zhai4	赣			70392		
瘼	mɔʔ7	mok6	mo4	赣			70413		
瘾	in3	yin3	yin3	赣			120000		
瘿	in3	yin3	ying3	赣			72241		
癀	fɔŋ5	fong4	huang2	赣			11424		
癃	luŋ5	lung4	long2	赣			78613		
癌	ŋan5	ngan4	ai2	赣			103190		
癔	it7	yit6	yi4	赣			74656		
癖	pʰit7	pit6	pi3	赣			74292		
癞	lai6	lai5	lai4	赣			90000		
癣	ɕyon3	xyuon3	xuan3	赣			120000		
癫	tiɛn1	dien1	dian1	赣			90000		
癯	tɕʰy2	qyu2	qu2	赣			79855		
癸	kui5	gui4	gui3	赣			120000		
登	tɛn1	den1	deng1	赣			145000		
皂	tsʰau6	cau5	zao4	赣			120000		
的	tit7	dit6	de5	赣			370000		
皆	kai1	gai1	jie1	赣			150000		
皋	kau1	gau1	gao1	赣			71978		
皎	tɕieu3	jieu3	jiao3	赣			76103		
皑	ŋai5	ngai4	ai2	赣			74757		
皖	uon3	won3	wan3	赣			120000		
皤	po1	bo1	po2	赣			73704		
皮	pʰi2	pi2	pi2	赣			130000		
皱	tsɛu5	zeu4	zhou4	赣			120000		
皲	tɕyn1	jyun1	jun1	赣			90000		
皴	tɕʰyn1	qyun1	cun1	赣			77917		
皿	min3	min3	min3	赣			120000		
盂	y5	yu4	yu2	赣			90000		
盅	tsuŋ1	zung1	zhong1	赣			90000		
盆	pʰən2	pen2	pen2	赣			120000		
盉	fo5	fo4	he2	赣			77633		
益	it7	yit6	yi4	赣			120000		
盍	k'ot7	kot6	he2	赣			123000	扣/盖	
盎	ŋɔŋ3	ngong3	ang4	赣			70721		
盏	tsan3	zan3	zhan3	赣			120000		
盐	iɛn5	yen4	yan2	赣			150000		
监	kan1	gan1	jian1	赣			120000		
监	kan5	gan4	jian1	赣			120000		
盒	hot8	hot7	he2	赣			120000		
盒	hot7	hot6	he2	赣			120000		
盔	kʰui1	kui1	kui1	赣			120000		
盖	kai5	gai4	gai4	赣			145000		
盗	tʰau6	tau5	dao4	赣			120000		
盘	pʰon2	pon2	pan2	赣			185000		
盛	sɨn6	sen5	sheng4	赣			120000		
盟	min5	min4	meng2	赣			120000		老1
盥	kuon3	guon3	guan4	赣			77232		
盦	ŋon1	ngon1	an1	赣			17336		
目	muʔ7	muk6	mu4	赣			200000		
盱	ɕy1	xyu1	xu1	赣			74539		
盲	mɔŋ5	mong4	mang2	赣			120000		
直	tsɿʔ7	zik6	zhi2	赣			210000		新1
盹	tsun5	zun4	dun3	赣			102822		
盼	pʰæn5	pan4	pan4	赣			120000		
盾	tʰɨn6	ten5	dun4	赣			130000		老1
眄	mien3	mien3	mian3	赣			73641		
眇	mieu3	mieu3	miao3	赣			75509		
眈	tan1	dan1	dan1	赣			78431		
眉	mi5	mi4	mei2	赣			120000		
眊	mau6	mau5	mao4	赣			71683		
看	kʰon3	kon3	kan4	官			370000		
看	kʰon1	kon1	kan4	赣			370000		
眍	kʰiɛu1	kieu1	kou1	赣			90000		
眙	tsʰɿ3	ci3	yi2	赣			73694		
眚	sen3	sen3	sheng3	赣			16112		
眠	miɛn5	mien4	mian2	赣			120000		
眢	uon1	won1	yuan1	赣			10375		
眦	tsʰɿ6	ci5	zi4	赣			74354		
眨	tsat7	zat6	zha3	赣			120000		
眩	ɕyon5	xyuon4	xuan4	赣			71437		
眭	fɨi1	fei1	sui1	赣			78061		
眯	mi1	mi1	mi1	赣			120000		
眵	tsɿ1	zi1	chi1	赣			77587		
眷	tɕyon5	jyuon4	juan4	赣			120000		
眸	meu5	meu4	mou2	赣			70483		
眺	tʰieu3	tieu3	tiao4	赣			71225		
眼	ŋæn3	ngan3	yan3	赣			370000		
睁	tɕʰin6	qin5	zheng1	赣			100548		
睇	tʰi1	ti1	di4	赣			77386		
睐	lai6	lai5	lai4	赣			104908		
睑	tɕien3	jien3	jian3	赣			71875		
睚	ŋai6	ngai5	ya2	赣			71674		
睡	sui6	sui5	shui4	赣			195000		
睢	fɨi1	fei1	sui1	赣			71752		
督	tuʔ7	duk6	du1	赣			120000		
睥	pʰi3	pi3	pi4	赣			73615		
睦	muʔ7	muk6	mu4	赣			120000		
睨	ȵi6	ni5	ni4	赣			72963		
睫	tɕiet7	jiet6	jie2	赣			104149		
睬	tsʰai3	cai3	cai3	赣			120000		
睹	tu3	du3	du3	赣			109621		
睽	kʰui1	kui1	kui2	赣			74443		
睿	lui6	lui5	rui4	赣			75226		老1
瞀	meu6	meu5	mao4	赣			74057		
瞄	miɛu5	mieu4	miao2	赣			145000		
瞍	seu3	seu3	sou3	赣			10679		
瞎	hat7	hat6	xia1	赣			245000		
瞑	min5	min4	ming2	赣			90000		
瞒	mon5	mon4	man2	赣			120000		
瞟	pʰieu1	pieu1	piao3	赣			76224		
瞢	men5	men4	meng2	赣			79649		
瞥	pʰiet7	piet6	pie1	赣			70420		
瞧	tɕʰiɛu2	qieu2	qiao2	赣			120000		
瞩	tsuʔ7	zuk6	zhu3	赣			101581		
瞪	ten1	den1	deng4	赣			127258		
瞬	sun5	sun4	shun4	赣			104126		
瞭	lieu3	lieu3	liao3	赣			131808		
瞰	kʰon3	kon3	kan4	赣			79138		
瞳	tʰuŋ2	tung2	tong2	赣			170000		
瞵	lin5	lin4	lin2	赣			15619		
瞻	tsen1	zen1	zhan1	赣			104994		
瞽	ku3	gu3	gu3	赣			74811		
瞿	tɕy2	jyu2	qu2	赣			140000		老1
矍	tɕiɔʔ7	jiok6	jue2	赣			77591		
矗	tɕʰy6	qyu5	chu4	赣			120000		老1
矜	tɕin1	jin1	jin1	赣			74677		
矢	sɿ3	si3	shi3	赣			120000		
矣	i3	yi3	yi3	赣			120000		
知	tsɿ1	zi1	zhi1	赣			185000		
矧	sɨn3	sen3	shen3	赣			11792		
矩	tɕy3	jyu3	ju3	赣			120000		
矫	tɕieu3	jieu3	jiao3	赣			100956		
矬	tsʰo2	co2	cuo2	赣			76597		
矮	ŋai3	ngai3	ai3	赣			120000		
石	sɨt7	set6	shi2	赣			195000		
矶	tɕi1	ji1	ji1	赣			72898		
矸	kon3	gon3	gan1	赣			73456		
矻	kʰut7	kut6	ku1	赣			15298		
矾	fan5	fan4	fan2	赣			120000		
矿	kʰuɔŋ3	kuong3	kuang4	赣			120000		
砀	tʰɔŋ2	tong2	dang4	赣			79590		
码	ma3	ma3	ma3	赣			170000		
砂	sa1	sa1	sha1	赣			107184		
砉	fet7	fet6	huo4	赣			15529		
砌	tɕʰi3	qi3	qi4	赣			101040		
砍	kʰan3	kan3	kan3	赣			120000		
砑	ŋa6	nga5	ya4	赣			11924		
研	ȵiɛn3	nien3	yan2	赣			256796		老1
砖	tson1	zon1	zhuan1	赣			160000		
砗	tsʰa1	ca1	che1	赣			78777		
砚	ȵiɛn6	nien5	yan4	赣			120000		
砝	kot7	got6	fa2	赣			100287		
砟	tsʰɔʔ7	cok6	zha3	赣			72033		
砥	tsɿ1	zi1	di3	赣			74180		
砧	tsɛn1	zen1	zhen1	赣			90000		
砭	pien1	bien1	bian1	赣			179653	变形/坏	
砮	lu3	lu3	nu3	赣			12166		
砰	pʰen1	pen1	peng1	赣			109441		
破	pʰo5	po4	po4	赣			125000		
破	pʰo3	po3	po4	赣			125000		
砸	tsʰat7	cat6	za2	赣			109730		
砺	li6	li5	li4	赣			73044		
砻	luŋ5	lung4	long2	赣			90000		
砾	lit7	lit6	li4	赣			102505		
础	tsʰu3	cu3	chu3	赣			120000		
硁	kʰien1	kien1	keng1	赣			18996		
硅	fet7	fet6	gui1	赣			108417		
硌	kɔʔ7	gok6	ge4	赣			90000		
硎	kʰien1	kien1	xing2	赣			77847		
硐	tʰuŋ2	tung2	dong4	赣			73074		
硕	sɔʔ7	sok6	shuo4	赣			110455		
硖	hat8	hat7	xia2	赣			70650		
硗	kʰau1	kau1	qiao1	赣			74297		
硝	ɕiɛu1	xieu1	xiao1	赣			170000		
硪	ŋo3	ngo3	wo4	赣			19166		
硫	liu5	liu4	liu2	赣			195000		
硭	uɔŋ5	wong4	mang2	赣			78964		
确	kʰɔʔ7	kok6	que4	赣			190000		老1
硷		gan	jian3	赣			12000		
硷		qien	jian3	赣			3000		
硷		lien	jian3	赣			2400		
硷	kʰaŋ1	kang1	jian3	赣			2000		
碉	tiɛu1	dieu1	diao1	赣			90000		
碌	luʔ7	luk6	lu4	赣			120000		
碎	sui5	sui4	sui4	赣			120000		
碑	pi1	bi1	bei1	赣			120000		
碓	tui5	dui4	dui4	赣			90000		
碗	uon3	won3	wan3	赣			120000		
碘	tiɛn3	dien3	dian3	赣			120000		
碛	tɕʰit7	qit6	qi4	赣			76071		
碜	tsʰen3	cen3	chen3	赣			77632		
碟	tʰiɛt8	tiet7	die2	赣			145000		
碡	tʰuʔ8	tuk7	du2	赣			79439		
碣	tɕʰiet8	qiet7	jie2	赣			78635		
碥	pien3	bien3	bian3	赣			17409		
碧	pit7	bit6	bi4	赣			120000		
碰	pʰuŋ3	pung3	peng4	赣			125000		
碱	kan3	gan3	jian3	赣			105904		
碳	tʰan3	tan3	tan4	赣			107903		
碴	tsa1	za1	cha2	赣			79254		
碾	ȵiɛn3	nien3	nian3	赣			120000		
磁	tsʰɿ2	ci2	ci2	赣			120000		
磅	pʰɔŋ6	pong5	bang4	赣			145000		
磉	sɔŋ3	song3	sang3	赣			30000		
磊	lui3	lui3	lei3	赣			104365		老1
磋	tsʰo1	co1	cuo1	赣			76807		
磐	tɕʰiaŋ3	qiang3	pan2	赣			90000		
磔	tset7	zet6	zhe2	赣			73895		
磕	kʰot7	kot6	ke1	赣			120000		
磨	mo2	mo2	mo2	赣			120000		
磨	mo6	mo5	mo2	赣			120000		
磲	tɕʰy2	qyu2	qu2	赣			74290		
磴	ten5	den4	deng4	赣			76114		
磷	lin5	lin4	lin2	赣			104900		
磺	fɔŋ5	fong4	huang2	赣			30000		
礁	tɕieu1	jieu1	jiao1	赣			101493		
礓	tɕiɔŋ1	jiong1	jiang1	赣			76189		
礤	tsʰat7	cat6	ca3	赣			1000		
礴	pʰɔʔ8	pok7	bo2	赣			71196		
示	sɿ6	si5	shi4	赣			230250		
礼	li3	li3	li3	赣			145000		
祀	sɿ6	si5	si4	赣			107020		
祁	tɕʰi2	qi2	qi2	赣			73078		
祃	ma6	ma5	ma4	赣			12114		
祆	ɕien1	xien1	xian1	赣			70137		
祈	tɕʰi2	qi2	qi2	赣			100300		
祉	tsʰɿ3	ci3	zhi3	赣			70837		
祎	i1	yi1	yi1	赣			71986		
祓	fɨi5	fei4	fu2	赣			78149		
祖	tsu3	zu3	zu3	赣			120000		
祗	tsɿ1	zi1	zhi1	赣			76325		
祚	tsʰu6	cu5	zuo4	赣			77604		
祜	fu6	fu5	hu4	赣			75161		
神	sɨn5	sen4	shen2	赣	傻	sha3	231223	蠢/愚蠢/不可理喻	
祟	sui5	sui4	sui4	赣			120000		
祟	sɨt7	set6	sui4	赣			120000		
祠	tsʰɿ2	ci2	ci2	赣			120000		
祢	ȵi3	ni3	mi2	赣			79551		
祥	ɕiɔŋ5	xiong4	xiang2	赣			145000		
祥	tɕʰiɔːŋ2	qiong2	xiang2	赣			145000		
祧	tʰieu1	tieu1	tiao1	赣			17403		
票	pʰiɛu3	pieu3	piao4	赣			120000		
祭	tɕi5	ji4	ji4	赣			120000		
祯	tsɨn1	zen1	zhen1	赣			75402		
祲	tɕin1	jin1	jin4	赣			16083		
祷	tau3	dau3	dao3	赣			120000		
祸	fo6	fo5	huo4	赣			120000		
祺	tɕʰi2	qi2	qi2	赣			77900		
祼	kuon5	guon4	guan4	赣			12092		
祾	lin5	lin4	ling2	赣			74202		
禀	pin3	bin3	bing3	赣			120000		
禁	tɕin1	jin1	jin4	赣			120000		
禁	tɕin5	jin4	jin4	赣			120000		
禄	luʔ7	luk6	lu4	赣			105782		
禅	sɛn5	sen4	chan2	赣			120000		
禊	ɕi6	xi5	xi4	赣			76293		
福	fuʔ7	fuk6	fu2	赣			120000		
禚	tsɔʔ7	zok6	zhuo2	赣			17136		
禧	ɕi1	xi1	xi3	赣			78674		
禳	lɔŋ5	long4	rang2	赣			78516		
禹	y3	yu3	yu3	赣			120000		
禺	ȵy5	nyu4	yu2	赣			82367		
离	li5	li4	li2	赣			370000		
禽	tɕʰin2	qin2	qin2	赣			120000		
禾	uo2	wo2	he2	赣			120000		
秀	ɕiu5	xiu4	xiu4	赣			120000		
私	sɿ1	si1	si1	赣			145000		
秃	tʰuʔ7	tuk6	tu1	赣			120000		
秆	kon3	gon3	gan3	赣			120000		
秉	pin3	bin3	bing3	赣			120000		
秋	tɕʰiu1	qiu1	qiu1	赣			145000		
种	tsuŋ3	zung3	zhong3	赣			310000		
种	tsuŋ5	zung4	zhong3	赣			310000		
科	kʰuo1	kuo1	ke1	赣			150000		
秒	miɛu3	mieu3	miao3	赣			165000		
秕	pi3	bi3	bi3	赣			71935		
秘	pi5	bi4	mi4	赣			145000		
租	tsu1	zu1	zu1	赣			145000		
秣	mot7	mot6	mo4	赣			75780		
秤	tsʰɨn3	cen3	cheng4	赣			130000		
秦	tɕʰin2	qin2	qin2	赣			120000		
秧	iɔŋ1	yong1	yang1	赣			120000		
秩	tsʰɨt7	cet6	zhi4	赣			125000		
秫	sut8	sut7	shu2	赣			70376		
秭	tsɿ3	zi3	zi3	赣			77498		
积	tɕit7	jit6	ji1	赣			120000		
称	tsʰɨn1	cen1	cheng1	赣			130000		
称	tsʰɨn5	cen4	cheng1	赣			130000		
秸	kat7	gat6	jie1	赣			107359		
移	i5	yi4	yi2	赣			145000		
秽	ui5	wui4	hui4	赣			103013		
秾	luŋ5	lung4	nong2	赣			71999		
稀	ɕi1	xi1	xi1	赣			120000		
稂	lɔŋ5	long4	lang2	赣			76567		
稃	fu1	fu1	fu1	赣			72537		
稆	ly3	lyu3	lv3	赣			30000		
程	tsʰɨn2	cen2	cheng2	赣			125000		
稍	sau1	sau1	shao1	赣			120000		
稍	sau5	sau4	shao1	赣			120000		
税	sui5	sui4	shui4	赣			220000		
稔	len3	len3	ren3	赣			74822		
稗	pʰa6	pa5	bai4	赣			90000		
稚	tsʰɿ6	ci5	zhi4	赣			120000		
稞	fa6	fa5	ke1	赣			72236		
稠	tsʰɛu2	ceu2	chou2	赣			103696		
稣	su1	su1	su1	赣			90000		
稳	uen3	wun3	wen3	赣			125998		
稷	tɕit7	jit6	ji4	赣			79035		
稻	tʰau6	tau5	dao4	赣			120000		
稼	ka1	ga1	jia4	赣			109767		
稽	tɕi1	ji1	ji1	赣			120000		
稿	kau3	gau3	gao3	赣			120000		
穄	tɕi5	ji4	ji4	赣			14496		
穆	muʔ7	muk6	mu4	赣			120000		
穑	set7	set6	se4	赣			74534		
穗	sui6	sui5	sui4	赣			109057		
穰	lɔŋ3	long3	rang2	赣			78966		
穴	ɕyot8	xyuot7	xue2	赣			120000		
穴	ɕyot7	xyuot6	xue2	赣			120000		
究	tɕiu5	jiu4	jiu1	赣			120000		
穷	tɕʰiuŋ2	qiung2	qiong2	赣			155000		
穸	ɕit7	xit6	xi1	赣			18830		
穹	kʰuŋ1	kung1	qiong2	赣			76231		
空	kʰuŋ1	kung1	kong1	赣			250000		
空	kʰuŋ3	kung3	kong1	赣			250000		
穿	tsʰon1	con1	chuan1	赣			120000		
穿	tsʰon5	con4	chuan1	赣			120000		
窀	tʰɨn2	ten2	zhun1	赣			18475		
突	tʰɨt7	tet6	tu1	赣			185000		老1
突	tʰuət7	tuet6	tu1	赣			185000		
窃	tɕʰiɛt7	qiet6	qie4	赣			120000		
窄	tsɛt7	zet6	zhai3	赣			125000		
窅	ŋau1	ngau1	yao3	赣			14445		
窈	ieu3	yeu3	yao3	赣			71490		
窍	tɕʰiɛu3	qieu3	qiao4	赣			120000		
窑	iɛu5	yeu4	yao2	赣			120000		
窒	tɕit7	jit6	zhi4	赣			120000		
窕	tʰieu6	tieu5	tiao3	赣			72165		
窖	kau5	gau4	jiao4	赣			120000		
窗	tsʰɔŋ1	cong1	chuang1	赣			125000		
窘	tɕyn3	jyun3	jiong3	赣			120000		
窜	tsʰon5	con4	cuan4	赣			170000		
窝	uo1	wo1	wo1	赣			120000		
窟	kʰut7	kut6	ku1	赣			120000		
窠	kʰuo1	kuo1	ke1	赣			115000		
窣	sut7	sut6	su1	赣			70217		
窥	kʰui1	kui1	kui1	赣			100676		
窦	tʰɛu6	teu5	dou4	赣			115000		
窨	in5	yin4	xun1	赣			79361		
窬	y5	yu4	yu2	赣			13135		
窭	tɕʰy6	qyu5	ju4	赣			11916		
窳	y3	yu3	yu3	赣			72158		
窸	ɕit7	xit6	xi1	赣			128298		
窿	luŋ5	lung4	long2	赣			101199		
立	lit7	lit6	li4	赣			175000		
竑	fen5	fen4	hong2	赣			76594		
竖	ɕy6	xyu5	shu4	赣			120000		老1
站	tsan5	zan4	zhan4	赣			125000		
竞	tɕʰin6	qin5	jing4	赣			157694		
竟	tɕin5	jin4	jing4	赣			106930		
章	tsɔŋ1	zong1	zhang1	赣			150000		
竣	tɕʰyn1	qyun1	jun4	赣			100196		
童	tʰuŋ2	tung2	tong2	赣			170000		
竦	suŋ3	sung3	song3	赣			79719		
竭	tɕiɛt7	jiet6	jie2	赣			120000		
竹	tsuʔ7	zuk6	zhu2	赣			175000		
竽	y5	yu4	yu2	赣			76657		
竿	kon1	gon1	gan1	赣			104121		
笃	tuʔ7	duk6	du3	赣			90000		
笄	tɕi1	ji1	ji1	赣			76720		
笆	pa1	ba1	ba1	赣			90000		
笈	tsʰat7	cat6	ji2	赣			72344		
笊	tsau3	zau3	zhao4	赣			72599		
笏	fɨt7	fet6	hu4	赣			71606		
笑	ɕiɛu5	xieu4	xiao4	赣			145000		
笔	pit7	bit6	bi3	赣			125000		
笕	tɕiɛn3	jien3	jian3	赣			90000		
笙	sɛn1	sen1	sheng1	赣			120000		
笞	tsʰɿ1	ci1	chi1	赣			70071		
笠	lit7	lit6	li4	赣			90000		
笤	tʰiɛu2	tieu2	tiao2	赣			90000		
笥	sɿ5	si4	si4	赣			73350		
符	fu5	fu4	fu2	赣			120000		
笨	pɨn6	ben5	ben4	赣			200000		
笨	pʰən6	pen5	ben4	赣			200000		
笪	tat7	dat6	da2	赣	摔	shuai1	179856		
笫	tsɿ3	zi3	zi3	赣			16809		
第	tʰi6	ti5	di4	赣			250000		
笮	tsa5	za4	ze2	赣			70768		
笱	kieu3	gieu3	gou3	赣			19082		
笳	ka1	ga1	jia1	赣			73349		
笺	tɕien1	jien1	jian1	赣			72395		
笼	luŋ5	lung4	long2	赣			120000		
笾	pien1	bien1	bian1	赣			73420		
筅	ɕien3	xien3	xian3	赣			16307		
筋	tɕin1	jin1	jin1	赣			120000		
筌	tɕʰyon1	qyuon1	quan2	赣			76436		
筏	fat8	fat7	fa2	赣			106861		
筐	kʰuaŋ1	kuang1	kuang1	赣			105363		
筑	tsuʔ7	zuk6	zhu4	赣			145000		
筒	tʰuŋ2	tung2	tong3	赣			120000		
答	tat7	dat6	da2	赣			145000		
策	tsʰɛt7	cet6	ce4	赣			120000		
筚	pit7	bit6	bi4	赣			74379		
筛	sai1	sai1	shai1	赣			120000		
筜	tɔŋ1	dong1	dang1	赣			17013		
筝	tsen1	zen1	zheng1	赣			109332		
筠	yn5	yun4	yun2	赣			77631		
筮	sɿ6	si5	shi4	赣			73131		
筱	ɕieu3	xieu3	xiao3	赣			74555		
筲	sau1	sau1	shao1	赣			90000		
筵	iɛn5	yen4	yan2	赣			90000		
筵	tʰiaŋ2	tiang2	yan2	赣			90000		
筷	kʰuai3	kuai3	kuai4	赣			120000		
筹	tsʰɛu2	ceu2	chou2	赣			120000		
筼	yn5	yun4	yun2	赣			17006		
签	tɕʰiɛn1	qien1	qian1	赣			220000		
简	kan3	gan3	jian3	赣			130000		
箅	pʰi0	pi0	bi4	赣			90000		
箍	ku1	gu1	gu1	赣			115000		
箐	tɕin1	jin1	qing4	赣			73915		
箓	luʔ7	luk6	lu4	赣			71501		
箔	pʰɔʔ7	pok6	bo2	赣			90000		
箕	tɕi1	ji1	ji1	赣			145000		
算	son5	son4	suan4	赣			370000		
箜	kʰuŋ1	kung1	kong1	赣			71388		
管	kuon3	guon3	guan3	赣			370000		
箦	tset7	zet6	ze2	赣			75014		
箧	tɕʰiet7	qiet6	qie4	赣			76390		
箨	tʰɔʔ7	tok6	tuo4	赣			17611		
箩	lo5	lo4	luo2	赣			120000		
箪	tan1	dan1	dan1	赣			79709		
箫	ɕiɛu1	xieu1	xiao1	赣			145000		
箬	iɔʔ7	yok6	ruo4	赣			90000		
箭	tɕiɛn5	jien4	jian4	赣			120000		
箱	ɕiɔŋ1	xiong1	xiang1	赣			120000		
箴	tsɨn1	zen1	zhen1	赣			79604		
箸	tɕy5	jyu4	zhu4	赣			71663		
篁	fɔŋ5	fong4	huang2	赣			74045		
篆	tsʰon6	con5	zhuan4	赣			90000		
篇	pʰiɛn1	pien1	pian1	赣			145000		
篌	heu2	heu2	hou2	赣			77099		
篑	kʰuai3	kuai3	kui4	赣			72019		
篓	lɛu3	leu3	lou3	赣			120000		
篙	kau1	gau1	gao1	赣			90000		
篚	fɨi3	fei3	fei3	赣			16904		
篝	kieu1	gieu1	gou1	赣			75041		
篡	tsʰon5	con4	cuan4	赣			120000		
篡	tsʰuæn3	cuan3	cuan4	赣			120000		
篥	lit7	lit6	li4	赣			73522		
篦	pʰi5	pi4	bi4	赣			90000		
篪	tsʰɿ2	ci2	chi2	赣			70027		
篮	lan5	lan4	lan2	赣			120000		
篱	li5	li4	li2	赣			120000		
篷	pʰuŋ2	pung2	peng2	赣			120000		
篼	tɛu1	deu1	dou1	赣			90000		
篾	miet7	miet6	mie4	赣			73133		
簃	tsʰɿ2	ci2	yi2	赣			10948		
簇	tsʰuʔ7	cuk6	cu4	赣			100687		
簉	tsʰeu3	ceu3	zao4	赣			18198		
簋	kui3	gui3	gui3	赣			70714		
簏	luʔ7	luk6	lu4	赣			11515		
簟	tʰiɛn6	tien5	dian4	赣			90000		
簠	fu1	fu1	fu3	赣			10419		
簦	ten1	den1	deng1	赣			1000		
簪	tson1	zon1	zan1	赣			90000		
簸	po2	bo2	bo3	赣			120000		
簿	pʰu6	pu5	bu4	赣			120000		
籀	tsʰɛu6	ceu5	zhou4	赣			74701		
籁	lai6	lai5	lai4	赣			73701		
籍	tɕit7	jit6	ji2	赣			120000		新1
米	mi3	mi3	mi3	赣			145000		
籴	tʰit7	tit6	di2	赣			77211		
类	lui6	lui5	lei4	赣			310000		老1
籼	ɕien1	xien1	xian1	赣			73652		
籽	tsɿ3	zi3	zi3	赣			103974		
粉	fɨn3	fen3	fen3	赣			120000		
粒	tʰit8	tit7	li4	赣			120000		老1
粕	pʰɔʔ7	pok6	po4	赣			75009		
粗	tsʰu1	cu1	cu1	赣			120000		
粘	tsɛn1	zen1	zhan1	赣			120000		
粜	tʰieu3	tieu3	tiao4	赣			78080		
粝	li6	li5	li4	赣			72095		
粞	ɕi1	xi1	xi1	赣			76799		
粟	ɕiuʔ7	xiuk6	su4	赣			145000		
粤	yot7	yuot6	yue4	赣			145000		
粥	tsuʔ7	zuk6	zhou1	赣			120000		
粪	fɨn5	fen4	fen4	赣			120000		
粮	liɔŋ5	liong4	liang2	赣			120000		
粱	liɔŋ5	liong4	liang2	赣			120000		
粲	tsʰan3	can3	can4	赣			71178		
粳	kien1	gien1	jing1	赣			77869		
粹	tsʰui3	cui3	cui4	赣			120000		
粼	lin5	lin4	lin2	赣			76424		
粽	tsuŋ5	zung4	zong4	赣			90000		
糁	son3	son3	san3	赣			90000		
糅	ȵiu6	niu5	rou2	赣			72762		
糈	su3	su3	xu3	赣			14599		
糊	fu6	fu5	hu2	赣			145000		
糍	tsʰɿ2	ci2	ci2	赣			90000		
糕	kau1	gau1	gao1	赣			145000		
糖	tʰɔŋ2	tong2	tang2	赣			120000		
糗	tɕʰiu3	qiu3	qiu3	赣			70020		
糙	tsʰau3	cau3	cao1	赣			120000		
糙	tsʰau6	cau5	cao1	赣			120000		
糜	mi5	mi4	mi2	赣			90000		
糟	tsau1	zau1	zao1	赣			120000		
糠	kʰɔŋ1	kong1	kang1	赣			120000		
糯	lo6	lo5	nuo4	赣			120000		
系	ɕi6	xi5	xi4	赣			550000		
系	tɕi5	ji4	xi4	赣			550000		
系	ɕi0	xi0	xi4	赣			550000		
紊	uen6	wun5	wen3	赣			107071		
素	su5	su4	su4	赣			150000		
索	sɔʔ7	sok6	suo3	赣			200000		本1
紧	tɕin3	jin3	jin3	赣			145000		
紫	tsɿ3	zi3	zi3	赣			120000		
累	lui5	lui4	lei4	赣			215000		老1
累	lui6	lui5	lei4	赣			215000		老2
絮	ɕy5	xyu4	xu4	赣			120000		
絷	tset7	zet6	zhi2	赣			39596		
綦	tɕʰi2	qi2	qi2	赣			78993		
綮	tɕʰi3	qi3	qi3	赣			74213		
縻	mi5	mi4	mi2	赣			74493		
繁	fan5	fan4	fan2	赣			125000		
繄	i1	yi1	yi1	赣			10756		
繇	ieu5	yeu4	yao2	赣			77969		
纂	tson3	zon3	zuan3	赣			140000		
纛	tʰau6	tau5	dao4	赣			72906		
纠	tɕiu1	jiu1	jiu1	赣			120000		
纡	y1	yu1	yu1	赣			79220		
红		fung4	hong2	赣			140000		
纣	tsʰɛu6	ceu5	zhou4	赣			90000		
纤	tɕʰiɛn3	qien3	xian1	赣			120000		
纥	kiɛt7	giet6	ge1	赣			90000		
约	iɔʔ7	yok6	yue1	赣			125000		
级	tɕit7	jit6	ji2	赣			170000		
纨	uon5	won4	wan2	赣			76312		
纩	kʰuɔŋ3	kuong3	kuang4	赣			12208		
纪	tɕi0	ji0	ji4	赣			120000		
纫	lɨn6	len5	ren4	赣			107717		
纬	ui3	wui3	wei3	赣			120000		
纭	yn5	yun4	yun2	赣			76546		
纯	sun5	sun4	chun2	赣			146000		老1
纰	tsʰɿ3	ci3	pi1	赣			76552		
纱	sa1	sa1	sha1	赣			120000		
纲	kɔŋ1	gong1	gang1	赣			120000		
纳	lat7	lat6	na4	赣			145000		
纴	lɨn5	len4	ren4	赣			79674		
纶	kuan1	guan1	lun2	赣			72660		
纷	fɨn1	fen1	fen1	赣			145000		
纸	tsɿ3	zi3	zhi3	赣			120000		
纹	uen5	wun4	wen2	赣			120000		
纺	fɔŋ3	fong3	fang3	赣			120000		
纻	tɕʰy6	qyu5	zhu4	赣			15751		
纽	ȵiu3	niu3	niu3	赣			120000		
纾	ɕy1	xyu1	shu1	赣			71444		
线	ɕiɛn5	xien4	xian4	赣			370000		
绀	kon5	gon4	gan4	赣			104380		
绁	ɕiet7	xiet6	xie4	赣			78750		
绂	fɨt7	fet6	fu2	赣			77587		
练	liɛn6	lien5	lian4	赣			120000		
组	tsu3	zu3	zu3	赣			125000		
绅	sɨn1	sen1	shen1	赣			120000		
细	ɕi5	xi4	xi4	赣			170000		
织	tsɨt7	zet6	zhi1	赣			120000		老1
终	tsuŋ1	zung1	zhong1	赣			120000		
绉	tsɛu5	zeu4	zhou4	赣			90000		
绊	pʰon6	pon5	ban4	赣			101835		
绋	fɨt7	fet6	fu2	赣			18306		
绌	tsuʔ7	zuk6	chu4	赣			78303		
绍	sɛu6	seu5	shao4	赣			145000		
绎	it7	yit6	yi4	赣			102371		
绑	pɔŋ3	bong3	bang3	赣			170000		
结	tɕiɛt7	jiet6	jie2	赣			130000		
绔	kʰu3	ku3	ku4	赣			71864		
绕	lɛu3	leu3	rao4	赣			145000		
绗	hɔŋ2	hong2	hang2	赣			90000		
绘	fɨi6	fei5	hui4	赣			102358		
给	tɕit7	jit6	gei3	赣			351856		老1
绚	ɕyon5	xyuon4	xuan4	赣			101296		
绛	tɕiɔŋ5	jiong4	jiang4	赣			90000		
络	lɔʔ7	lok6	luo4	赣			120000		
绞	kau3	gau3	jiao3	赣			120000		
统	tʰuŋ3	tung3	tong3	赣			170000		
绠	kien3	gien3	geng3	赣			70343		
绡	sau1	sau1	xiao1	赣			79212		
绢	tɕyon5	jyuon4	juan4	赣			120000		
绣	ɕiu5	xiu4	xiu4	赣			120000		
绤	tɕʰit7	qit6	xi4	赣			13176		
绥	sui1	sui1	sui2	赣			79011		
绦	tʰau1	tau1	tao1	赣			90000		
继	tɕi5	ji4	ji4	赣			145000		
绨	tʰi2	ti2	ti2	赣			70259		
绩	tɕit7	jit6	ji4	赣			145000		
绪	ɕy6	xyu5	xu4	赣			102148		
绫	lin5	lin4	ling2	赣			90000		
续	suʔ7	suk6	xu4	赣			155514		老1
绮	tɕʰi3	qi3	qi3	赣			79103		
绯	fɨi1	fei1	fei1	赣			101528		
绰	tsʰɔʔ7	cok6	chuo4	赣			102960		
绲	kun3	gun3	gun3	赣			73191		
绳	sɨn5	sen4	sheng2	赣			120000		
维	ui5	wui4	wei2	赣			120000		
绵	miɛn5	mien4	mian2	赣			120000		
绷	puŋ1	bung1	beng1	赣			145000		
绸	tsʰɛu2	ceu2	chou2	赣			125000		本1
绹	tʰau2	tau2	tao2	赣			12260		
绺	liu3	liu3	liu3	赣			72503		
绻	tɕʰyon3	qyuon3	quan3	赣			78145		
综	tsuŋ1	zung1	zong1	赣			101772		
绽	tsʰan6	can5	zhan4	赣			104309		
绾	uan3	wan3	wan3	赣			90000		
绿	liuʔ7	liuk6	lv4	赣			145400		老1
绿	lyt6	lyut5	lv4	赣			146800		新1
缀	tsui5	zui4	zhui4	赣			152288		
缁	tsɿ1	zi1	zi1	赣			76807		
缂	kʰiet7	kiet6	ke4	赣			75353		
缃	ɕiɔŋ1	xiong1	xiang1	赣			79210		
缄	kan1	gan1	jian1	赣			72187		
缅	mien3	mien3	mian3	赣			102482		
缆	lan3	lan3	lan3	赣			108723		
缇	tʰi2	ti2	ti2	赣			77629		
缉	tɕʰit7	qit6	ji1	赣			145000		老1
缌	sɿ1	si1	si1	赣			70120		
缎	tʰon6	ton5	duan4	赣			120000		
缏	pien3	bien3	bian4	赣			13352		
缑	kieu1	gieu1	gou1	赣			71179		
缒	tsʰui6	cui5	zhui4	赣			79100		
缓	fon3	fon3	huan3	赣			120000		
缔	tʰi2	ti2	di4	赣			107538		
缕	lɛu3	leu3	lv3	赣			120000		
编	piɛn1	bien1	bian1	赣			295000		
缗	min5	min4	min2	赣			90000		
缘	yon5	yuon4	yuan2	赣			120000		
缘	yon5	yuon4	yuan2	赣			120000		
缙	tɕin5	jin4	jin4	赣			77168		
缚	poʔ7	bok6	fu4	赣			120000		
缛	ȵiuʔ7	niuk6	ru4	赣			75831		
缜	tsɛn3	zen3	zhen3	赣			75060		
缝	fuŋ5	fung4	feng4	赣			120000		
缟	kau3	gau3	gao3	赣			72786		
缠	tsʰen2	cen2	chan2	赣			125000		
缡	li5	li4	li2	赣			78044		
缢	i5	yi4	yi4	赣			77001		
缣	tɕien1	jien1	jian1	赣			70074		
缤	pʰən1	pen1	bin1	赣			103930		
缥	pʰieu3	pieu3	piao1	赣			78541		
缦	man6	man5	man4	赣			71998		
缨	in1	yin1	ying1	赣			90000		
缩	sɔʔ7	sok6	suo1	赣			145000		
缩	suʔ7	suk6	suo1	赣			145000		
缪	meu5	meu4	mou2	赣			75800		
缫	tsau3	zau3	sao1	赣			77555		
缬	ɕiet8	xiet7	xie2	赣			73727		
缭	lieu3	lieu3	liao2	赣			100974		
缮	sen6	sen5	shan4	赣			76326		
缯	tsʰen2	cen2	zeng1	赣			71690		
缰	tɕiɔŋ1	jiong1	jiang1	赣			120000		
缱	tɕʰien3	qien3	qian3	赣			79502		
缲	tɕʰiɛu1	qieu1	qiao1	赣			90000		
缳	fan6	fan5	huan2	赣			78181		
缴	tɕiɛu3	jieu3	jiao3	赣			120000		
缵	tson3	zon3	zuan3	赣			70053		
缶	feu3	feu3	fou3	赣			79831		
缸	kɔŋ1	gong1	gang1	赣			120000		
缺	tɕʰyot7	qyuot6	que1	赣			200000		
罂	in1	yin1	ying1	赣			74688		
罄	tɕʰiaŋ3	qiang3	qing4	赣			71010		
罅	ha3	ha3	xia4	赣			77297		
罐	kuon5	guon4	guan4	赣			120000		
罔	uɔŋ3	wong3	wang3	赣			78126		
罕	hon3	hon3	han3	赣			103940		
罗	lo5	lo4	luo2	赣			175000		
罘	feu5	feu4	fu2	赣			77273		
罚	fat8	fat7	fa2	赣			150000		
罟	ku3	gu3	gu3	赣			79583		
罢	pa5	ba4	ba4	赣			185000		
罢	pʰa6	pa5	ba4	赣			185000		
罨	ien3	yen3	yan3	赣			78631		
罩	tsau5	zau4	zhao4	赣			120000		
罪	tsʰui6	cui5	zui4	赣			120000		
置	tsɿ5	zi4	zhi4	赣			370000		
罱	lan3	lan3	lan3	赣			74488		
署	ɕy3	xyu3	shu3	赣			120000		老1
罴	pi1	bi1	pi2	赣			79893		
罹	li5	li4	li2	赣			76143		
罽	tɕi5	ji4	ji4	赣			76625		
罾	tsɛn1	zen1	zeng1	赣			90000		
羁	tɕi1	ji1	ji1	赣			70341		
羊	iɔŋ5	yong4	yang2	赣			120000		
羌	tɕʰiɔŋ1	qiong1	qiang1	赣			75659		
美	mi3	mi3	mei3	赣			155000		老1
羑	iu3	yiu3	you3	赣			72646		
羔	kau1	gau1	gao1	赣			120000		
羚	lin5	lin4	ling2	赣			120000		
羝	ti1	di1	di1	赣			17637		
羞	ɕiu1	xiu1	xiu1	赣			145000		
羟	kʰan1	kan1	qiang3	赣			79727		
羡	ɕien6	xien5	xian4	赣			102922		
群	tɕʰyn2	qyun2	qun2	赣			370000		
羯	tɕiet7	jiet6	jie2	赣			70406		
羲	ɕi1	xi1	xi1	赣			74745		
羸	lui5	lui4	lei2	赣			75077		老1
羼	tsʰan3	can3	chan4	赣			70463		
羽	y3	yu3	yu3	赣			120000		
羿	ȵi6	ni5	yi4	赣			70749		
翁	uŋ1	wung1	weng1	赣			120000		
翅	tsʰɿ3	ci3	chi4	赣			120000		
翊	it7	yit6	yi4	赣			76431		
翌	it7	yit6	yi4	赣			70444		
翎	lin5	lin4	ling2	赣			90000		
翔	ɕiɔŋ5	xiong4	xiang2	赣			100401		
翕	ɕit7	xit6	xi1	赣			77350		
翘	tɕʰiɛu3	qieu3	qiao4	赣			145000		
翘	tɕʰiɛu2	qieu2	qiao4	赣			145000		
翙	fɨi3	fei3	hui4	赣			11200		
翚	fɨi1	fei1	hui1	赣			75338		
翟	tsʰet8	cet7	di2	赣			78396		
翠	tsʰui3	cui3	cui4	赣			120000		
翡	fɨi6	fei5	fei3	赣			75074		
翥	tɕy5	jyu4	zhu4	赣			77712		
翦	tɕien3	jien3	jian3	赣			14430		
翩	pʰien1	pien1	pian1	赣			105903		
翮	het8	het7	he2	赣			71223		
翯	hɔʔ7	hok6	he4	赣			16460		
翰	hon6	hon5	han4	赣			120000		
翳	i1	yi1	yi4	赣			90000		
翻	fan1	fan1	fan1	赣			220000		
耀	iɛu6	yeu5	yao4	赣			120000		
老	lau3	lau3	lao3	赣			370000		
老	lau1	lau1	lao3	赣			370000		
考	kʰau3	kau3	kao3	赣			245000		
耄	mau6	mau5	mao4	赣			79696		
者	tsa3	za3	zhe3	赣			370000		
耆	tɕʰi5	qi4	qi2	赣			90000		
耋	tʰiet8	tiet7	die2	赣			72444		
而	ɵ5	o4	er2	赣			393233		
耍	sa3	sa3	shua3	赣			120000		
耐	lai6	lai5	nai4	赣			120000		
耒	lui3	lui3	lei3	赣			72321		老1
耔	tsɿ3	zi3	zi3	赣			16975		
耖	tsʰau3	cau3	chao4	赣			78186		
耗	hau3	hau3	hao4	赣			128428		
耘	yn5	yun4	yun2	赣			120000		
耙	pʰa2	pa2	ba4	赣			120000		
耜	sɿ6	si5	si4	赣			74634		
耠	hot8	hot7	huo1	赣			79115		
耦	ŋieu3	ngieu3	ou3	赣			71333		
耧	leu5	leu4	lou2	赣			73118		
耨	leu6	leu5	nou4	赣			72975		
耩	kɔŋ3	gong3	jiang3	赣			79582		
耰	iu1	yiu1	you1	赣			12323		
耳	ɵ3	o3	er3	赣			120000		
耵	tin3	din3	ding1	赣			11592		
耶	ia5	ya4	ye2	赣			90000		
耷	tat7	dat6	da1	赣			70404		
耸	suŋ3	sung3	song3	赣			102928		
耻	tsʰɿ3	ci3	chi3	赣			120000		
耽	tan1	dan1	dan1	赣			145000		
耿	kiɛn3	gien3	geng3	赣			170000		
聂	ȵiɛt7	niet6	nie4	赣			120000		
聃	tʰan1	tan1	dan1	赣			73311		
聆	lin5	lin4	ling2	赣			105411		
聊	liɛu5	lieu4	liao2	赣			155000		
聋	luŋ1	lung1	long2	赣			120000		
职	tsɨt7	zet6	zhi2	赣			120000		老1
聍	lin5	lin4	ning2	赣			15477		
聒	kuɔʔ7	guok6	gua1	赣			78759		
联	liɛn5	lien4	lian2	赣			195000		
聘	pʰin3	pin3	pin4	赣			120000		
聚	tɕʰy6	qyu5	ju4	赣			145000		
聩	uai6	wai5	kui4	赣			78506		
聪	tsʰuŋ1	cung1	cong1	赣			120000		
聱	ŋau5	ngau4	ao2	赣			75595		
聿	yt7	yut6	yu4	赣			70873		
肃	ɕiuʔ7	xiuk6	su4	赣			125000		老1
肄	i6	yi5	yi4	赣			78406		
肆	sɿ5	si4	si4	赣			120000		
肉	y	niuk6	rou4	赣			170000		
肋	lɛt7	let6	le1	赣			120000		
肌	tɕi1	ji1	ji1	赣			120000		
肓	fɔŋ1	fong1	huang1	赣			74818		
肖	ɕieu5	xieu4	xiao4	赣			108448		
肘	tseu3	zeu3	zhou3	赣			108902		
肚	tʰu6	tu5	du4	赣			120000		
肚	tu3	du3	du4	赣			120000		
肛	kɔŋ1	gong1	gang1	赣			120000		
肝	kon1	gon1	gan1	赣			120000		
肠	tsʰɔŋ2	cong2	chang2	赣			120000		
股	ku3	gu3	gu3	赣			230000		
肢	tsɿ1	zi1	zhi1	赣			120000		
肤	fu1	fu1	fu1	赣			107042		
肥	fɨi5	fei4	fei2	赣			145000		
肥	fɨi5	fei4	fei2	赣			145000		
肩	tɕiɛn1	jien1	jian1	赣			120000		
肪	fɔŋ1	fong1	fang2	赣			100201		
肫	tsun1	zun1	zhun1	赣			74194		
肭	lot7	lot6	na4	赣			12695		
肮	ŋɔŋ1	ngong1	ang1	赣			120000		
肯	kʰiɛn3	kien3	ken3	赣			120000		
肯	kʰiɛn3	kien3	ken3	赣			120000		
肱	kuen1	gun1	gong1	赣			77783		
育	ȵiuʔ7	niuk6	yu4	赣			120000		老1
育	yt7	yut6	yu4	赣			120000		新1
肴	hau2	hau2	yao2	赣			107638		
肾	sɨn6	sen5	shen4	赣			120000		
肿	tsuŋ3	zung3	zhong3	赣			120000		
胀	tsɔŋ5	zong4	zhang4	赣			145000		
胁	ɕiɛt7	xiet6	xie2	赣			120000		
胂	tsʰen1	cen1	shen4	赣			79132		
胃	ui6	wui5	wei4	赣			120000		
胄	tsʰɛu6	ceu5	zhou4	赣			74258		
胆	tan3	dan3	dan3	赣			120000		
背	pi5	bi4	bei4	赣			120000		
背	pʰi5	pi4	bei4	赣			120000		
胍	ku1	gu1	gua1	赣			75994		
胎	tʰai1	tai1	tai1	赣			120000		
胖	pʰon2	pon2	pang4	赣			102768		
胗	tsɛn3	zen3	zhen1	赣			76720		
胙	tsʰu6	cu5	zuo4	赣			76598		
胚	pʰi1	pi1	pei1	赣			109245		
胛	kat7	gat6	jia3	赣			75709		
胜	sɨn5	sen4	sheng4	赣			179897		
胝	tsɿ1	zi1	zhi1	赣			72307		
胞	pau1	bau1	bao1	赣			120000		
胡	fu5	fu4	hu2	赣			120000		
胡	u5	wu4	hu2	赣			120000		
胤	in6	yin5	yin4	赣			78537		
胥	ɕy1	xyu1	xu1	赣			70295		
胧	luŋ5	lung4	long2	赣			120000		
胪	li5	li4	lu2	赣			76659		
胫	tɕʰin6	qin5	jing4	赣			73155		
胭	iɛn1	yen1	yan1	赣			90000		
胯	kʰa3	ka3	kua4	赣			90000		
胯	kʰu3	ku3	kua4	赣			90000		
胰	i5	yi4	yi2	赣			100778		
胱	kuɔŋ1	guong1	guang1	赣			74159		
胲	kai1	gai1	hai3	赣			13889		
胳	kɔʔ7	gok6	ge1	赣			105342		
胴	tʰuŋ6	tung5	dong4	赣			74420		
胶	kau1	gau1	jiao1	赣			120000		
胸	ɕiuŋ1	xiung1	xiong1	赣			120000		
胺	ŋon5	ngon4	an4	赣			73818		
胼	pʰien2	pien2	pian2	赣			75823		
能	lɛn5	len4	neng2	赣			370000		
脂	tsɿ0	zi0	zhi1	赣			120000		
脆	tsʰui3	cui3	cui4	赣			120000		
脉	mɛt7	met6	mai4	赣			120000		
脊	tɕiaʔ7	jiak6	ji2	赣			120000		
脍	kui5	gui4	kuai4	赣			78352		
脏	tsʰɔŋ6	cong5	zang4	赣			270000		
脏	tsɔŋ1	zong1	zang4	赣			270000		
脐	tɕʰi2	qi2	qi2	赣			120000		
脑	lau3	lau3	nao3	赣			150000		
脓	luŋ5	lung4	nong2	赣			120000		
脔	lon3	lon3	luan2	赣			76199		
脖	pʰet8	pet7	bo2	赣			101087		
脘	kuon3	guon3	wan3	赣			79194		
脚	tɕiɔʔ7	jiok6	jiao3	赣			120000		
脞	tsʰo1	co1	cuo3	赣			13209		
脬	pʰau1	pau1	pao1	赣			73100		
脯	pʰu3	pu3	pu2	赣			105797		
脶	lo5	lo4	luo2	赣			30000		
脸	liɛn3	lien3	lian3	赣			145000		
脾	pʰi2	pi2	pi2	赣			120000		
腆	tʰien3	tien3	tian3	赣			75515		
腋	it7	yit6	ye4	赣			104427		
腌	iɛn1	yen1	yan1	赣			90000		
腌	ŋa1	nga1	yan1	赣			90000		
腐	fu3	fu3	fu3	赣			120000		
腑	fu3	fu3	fu3	赣			90000		
腒	tɕy1	jyu1	ju1	赣			16709		
腓		fei3	fei2	赣			90000		
腔	tɕʰiɔŋ1	qiong1	qiang1	赣			125000		
腕	uon3	won3	wan4	赣			120000		
腠	tsʰeu3	ceu3	cou4	赣			71382		
腧	ɕy5	xyu4	shu4	赣			75785		
腩	lan3	lan3	nan3	赣			78433		
腭	ŋɔʔ7	ngok6	e4	赣			79020		
腮	sai1	sai1	sai1	赣			120000		
腰	iɛu1	yeu1	yao1	赣			120000		
腱	tɕien1	jien1	jian4	赣			78109		
腴	y5	yu4	yu2	赣			78427		
腹	fuʔ7	fuk6	fu4	赣			120000		
腺	ɕien5	xien4	xian4	赣			102048		
腻	ȵia6	nia5	ni4	赣			101065		
腼	tʰien3	tien3	mian3	赣			75256		
腽	ut7	wut6	wa4	赣			16173		
腾	tʰɛn2	ten2	teng2	赣			120000		
膀	pɔŋ3	bong3	bang3	赣			120000		
膂	li3	li3	lv3	赣			77616		
膈	kiet7	giet6	ge2	赣			71925		
膊	pɔʔ7	bok6	bo2	赣			120000		
膏	kau1	gau1	gao1	赣			120000		
膑	pʰən6	pen5	bin4	赣			77530		
膘	piɛu1	bieu1	biao1	赣			90000		
膙	tɕiɔŋ3	jiong3	jiang3	赣			72586		
膛	tʰɔŋ2	tong2	tang2	赣			105103		
膜	mɔʔ7	mok6	mo2	赣			120000		
膝	ɕit7	xit6	xi1	赣			120000		
膦	lien3	lien3	lin4	赣			73618		
膪	tsa5	za4	chuai4	赣			1000		
膳	sɛn6	sen5	shan4	赣			90000		
膺	in1	yin1	ying1	赣			70878		
膻	sɛn1	sen1	shan1	赣			90000		
臀	tʰɨn2	ten2	tun2	赣			107340		老1
臂	pi5	bi4	bi4	赣			120000		
臆	it7	yit6	yi4	赣			79691		
臊	sau1	sau1	sao1	赣			120000		
臊	sau5	sau4	sao1	赣			120000		
臑	ɵ5	o4	nao4	赣			11054		
臧	tsɔŋ1	zong1	zang1	赣			71857		
自	tsʰɿ6	ci5	zi4	赣			205000		
臬	ȵiɛt7	niet6	nie4	赣			90000		
臭	tsʰɛu3	ceu3	chou4	赣			165000		本1
至	tsɿ5	zi4	zhi4	赣			125000		
致	tsɿ5	zi4	zhi4	赣			175000		
臻	tsən1	zen1	zhen1	赣			90000		
臼	tɕʰiu6	qiu5	jiu4	赣			107805		
臾	y5	yu4	yu2	赣			70442		
舀	iɛu3	yeu3	yao3	赣			145000		
舂	tsuŋ1	zung1	chong1	赣			90000		
舄	ɕit7	xit6	xi4	赣			79237		
舅	tɕʰiu6	qiu5	jiu4	赣			120000		
舆	y5	yu4	yu2	赣			100560		
舌	sɛt8	set7	she2	赣			145000		
舌	sɛt7	set6	she2	赣			145000		
舍	sa3	sa3	she3	赣			225000		
舍	sa5	sa4	she3	赣			225000		
舒	ɕy1	xyu1	shu1	赣			145000		老1
舔	tʰiɛn3	tien3	tian3	赣			120000		
舛	tsʰon3	con3	chuan3	赣			79580		
舜	sun5	sun4	shun4	赣			77305		
舞	u3	wu3	wu3	赣			295000	做	
舟	tsɛu1	zeu1	zhou1	赣			120000		
舣	ȵi6	ni5	yi3	赣			14784		
航	hɔŋ2	hong2	hang2	赣			120000		
舫	pɔŋ5	bong4	fang3	赣			76735		
般	pon1	bon1	ban1	赣			190000		
舰	kan5	gan4	jian4	赣			120000		
舱	tsʰɔŋ1	cong1	cang1	赣			170000		
舳	tsʰuʔ8	cuk7	zhu2	赣			18410		
舴	tset7	zet6	ze2	赣			72685		
舵	tʰo6	to5	duo4	赣			120000		
舶	pʰet7	pet6	bo2	赣			102437		
舷	ɕiɛn5	xien4	xian2	赣			170000		
舸	ko3	go3	ge3	赣			73774		
舻	lu5	lu4	lu2	赣			78097		
艇	tʰin6	tin5	ting3	赣			105341		
艋	men3	men3	meng3	赣			77881		
艘	sau1	sau1	sou1	赣			101120		
艚	tsʰau2	cau2	cao2	赣			12601		
艟	tsʰɔŋ6	cong5	chong1	赣			78419		
艨	muŋ5	mung4	meng2	赣			72860		
艮	kien5	gien4	gen3	赣			74125		
良	liɔŋ5	liong4	liang2	赣			145000		
艰	kan1	gan1	jian1	赣			120000		
色	sɛt7	set6	se4	赣			150000		
艳	iɛn6	yen5	yan4	赣			120000		
艴	pʰet8	pet7	fu2	赣			12681		
艺	ȵi6	ni5	yi4	赣			120000		老1
艽	kʰui2	kui2	jiao1	赣			75303		
艾	ŋai6	ngai5	ai4	赣			145000		
艿	len1	len1	nai3	赣			75490		
节	tɕiɛt7	jiet6	jie2	赣			135000		
芄	fon5	fon4	wan2	赣			76450		
芈	mi3	mi3	mi3	赣			11399		
芊	tɕʰien1	qien1	qian1	赣			71301		
芋	y6	yu5	yu4	赣			120000		
芍	ɕieu6	xieu5	shao2	赣			75877		
芎	ɕiuŋ1	xiung1	qiong1	赣			90000		
芏	tʰu3	tu3	du4	赣			17362		
芑	tɕʰi3	qi3	qi3	赣			77727		
芒	mɔŋ5	mong4	mang2	赣			120000		
芗	ɕiɔŋ1	xiong1	xiang1	赣			75080		
芙	fu5	fu4	fu2	赣			120000		
芜	u5	wu4	wu2	赣			120000		
芝	tsɿ1	zi1	zhi1	赣			120000		
芟	san1	san1	shan1	赣			77318		
芡	tɕʰien6	qien5	qian4	赣			73197		
芥	kai5	gai4	jie4	赣			145000		
芦	lu5	lu4	lu2	赣			120000		
芨	tɕit7	jit6	ji1	赣			71642		
芩		qin4	qin2	赣			90000		
芪	tɕʰi2	qi2	qi2	赣			75197		
芫	yon5	yuon4	yan2	赣			90000		
芫	iɛn5	yen4	yan2	赣			90000		
芬	fɨn1	fen1	fen1	赣			120000		
芭	pa1	ba1	ba1	赣			120000		
芮	lui6	lui5	rui4	赣			71211		老1
芯	ɕin1	xin1	xin1	赣			145000		
芰	tɕʰi6	qi5	ji4	赣			13043		
花	fa1	fa1	hua1	赣			170000		
芳	fɔŋ1	fong1	fang1	赣			120000		
芴	ut7	wut6	wu4	赣			14395		
芷	tsɿ3	zi3	zhi3	赣			70093		
芸	yn5	yun4	yun2	赣			90000		
芹	tɕʰin2	qin2	qin2	赣			120000		
芼	mau5	mau4	mao4	赣			73559		
芽	ŋa5	nga4	ya2	赣			120000		
芾	pi5	bi4	fei4	赣			72196		
苁	tsuŋ3	zung3	cong1	赣			72236		
苇	ui3	wui3	wei3	赣			100630		
苈	lit7	lit6	li4	赣			75086		
苋	han6	han5	xian4	赣			90000		
苌	tsʰɔŋ2	cong2	chang2	赣			75678		
苍	tsʰɔŋ1	cong1	cang1	赣			120000		
苎	tɕʰy6	qyu5	zhu4	赣			79468		
苏	su1	su1	su1	赣			145000		
苑	yon3	yuon3	yuan4	赣			107883		
苒	len3	len3	ran3	赣			74506		
苓	lin5	lin4	ling2	赣			90000		
苕	tʰieu2	tieu2	shao2	赣			78731		
苗	miɛu5	mieu4	miao2	赣			120000		
苘	kʰuen3	kun3	qing3	赣			72756		
苛	kʰo1	ko1	ke1	赣			120000		
苜	mot7	mot6	mu4	赣			76179		
苞	pau1	bau1	bao1	赣			104425		
苟	kiɛu3	gieu3	gou3	赣			120000		
苡	i3	yi3	yi3	赣			71262		
苣	tɕʰy6	qyu5	ju4	赣			79873		
若	lɔʔ7	lok6	ruo4	赣			225000		
苦	kʰu3	ku3	ku3	赣			120000		
苫	sen1	sen1	shan1	赣			78436		
苯	pɨn3	ben3	ben3	赣			79298		
英	in1	yin1	ying1	赣			120000		
苴	tɕy1	jyu1	ju1	赣			73759		
苷	kon1	gon1	gan1	赣			79565		
苹	pʰin2	pin2	ping2	赣			160000		
苻	fu5	fu4	fu2	赣			79194		
茀	fɨi5	fei4	fu2	赣			76473		
茁	tsot7	zot6	zhuo2	赣			106091		
茂	mɛu6	meu5	mao4	赣			120000		
范	fan6	fan5	fan4	赣			120000		
茄	tɕʰia2	qia2	jia1	赣			120000		
茅	mau5	mau4	mao2	赣			120000		
茆	mau3	mau3	mao2	赣			77396		
茈	tsɿ3	zi3	ci2	赣			15400		
茉	mot7	mot6	mo4	赣			120000		
茎	tɕin1	jin1	jing1	赣			103391		
茏	luŋ5	lung4	long2	赣			71371		
茑	tieu3	dieu3	niao3	赣			73906		
茔	in5	yin4	ying2	赣			90000		
茕	tɕʰiuŋ2	qiung2	qiong2	赣			70584		
茗	min5	min4	ming2	赣			76375		
茛	kien5	gien4	gen4	赣			10424		
茜	tɕʰien3	qien3	qian4	赣			77199		
茝	tsɿ3	zi3	chai3	赣			16453		
茧	tɕiɛn3	jien3	jian3	赣			120000		
茨	tsʰɿ2	ci2	ci2	赣			71866		
茫	mɔŋ5	mong4	mang2	赣			145000		
茬	tsɿ1	zi1	cha2	赣			105784		
茭	kau1	gau1	jiao1	赣			90000		
茯	fuʔ7	fuk6	fu2	赣			90000		
茱	ɕy5	xyu4	zhu1	赣			75147		
茳	kɔŋ1	gong1	jiang1	赣			14820		
茴	fɨi5	fei4	hui2	赣			115000		
茵	in1	yin1	yin1	赣			108403		
茶	tsʰa2	ca2	cha2	赣			120000		
茹	ɵ3	o3	ru2	赣			76245		本1
荀	ɕyn1	xyun1	xun2	赣			71805		
荃	tɕʰyon1	qyuon1	quan2	赣			74788		
荆	tɕin1	jin1	jing1	赣			120000		
荇	hen6	hen5	xing4	赣			74755		
草	tsʰau3	cau3	cao3	赣			120000		
荏	len3	len3	ren3	赣			77122		
荐	tɕiɛn5	jien4	jian4	赣			125000		
荑	tʰi2	ti2	ti2	赣			75236		
荒	fɔŋ1	fong1	huang1	赣			120000		
荔	li6	li5	li4	赣			145000		
荙	tʰat8	tat7	da2	赣			18167		
荚	tɕiet7	jiet6	jia2	赣			73090		
荛	leu5	leu4	rao2	赣			17099		
荜	pit7	bit6	bi4	赣			72864		
荞	tɕʰiɛu2	qieu2	qiao2	赣			90000		
荟	ui5	wui4	hui4	赣			77404		
荠	tsʰɿ2	ci2	ji4	赣			73570		
荡	tʰɔŋ6	tong5	dang4	赣			120000		
荣	iuŋ5	yung4	rong2	赣			120000		老1
荥	in5	yin4	xing2	赣			75060		
荦	lɔʔ7	lok6	luo4	赣			75922		
荧	in5	yin4	ying2	赣			106570		
荨	tʰan2	tan2	xun2	赣			74580		
荩	tɕʰin6	qin5	jin4	赣			70109		
荪	sun1	sun1	sun1	赣			79941		
荫	in5	yin4	yin1	赣			120000		
荬	mai3	mai3	mai3	赣			73861		
荭	fuŋ5	fung4	hong2	赣			10818		
药	iɔʔ7	yok6	yao4	赣			120000		
荷	ho2	ho2	he2	赣			120000		
荷	ho0	ho0	he2	赣			120000		
荸	pʰet8	pet7	bi2	赣			72058		
荻	tʰit8	tit7	di2	赣			76766		
荼	tʰu2	tu2	tu2	赣			73890		
荽	sui0	sui0	sui1	赣			90000		
莅	li6	li5	li4	赣			71530		
莆	pʰu3	pu3	pu2	赣			75083		
莉	li0	li0	li4	赣			120000		
莎	sa1	sa1	sha1	赣			79614		
莒	tɕy3	jyu3	ju3	赣			72574		
莓	mi5	mi4	mei2	赣			75890		
莘	sen1	sen1	shen1	赣			79104		
莙	tɕyn1	jyun1	jun1	赣			15984		
莛	tʰin2	tin2	ting2	赣			72167		
莜	tʰieu6	tieu5	you2	赣			72114		
莞	fon5	fon4	guan3	赣			77159		
莠	iu3	yiu3	you3	赣			73101		
莨	lɔŋ5	long4	lang4	赣			76625		
莩	fu1	fu1	fu2	赣			78686		
莪	ŋo5	ngo4	e2	赣			77591		
莫	mot8	mot7	mo4	赣			170000		
莫	moʔ7	mok6	mo4	赣			170000		
莱	lai5	lai4	lai2	赣			104101		
莲	liɛn5	lien4	lian2	赣			120000		
莳	sɿ5	si4	shi2	赣			70909		
莶	lien3	lien3	xian1	赣			10983		
获	fuʔ7	fuk6	huo4	赣			120000		本1
获	fɔʔ7	fok6	huo4	赣			120000		又1
莸	iu5	yiu4	you2	赣			76475		
莹	in5	yin4	ying2	赣			104455		
莺	in1	yin1	ying1	赣			120000		
莼	sun5	sun4	chun2	赣			78016		
菀	yon3	yuon3	wan3	赣			71587		
菁	tɕin1	jin1	jing1	赣			78482		
菅	kan1	gan1	jian1	赣			72642		
菇	ku1	gu1	gu1	赣			120000		
菊	tɕiuʔ7	jiuk6	ju2	赣			120000		
菊	tɕyt7	jyut6	ju2	赣			120000		
菌	tɕʰyn6	qyun5	jun1	赣			100933		
菏	ko1	go1	he2	赣			78178		
菔	pʰet8	pet7	fu2	赣			78890		
菖	tsʰɔŋ1	cong1	chang1	赣			90000		
菘	suŋ1	sung1	song1	赣			79971		
菜	tsʰai3	cai3	cai4	赣			225000		
菝	pʰat8	pat7	ba2	赣			10238		
菟	tʰu2	tu2	tu2	赣			78569		
菠	po1	bo1	bo1	赣			120000		
菡	hon6	hon5	han4	赣			75890		
菥	sɿ1	si1	xi1	赣			18313		
菩	pʰu2	pu2	pu2	赣			145000		
菰	ku1	gu1	gu1	赣			71154		
菱	lin5	lin4	ling2	赣			120000		
菲	fɨi1	fei1	fei1	赣			100360		
菹	tsu1	zu1	ju1	赣			77308		
菼	tʰan3	tan3	tan3	赣			14300		
菽	suʔ7	suk6	shu1	赣			78171		
萁	tɕi1	ji1	qi2	赣			79212		
萃	tsʰui3	cui3	cui4	赣			70525		
萄	tʰau2	tau2	tao2	赣			120000		
萋	tɕʰi1	qi1	qi1	赣			74012		
萌	mɨn5	men4	meng2	赣			135860		新1
萎	ui1	wui1	wei1	赣			120000		
萏	tʰan6	tan5	dan4	赣			78713		
萑	tsui1	zui1	huan2	赣			75394		
萝	lo5	lo4	luo2	赣			120000		
萤	in5	yin4	ying2	赣			120000		
营	in5	yin4	ying2	赣			120000		
萧	ɕiɛu1	xieu1	xiao1	赣			120000		
萨	sat7	sat6	sa4	赣			125000		
萩	tɕʰiu1	qiu1	qiu1	赣			11707		
萱	ɕyon1	xyuon1	xuan1	赣			76918		
萸	y5	yu4	yu2	赣			73217		
萼	ŋɔʔ7	ngok6	e4	赣			72314		
葆	pau3	bau3	bao3	赣			75501		
葑	fuŋ1	fung1	feng1	赣			78571		
葓	fuŋ5	fung4	hong2	赣			14464		
葖	tʰet8	tet7	tu1	赣			16525		
著	tɕy5	jyu4	zhu4	赣			120000		老1
著	tsʰɔʔ8	cok7	zhu4	赣			120000		
著	tsɔʔ7	zok6	zhu4	赣			120000		
葚	sen6	sen5	ren4	赣			74116		
葛	kot7	got6	ge2	赣			120000		
葡	pʰu2	pu2	pu2	赣			120000		
董	tuŋ3	dung3	dong3	赣			120000		
葩	pʰa1	pa1	pa1	赣			77187		
葫	fu5	fu4	hu2	赣			120000		
葬	tsɔŋ5	zong4	zang4	赣			120000		
葭	ka1	ga1	jia1	赣			70698		
葱	tsʰuŋ1	cung1	cong1	赣			120000		
葳	ui1	wui1	wei1	赣			76172		
葵	kʰui2	kui2	kui2	赣			120000		
葶	tin3	din3	ting2	赣			74826		
葸	sɿ3	si3	xi3	赣			71881		
葺	tɕit7	jit6	qi4	赣			76444		
蒂	ti5	di4	di4	赣			120000		
蒇	tsʰen3	cen3	chan3	赣			16858		
蒉	kʰuai3	kuai3	kui4	赣			11597		
蒋	tɕiɔŋ3	jiong3	jiang3	赣			145000		
蒌	li3	li3	lou2	赣			73310		
蒗	lɔŋ6	long5	lang4	赣			71053		
蒜	son5	son4	suan4	赣			120000		
蒟	tɕy3	jyu3	ju3	赣			79057		
蒡	pʰen2	pen2	bang4	赣			76904		
蒯	kʰuai3	kuai3	kuai3	赣			90000		
蒲	pʰu2	pu2	pu2	赣			120000		
蒴	sɔʔ7	sok6	shuo4	赣			74972		
蒸	tsɨn1	zen1	zheng1	赣			120000		
蒹	tɕien1	jien1	jian1	赣			70411		
蒺	tɕʰit8	qit7	ji2	赣			77775		
蒿	hau1	hau1	hao1	赣			77397		
蓁	tsen1	zen1	zhen1	赣			77851		
蓂	min5	min4	ming2	赣			19375		
蓄	ɕiuʔ7	xiuk6	xu4	赣			120000		老1
蓇	kut7	gut6	gu3	赣			18220		
蓉	iuŋ5	yung4	rong2	赣			120000		
蓊	uŋ1	wung1	weng3	赣			75749		
蓍	sɿ1	si1	shi1	赣			79873		
蓐	ȵiuʔ7	niuk6	ru4	赣			78506		
蓑	so1	so1	suo1	赣			95000		
蓓	pʰei1	pei1	bei4	赣			90000		新1
蓓		pi1	bei4	赣			90000		老1
蓖	pi1	bi1	bi4	赣			90000		
蓝	lan5	lan4	lan2	赣			120000		
蓟	tɕi5	ji4	ji4	赣			70559		
蓠	li5	li4	li2	赣			79535		
蓣	y6	yu5	yu4	赣			13386		
蓥	in5	yin4	ying2	赣			90000		
蓦	met7	met6	mo4	赣			72236		
蓬	pʰuŋ2	pung2	peng2	赣			120000		
蓼	liɛu3	lieu3	liao3	赣			90000		
蓿	ɕiuʔ7	xiuk6	xu5	赣			79112		
蔌	suʔ7	suk6	su4	赣			11870		
蔑	miɛt8	miet7	mie4	赣			120000		
蔓	mon6	mon5	man4	赣			100249		
蔗	tsa5	za4	zhe4	赣			120000		
蔚	ui5	wui4	wei4	赣			105637		
蔟	tsʰeu3	ceu3	cu4	赣			71613		
蔡	tsʰai3	cai3	cai4	赣			120000		
蔫	ȵiɛn1	nien1	nian1	赣			90000		
蔬	su1	su1	shu1	赣			120000		
蔷	tɕʰiɔŋ2	qiong2	qiang2	赣			77814		
蔹	lien3	lien3	lian3	赣			12697		
蔺	lin6	lin5	lin4	赣			72674		
蔻	kʰiɛu3	kieu3	kou4	赣			90000		
蔼	ŋai5	ngai4	ai3	赣			108194		
蔽	pi5	bi4	bi4	赣			132930		
蕃	fan1	fan1	fan1	赣			72446		
蕈	tɕʰin6	qin5	xun4	赣			71028		
蕉	tɕiɛu1	jieu1	jiao1	赣			120000		
蕊	lui3	lui3	rui3	赣			120000		老1
蕖	tɕʰy2	qyu2	qu2	赣			74063		
蕙	fɨi6	fei5	hui4	赣			75697		
蕞	tsʰui6	cui5	zui4	赣			78981		
蕤	lui5	lui4	rui2	赣			70258		老1
蕨	tɕyot7	jyuot6	jue2	赣			71967		
蕰	uen1	wun1	wen1	赣			14005		
蕲	tɕi1	ji1	qi2	赣			79903		
蕴	yn1	yun1	yun4	赣			105020		
蕺	tset7	zet6	ji2	赣			72154		
蕻	fuŋ6	fung5	hong2	赣			74826		
蕾	lui3	lui3	lei3	赣			108255		老1
薄	pʰo6	po5	bao2	赣			120000		
薄	pʰɔʔ8	pok7	bao2	赣			120000		
薅	hau1	hau1	hao1	赣			78696		
薇	ui5	wui4	wei1	赣			145000		
薏	it7	yit6	yi4	赣			77037		
薛	ɕyot7	xyuot6	xue1	赣			120000		
薜	pʰi6	pi5	bi4	赣			78713		
薤	hai6	hai5	xie4	赣			77391		
薨	ɸʊŋ1	fung1	hong1	赣			90000		
薪	ɕin1	xin1	xin1	赣			220000		
薮	seu3	seu3	sou3	赣			71295		
薯	ɕy5	xyu4	shu3	赣			120000		老1
薰	ɕyn1	xyun1	xun1	赣			73178		
苔	tʰai1	tai1	tai2	赣			120000		
藁	kau3	gau3	gao3	赣			79987		
藉	tɕʰiᴀ6	qia5	ji2	赣			120000		
藏	tsʰɔŋ2	cong2	cang2	赣			145000		
藏	tsʰɔŋ6	cong5	cang2	赣			145000		
藐	miɛu3	mieu3	miao3	赣			120000		
藓	ɕien3	xien3	xian3	赣			75838		
藕	ŋiɛu3	ngieu3	ou3	赣			145000		
藜	li5	li4	li2	赣			76558		
藤	tʰɛn2	ten2	teng2	赣			120000		
藩	fan5	fan4	fan1	赣			90000		
藻	tsau3	zau3	zao3	赣			106110		
藿	fɔʔ7	fok6	huo4	赣			90000		
蘅	hen2	hen2	heng2	赣			72369		
蘑	mo5	mo4	mo2	赣			107136		
蘖	ŋot7	ngot6	nie4	赣			73657		
蘘	lɔŋ5	long4	rang2	赣			12367		
蘧	tɕʰy2	qyu2	qu2	赣			74345		
蘩	fan5	fan4	fan2	赣			78828		
蘸	tsan5	zan4	zhan4	赣			90000		
蘼	mi3	mi3	mi2	赣			14487		
虎	fu3	fu3	hu3	赣			120000		
虎	fu5	fu4	hu3	赣			120000		
虏	lu3	lu3	lu3	赣			109271		
虐	ȵiɔʔ7	niok6	nve4	赣			120000		
虑	li6	li5	lv4	赣			126565		老1
虔	tɕʰiɛn2	qien2	qian2	赣			90000		
虚	ɕy1	xyu1	xu1	赣			120000		
虞	ȵy5	nyu4	yu2	赣			72855		
虢	kuet7	guet6	guo2	赣			78972		
虫	tsʰuŋ2	cung2	chong2	赣			145000		
虬	tɕʰiu2	qiu2	qiu2	赣			74046		
虮	tɕi3	ji3	ji3	赣			90000		
虱	sɛt7	set6	shi1	赣			90000		
虺	fai1	fai1	hui1	赣			73479		
虽	sui1	sui1	sui1	赣			120000		
虾	ha1	ha1	xia1	赣			170000		
虿	tsʰai3	cai3	chai4	赣			78390		
蚀	sɨt7	set6	shi2	赣			120000		老1
蚁	ȵi0	ni0	yi3	赣			120000		
蚂	ma3	ma3	ma3	赣			120000		
蚂	ma6	ma5	ma3	赣			120000		
蚌	pʰɔŋ6	pong5	bang4	赣			120000		
蚍	pʰi2	pi2	pi2	赣			71980		
蚓	in3	yin3	yin3	赣			102301		
蚕	tsʰon2	con2	can2	赣			120000		
蚜	ŋa5	nga4	ya2	赣			79178		
蚝	hau2	hau2	hao2	赣			78304		
蚣	kuŋ1	gung1	gong1	赣			120000		
蚤	tsau3	zau3	zao3	赣			120000		
蚨	fu5	fu4	fu2	赣			70469		
蚩	tsʰɿ1	ci1	chi1	赣			77746		
蚪	teu3	deu3	dou3	赣			104925		
蚬	tɕʰien3	qien3	xian3	赣			78832		
蚯	tɕʰiu1	qiu1	qiu1	赣			100554		
蚰	iu5	yiu4	you2	赣			90000		
蚱	tsɛt7	zet6	zha4	赣			90000		
蚱	tsʰa0	ca0	zha4	赣			90000		
蚴	iu3	yiu3	you4	赣			71230		
蚶	hon1	hon1	han1	赣			78058		
蚺	len5	len4	ran2	赣			18016		
蛀	tɕy6	jyu5	zhu4	赣			145000		老1
蛄	ku1	gu1	gu1	赣			75481		
蛆	tɕʰy1	qyu1	qu1	赣			90000		
蛇	sa5	sa4	she2	赣			120000		
蛉	lin5	lin4	ling2	赣			72094		
蛊	ku3	gu3	gu3	赣			70333		
蛋	tʰan6	tan5	dan4	赣			120000		
蛎	li6	li5	li4	赣			71881		
蛏	tsʰen1	cen1	cheng1	赣			76609		
蛑	meu5	meu4	mou2	赣			16984		
蛔	fɨi5	fei4	hui2	赣			90000		
蛘	iɔŋ3	yong3	yang2	赣			78510		
蛙	ua1	wa1	wa1	赣			120000		
蛛	tɕy1	jyu1	zhu1	赣			120000		老1
蛞	kʰuot7	kuot6	kuo4	赣			74368		
蛟	kau1	gau1	jiao1	赣			72572		
蛤	kot7	got6	ha2	赣			145000		
蛩	tɕʰiuŋ2	qiung2	qiong2	赣			70885		
蛭	tiet7	diet6	zhi4	赣			70619		
蛮	man1	man1	man2	赣			370000	很	
蛮	mæn5	man4	man2	赣			370000		
蛰	tsʰɨt8	cet7	zhe2	赣			74679		
蛱	tɕiet7	jiet6	jia2	赣			74494		
蛲	leu5	leu4	nao2	赣			76642		
蛳	sɿ1	si1	si1	赣			73402		
蛴	tɕʰi2	qi2	qi2	赣			77512		
蛸	sau1	sau1	shao1	赣			71439		
蛹	iuŋ3	yung3	yong3	赣			90000		
蛾	ŋo5	ngo4	e2	赣			120000		
蜀	suʔ7	suk6	shu3	赣			102630		
蜂	fuŋ1	fung1	feng1	赣			120000		
蜃	sen6	sen5	shen4	赣			71528		
蜇	tsɛt7	zet6	zhe1	赣			90000		
蜈	u5	wu4	wu2	赣			120000		
蜉	feu5	feu4	fu2	赣			79216		
蜊	li5	li4	li2	赣			79743		
蜍	tɕʰy2	qyu2	chu2	赣			77585		
蜎	tɕʰyon6	qyuon5	yuan1	赣			11800		
蜒	iɛn5	yen4	yan2	赣			120000		
蜓	tʰin2	tin2	ting2	赣			120000		
蜕	tʰui3	tui3	tui4	赣			120000		
蜗	kua1	gua1	wo1	赣			109665		
蜘	tsɿ1	zi1	zhi1	赣			101174		
蜚	fɨi3	fei3	fei1	赣			70046		
蜜	mit7	mit6	mi4	赣			120000		
蜢	men3	men3	meng3	赣			72950		
蜣	tɕʰiɔŋ1	qiong1	qiang1	赣			71382		
蜥	ɕit7	xit6	xi1	赣			72097		
蜩	tʰieu2	tieu2	tiao2	赣			79070		
蜮	fet8	fet7	yu4	赣			74062		
蜱	pʰi2	pi2	pi2	赣			70343		
蜴	it7	yit6	yi4	赣			79624		
蜷	tɕʰyon2	qyuon2	quan2	赣			90000		
蜻	tɕʰin1	qin1	qing1	赣			120000		
蜾	kuo3	guo3	guo3	赣			15016		
蜿	uon1	won1	wan1	赣			71045		
蝇	in5	yin4	ying2	赣			120000		
蝈	kuet7	guet6	guo1	赣			76779		
蝉	sɛn5	sen4	chan2	赣			120000		
蝌	kʰuo1	kuo1	ke1	赣			100984		
蝎	ɕiet7	xiet6	xie1	赣			101026		
蝓	y5	yu4	yu2	赣			71517		
蝙	piɛn3	bien3	bian1	赣			120000		
蝠	fuʔ7	fuk6	fu2	赣			107828		
蝣	iu5	yiu4	you2	赣			75681		
蝤	tɕiu1	jiu1	qiu2	赣			18902		
蝥	u5	wu4	mao2	赣			70836		
蝮	fuʔ7	fuk6	fu4	赣			75375		
蝰	kʰui1	kui1	kui2	赣			71844		
蝴	fu5	fu4	hu2	赣			120000		
蝶	tʰiɛt7	tiet6	die2	赣			120000		
蝼	leu5	leu4	lou2	赣			76154		
蝾	iuŋ5	yung4	rong2	赣			70836		
螃	pʰɔŋ2	pong2	pang2	赣			120000		
螋	su1	su1	sou1	赣			74118		
融	iuŋ5	yung4	rong2	赣			120000		老1
螗	tʰɔŋ2	tong2	tang2	赣			15455		
螟	min5	min4	ming2	赣			73699		
螠	i5	yi4	yi4	赣			78459		
螣	tʰen2	ten2	te4	赣			10785		
螫	sɛt7	set6	shi4	赣			79171		
螬	tsʰau2	cau2	cao2	赣			71169		
螭	tsʰɿ1	ci1	chi1	赣			75084		
螯	ŋau5	ngau4	ao2	赣			71314		
螳	tʰɔŋ2	tong2	tang2	赣			90000		
螵	pʰieu1	pieu1	piao1	赣			70664		
螺	lo5	lo4	luo2	赣			145000		
螽	tsuŋ1	zung1	zhong1	赣			77983		
蟀	sut7	sut6	shuai4	赣			107496		
蟆	ma0	ma0	ma2	赣			120000		
蟊	mau5	mau4	mao2	赣			79787		
蟋	set7	set6	xi1	赣			100386		
蟒	mɔŋ3	mong3	mang3	赣			90000		
蟠	pʰon2	pon2	pan2	赣			90000		
蟪	fɨi6	fei5	hui4	赣			79440		
蟹	hai3	hai3	xie4	赣			120000		
蟾	tsen1	zen1	chan2	赣			75375		
蠃	lo3	lo3	luo3	赣			15183		
蠊	lien5	lien4	lian2	赣			72777		
蠋	tsuʔ7	zuk6	zhu2	赣			12245		
蠓	muŋ3	mung3	meng3	赣			90000		
蠕	ɵ5	o4	ru2	赣			107310		
蠖	uot7	wot6	huo4	赣			73410		
蠡	li3	li3	li2	赣			76948		
蠢	tsʰun3	cun3	chun3	赣			120000		
蠲	tɕyon1	jyuon1	juan1	赣			75593		
蠹	tu5	du4	du4	赣			73991		
血	ɕyot7	xyuot6	xue4	赣			170000		
衄	ȵiuʔ7	niuk6	nv4	赣			71290		
衅	ɕin5	xin4	xin4	赣			108091		
行	hɛn2	hen2	xing2	赣			270000		
行	hɔŋ2	hong2	xing2	赣			270000		
衍	iɛn3	yen3	yan3	赣			120000		
衔	han2	han2	xian2	赣			150000		老1
街	kai1	gai1	jie1	赣			145000		
衙	ŋa5	nga4	ya2	赣			120000		
衢	tɕʰy2	qyu2	qu2	赣			79727		
衣	i1	yi1	yi1	赣			120000		
补	pu3	bu3	bu3	赣			350000		
表	piɛu3	bieu3	biao3	赣			180000		
衩	tsʰai3	cai3	cha3	赣			76254		
衫	san1	san1	shan1	赣			120000		
衬	tsʰɛn3	cen3	chen4	赣			120000		
衮	kun3	gun3	gun3	赣			79325		
衰	suai1	suai1	shuai1	赣			120000		
衲	lat7	lat6	na4	赣			75534		
衷	tsuŋ1	zung1	zhong1	赣			120000		
衽	lɨn6	len5	ren4	赣			76468		
衾	tɕʰin1	qin1	qin1	赣			74127		
衿	tɕin1	jin1	jin1	赣			75291		
袁	yon5	yuon4	yuan2	赣			120000		
袂	kat7	gat6	mei4	赣			90000		
袄	ŋau3	ngau3	ao3	赣			120000		
袅	ȵieu3	nieu3	niao3	赣			73002		
袆	fɨi1	fei1	hui1	赣			10293		
袈	ka1	ga1	jia1	赣			90000		
袍	pʰau2	pau2	pao2	赣			120000		
袒	tʰan6	tan5	tan3	赣			73014		
袗	tsɛn3	zen3	zhen3	赣			19246		
袜	uat7	wat6	wa4	赣			120000		
袢	fan5	fan4	pan4	赣			72729		
袤	meu6	meu5	mao4	赣			74773		
袪	tɕʰy1	qyu1	qu1	赣			14341		
被	pʰi5	pi4	bei4	官			406300		
袭	ɕit8	xit7	xi2	赣			101876		
袯	pot7	bot6	bo2	赣			14213		
袱	fuʔ7	fuk6	fu2	赣			120000		
袼	lɔʔ7	lok6	ge1	赣			15275		
裁	tsʰai2	cai2	cai2	赣			120000		
裂	liɛt7	liet6	lie4	赣			120000		
装	tsɔŋ1	zong1	zhuang1	赣			123600		
裆	tɔŋ1	dong1	dang1	赣			90000		
裈	kun1	gun1	kun1	赣			11177		
裎	tsʰen2	cen2	cheng2	赣			70641		
裒	pʰeu3	peu3	pou2	赣			74913		
裔	i6	yi5	yi4	赣			71062		
裕	y6	yu5	yu4	赣			120000		
裘	tɕʰiu2	qiu2	qiu2	赣			77458		
裙	tɕʰyn2	qyun2	qun2	赣			120000		
裟	sa1	sa1	sha1	赣			90000		
裤	kʰu3	ku3	ku4	赣			120000		
裥	kan5	gan4	jian3	赣			78260		
裨	pi1	bi1	bi4	赣			70478		
裰	tot7	dot6	duo1	赣			75927		
裱	piɛu3	bieu3	biao3	赣			90000		
裳	sɔŋ5	song4	shang5	赣			120000		
裴	pʰi2	pi2	pei2	赣			90000		
裸	lo3	lo3	luo3	赣			200000		
裹	kuo3	guo3	guo3	赣			120000		
裼	ɕit7	xit6	ti4	赣			11303		
裾	tɕy1	jyu1	ju1	赣			71701		
褂	kua6	gua5	gua4	赣			120000		
褂	kuɑ5	gua4	gua4	赣			120000		
褊	pien3	bien3	bian3	赣			73812		
褐	hot8	hot7	he4	赣			101412		
褒	pau1	bau1	bao1	赣			120000		
褓	pau3	bau3	bao3	赣			74391		
褚	tɕy3	jyu3	chu3	赣			90000		老1
褛	li3	li3	lv3	赣			72953		
褡	tat7	dat6	da1	赣			72445		
褥	luʔ7	luk6	ru4	赣			120000		
褪	tʰui3	tui3	tui4	赣			109938		
褫	tsʰɿ2	ci2	chi3	赣			73847		
褰	tɕʰien1	qien1	qian1	赣			77181		
褴	lan5	lan4	lan2	赣			90000		
襁	tɕiɔŋ3	jiong3	qiang3	赣			77665		
襄	ɕiɔŋ1	xiong1	xiang1	赣			90000		
襞	pit7	bit6	bi4	赣			73943		
襟	tɕin1	jin1	jin1	赣			120000		
襦	ɵ5	o4	ru2	赣			78554		
襻	pʰan3	pan3	pan4	赣			90000		
西	ɕi1	xi1	xi1	赣			120000		
要	iɛu1	yeu1	yao4	赣			406581		
要	iɛu5	yeu4	yao4	赣			406581		
覃	tʰan2	tan2	tan2	赣			72740		
覆	fuʔ7	fuk6	fu4	赣			120000		
见	tɕiɛn5	jien4	jian4	赣			245000		
观	kuon1	guon1	guan1	赣			145000		
观	kuon5	guon4	guan1	赣			145000		
规	kui1	gui1	gui1	赣			145000		
觅	mit7	mit6	mi4	赣			100742		
视	sɿ6	si5	shi4	赣			145000		
觇	tsʰen1	cen1	chan1	赣			79977		
览	lan3	lan3	lan3	赣			120000		
觉	kɔʔ7	gok6	jue2	赣			180000		老1
觉	kau5	gau4	jue2	赣			180000		
觊	tɕi5	ji4	ji4	赣			78273		
觋	ɕit7	xit6	xi2	赣			72605		
觌	tʰit7	tit6	di2	赣			16948		
觎	y5	yu4	yu2	赣			75432		
觏	kieu5	gieu4	gou4	赣			76472		
觐	tɕʰin6	qin5	jin4	赣			77437		
角	kɔʔ7	gok6	jiao3	赣			145000		新1
角	tɕiɔʔ7	jiok6	jiao3	赣			145000		老1
觖	kʰui3	kui3	jue2	赣			19321		
觚	ku1	gu1	gu1	赣			77776		
觜	tsɿ1	zi1	zi1	赣			18839		
觞	sɔŋ1	song1	shang1	赣			78524		
解	kai3	gai3	jie3	赣			170000		
解	kai5	gai4	jie3	赣			170000		
觥	kuen1	gun1	gong1	赣			72432		
触	tsʰuʔ7	cuk6	chu4	赣	呛	qiang1	120000		
觯	tsɿ1	zi1	zhi4	赣			74893		
觱	pit7	bit6	bi4	赣			17712		
觳	kʰɔʔ7	kok6	hu2	赣			71310		
訄	lau5	lau4	qiu2	赣			17713		
訇	ɕyon5	xyuon4	hong1	赣			75101		
訾	tsɿ1	zi1	zi1	赣			75403		
詈	li6	li5	li4	赣			71625		
詹	tsɛn1	zen1	zhan1	赣			90000		
誉	y6	yu5	yu4	赣			120000		
誊	tʰɛn2	ten2	teng2	赣			120000		
誓	sɿ6	si5	shi4	赣			120000		
謇	tɕien3	jien3	jian3	赣			78723		
譬	pʰi3	pi3	pi4	赣			104924		
计	tɕi5	ji4	ji4	赣			200000		
讣	fu5	fu4	fu4	赣			90000		
讥	tɕi1	ji1	ji1	赣			120000		
讦	tɕi5	ji4	jie2	赣			79398		
讧	fuŋ5	fung4	hong4	赣			76845		
讨	tʰau3	tau3	tao3	赣			120000		
让	ȵiɔŋ6	niong5	rang4	赣			370000		老1
讪	san1	san1	shan4	赣			73902		
讫	tɕit7	jit6	qi4	赣			77832		
训	ɕyn5	xyun4	xun4	赣			120000		
议	ȵi6	ni5	yi4	赣			120000		老1
讯	ɕin5	xin4	xun4	赣			106006		老1
记	tɕi5	ji4	ji4	赣			120000		
讲	kɔŋ3	gong3	jiang3	赣			175000		
讳	fɨi5	fei4	hui4	赣			108601		
讴	ŋieu1	ngieu1	ou1	赣			78921		
讵	tɕʰy6	qyu5	ju4	赣			71040		
讶	ŋa6	nga5	ya4	赣			108927		
讷	lɛt7	let6	ne4	赣			77010		
许	ɕy3	xyu3	xu3	赣	那	na4	370000		
讹	ŋo5	ngo4	e2	赣			120000		
论	lɨn6	len5	lun4	赣			120000		老1
论	lun6	lun5	lun4	赣			120000		新1
讼	suŋ5	sung4	song4	赣			131654		
讽	fuŋ3	fung3	feng3	赣			105298		
设	sɛt7	set6	she4	赣			120000		
访	fɔŋ3	fong3	fang3	赣			120000		
诀	tɕyot7	jyuot6	jue2	赣			125000		
证	tsɨn5	zen4	zheng4	赣			170000		
诂	ku3	gu3	gu3	赣			72759		
诃	ho1	ho1	he1	赣			75392		
评	pʰin2	pin2	ping2	赣			150000		
诅	tsu5	zu4	zu3	赣			73072		
识	sɨt7	set6	shi2	赣			120000		老1
诈	tsa5	za4	zha4	赣			120000		
诉	su5	su4	su4	赣			120000		
诊	tsɛn3	zen3	zhen3	赣			108221		
诋	ti3	di3	di3	赣			73400		
诌	tsʰau3	cau3	zhou1	赣			75536		
词	tsʰɿ2	ci2	ci2	赣			380000		
诎	tɕʰyt7	qyut6	qu1	赣			13541		
诏	tseu5	zeu4	zhao4	赣			77141		
诐	pi1	bi1	bi4	赣			17776		
译	it7	yit6	yi4	赣			125000		
诒	i5	yi4	yi2	赣			75421		
诓	kʰuɔŋ6	kuong5	kuang1	赣			70321		
诔	lui3	lui3	lei3	赣			75793		
试	sɿ5	si4	shi4	赣			220000		
诖	kua5	gua4	gua4	赣			75374		
诗	sɿ1	si1	shi1	赣			120000		
诗	sɿ5	si4	shi1	赣			120000		
诘	tɕʰit7	qit6	ji2	赣			72033		
诙	kʰui1	kui1	hui1	赣			78340		
诚	tsʰɨn2	cen2	cheng2	赣			120000		
诛	tɕy1	jyu1	zhu1	赣			115000		老1
诜	sen1	sen1	shen1	赣			73960		
诞	tʰan6	tan5	dan4	赣			104129		
诟	heu3	heu3	gou4	赣			79624		
诠	tɕʰyon1	qyuon1	quan2	赣			74403		
诡	kui3	gui3	gui3	赣			120000		
询	ɕyn1	xyun1	xun2	赣			103310		
诣	ȵi6	ni5	yi4	赣			79105		
诤	tsen5	zen4	zheng4	赣			74991		
详	ɕiɔŋ5	xiong4	xiang2	赣			120000		新1
详	tɕʰiɔːŋ2	qiong2	xiang2	赣			120000		老1
诧	tsʰa3	ca3	cha4	赣			76889		
诨	uen6	wun5	hun4	赣			77446		
诩	ɕy3	xyu3	xu3	赣			79908		
诫	kai5	gai4	jie4	赣			102865		
诬	u1	wu1	wu1	赣			120000		
诮	tɕʰieu6	qieu5	qiao4	赣			76601		
误	u6	wu5	wu4	赣			160000		
诰	kau5	gau4	gao4	赣			78868		
诱	iu3	yiu3	you4	赣			100343		
诲	fɨi3	fei3	hui4	赣			101141		
诳	kuɔŋ5	guong4	kuang2	赣			75848		
说	sot7	sot6	shuo1	官			469817		
诵	sʊŋ5	sung4	song4	赣			120000		
诸	tɕy1	jyu1	zhu1	赣			145000		老1
诹	tɕy1	jyu1	zou1	赣			78904		
诺	lɔʔ7	lok6	nuo4	赣			104414		
读	tʰuʔ8	tuk7	du2	赣			370000		
读	tʰuʔ7	tuk6	du2	赣			370000		
诼	tsɔʔ7	zok6	zhuo2	赣			77793		
诽	fɨi1	fei1	fei3	赣			109515		
课	kʰuo5	kuo4	ke4	赣			120000		
课	kʰuo3	kuo3	ke4	赣			120000		
诿	ui5	wui4	wei3	赣			74620		
谀	y5	yu4	yu2	赣			73259		
谁	sui5	sui4	shui2	赣			120000		
谂	sɨn3	sen3	shen3	赣			78128		
调	tʰiɛu2	tieu2	diao4	赣			370000		
调	tʰiɛu3	tieu3	diao4	赣			370000		
调	tiɛu5	dieu4	diao4	赣			370000		新1
调	tʰiɛu6	tieu5	diao4	赣			370000		老1
谄	tsʰen3	cen3	chan3	赣			77367		
谅	liɔŋ6	liong5	liang4	赣			120000		
谆	tsun1	zun1	zhun1	赣			108269		
谇	sui5	sui4	sui4	赣			72759		
谈	tʰan2	tan2	tan2	赣			255000		
谊	ȵi6	ni5	yi4	赣			101764		
谋	mɛu5	meu4	mou2	赣			120000		
谌	sɨn5	sen4	chen2	赣			90000		
谍	tʰiɛt7	tiet6	die2	赣			120000		
谎	fɔŋ3	fong3	huang3	赣			120000		
谏	kan5	gan4	jian4	赣			72509		
谐	hai2	hai2	xie2	赣			120000		老1
谑	ɕiɔʔ7	xiok6	xue4	赣			72415		
谒	iɛt7	yet6	ye4	赣			90000		
谓	ui6	wui5	wei4	赣			120000		
谔	ŋɔʔ7	ngok6	e4	赣			73730		
谕	y6	yu5	yu4	赣			78281		
谖	ɕyon1	xyuon1	xuan1	赣			74495		
谗	tsʰan2	can2	chan2	赣			72419		
谙	ŋon1	ngon1	an1	赣			77867		
谚	ȵien6	nien5	yan4	赣			101345		
谛	ti5	di4	di4	赣			70610		
谜	mi6	mi5	mi2	赣			145000		
谝	pʰien2	pien2	pian2	赣			75129		
谟	mu5	mu4	mo2	赣			74555		
谠	tɔŋ3	dong3	dang3	赣			75158		
谡	suʔ7	suk6	su4	赣			71519		
谣	iɛu5	yeu4	yao2	赣			120000		
谤	pɔŋ5	bong4	bang4	赣			108430		
谥	sɿ6	si5	shi4	赣			74672		
谦	tɕʰiɛn1	qien1	qian1	赣			120000		
谧	mit7	mit6	mi4	赣			75626		
谨	tɕin3	jin3	jin3	赣			120000		
谩	man5	man4	man2	赣			78748		
谪	tset7	zet6	zhe2	赣			74038		
谬	mieu6	mieu5	miu4	赣			109006		
谭	tʰan2	tan2	tan2	赣			120000		
谮	tsen5	zen4	zen4	赣			75548		
谯	tɕʰieu2	qieu2	qiao2	赣			79865		
谰	lan3	lan3	lan2	赣			71143		
谱	pʰu3	pu3	pu3	赣			120000		
谲	tɕyot7	jyuot6	jue2	赣			76378		
谳	ȵien3	nien3	yan4	赣			77628		
谴	tɕʰien3	qien3	qian3	赣			100915		
谵	tʰat8	tat7	zhan1	赣			73782		
谶	tsʰen3	cen3	chen4	赣			71922		
谷	kuʔ7	guk6	gu3	赣			170000		
豁	fot7	fot6	huo1	赣			105156		
豆	tʰɛu6	teu5	dou4	赣			120000		
豇	kɔŋ1	gong1	jiang1	赣			75843		
豉	sɿ0	si0	shi4	赣			90000		本1
豌	uon1	won1	wan1	赣			120000		
豕	sɿ3	si3	shi3	赣			78807		
豚	tʰɨn2	ten2	tun2	赣			125000		老1
象	ɕiɔŋ6	xiong5	xiang4	赣			120000		
豢	fan6	fan5	huan4	赣			75897		
豨	ɕi1	xi1	xi1	赣			76297		
豪	hau2	hau2	hao2	赣			120000		
豫	y6	yu5	yu4	赣			120000		
豳	pin1	bin1	bin1	赣			73431		
豸	tsʰɿ6	ci5	zhi4	赣			77816		
豹	pau5	bau4	bao4	赣			120000		
豺	tsʰai2	cai2	chai2	赣			120000		
貂	tiɛu1	dieu1	diao1	赣			95000		
貅	ɕiu1	xiu1	xiu1	赣			79233		
貉	met7	met6	hao2	赣			73973		
貊	met7	met6	mo4	赣			71041		
貌	mau6	mau5	mao4	赣			120000		
貔	pʰi2	pi2	pi2	赣			72765		
貘	met7	met6	mo4	赣			79978		
贝	pi5	bi4	bei4	赣			120000		
贞	tsɨn1	zen1	zhen1	赣			120000		
负	fu6	fu5	fu4	赣			250000		
贡	kuŋ5	gung4	gong4	赣			120000		
财	tsʰai2	cai2	cai2	赣			145000		
责	tsɛt7	zet6	ze2	赣			120000		
贤	ɕiɛn5	xien4	xian2	赣			120000		
败	pʰai6	pai5	bai4	赣			120000		
账	tsɔŋ5	zong4	zhang4	赣			120000		
货	ɸo5	fo4	huo4	赣			120000		
质	tsɨt7	zet6	zhi4	赣			177000		老1
贩	fan5	fan4	fan4	赣			120000		
贪	tʰon1	ton1	tan1	赣			120000		
贫	pʰin2	pin2	pin2	赣			120000		
贬	piɛn3	bien3	bian3	赣			120000		
购	kiɛu5	gieu4	gou4	赣			120000		
贮	tɕʰy6	qyu5	zhu4	赣			120000		老1
贯	kuon5	guon4	guan4	赣			120000		
贰	ɵ6	o5	er4	赣			120000		
贱	tɕʰiɛn6	qien5	jian4	赣			120000		
贲	pi5	bi4	ben1	赣			77148		
贳	sɿ5	si4	shi4	赣			75025		
贴	tʰiɛt7	tiet6	tie1	赣			120000		
贵	kui5	gui4	gui4	赣			125000		
贶	fɔŋ3	fong3	kuang4	赣			79008		
贷	tʰai6	tai5	dai4	赣			120000		
贸	mɛu6	meu5	mao4	赣			120000		
费	fɨi5	fei4	fei4	赣			170000		
费	fɨi5	fei4	fei4	赣			170000		
贺	ho6	ho5	he4	赣			120000		
贻	i5	yi4	yi2	赣			102216		
贼	tsʰɛt8	cet7	zei2	赣			120000		
贼	tsʰɛt7	cet6	zei2	赣			120000	骗	
贽	tsɿ5	zi4	zhi4	赣			70713		
贾	ka3	ga3	jia3	赣			120000		
贿	fɨi3	fei3	hui4	赣			102979		
赁	lin6	lin5	lin4	赣			101509		
赂	lu6	lu5	lu4	赣			106773		
赃	tsɔŋ1	zong1	zang1	赣			120000		
资	tsɿ1	zi1	zi1	赣			120000		
赅	kai1	gai1	gai1	赣			71097		
赇	tɕʰiu2	qiu2	qiu2	赣			79562		
赉	lai6	lai5	lai4	赣			77773		
赊	sa1	sa1	she1	赣			90000		
赋	fu5	fu4	fu4	赣			107326		
赌	tu3	du3	du3	赣			120000		
赍	tsɿ1	zi1	ji1	赣			77872		
赎	suʔ8	suk7	shu2	赣			145000		
赏	sɔŋ3	song3	shang3	赣			120000		
赐	tsʰɿ3	ci3	ci4	赣			120000		
赑	pʰi6	pi5	bi4	赣			11557		
赓	kien1	gien1	geng1	赣			70495		
赔	pʰi2	pi2	pei2	赣			120000		
赖	lai6	lai5	lai4	赣			170000		
赘	tsui5	zui4	zhui4	赣			120000		
赙	fu6	fu5	fu4	赣			77463		
赚	tsʰan6	can5	zhuan4	赣			150000		
赛	sai5	sai4	sai4	赣			120000		
赜	tsʰet8	cet7	ze2	赣			76668		
赝	ŋan6	ngan5	yan4	赣			71974		
赞	tsan5	zan4	zan4	赣			125000		
赟	yn1	yun1	yun1	赣			73433		
赠	tsʰɛn6	cen5	zeng4	赣			120000		
赡	sen6	sen5	shan4	赣			108256		
赢	iaŋ5	yang4	ying2	白			338024		
赣	kon5	gon4	gan4	赣			410000		
赤	tsʰɨt7	cet6	chi4	赣			120000		
赤	tsʰaʔ7	cak6	chi4	赣			120000		
赦	sa5	sa4	she4	赣			120000		
赧	lan3	lan3	nan3	赣			72647		
赪	tsʰen1	cen1	cheng1	赣			14897		
赫	hɛt7	het6	he4	赣			145000		
赫	hat7	hat6	he4	赣			145000		
赭	tsa3	za3	zhe3	赣			79134		
走	tsɛu3	zeu3	zou3	赣			330000		
赳	tɕiu3	jiu3	jiu1	赣			74611		
赴	fu5	fu4	fu4	赣			120000		
赵	tsʰɛu6	ceu5	zhao4	赣			145000		
赶	kon3	gon3	gan3	赣			120000		
起	tɕʰi3	qi3	qi3	赣			170000		
趁	tsʰɨn5	cen4	chen4	赣			120000		
趁	tsʰən3	cen3	chen4	赣			120000		
趄	tɕʰy1	qyu1	ju1	赣			76482		
超	tsʰɛu1	ceu1	chao1	赣			120000		
越	yot7	yuot6	yue4	赣			230000		
趋	tɕʰy1	qyu1	qu1	赣			106253		
趑	tsʰɿ1	ci1	zi1	赣			71801		
趟	tʰɔŋ3	tong3	tang4	赣			120000		
趣	tɕʰy3	qyu3	qu4	赣			120000		
趱	tsan3	zan3	zan3	赣			70339		
足	tɕiuʔ7	jiuk6	zu2	赣			180000		老1
足	tsuʔ7	zuk6	zu2	赣			180000		新1
趴	pʰa1	pa1	pa1	赣			170000		
趵	pɔʔ7	bok6	bao4	赣			76832		
趺	fu1	fu1	fu1	赣			75293		
趼	tɕiɛn3	jien3	jian3	赣			30000		
趾	tsɿ3	zi3	zhi3	赣			104564		
趿	tʰat7	tat6	ta1	赣			90000		
跃	iɔʔ7	yok6	yue4	赣			107988		
跄	tɕʰiɔŋ1	qiong1	qiang1	赣			90000		
跆	tʰai2	tai2	tai2	赣			77725		
跋	pʰot8	pot7	ba2	赣			106363		
跌	tiɛt7	diet6	die1	赣			180000	掉	
跎	tʰo2	to2	tuo2	赣			75141		
跏	ka1	ga1	jia1	赣			75518		
跐	tsɿ3	zi3	ci1	赣			74718		
跑	pʰau3	pau3	pao3	赣			370000		
跖	tset7	zet6	zhi2	赣			76109		
跗	fu1	fu1	fu1	赣			74347		
跚	san1	san1	shan1	赣			77666		
跛	po3	bo3	bo3	赣			120000		
距	tɕʰy6	qyu5	ju4	赣			120000		
跞	lit7	lit6	li4	赣			71097		
跟	kiɛn1	gien1	gen1	赣			370000		
跣	ɕien3	xien3	xian3	赣			70506		
跤	kau1	gau1	jiao1	赣			120000		
跨	kʰuɑ3	kua3	kua4	赣			200000		
跪	kʰui3	kui3	gui4	赣			120000		
跪	kʰui6	kui5	gui4	赣			120000		
跬	kʰui3	kui3	kui3	赣			76290		
路	lu6	lu5	lu4	赣			155000		
跳	tʰiɛu3	tieu3	tiao4	赣			255000		
践	tɕʰiɛn6	qien5	jian4	赣			120000		
跶	tʰat7	tat6	da2	赣			73876		
跷	tɕʰieu1	qieu1	qiao1	赣			103749		
跸	pit7	bit6	bi4	赣			75843		
跹	ɕien1	xien1	xian1	赣			76460		
跺	to5	do4	duo4	赣			102352		
跻	tɕi1	ji1	ji1	赣			71369		
跽	tɕʰi6	qi5	ji4	赣			10059		
踊	iuŋ3	yung3	yong3	赣			105721		
踌	tsʰɛu2	ceu2	chou2	赣			78211		
踏	tʰat7	tat6	ta4	赣			120000		
踔	tsʰau3	cau3	chuo1	赣			76658		
踝	fa6	fa5	huai2	赣			107129		
踞	tɕy5	jyu4	ju4	赣			77309		
踟	tsʰɿ2	ci2	chi2	赣			76020		
踢	tʰit7	tit6	ti1	赣			170000		
踣	pʰu3	pu3	bo2	赣			12270		
踩	tsʰai3	cai3	cai3	赣			120000		
踪	tsuŋ1	zung1	zong1	赣			120000		
踬	tsɿ5	zi4	zhi4	赣			71787		
踯	tsʰɿt8	cit7	zhi2	赣			71225		
踱	tʰɔʔ8	tok7	duo2	赣			103622		
踵	tsuŋ3	zung3	zhong3	赣			78465		
踶	tsʰɿ6	ci5	di4	赣			19432		
踹	ton5	don4	chuai4	赣			78077		
踽	tɕy3	jyu3	ju3	赣			75138		
蹀	tʰiet8	tiet7	die2	赣			77725		
蹁	pien1	bien1	pian2	赣			76976		
蹂	leu3	leu3	rou2	赣			106599		
蹄	tʰi2	ti2	ti2	赣			120000		
蹇	tɕien3	jien3	jian3	赣			77237		
蹈	tʰau6	tau5	dao3	赣			100508		
蹉	tsʰo1	co1	cuo1	赣			79405		
蹊	ɕi5	xi4	qi1	赣			79212		
蹋	tʰat7	tat6	ta4	赣			120000		
蹐	tɕit7	jit6	ji2	赣			16051		
蹑	ȵiet7	niet6	nie4	赣			78965		
蹒	pʰon2	pon2	pan2	赣			72537		
蹙	tɕiuʔ7	jiuk6	cu4	赣			79061		
蹜	suʔ7	suk6	su4	赣			14180		
蹢	tsʰɿt8	cit7	di2	赣			14183		
蹦	puŋ5	bung4	beng4	赣			145000		
蹩	pʰiet8	piet7	bie2	赣			77367		
蹬	tɛn1	den1	deng1	赣			145000		
蹭	tsʰen3	cen3	ceng4	赣			125369		
蹯	fan5	fan4	fan2	赣			16494		
蹰	tɕʰy2	qyu2	chu2	赣			77942		
蹲	tɨn1	den1	dun1	赣			145000		
蹴	tɕiuʔ7	jiuk6	cu4	赣			71685		
蹶	kui5	gui4	jue2	赣			70033		
蹼	puʔ7	buk6	pu3	赣			75440		
躁	tsau5	zau4	zao4	赣			120000		
躅	tsʰuʔ8	cuk7	zhu2	赣			78091		
躇	tɕʰy2	qyu2	chu2	赣			73790		
躏	lin6	lin5	lin4	赣			101010		
躐	liet7	liet6	lie4	赣			71637		
躔	tsʰen2	cen2	chan2	赣			10054		
躞	ɕiet7	xiet6	xie4	赣			72936		
身	sɨn1	sen1	shen1	赣			120000		
躬	kuŋ1	gung1	gong1	赣			145000		
躯	tɕʰy1	qyu1	qu1	赣			102255		
躲	to3	do3	duo3	赣			153256		
躺	tʰɔŋ3	tong3	tang3	赣			120000		
轧	ŋat7	ngat6	ya4	赣			120000		
轧	tsat7	zat6	ya4	赣			120000		
轨	kui3	gui3	gui3	赣			120000		
轩	ɕyon1	xyuon1	xuan1	赣			145000		
轪	tʰi6	ti5	dai4	赣			16273		
轫	ȵin6	nin5	ren4	赣			74767		
转	tson3	zon3	zhuan3	赣			377986		
转	tson5	zon4	zhuan3	赣			370000		
轮	lɨn5	len4	lun2	赣			190000		老1
轮	lin5	lin4	lun2	赣			190000		
软	ȵyon3	nyuon3	ruan3	赣			120000		
轰	fuŋ1	fung1	hong1	赣			120000		
轱	kʰu1	ku1	gu1	赣			73369		
轲	kʰo1	ko1	ke1	赣			77833		
轳	lu5	lu4	lu2	赣			74161		
轴	tsʰuʔ7	cuk6	zhou2	赣			120000		
轵	tsɿ3	zi3	zhi3	赣			15123		
轶	tʰiet8	tiet7	yi4	赣			71652		
轷	fu1	fu1	hu1	赣			19334		
轸	tsɛn3	zen3	zhen3	赣			78534		
轹	lat7	lat6	li4	赣			13177		
轺	seu5	seu4	yao2	赣			14750		
轼	sɛt7	set6	shi4	赣			75196		
载	tsai0	zai0	zai4	赣			120000		
载	tsʰai6	cai5	zai4	赣			120000		
载	tsai3	zai3	zai4	赣			120000		
轾	tsɿ5	zi4	zhi4	赣			75579		
轿	tɕʰiɛu6	qieu5	jiao4	赣			120000		
辀	tsɛu1	zeu1	zhou1	赣			15789		
辁	tsʰon2	con2	quan2	赣			10316		
辂	lu6	lu5	lu4	赣			74183		
较	kau5	gau4	jiao4	赣			205000	尝试	
辄	tsʰɛt7	cet6	zhe2	赣			90000		
辅	pʰu3	pu3	fu3	赣			108378		
辆	liɔŋ3	liong3	liang4	赣			104506		
辇	lien3	lien3	nian3	赣			70132		
辈	pi5	bi4	bei4	赣			145000		
辉	fɨi1	fei1	hui1	赣			145000		
辊	kun3	gun3	gun3	赣			74528		
辋	uɔŋ3	wong3	wang3	赣			77750		
辌	liɔŋ5	liong4	liang2	赣			15983		
辍	tsuɛt7	zuet6	chuo4	赣			90000		
辎	tsɿ1	zi1	zi1	赣			79103		
辏	tsʰeu3	ceu3	cou4	赣			76733		
辐	fu5	fu4	fu2	赣			102394		
辑	tɕʰit7	qit6	ji2	赣			200000		老1
辒	uen1	wun1	wen1	赣			17021		
输	su1	su1	shu1	赣			200000		新1
辔	pi5	bi4	pei4	赣			74158		
辕	yon5	yuon4	yuan2	赣			90000		
辖	kʰai3	kai3	xia2	赣			101515		
辗	tsen3	zen3	nian3	赣			101550		
辘	luʔ7	luk6	lu4	赣			79549		
辙	tsʰɛt7	cet6	zhe2	赣			120000		老1
辚	lin5	lin4	lin2	赣			79735		
辛	ɕin1	xin1	xin1	赣			145000		
辜	ku1	gu1	gu1	赣			120000		
辞	tsʰɿ2	ci2	ci2	赣			120000		
辟	pʰit7	pit6	pi4	赣			120000		
辨	pʰiɛn6	pien5	bian4	赣			145000		
辩	pʰiɛn6	pien5	bian4	赣			120000		
辫	pʰiɛn6	pien5	bian4	赣			120000		
辰	sɨn5	sen4	chen2	赣			120000		老1
辱	luʔ7	luk6	ru3	赣			120000		
边	piɛn1	bien1	bian1	赣			175000		
辽	liɛu5	lieu4	liao2	赣			145000		
达	tʰat7	tat6	da2	赣			175000		老1
迁	tɕʰiɛn1	qien1	qian1	赣			120000		
迂	y1	yu1	yu1	赣			120000		
迄	tɕʰit7	qit6	qi4	赣			120000		
迅	ɕin5	xin4	xun4	赣			106647		
过	kuo5	guo4	guo4	赣			370000		
迈	mai6	mai5	mai4	赣			120000		
运	yn6	yun5	yun4	赣			135000		
近	tɕʰin6	qin5	jin4	赣			145000		
迓	ŋa6	nga5	ya4	赣			73634		
返	fan3	fan3	fan3	赣			120000		
迕	u6	wu5	wu4	赣			70415		
这	tsa3	za3	zhe4	官			498316		
进	tɕin5	jin4	jin4	赣			150000		
远	yon3	yuon3	yuan3	赣			370000		
远	yon3	yuon3	yuan3	赣			370000		
违	ui5	wui4	wei2	赣			120000		
连	liɛn5	lien4	lian2	赣			280000		
迟	tsʰɿ2	ci2	chi2	赣			120000		
迢	tʰiɛu2	tieu2	tiao2	赣			120000		
迥	kuen3	gun3	jiong3	赣			71216		
迦	ka1	ga1	jia1	赣			74447		
迨	tʰai6	tai5	dai4	赣			77377		
迩	ɵ3	o3	er3	赣			75548		
迪	tʰit8	tit7	di2	赣			104356		老1
迫	pʰɛt7	pet6	po4	赣			120000		
迭	tʰiet7	tiet6	die2	赣			108282		
迮	tset7	zet6	ze2	赣			72616		
迷	mi5	mi4	mi2	赣			145000		
迸	paŋ5	bang4	beng4	赣			90000		
迸	puŋ5	bung4	beng4	赣			90000		
追	tsui1	zui1	zhui1	赣			145000		
退	tʰui3	tui3	tui4	赣			370000		
送	suŋ5	sung4	song4	赣			195000		
适	sɨt7	set6	shi4	赣			120000		老1
逃	tʰau2	tau2	tao2	赣			120000		
逄	pʰɔŋ2	pong2	pang2	赣			79293		
逅	heu6	heu5	hou4	赣			71722		
选	ɕyon3	xyuon3	xuan3	赣			240000		
逊	sun5	sun4	xun4	赣			107005		
逋	pu1	bu1	bu1	赣			73510		
逍	ɕiɛu1	xieu1	xiao1	赣			90000		
透	tʰɛu3	teu3	tou4	赣			120000		
逐	tsʰuʔ7	cuk6	zhu2	赣			145000		老1
逑	tɕʰiu2	qiu2	qiu2	赣			71848		
递	tʰi6	ti5	di4	赣			107990		
途	tʰu2	tu2	tu2	赣			120000		
逖	tʰit7	tit6	ti4	赣			75647		
逗	tʰɛu6	teu5	dou4	赣			105279		
通	tʰuŋ1	tung1	tong1	赣			195000		
逝	sɿ6	si5	shi4	赣			102514		
逞	tsʰen3	cen3	cheng3	赣			108731		
速	suʔ7	suk6	su4	赣			120000		
造	tsʰau6	cau5	zao4	赣			370000		
逡	tɕʰyn1	qyun1	qun1	赣			77088		
逢	fuŋ5	fung4	feng2	赣			120000		
逦	li3	li3	li3	赣			75539		
逭	fon6	fon5	huan4	赣			17901		
逮	tʰi6	ti5	dai3	赣			102683		
逯	liuʔ7	liuk6	lu4	赣			78741		
逵	kʰui2	kui2	kui2	赣			90000		
逶	ui1	wui1	wei1	赣			78614		
逸	it7	yit6	yi4	赣			120000		
逻	lo5	lo4	luo2	赣			120000		
逼	pit7	bit6	bi1	赣			145000		
逾	y5	yu4	yu2	赣			106745		
遁	tʰɨn6	ten5	dun4	赣			90000		
遂	sui6	sui5	sui4	赣			120000		
遄	tsʰon2	con2	chuan2	赣			73197		
遇	ȵy6	nyu5	yu4	赣			120000		老1
遍	piɛn5	bien4	bian4	赣			180000		又1
遍	pʰiɛn5	pien4	bian4	赣			180000		本1
遏	ŋot7	ngot6	e4	赣			104005		
遐	ha2	ha2	xia2	赣			79219		
遑	fɔŋ5	fong4	huang2	赣			76696		
遒	tɕiu1	jiu1	qiu2	赣			76571		
道	tʰau6	tau5	dao4	赣			320545		
道	tau5	dau4	dao4	赣			320545		
遗	i5	yi4	yi2	赣			145000		
遘	kieu5	gieu4	gou4	赣			19827		
遛	liu5	liu4	liu2	赣			73746		
遢	tʰat7	tat6	ta4	赣			90000		
遣	tɕʰiɛn3	qien3	qian3	赣			120000		
遥	iɛu5	yeu4	yao2	赣			120000		
遨	ŋau5	ngau4	ao2	赣			71791		
遭	tsau1	zau1	zao1	赣			120000		
遮	tsa1	za1	zhe1	赣			120000		
遴	lin6	lin5	lin2	赣			73164		
遵	tsun1	zun1	zun1	赣			120000		
遽	tɕʰy6	qyu5	ju4	赣			77797		
避	pʰi5	pi4	bi4	赣			120000		
邀	iɛu1	yeu1	yao1	赣			120000		
邂	hai6	hai5	xie4	赣			71351		
邃	sui5	sui4	sui4	赣			78521		
邈	mɔʔ7	mok6	miao3	赣			71272		
邋	lat7	lat6	la1	赣			90000		
邑	it7	yit6	yi4	赣			120000		
邓	tʰɛn6	ten5	deng4	赣			120000		
邕	iuŋ1	yung1	yong1	赣			77364		
邗	kon1	gon1	han2	赣			77481		
邙	mɔŋ5	mong4	mang2	赣			70576		
邛	tɕʰiuŋ2	qiung2	qiong2	赣			72493		
邝	fɔŋ1	fong1	kuang4	赣			79967		
邡	fɔŋ1	fong1	fang1	赣			11181		
邢	ɕin5	xin4	xing2	赣			77004		
那	la3	la3	na4	官			355736		
邦	pɔŋ1	bong1	bang1	赣			145000		
邪	ɕia5	xia4	xie2	赣			155000		
邬	u1	wu1	wu1	赣			90000		
邮	iu5	yiu4	you2	赣			120000		
邯	hon2	hon2	han2	赣			79646		
邰	tʰai1	tai1	tai2	赣			75717		
邱	tɕʰiu1	qiu1	qiu1	赣			90000		
邳	pʰi2	pi2	pi1	赣			76078		
邴	pin3	bin3	bing3	赣			74005		
邵	sɛu6	seu5	shao4	赣			90000		
邶	pʰi6	pi5	bei4	赣			74794		
邸	ti3	di3	di3	赣			75524		
邹	tsɛu1	zeu1	zou1	赣			90000		
邺	ȵiet7	niet6	ye4	赣			83205		
邻	lin5	lin4	lin2	赣			120000		
邽	kui1	gui1	gui1	赣			11217		
邾	tɕy1	jyu1	zhu1	赣			73179		
郁	yt7	yut6	yu4	赣			120000		
郅	tset7	zet6	zhi4	赣			75066		
郇	fan5	fan4	huan2	赣			73897		
郈	heu6	heu5	hou4	赣			13991		
郊	kau1	gau1	jiao1	赣			120000		
郎	lɔŋ5	long4	lang2	赣			145000		
郏	kat7	gat6	jia2	赣			73469		
郐	kui5	gui4	kuai4	赣			11002		
郑	tsʰɨn6	cen5	zheng4	赣			130000		
郓	yn6	yun5	yun4	赣			79916		
郗	tsʰɿ1	ci1	xi1	赣			104412		
郚	u5	wu4	wu2	赣			14847		
郛	fu1	fu1	fu2	赣			78554		
郜	kau5	gau4	gao4	赣			77847		
郝	tsʰət7	cet6	hao3	赣			74245		
郡	tɕyn5	jyun4	jun4	赣			90000		
郢	in6	yin5	ying3	赣			79566		
郤	tɕʰit7	qit6	xi4	赣			74865		
郦	li5	li4	li4	赣			74364		
郧	yn5	yun4	yun2	赣			78910		
部	pʰu6	pu5	bu4	赣			145000		
郫	pʰi2	pi2	pi2	赣			71926		
郭	kuɔʔ7	guok6	guo1	赣			120000		
郯	tʰan2	tan2	tan2	赣			76765		
郴	tsʰen1	cen1	chen1	赣			73736		
郸	tan1	dan1	dan1	赣			71917		
都	tu1	du1	dou1	赣			452780		
郾	ien3	yen3	yan3	赣			70319		
郿	mi5	mi4	mei2	赣			73970		
鄂	ŋɔʔ7	ngok6	e4	赣			120000		
鄄	tɕyon5	jyuon4	juan4	赣			75309		
鄘	iuŋ5	yung4	yong1	赣			17542		
鄙	pʰi3	pi3	bi3	赣			120000		
鄞	ȵin5	nin4	yin2	赣			72947		
鄢	iɛn1	yen1	yan1	赣			90000		
鄣	tsɔŋ1	zong1	zhang1	赣			13161		
鄯	sen6	sen5	shan4	赣			75696		
鄱	pʰo2	po2	po2	赣			90000		
鄹	tɕʰy6	qyu5	zou1	赣			12147		
酃	lin5	lin4	ling2	赣			79743		
酆	fuŋ1	fung1	feng1	赣			75042		
酉	iu3	yiu3	you3	赣			145000		
酊	tin3	din3	ding1	赣			71521		
酋	tɕʰiu2	qiu2	qiu2	赣			72770		
酌	tsɔʔ7	zok6	zhuo2	赣			120000		
配	pʰi3	pi3	pei4	赣			195000		
酎	tsʰɛu6	ceu5	zhou4	赣			18429		
酏	i3	yi3	yi3	赣			19981		
酐	hɔŋ3	hong3	gan1	赣			78650		
酒	tɕiu3	jiu3	jiu3	赣			120000		
酗	ɕy5	xyu4	xu4	赣			104434		
酝	uen6	wun5	yun4	赣			120000		
酡	tʰo2	to2	tuo2	赣			77017		
酢	tsʰu3	cu3	cu4	赣			73901		
酣	hon1	hon1	han1	赣			120000		
酤	fu6	fu5	gu1	赣			70343		
酥	su1	su1	su1	赣			120000		
酩	min3	min3	ming3	赣			79600		
酪	lɔʔ7	lok6	lao4	赣			101661		
酬	tsʰɛu2	ceu2	chou2	赣			120000		
酮	tʰuŋ2	tung2	tong2	赣			79053		
酱	tɕiɔŋ5	jiong4	jiang4	赣			120000		
酲	tsʰen2	cen2	cheng2	赣			13281		
酴	tʰu2	tu2	tu2	赣			15685		
酵	kau5	gau4	jiao4	赣			106723		
酷	kʰuʔ7	kuk6	ku4	赣			120000		
酸	son1	son1	suan1	赣			120000		
酹	lui6	lui5	lei4	赣			72560		
酽	ȵiɛn6	nien5	yan4	赣			90000		
酾	sɿ1	si1	shai1	赣			13321		
酿	ȵiɔŋ6	niong5	niang4	赣			145000		
醅	pʰi1	pi1	pei1	赣			70652		
醇	sun5	sun4	chun2	赣			114921		老1
醉	tsui5	zui4	zui4	赣			120000		
醋	tsʰu3	cu3	cu4	赣			120000		
醍	tʰi2	ti2	ti2	赣			76241		
醐	fu5	fu4	hu2	赣			76440		
醑	ɕy3	xyu3	xu3	赣			19646		
醢	hai3	hai3	hai3	赣			74242		
醪	lau5	lau4	lao2	赣			75327		
醭	pʰuʔ7	puk6	bu2	赣			10513		
醮	tɕiɛu5	jieu4	jiao4	赣			90000		
醯	ɕi1	xi1	xi1	赣			78100		
醴	li3	li3	li3	赣			78937		
醵	tɕʰy2	qyu2	ju4	赣			17223		
醺	ɕyn1	xyun1	xun1	赣			90000		
采	tsʰai3	cai3	cai3	赣			145000		
释	sɨt7	set6	shi4	赣			170000		老1
里	li3	li3	li3	赣			205000		
重	tsʰuŋ2	cung2	zhong4	赣			370000		
重	tsʰuŋ6	cung5	zhong4	赣			370000		
野	ia3	ya3	ye3	赣			370000		
金	tɕin1	jin1	jin1	赣			175000		
釜	fu3	fu3	fu3	赣			76730		
鉴	kan5	gan4	jian4	赣			120000		本1
銎	kʰuŋ1	kung1	qiong2	赣			12973		
銮	lon5	lon4	luan2	赣			90000		
鋈	uot7	wot6	wu4	赣			90000		
錾	tsʰan2	can2	zan4	赣			70477		
鍪	meu5	meu4	mou2	赣			72563		
鏊	ŋau5	ngau4	ao4	赣			73705		
鏖	ŋau1	ngau1	ao2	赣			78892		
针	tsɨn1	zen1	zhen1	赣			120000		
钉	tiaŋ1	diang1	ding1	白			145000		
钉	tiaŋ5	diang4	ding1	文			145000		
钊	tseu1	zeu1	zhao1	赣			76792		
钌	tieu3	dieu3	liao3	赣			70432		
钏	tsʰon3	con3	chuan4	赣			76333		
钐	san5	san4	shan1	赣			16573		
钒	fan3	fan3	fan2	赣			70562		
钓	tiɛu5	dieu4	diao4	赣			120000		
钗	tsʰai1	cai1	chai1	赣			90000		
钘	ɕin5	xin4	xing2	赣			14699		
钙	kai5	gai4	gai4	赣			105253		
钝	tʰɨn6	ten5	dun4	赣			108444		老1
钞	tsʰau1	cau1	chao1	赣			120000		
钟	tsuŋ1	zung1	zhong1	赣			120000		
钠	lui6	lui5	na4	赣			106387		老1
钡	pi5	bi4	bei4	赣			79578		
钢	kɔŋ1	gong1	gang1	赣			120000		
钣	pan3	ban3	ban3	赣			72318		
钤	tɕʰien2	qien2	qian2	赣			75932		
钥	ȵyot7	nyuot6	yao4	赣			252769		
钦	tɕʰin1	qin1	qin1	赣			120000		
钧	tɕyn1	jyun1	jun1	赣			120000		
钨	u1	wu1	wu1	赣			90000		
钩	kiɛu1	gieu1	gou1	赣			120000		
钫	fɔŋ1	fong1	fang1	赣			74835		
钭	tʰeu3	teu3	tou3	赣			10850		
钮	ȵiu3	niu3	niu3	赣			108131		
钯	pa1	ba1	ba3	赣			70887		
钱	tɕʰiɛn2	qien2	qian2	赣			370000		
钲	tsɨn1	zen1	zheng1	赣			72955		
钳	tɕʰiɛn2	qien2	qian2	赣			120000		
钴	ku3	gu3	gu3	赣			71946		
钵	pot7	bot6	bo1	赣			90000		
钹	pʰot8	pot7	bo2	赣			74601		
钺	yot7	yuot6	yue4	赣			78111		
钻	tson1	zon1	zuan1	赣			120000		
钻	tson5	zon4	zuan1	赣			124879		
钾	kat7	gat6	jia3	赣			102182		
钿	tʰien2	tien2	dian4	赣			78926		
铁	tʰiɛt7	tiet6	tie3	赣			150000		
铃	liaŋ6	liang5	ling2	白			120000		
铄	sɔʔ7	sok6	shuo4	赣			73844		
铅	iɛn5	yen4	qian1	赣			125000		
铆	mau3	mau3	mao3	赣			71016		
铉	ɕyon6	xyuon5	xuan4	赣			75269		
铊	sɿ1	si1	ta1	赣			76279		
铋	pi5	bi4	bi4	赣			77796		
铍	pʰi2	pi2	pi1	赣			76806		
铎	tʰɔʔ8	tok7	duo2	赣			75956		
铐	kʰau3	kau3	kao4	赣			120000		
铗	kʰat8	kat7	jia2	赣			90000		
铙	lau5	lau4	nao2	赣			79306		
铚	tset7	zet6	zhi4	赣			18724		
铛	tɔŋ1	dong1	dang1	赣			120000		
铜	tʰuŋ2	tung2	tong2	赣			170000		
铝	li3	li3	lv3	赣			100861		
铠	kʰai3	kai3	kai3	赣			79474		
铡	tsat7	zat6	zha2	赣			90000		
铢	ɕy5	xyu4	zhu1	赣			74567		
铣	ɕien3	xien3	xi3	赣			79280		
铤	tʰin6	tin5	ding4	赣			71661		
铧	fa5	fa4	hua2	赣			73896		
铨	tɕʰyon1	qyuon1	quan2	赣			74516		
铩	sɿ5	si4	sha1	赣			77880		
铪	kot7	got6	ha1	赣			76491		
铫	tʰieu1	tieu1	diao4	赣			77848		
铬	kiet7	giet6	ge4	赣			74016		
铭	min5	min4	ming2	赣			102319		
铮	tsʰen1	cen1	zheng1	赣			74179		
铰	kau5	gau4	jiao3	赣			90000		
铲	tsʰan3	can3	chan3	赣			120000		
铳	tsʰuŋ3	cung3	chong4	赣			90000		
铴	tʰɔŋ3	tong3	tang1	赣			18724		
银	ȵin5	nin4	yin2	赣			126500		老1
铸	tɕy6	jyu5	zhu4	赣			145000		老1
铺	pʰu1	pu1	pu4	赣			120000		
铺	pʰu3	pu3	pu4	赣			120000		
铻	ȵy3	nyu3	wu2	赣			72686		
链	liɛn6	lien5	lian4	赣			145000		
铿	kʰien1	kien1	keng1	赣			76389		
销	ɕiɛu1	xieu1	xiao1	赣			145000		
锁	so3	so3	suo3	赣			145000		
锃	tsʰen6	cen5	zeng4	赣			78478		
锄	tsʰu2	cu2	chu2	赣			120000		
锅	uo1	wo1	guo1	赣			120000		
锅	kuo1	guo1	guo1	赣			120000		
锈	ɕiu5	xiu4	xiu4	赣			120000		
锉	tsʰo3	co3	cuo4	赣			90000		
锊	lot7	lot6	lve4	赣			17932		
锋	fuŋ1	fung1	feng1	赣			120000		
锌	ɕin1	xin1	xin1	赣			100407		
锐	lui6	lui5	rui4	赣			109429		老1
锑	tʰi2	ti2	ti1	赣			73344		
锒	lɔŋ5	long4	lang2	赣			71950		
锓	tɕien1	jien1	qin3	赣			17031		
锔	tɕiuʔ7	jiuk6	ju1	赣			75559		
锗	to3	do3	zhe3	赣			71678		
错	tsʰo3	co3	cuo4	赣			370000		
锚	mau5	mau4	mao2	赣			145000		
锜	tɕʰi2	qi2	qi2	赣			77090		
锟	kun1	gun1	kun1	赣			74850		
锡	ɕiaʔ7	xiak6	xi1	赣			120000		老1
锢	ku5	gu4	gu4	赣			71878		
锣	lo5	lo4	luo2	赣			120000		
锤	tsʰui2	cui2	chui2	赣			120000		
锥	tsui1	zui1	zhui1	赣			145000		
锦	tɕin3	jin3	jin3	赣			120000		
锧	tset7	zet6	zhi4	赣			14918		
锨	ɕien1	xien1	xian1	赣			77267		
锬	tʰan2	tan2	tan2	赣			17731		
锭	tʰin6	tin5	ding4	赣			90000		
键	tɕʰien2	qien2	jian4	赣			163920		
锯	kie5	gie4	ju4	赣			145000		老1
锰	men3	men3	meng3	赣			106181		
锱	tsɿ1	zi1	zi1	赣			78076		
锲	tɕiet7	jiet6	qie4	赣			79007		
锴	kai1	gai1	kai3	赣			72927		
锵	tɕʰiɔŋ1	qiong1	qiang1	赣			77322		
锷	ŋɔʔ7	ngok6	e4	赣			72168		
锸	tsʰat7	cat6	cha1	赣			75428		
锹	tɕʰiɛu1	qieu1	qiao1	赣			120000		
锻	ton5	don4	duan4	赣			120000		
锽	fen5	fen4	huang2	赣			10133		
锾	fan5	fan4	huan2	赣			19609		
镀	tʰu6	tu5	du4	赣			120000		
镂	li5	li4	lou4	赣			70476		
镃	tsɿ1	zi1	zi1	赣			16358		
镆	mɔʔ7	mok6	mo4	赣			14783		
镇	tsɨn5	zen4	zhen4	赣			120000		
镈	pɔʔ7	bok6	bo2	赣			11620		
镉	lɛt7	let6	ge2	赣			76579		
镊	ȵiɛt7	niet6	nie4	赣			90000		
镌	tɕyon1	jyuon1	juan1	赣			79371		
镏	liu5	liu4	liu2	赣			76927		
镐	hau6	hau5	gao3	赣			103606		
镑	pʰɔŋ1	pong1	bang4	赣			105394		
镒	it7	yit6	yi4	赣			75734		
镔	pin1	bin1	bin1	赣			73364		
镖	piɛu1	bieu1	biao1	赣			90000		
镗	tʰɔŋ1	tong1	tang1	赣			72008		
镘	mon5	mon4	man4	赣			72293		
镛	iuŋ5	yung4	yong1	赣			78947		
镜	tɕiaŋ5	jiang4	jing4	赣			103654		
镝	tit7	dit6	di1	赣			73332		
镞	tsuʔ7	zuk6	zu2	赣			74662		
镠	liu5	liu4	liu2	赣			71352		
镡	tʰan2	tan2	chan2	赣			73455		
镢	tɕiɔʔ7	jiok6	jue2	赣			78044		
镣	liɛu5	lieu4	liao4	赣			115000		
镤	pʰuʔ8	puk7	pu2	赣			15758		
镦	tʰui6	tui5	dui4	赣			77271		
镧	lan6	lan5	lan2	赣			78944		
镩	tsʰon3	con3	cuan1	赣			79891		
镪	tɕiɔŋ3	jiong3	qiang1	赣			74328		
镫	ten5	den4	deng4	赣			78616		
镬	fɔʔ8	fok7	huo4	赣			72695		
镭	lui5	lui4	lei2	赣			73698		老1
镯	tsʰɔʔ8	cok7	zhuo2	赣			90000		
镰	liɛn5	lien4	lian2	赣			120000		
镳	pieu1	bieu1	biao1	赣			70129		
镴	lat7	lat6	la4	赣			72383		
镵	tsʰan2	can2	chan2	赣			74696		
镶	ɕiɔŋ1	xiong1	xiang1	赣			120000		
门	mɨn5	men4	men2	赣			170000		
闪	sɛn5	sen4	shan3	赣			120000		
闭	pi5	bi4	bi4	赣			135000		
闯	tsʰɔŋ3	cong3	chuang3	赣			120000		
闰	lɨn6	len5	run4	赣			120000		
闰	lun6	lun5	run4	赣			120000		
闱	ui5	wui4	wei2	赣			77501		
闲	han2	han2	xian2	赣			150000		老1
闳	fen5	fen4	hong2	赣			74539		
闵	men3	men3	min3	赣			90000		
闶	kʰɔŋ3	kong3	kang1	赣			17806		
闷	mɨn6	men5	men4	赣			120000		
闸	tsat7	zat6	zha2	赣			120000		
闹	lau6	lau5	nao4	赣			120000		
闺	kui1	gui1	gui1	赣			150000		
闻	uen5	wun4	wen2	赣			136980		
闼	tʰat7	tat6	ta4	赣			70435		
闽	min3	min3	min3	赣			120000		
闾	li5	li4	lv2	赣			78845		
闿	kʰai3	kai3	kai3	赣			76484		
阀	fat7	fat6	fa2	赣			145000		
阁	kɔʔ7	gok6	ge2	赣			120000		
阂	ŋai6	ngai5	he2	赣			73142		
阃	kʰun3	kun3	kun3	赣			74340		
阄	kiɛu1	gieu1	jiu1	赣			90000		
阅	yot7	yuot6	yue4	赣			130000		
阆	lɔŋ5	long4	lang2	赣			77675		
阇	tu1	du1	du1	赣			72302		
阈	ɕyt7	xyut6	yu4	赣			73648		
阉	ien1	yen1	yan1	赣			154153		
阊	tsʰɔŋ1	cong1	chang1	赣			71697		
阋	ɕit7	xit6	xi4	赣			74406		
阍	fɨn1	fen1	hun1	赣			70310		
阎	iɛn5	yen4	yan2	赣			120000		
阏	ien1	yen1	e4	赣			71045		
阐	tsʰen3	cen3	chan3	赣			105304		
阑	lan5	lan4	lan2	赣			77690		
阒	kʰuet7	kuet6	qu4	赣			71575		
阔	kʰuot7	kuot6	kuo4	赣			120000		
阔	kʰuɛt7	kuet6	kuo4	赣			120000		
阕	tɕʰyot7	qyuot6	que4	赣			72746		
阖	hot7	hot6	he2	赣			90000		
阗	tʰien2	tien2	tian2	赣			79731		
阘	tʰat8	tat7	da2	赣			17850		
阙	tɕʰyot7	qyuot6	que1	赣			75550		
阚	han3	han3	han3	赣			79017		
阜	ɸɛu6	feu5	fu4	赣			90000		
队	tui5	dui4	dui4	赣			145000		
阡	tɕʰien1	qien1	qian1	赣			72768		
阪	pan3	ban3	ban3	赣			100444		
阮	ȵyon3	nyuon3	ruan3	赣			90000		
阱	tɕʰin6	qin5	jing3	赣			77316		
防	fɔŋ5	fong4	fang2	赣			170000		
阳	iɔŋ5	yong4	yang2	赣			170000		
阴	in1	yin1	yin1	赣			120000		
阵	tsʰɨn6	cen5	zhen4	赣			120000		老1
阶	kai1	gai1	jie1	赣			145000		
阻	tsu3	zu3	zu3	赣			125000		
阼	tsʰu6	cu5	zuo4	赣			18856		
阽	ien5	yen4	dian4	赣			14944		
阿	ŋa1	nga1	a1	赣			325000		
阿	ŋo1	ngo1	a1	赣			325000		
陀	tʰo2	to2	tuo2	赣			90000		
陂	pi1	bi1	bei1	赣			72637		
附	fu6	fu5	fu4	赣			120000		
际	tɕi5	ji4	ji4	赣			120000		
陆	luʔ7	luk6	lu4	赣			120000		
陇	luŋ3	lung3	long3	赣			77224		
陈	tsʰən2	cen2	chen2	赣			131300		
陉	ɕin5	xin4	xing2	赣			78364		
陋	lɛu6	leu5	lou4	赣			120000		
降	hɔŋ2	hong2	jiang4	赣			170000		
降	kɔŋ5	gong4	jiang4	赣			170000		
限	han6	han5	xian4	赣			125000		老1
陔	kai1	gai1	gai1	赣			72551		
陕	sɛn5	sen4	shan3	赣			120000		
陕	sen3	sen3	shan3	赣			120000		
陛	pʰi6	pi5	bi4	赣			90000		
陛	pi6	bi5	bi4	赣			90000		
陟	tset7	zet6	zhi4	赣			79196		
陡	tɛu3	deu3	dou3	赣			150000		
院	yon6	yuon5	yuan4	赣			120000		
院	yon6	yuon5	yuan4	赣			120000		
陧	ȵiet7	niet6	nie4	赣			17753		
陨	yn3	yun3	yun3	赣			109185		
险	ɕiɛn3	xien3	xian3	赣			120000		
陪	pʰi2	pi2	pei2	赣			120000		
陬	tɕy1	jyu1	zou1	赣			77575		
陲	tsʰui2	cui2	chui2	赣			70187		
陴	pʰi2	pi2	pi2	赣			16678		
陵	lin5	lin4	ling2	赣			120000		
陶	tʰau2	tau2	tao2	赣			120000		
陷	han6	han5	xian4	赣			120000		老1
隅	ȵy5	nyu4	yu2	赣			103598		
隆	luŋ5	lung4	long2	赣			120000		
隈	ui1	wui1	wei1	赣			75874		
隋	sui5	sui4	sui2	赣			120000		
隍	uɔŋ5	wong4	huang2	赣			90000		
隐	in3	yin3	yin3	赣			120000		
隗	ui3	wui3	kui2	赣			76397		
隘	ŋai5	ngai4	ai4	赣			108531		
隙	ɕit7	xit6	xi4	赣			120000		
障	tsɔŋ5	zong4	zhang4	赣			120000		
隧	sui6	sui5	sui4	赣			103913		
隰	ɕit8	xit7	xi2	赣			79664		
隳	fɨi1	fei1	hui1	赣			74039		
隶	tʰi6	ti5	li4	赣			145000		
隼	ɕyn3	xyun3	sun3	赣			75570		
隽	tɕʰyon6	qyuon5	juan4	赣			71720		
难	lan5	lan4	nan2	赣			180000		
难	lan6	lan5	nan2	赣			180000		
雀	tɕʰiɔʔ7	qiok6	que4	赣			140000		老1
雁	an6	an5	yan4	赣			120000		
雁	ŋaŋ6	ngang5	yan4	赣			120000		
雄	ɕiuŋ5	xiung4	xiong2	赣			120000		
雅	ŋa3	nga3	ya3	赣			145000		
集	tɕit7	jit6	ji2	赣			145000		新1
集	tɕʰit7	qit6	ji2	赣			145000		老1
雇	ku5	gu4	gu4	赣			125000		
雉	tsʰɿ6	ci5	zhi4	赣			77334		
雌	tsʰɿ2	ci2	ci2	赣			145000		
雍	iuŋ1	yung1	yong1	赣			78890		
雎	tɕʰy1	qyu1	ju1	赣			75774		
雏	tɕʰy2	qyu2	chu2	赣			145000		老1
雏	tsʰu2	cu2	chu2	赣			145000		新1
雒	lɔʔ7	lok6	luo4	赣			71293		
雕	tiɛu1	dieu1	diao1	赣			120000		
雠	tsʰɛu2	ceu2	chou2	赣			78407		
雨	y3	yu3	yu3	赣			170000		
雩	y5	yu4	yu2	赣			90000		
雪	ɕyot7	xyuot6	xue3	赣			120000		
雯	uen5	wun4	wen2	赣			78822		
雳	lit7	lit6	li4	赣			104199		
雹	pʰɔʔ8	pok7	bao2	赣			120000		
雾	u6	wu5	wu4	赣			120000		
需	ɕy1	xyu1	xu1	赣			120000		
霁	tɕi5	ji4	ji4	赣			77519		
霄	ɕieu1	xieu1	xiao1	赣			109732		
霆	tʰin2	tin2	ting2	赣			72596		
震	tsɨn5	zen4	zhen4	赣			120000		
霈	pʰi3	pi3	pei4	赣			77139		
霉	mi5	mi4	mei2	赣			120000		
霍	fɔʔ7	fok6	huo4	赣			120000		
霎	sat7	sat6	sha4	赣			100661		
霏	fɨi1	fei1	fei1	赣			76640		
霓	ȵi5	ni4	ni2	赣			77003		
霖	lin5	lin4	lin2	赣			74292		
霜	sɔŋ1	song1	shuang1	赣			120000		
霞	ha2	ha2	xia2	赣			170000		
霪	in5	yin4	yin2	赣			70589		
霭	ŋai5	ngai4	ai3	赣			70893		
霰	ɕien5	xien4	xian4	赣			76630		
露	lu6	lu5	lu4	赣			130000		
霹	pʰit7	pit6	pi1	赣			109313		
霾	mai5	mai4	mai2	赣			74684		
靓	tɕʰin6	qin5	jing4	赣			77252		
静	tɕʰin6	qin5	jing4	赣			120000		
非	fɨi1	fei1	fei1	赣			370000		
靠	kʰau3	kau3	kao4	赣			310000		
靡	mi3	mi3	mi2	赣			109253		
面	miɛn6	mien5	mian4	赣			386025		
靥	iet7	yet6	ye4	赣			77656		
革	kiɛt7	giet6	ge2	赣			145000		
靳	tɕin5	jin4	jin4	赣			73686		
靶	pa3	ba3	ba3	赣			120000		
靸	sat7	sat6	sa3	赣			71286		
靺	mot7	mot6	mo4	赣			76179		
靼	tat7	dat6	da2	赣			72341		
靽	pon5	bon4	ban4	赣			13786		
靿	ŋau5	ngau4	yao4	赣			70711		
鞁	pʰi6	pi5	bei4	赣			18649		
鞅	iɔŋ1	yong1	yang1	赣			79576		
鞋	hai2	hai2	xie2	赣			120000		
鞍	ŋon1	ngon1	an1	赣			145000		
鞒	tɕʰieu1	qieu1	qiao2	赣			75618		
鞘	sau1	sau1	qiao4	赣			71820		
鞠	tɕiuʔ7	jiuk6	ju1	赣			120000		
鞠	tɕyt7	jyut6	ju1	赣			120000		
鞣	leu5	leu4	rou2	赣			74030		
鞧	tɕʰiu1	qiu1	qiu1	赣			73337		
鞨	hot8	hot7	he2	赣			71939		
鞫	tɕiuʔ7	jiuk6	ju1	赣			74085		
鞭	piɛn1	bien1	bian1	赣			120000		
鞯	tɕien1	jien1	jian1	赣			74813		
鞲	pʰai6	pai5	gou1	赣			71443		
鞴	pʰi6	pi5	bei4	赣			73398		
韂	tsʰen3	cen3	chan4	赣			18678		
韦	ui5	wui4	wei2	赣			72773		
韨	pʰi6	pi5	fu2	赣			13473		
韩	hon2	hon2	han2	赣			120000		
韪	ui3	wui3	wei3	赣			72558		
韫	uen1	wun1	yun4	赣			77703		
韬	tʰau1	tau1	tao1	赣			72588		
韭	tɕiu3	jiu3	jiu3	赣			120000		
音	in1	yin1	yin1	赣			370000		
韵	yn6	yun5	yun4	赣			310000		
韶	seu5	seu4	shao2	赣			70809		
页	iɛt7	yet6	ye4	赣			290000		
顸	ŋon6	ngon5	han1	赣			73190		
项	hɔːŋ6	hong5	xiang4	赣			170000		
顺	sun6	sun5	shun4	赣			170000		
顺	sun5	sun4	shun4	赣			170000		
须	ɕy1	xyu1	xu1	赣			120000		
顼	ȵiuʔ7	niuk6	xu1	赣			74115		
顽	uan2	wan2	wan2	赣			120000		
顾	ku5	gu4	gu4	赣			120000		
顿	tɨn5	den4	dun4	赣			120000		
顿	tun5	dun4	dun4	赣			120000		
颀	tɕʰi2	qi2	qi2	赣			72162		
颁	pan1	ban1	ban1	赣			108769		
颂	suŋ6	sung5	song4	赣			101684		
颃	kʰɔŋ3	kong3	hang2	赣			76541		
预	y6	yu5	yu4	赣			120000		
颅	lu5	lu4	lu2	赣			102108		
颇	pʰo3	po3	po3	赣			120000		
颉	kat7	gat6	jie2	赣			71112		
颊	tɕiet7	jiet6	jia2	赣			108806		
颋	tʰin3	tin3	ting3	赣			13229		
颌	hon6	hon5	he2	赣			71704		
颍	in3	yin3	ying3	赣			73544		
颏	kʰɔʔ7	kok6	ke1	赣			90000		
颐	i5	yi4	yi2	赣			79908		
频	pʰin2	pin2	pin2	赣			286707		
颓	tʰui2	tui2	tui2	赣			108571		
颔	hon2	hon2	han4	赣			76795		
颖	in3	yin3	ying3	赣			107726		
颗	kʰuo1	kuo1	ke1	赣			120000		
题	tʰi2	ti2	ti2	赣			145000		
颚	ŋɔʔ7	ngok6	e4	赣			74093		
颛	tson1	zon1	zhuan1	赣			99172		
颜	ŋæn5	ngan4	yan2	赣			120000		
颞	lit7	lit6	nie4	赣			72980		
颟	mon5	mon4	man1	赣			75176		
颠	tiɛn1	dien1	dian1	赣			120000		
颡	sɔŋ3	song3	sang3	赣			78571		
颢	hau6	hau5	hao4	赣			72769		
颤	tsen5	zen4	chan4	赣			100906		
颥	ɵ5	o4	ru2	赣			11675		
颦	pʰin2	pin2	pin2	赣			79340		
颧	tɕʰyon2	qyuon2	quan2	赣			90000		
风	fuŋ1	fung1	feng1	赣			155000		
飐	tsen3	zen3	zhan3	赣			19485		
飑	pʰau2	pau2	biao1	赣			78062		
飒	sat7	sat6	sa4	赣			70198		
飔	tsʰɿ1	ci1	si1	赣			17562		
飗	liu5	liu4	liu2	赣			10636		
飘	pʰiɛu1	pieu1	piao1	赣			120000		
食	sɨt7	set6	shi2	赣			120000		老1
飧	sun1	sun1	sun1	赣			75238		
飨	ɕiɔŋ3	xiong3	xiang3	赣			77543		
餍	ien1	yen1	yan4	赣			73595		
餐	tsʰan1	can1	can1	赣			145000		
餮	tʰiet7	tiet6	tie4	赣			77929		
饔	iuŋ1	yung1	yong1	赣			76593		
饕	tʰau1	tau1	tao1	赣			72165		
饥	tɕi1	ji1	ji1	赣			120000		
饧	ɕin5	xin4	tang2	赣			72525		
饨	tʰɨn2	ten2	tun2	赣			71709		
饩	ɕi5	xi4	xi4	赣			72472		
饪	len3	len3	ren4	赣			71773		
饫	y5	yu4	yu4	赣			73241		
饬	tsʰət7	cet6	chi4	赣			75272		
饭	fan6	fan5	fan4	赣			195000		
饮	in3	yin3	yin3	赣			120000		
饯	tɕiɛn5	jien4	jian4	赣			90000		
饰	sɨt7	set6	shi4	赣			145000		老1
饱	pau3	bau3	bao3	赣			145000		
饲	sɿ6	si5	si4	赣			109731		
饴	i5	yi4	yi2	赣			71312		
饵	ɵ3	o3	er3	赣			106087		
饶	iɛu5	yeu4	rao2	赣			205000		本1
饶	ŋiɛu5	ngieu4	rao2	赣			205000		又1
饷	ɕiɔŋ3	xiong3	xiang3	赣			90000		
饸	kat7	gat6	he2	赣			71039		
饺	tɕiɛu3	jieu3	jiao3	赣			120000		
饼	piaŋ3	biang3	bing3	白			145000		
饼	pin3	bin3	bing3	文			145000		
饽	pʰet8	pet7	bo1	赣			77195		
饿	ŋo6	ngo5	e4	赣			120000		
馀	y5	yu4	yu2	赣			30000		
馁	lui3	lui3	nei3	赣			106022		老1
馄	fɨn5	fen4	hun2	赣			74521		
馅	han6	han5	xian4	赣			125000		老1
馆	kuon3	guon3	guan3	赣			145000		
馈	kʰui6	kui5	kui4	赣			107892		
馋	tsʰan2	can2	chan2	赣			102621		
馌	iet7	yet6	ye4	赣			19416		
馍	mo2	mo2	mo2	赣			120000		
馏	liu5	liu4	liu2	赣			101847		
馑	tɕʰin6	qin5	jin3	赣			71030		
馒	mon5	mon4	man2	赣			120000		
馓	san3	san3	san3	赣			90000		
馔	tsʰon6	con5	zhuan4	赣			76618		
首	seu3	seu3	shou3	赣			370000		本1
馗	kʰui2	kui2	kui2	赣			72495		
馘	kuet7	guet6	guo2	赣			10276		
香	ɕiɔŋ1	xiong1	xiang1	官			120000		
馥	pʰet8	pet7	fu4	赣			73970		
馨	ɕin1	xin1	xin1	赣			104389		
马	ma1	ma1	ma3	赣			120000		
马	ma3	ma3	ma3	赣			120000		
驭	ȵy6	nyu5	yu4	赣			73370		
驮	tʰo2	to2	tuo2	赣	被	bei4	418203		
驯	ɕyn5	xyun4	xun4	赣			120000		
驰	tsʰɿ2	ci2	chi2	赣			108784		
驱	tɕʰy1	qyu1	qu1	赣			120000		
驳	pɔʔ7	bok6	bo2	赣			120000		
驴	li5	li4	lv2	赣			145000		老1
驴	ly5	lyu4	lv2	赣			145000		新1
驵	tsʰu6	cu5	zang3	赣			11419		
驶	sɿ3	si3	shi3	赣			120000		
驷	sɿ5	si4	si4	赣			78312		
驸	fu6	fu5	fu4	赣			90000		
驹	tɕy1	jyu1	ju1	赣			120000		
驺	tseu1	zeu1	zou1	赣			14547		
驻	tɕy6	jyu5	zhu4	赣			120000		老1
驼	tʰo2	to2	tuo2	赣			120000		
驽	lu5	lu4	nu2	赣			73821		
驾	ka5	ga4	jia4	赣			120000		
驿	it7	yit6	yi4	赣			78971		
骀	tʰai2	tai2	dai4	赣			73557		
骁	tɕieu1	jieu1	xiao1	赣			79931		
骂	ma6	ma5	ma4	赣			150000		
骄	tɕiɛu1	jieu1	jiao1	赣			120000		
骅	fa5	fa4	hua2	赣			71653		
骆	lɔʔ7	lok6	luo4	赣			120000		
骇	hai6	hai5	hai4	赣			109858		
骈	pʰien2	pien2	pian2	赣			74450		
骊	li5	li4	li2	赣			78400		
骋	tsʰen3	cen3	cheng3	赣			72998		
验	ȵiɛn6	nien5	yan4	赣			145000		老1
骍	ɕyn1	xyun1	xing1	赣			12423		
骎	tsʰen1	cen1	qin1	赣			70717		
骏	tɕyn5	jyun4	jun4	赣			120000		
骐	tɕʰi2	qi2	qi2	赣			70801		
骑	tɕʰi2	qi2	qi2	赣			120000		
骓	tsui1	zui1	zhui1	赣			79796		
骖	tsʰan1	can1	can1	赣			70571		
骗	pʰiɛn5	pien4	pian4	赣			185000		
骘	tset7	zet6	zhi4	赣			71656		
骙	kʰui2	kui2	kui2	赣			15434		
骚	sau1	sau1	sao1	赣			120000		
骛	u6	wu5	wu4	赣			79548		
骜	ŋau5	ngau4	ao4	赣			76115		
骝	liu5	liu4	liu2	赣			78223		
骞	tɕʰien1	qien1	qian1	赣			78466		
骠	pʰieu6	pieu5	biao1	赣			78662		
骡	lo5	lo4	luo2	赣			145000		
骤	tsʰeu6	ceu5	zhou4	赣			133229		
骥	tɕi5	ji4	ji4	赣			76537		
骧	ɕiɔŋ1	xiong1	xiang1	赣			70548		
骨	kut7	gut6	gu3	赣			170000		新1
骨	kuɛt7	guet6	gu3	赣			170000		老1
骰	tʰeu2	teu2	tou2	赣			73846		
骶	ti5	di4	di3	赣			74771		
骸	hai2	hai2	hai2	赣			75856		
骺	heu2	heu2	hou2	赣			77804		
骼	kiɛt7	giet6	ge2	赣			90000		
髀	pi3	bi3	bi4	赣			74567		
髁	kʰua3	kua3	ke1	赣			73355		
髂	kʰa3	ka3	qia4	赣			79323		
髅	leu5	leu4	lou2	赣			72890		
髋	kʰuon1	kuon1	kuan1	赣			72860		
髌	pʰən6	pen5	bin4	赣			74784		
髑	tʰuʔ8	tuk7	du2	赣			77510		
髓	sui3	sui3	sui3	赣			109275		
高	kau1	gau1	gao1	赣			419230		
髡	kʰun1	kun1	kun1	赣			75304		
髦	mau5	mau4	mao2	赣			74454		
髫	tʰieu2	tieu2	tiao2	赣			73105		
髯	len5	len4	ran2	赣			79005		
髻	tɕi5	ji4	ji4	赣			78955		
鬃	tsuŋ1	zung1	zong1	赣			90000		
鬈	tɕʰyon1	qyuon1	quan2	赣			74486		
鬓	pen5	ben4	bin4	赣			101607		
鬟	fan5	fan4	huan2	赣			78512		
鬣	liet7	liet6	lie4	赣			76610		
鬯	tsʰɔŋ3	cong3	chang4	赣			19136		
鬲	kiet7	giet6	ge2	赣			75544		
鬶	kui1	gui1	gui1	赣			18954		
鬻	yt7	yut6	yu4	赣			74748		
鬼	kui3	gui3	gui3	赣			120000		
魁	kʰui1	kui1	kui2	赣			106914		
魂	fɨn5	fen4	hun2	赣			120000		
魃	pʰot8	pot7	ba2	赣			72277		
魄	pʰɛt7	pet6	po4	赣			120000		
魅	mi6	mi5	mei4	赣			100677		
魇	ien3	yen3	yan3	赣			73243		
魈	ɕieu1	xieu1	xiao1	赣			71647		
魉	liɔŋ3	liong3	liang3	赣			73424		
魍	uɔŋ3	wong3	wang3	赣			79749		
魏	ui6	wui5	wei4	赣			120000		
魑	tsʰɿ1	ci1	chi1	赣			78980		
魔	mo2	mo2	mo2	赣			120000		
鱼	ȵie2	nie2	yu2	赣			180000		
鱽	tau1	dau1	dao1	赣			18881		
鲁	lu3	lu3	lu3	赣			145000		
鲂	fɔŋ5	fong4	fang2	赣			74055		
鲇	ȵien5	nien4	nian2	赣			79988		
鲈	lu5	lu4	lu2	赣			74121		
鲊	tsa3	za3	zha3	赣			11887		
鲋	fu6	fu5	fu4	赣			75437		
鲌	pʰet8	pet7	ba4	赣			12079		
鲍	pʰau6	pau5	bao4	赣			145000		
鲎	heu6	heu5	hou4	赣			73515		
鲏	pʰi1	pi1	pi2	赣			10987		
鲐	tʰai1	tai1	tai2	赣			78447		
鲑	hai2	hai2	gui1	赣			76318		
鲔	ui3	wui3	wei3	赣			70389		
鲙	kui5	gui4	kuai4	赣			15048		
鲚	tɕʰi6	qi5	ji4	赣			72820		
鲛	kau1	gau1	jiao1	赣			74287		
鲜	ɕiɛn1	xien1	xian1	赣			120000		
鲞	ɕiɔŋ3	xiong3	xiang3	赣			72158		
鲠	kien3	gien3	geng3	赣			79949		
鲡	li3	li3	li2	赣			77161		
鲢	liɛn5	lien4	lian2	赣			90000		
鲣	tɕien1	jien1	jian1	赣			78522		
鲤	li3	li3	li3	赣			120000		
鲥	sɿ5	si4	shi2	赣			90000		
鲦	tʰieu2	tieu2	tiao2	赣			18413		
鲧	kun3	gun3	gun3	赣			77780		
鲨	sa1	sa1	sha1	赣			120000		
鲩	fan6	fan5	huan4	赣			78503		
鲪	tɕyn1	jyun1	jun1	赣			11000		
鲫	tsɛt7	zet6	ji4	赣			120000		
鲭	tsɨn1	zen1	qing1	赣			17190		
鲮	lin5	lin4	ling2	赣			72980		
鲯	tɕʰi2	qi2	qi2	赣			13590		
鲰	tɕʰy1	qyu1	zou1	赣			15343		
鲱	fɨi5	fei4	fei1	赣			79761		
鲲	kun1	gun1	kun1	赣			79737		
鲳	tsʰɔŋ1	cong1	chang1	赣			74629		
鲴	ku5	gu4	gu4	赣			78911		
鲵	ȵi5	ni4	ni2	赣			76340		
鲷	tieu1	dieu1	diao1	赣			73721		
鲸	tɕin1	jin1	jing1	赣			106672		
鲻	tsɿ1	zi1	zi1	赣			73169		
鲼	fɨn6	fen5	fen4	赣			77439		
鲽	tʰat7	tat6	die2	赣			78177		
鳀	sɿ5	si4	ti2	赣			70544		
鳂	ui1	wui1	wei1	赣			11484		
鳃	sai1	sai1	sai1	赣			90000		
鳄	ŋɔʔ7	ngok6	e4	赣			103547		
鳅	tɕʰiu1	qiu1	qiu1	赣			90000		
鳆	fuʔ8	fuk7	fu4	赣			14623		
鳉	tɕiɔŋ1	jiong1	jiang1	赣			12030		
鳊	piɛn1	bien1	bian1	赣			90000		
鳌	ŋau5	ngau4	ao2	赣			75017		
鳍	tɕʰi2	qi2	qi2	赣			109188		
鳎	tʰat7	tat6	ta3	赣			75586		
鳏	kuæn1	guan1	guan1	赣			90000		
鳐	ieu5	yeu4	yao2	赣			71386		
鳔	pieu1	bieu1	biao4	赣			76269		
鳖	piet7	biet6	bie1	赣			104797		
鳗	mon5	mon4	man2	赣			76714		
鳘	men3	men3	min3	赣			10200		
鳙	suŋ5	sung4	yong1	赣			73839		
鳚	ui5	wui4	wei4	赣			14437		
鳜	kui5	gui4	gui4	赣			90000		
鳞	lin5	lin4	lin2	赣			120000		
鳟	tsʰun6	cun5	zun1	赣			71834		
鳡	kon3	gon3	gan3	赣			15407		
鳢	li3	li3	li3	赣			76312		
鸟	ȵiɛu3	nieu3	niao3	赣			120000		
鸠	tɕiu1	jiu1	jiu1	赣			90000		
鸡	tɕi1	ji1	ji1	赣			120000		
鸢	yon5	yuon4	yuan1	赣			71962		
鸣	mɨn5	men4	ming2	赣			130964		
鸤	sɿ1	si1	shi1	赣			14545		
鸥	ŋieu1	ngieu1	ou1	赣			106795		
鸦	ŋa1	nga1	ya1	赣			120000		
鸨	pau3	bau3	bao3	赣			70879		
鸩	tsʰen6	cen5	zhen4	赣			76953		
鸪	ku0	gu0	gu1	赣			90000		
鸫	tuŋ1	dung1	dong1	赣			79175		
鸬	lu5	lu4	lu2	赣			72708		
鸭	ŋat7	ngat6	ya1	赣			120000		
鸮	ieu5	yeu4	xiao1	赣			72360		
鸯	iɔŋ1	yong1	yang1	赣			120000		
鸰	lin5	lin4	ling2	赣			19187		
鸱	tsʰɿ1	ci1	chi1	赣			79619		
鸲	tɕʰy2	qyu2	qu2	赣			70957		
鸳	yon1	yuon1	yuan1	赣			120000		
鸵	tʰo2	to2	tuo2	赣			109394		
鸷	tsɿ5	zi4	zhi4	赣			75301		
鸸	ɵ5	o4	er2	赣			72771		
鸹	kuat7	guat6	gua1	赣			75382		
鸺	ɕiu1	xiu1	xiu1	赣			15738		
鸼	tsau1	zau1	zhou1	赣			16170		
鸽	kot7	got6	ge1	赣			120000		
鸾	lon5	lon4	luan2	赣			90000		
鸿	fuŋ5	fung4	hong2	赣			120000		
鹀	u5	wu4	wu2	赣			19020		
鹁	pʰet8	pet7	bo2	赣			79958		
鹂	li5	li4	li2	赣			70013		
鹃	tɕyon1	jyuon1	juan1	赣			103080		
鹄	fuʔ8	fuk7	gu3	赣			71862		
鹅	ŋo5	ngo4	e2	赣			120000		
鹆	yt7	yut6	yu4	赣			74395		
鹇	han2	han2	xian2	赣			73154		
鹈	tʰi2	ti2	ti2	赣			76120		
鹉	mu3	mu3	wu3	赣			106941		
鹊	tɕʰiɔʔ7	qiok6	que4	赣			130000		老1
鹎	pi1	bi1	bei1	赣			11179		
鹐	tsan1	zan1	qian1	赣			77631		
鹑	sun5	sun4	chun2	赣			78800		
鹕	fu5	fu4	hu2	赣			71708		
鹗	ŋɔʔ7	ngok6	e4	赣			73843		
鹘	fat8	fat7	gu3	赣			76199		
鹛	mi5	mi4	mei2	赣			72466		
鹜	u6	wu5	wu4	赣			70601		
鹞	iɛu6	yeu5	yao4	赣			90000		
鹠	liu5	liu4	liu2	赣			13138		
鹣	tɕien1	jien1	jian1	赣			13582		
鹤	hoʔ7	hok6	he4	赣			125000		
鹦	in1	yin1	ying1	赣			120000		
鹧	tsa5	za4	zhe4	赣			90000		
鹨	mieu5	mieu4	liu4	赣			16277		
鹩	lieu5	lieu4	liao2	赣			79790		
鹪	tɕieu1	jieu1	jiao1	赣			72541		
鹫	tɕʰiu6	qiu5	jiu4	赣			77725		
鹬	yt7	yut6	yu4	赣			79749		
鹭	lu6	lu5	lu4	赣			90000		
鹰	in1	yin1	ying1	赣			120000		
鹱	uot7	wot6	hu4	赣			16555		
鹲	muŋ3	mung3	meng2	赣			13140		
鹳	kuon5	guon4	guan4	赣			75203		
鹿	luʔ7	luk6	lu4	赣			120000		
麂	tɕi3	ji3	ji3	赣			90000		
麇	tɕyn1	jyun1	jun1	赣			73207		
麈	tɕy3	jyu3	zhu3	赣			75675		
麋	mi5	mi4	mi2	赣			70242		
麒	tɕʰi2	qi2	qi2	赣			90000		
麓	luʔ7	luk6	lu4	赣			74005		
麝	sa6	sa5	she4	赣			90000		
麟	lin5	lin4	lin2	赣			90000		
麦	maʔ7	mak6	mai4	赣			120000		
麸	fu1	fu1	fu1	赣			90000		
麻	ma5	ma4	ma2	赣			145000		
么	iɛu1	yeu1	me5	赣			310000		
麾	fɨi1	fei1	hui1	赣			71569		
黇	tʰien1	tien1	tian1	赣			18313		
黉	fen5	fen4	hong2	赣			17845		
黍	ɕy3	xyu3	shu3	赣			70250		
黎	li5	li4	li2	赣			120000		
黏	ȵiɛn5	nien4	nian2	赣			90000		
黑	hɛt7	het6	hei1	赣			125000		
黔	tɕʰien2	qien2	qian2	赣			100805		
默	mɛt7	met6	mo4	赣			120000		
黛	tʰai6	tai5	dai4	赣			77455		
黜	tsʰuʔ7	cuk6	chu4	赣			74479		
黝	i1	yi1	you3	赣			79899		
黟	i1	yi1	yi1	赣			75095		
黠	hat8	hat7	xia2	赣			78092		
黥	tɕʰin2	qin2	qing2	赣			77337		
黧	li5	li4	li2	赣			79424		
黩	tʰuʔ8	tuk7	du2	赣			74506		
黯	ŋan1	ngan1	an4	赣			103375		
黹	tsɿ3	zi3	zhi3	赣			10673		
黻	fɨt7	fet6	fu2	赣			70573		
黼	fu3	fu3	fu3	赣			71661		
黾	men3	men3	min3	赣			74345		
鼋	uon5	won4	yuan2	赣			78585		
鼍	tʰo2	to2	tuo2	赣			74477		
鼐	lai3	lai3	nai4	赣			76635		
鼒	tsɿ1	zi1	zi1	赣			12657		
鼓	ku3	gu3	gu3	赣			120000		
鼗	tʰau2	tau2	tao2	赣			18797		
鼙	pʰi2	pi2	pi2	赣			77414		
鼠	ɕy3	xyu3	shu3	赣			120000		老1
鼢	fɨn5	fen4	fen2	赣			79790		
鼩	tɕʰy2	qyu2	qu2	赣			15155		
鼫	sɛt7	set6	shi2	赣			17633		
鼬	iu6	yiu5	you4	赣			73270		
鼯	u5	wu4	wu2	赣			78608		
鼱	tɕin1	jin1	jing1	赣			11312		
鼷	ɕi5	xi4	xi1	赣			15767		
鼹	ien3	yen3	yan3	赣			70072		
鼻	pʰit8	pit7	bi2	赣			120000		
鼻	pʰit7	pit6	bi2	赣			120000		
鼾	hon1	hon1	han1	赣			90000		
齁	hɛu1	heu1	hou1	赣			90000		
齐	tɕʰi2	qi2	qi2	赣			150000		
齑	tɕi1	ji1	ji1	赣			75289		
齿	tsʰɿ3	ci3	chi3	赣			120000		
龀	tsʰen3	cen3	chen4	赣			74685		
龁	het8	het7	he2	赣			11383		
龃	tsʰu6	cu5	ju3	赣			77740		
龄	lin5	lin4	ling2	赣			145000		
龇	tsɿ1	zi1	zi1	赣			79241		
龈	kʰan3	kan3	ken3	赣			77065		
龉	u5	wu4	yu3	赣			72199		
龊	tsʰɔʔ7	cok6	chuo4	赣			90000		
龋	tɕʰy3	qyu3	qu3	赣			70872		
龌	uot7	wot6	wo4	赣			90000		
龙	luŋ5	lung4	long2	赣			120000		
龚	tɕiuŋ1	jiung1	gong1	赣			105000		
龚	kuŋ1	gung1	gong1	赣			105000		
龛	kʰon1	kon1	kan1	赣			90000		
龟	kui1	gui1	gui1	赣			120000		
龠	iɔʔ7	yok6	yue4	赣			79854		
㐁	tʰan3	tan3	tian4	赣			4246		
㐁	tʰien3	tien3	tian4	赣			4479		
㐆	i1	yi1	yin3	赣			4146		
㐆	in3	yin3	yin3	赣			5839		
㐭	lin3	lin3	lin3	赣			5230		
㐱	tsɛn3	zen3	zhen3	赣			4415		
㐱	tɕin3	jin3	zhen3	赣			4375		
㐲	tʰai6	tai5	dai4	赣			4445		
㐷	ma6	ma5	ma3	赣			5744		
㐸	tɕʰien3	qien3	qian4	赣			5628		
㐽	fuŋ1	fung1	feng1	赣			4696		
㑁	tsuʔ7	zuk6	zhuo1	赣			4494		
㑃	ŋau5	ngau4	ao3	赣			4937		
㑇	tseu1	zeu1	zhou4	赣			4071		
㑈	tuŋ1	dung1	dong4	赣			4658		
㑉	ɕiuʔ7	xiuk6	su4	赣			5308		
㑗	sɨn1	sen1	shen1	赣			5072		
㑗	ɕin1	xin1	shen1	赣			5729		
㑙	tiet7	diet6	die2	赣			5999		
㑛	suʔ7	suk6	su4	赣			4300		
㑜	i6	yi5	yi4	赣			4424		
㑞	in6	yin5	ying4	赣			5244		
㑟	puŋ3	bung3	beng3	赣			5322		
㑥	i6	yi5	yi4	赣			5252		
㑦	li6	li5	li4	赣			5524		
㑩	lo5	lo4	luo2	赣			5415		
㑰	iɔŋ6	yong5	hui4	赣			4193		
㑵	tɕʰit8	qit7	han4	赣			4501		
㑻	mat7	mat6	ma4	赣			4567		
㑿	tsʰau6	cau5	zhao4	赣			4845		
㒄	len3	len3	ran3	赣			5467		
㒄	sen3	sen3	ran3	赣			4673		
㒅	tɕʰi3	qi3	qi3	赣			4852		
㒇	u3	wu3	wu3	赣			4595		
㒈	han3	han3	han4	赣			5443		
㒊	set7	set6	se4	赣			5463		
㒋	sɿ1	si1	si1	赣			5434		
㒌	tɕʰiuŋ2	qiung2	qiong2	赣			5346		
㒔	tʰuʔ8	tuk7	shu2	赣			4439		
㒔	suʔ8	suk7	shu2	赣			5662		
㒚	in5	yin4	yin4	赣			5095		
㒚	uen3	wun3	yin4	赣			4110		
㒝	uat7	wat6	mie4	赣			5991		
㒝	miet7	miet6	mie4	赣			5714		
㒟	ȵieu3	nieu3	niao3	赣			4320		
㒠	hai6	hai5	xie4	赣			4592		
㒥	fuŋ1	fung1	feng1	赣			5974		
㒨	ɕien1	xien1	㒨5	赣			4234		
㒰	tɕʰyon2	qyuon2	quan2	赣			4042		
㒳	liɔŋ3	liong3	liang3	赣			5211		
㒴	kut7	gut6	gu3	赣			4313		
㒸	sui6	sui5	sui4	赣			5994		
㒹	tien1	dien1	㒹5	赣			5833		
㒼	mon5	mon4	man2	赣			4878		
㒽	tɕʰyon1	qyuon1	quan1	赣			4335		
㒾	sɿ5	si4	shi4	赣			4577		
㒾	i6	yi5	shi4	赣			5746		
㓃	tu5	du4	du4	赣			4862		
㓃	tsa5	za4	du4	赣			4978		
㓊	tʰuŋ6	tung5	dong4	赣			5835		
㓖	pit7	bit6	bi4	赣			4112		
㓘	ɕiuʔ7	xiuk6	su4	赣			5376		
㓚	kuŋ1	gung1	gong1	赣			5593		
㓝	ɕin5	xin4	xing2	赣			4440		
㓞	kʰat7	kat6	qia4	赣			4164		
㓠	tien3	dien3	dian4	赣			5163		
㓢	lɔʔ7	lok6	luo4	赣			4767		
㓣	kʰat7	kat6	qia4	赣			4841		
㓤	kʰat7	kat6	qia4	赣			4186		
㓱	tʰeu2	teu2	tou2	赣			5714		
㓳	ti1	di1	di1	赣			5264		
㓷	ȵi6	ni5	yi4	赣			4926		
㓹	tsʰui3	cui3	rui4	赣			5488		
㓺	tɕien1	jien1	jian1	赣			4315		
㓻	kɔŋ1	gong1	㓻5	赣			4660		
㓼	tsʰɿ3	ci3	chi4	赣			4751		
㓼	tsʰet7	cet6	chi4	赣			5182		
㓽	tsʰuŋ2	cung2	chong2	赣			4309		
㓽	tsʰuŋ6	cung5	chong2	赣			4565		
㔂	lin6	lin5	lin2	赣			5042		
㔄	ɕiuʔ7	xiuk6	su4	赣			4119		
㔆	tsʰan6	can5	zan4	赣			5207		
㔊	tsen3	zen3	zhan3	赣			5090		
㔌	tsʰeu2	ceu2	zou4	赣			4512		
㔌	tsʰeu6	ceu5	zou4	赣			5079		
㔍	tsʰot7	cot6	chua1	赣			5422		
㔎	ɕiet7	xiet6	xie4	赣			5825		
㔎	ȵit7	nit6	xie4	赣			5815		
㔏	lit7	lit6	li4	赣			4201		
㔒	fɨi5	fei4	xi2	赣			5762		
㔒	fɨi5	fei4	xi2	赣			4751		
㔓	tɕien3	jien3	jian3	赣			5537		
㔗	fɨi6	fei5	fei4	赣			4706		
㔗	fɨi6	fei5	fei4	赣			4359		
㔙	pen1	ben1	beng1	赣			5061		
㔝	liɔŋ3	liong3	liang3	赣			4709		
㔞	kʰuai1	kuai1	kuai4	赣			5080		
㔠	hat7	hat6	xia1	赣			5511		
㔡	piet7	biet6	bie1	赣			5440		
㔢	tɕyot7	jyuot6	jue2	赣			4743		
㔥	pʰai6	pai5	bai4	赣			5023		
㔩	ŋot7	ngot6	e4	赣			4918		
㔪	lu3	lu3	lu3	赣			5840		
㔮	lo5	lo4	nuo2	赣			4947		
㔯	ɕyon5	xyuon4	xuan2	赣			5324		
㔲	kui3	gui3	㔲5	赣			4169		
㔴	it7	yit6	yi4	赣			5941		
㔸	tʰi1	ti1	ti1	赣			4915		
㔹	lɛt7	let6	le4	赣			5322		
㔻	pʰi1	pi1	㔻5	赣			5287		
㕆	fu6	fu5	hu4	赣			5590		
㕆	tu3	du3	hu4	赣			4343		
㕇	lat7	lat6	la1	赣			4054		
㕈	ŋai3	ngai3	yi3	赣			5751		
㕈	ui5	wui4	yi3	赣			5753		
㕊	fu1	fu1	fu1	赣			5812		
㕎	kʰot7	kot6	ke4	赣			5116		
㕒	ui5	wui4	wei1	赣			5032		
㕗	iu3	yiu3	you4	赣			4692		
㕙	tɕyn5	jyun4	jun4	赣			4241		
㕙	tɕʰyn1	qyun1	jun4	赣			5493		
㕚	tsau3	zau3	zhao3	赣			4384		
㕛	iu3	yiu3	xu4	赣			5709		
㕞	sot7	sot6	shua1	赣			5663		
㕟	kʰuai3	kuai3	kui4	赣			4260		
㕡	hɔʔ7	hok6	he2	赣			5477		
㕢	kai5	gai4	gai4	赣			4113		
㕢	hai6	hai5	gai4	赣			4107		
㕣	yon3	yuon3	yan3	赣			5247		
㕦	fa6	fa5	hua4	赣			4166		
㕬	tsuŋ1	zung1	gong1	赣			5930		
㕭	ŋau1	ngau1	ao1	赣			4055		
㕮	fu3	fu3	fu3	赣			5674		
㕮	fu6	fu5	fu3	赣			4598		
㕯	lɛt7	let6	ne4	赣			4594		
㕰	hɔʔ7	hok6	xue4	赣			5925		
㖃	heu3	heu3	hou3	赣			4323		
㖃	heu6	heu5	hou3	赣			4248		
㖅	ɕyt7	xyut6	xu4	赣			4527		
㖊	ɕin5	xin4	xun2	赣			5242		
㖏	ȵiet7	niet6	nie4	赣			5311		
㖑	hai3	hai3	xie4	赣			5357		
㖒	tʰi2	ti2	ti2	赣			4801		
㖘	tsɨn1	zen1	zhen1	赣			5413		
㖘	tɕin1	jin1	zhen1	赣			5308		
㖞	kʰua1	kua1	wai1	赣			4929		
㖟	seu6	seu5	shou4	赣			5646		
㖟	ɕiu6	xiu5	shou4	赣			5223		
㖥	tɕʰyn6	qyun5	jun4	赣			5367		
㖩	tɕy1	jyu1	ju1	赣			4718		
㖪	fet7	fet6	huo4	赣			4212		
㖷	sɿ5	si4	shi2	赣			4861		
㗁	ŋɔʔ7	ngok6	e4	赣			4201		
㗉	liɔʔ7	liok6	lve4	赣			5158		
㗊	tset7	zet6	ji2	赣			4824		
㗔	tɕʰien1	qien1	qian1	赣			5413		
㗕	kieu1	gieu1	gou4	赣			5454		
㗗	pi1	bi1	bei1	赣			4335		
㗗	pi3	bi3	bei1	赣			5196		
㗘	pɔʔ7	bok6	bo2	赣			5468		
㗙	lat7	lat6	chu1	赣			5880		
㗚	lit7	lit6	li4	赣			4619		
㗛	ɕieu5	xieu4	xiao4	赣			4938		
㗢	tʰuŋ6	tung5	hong2	赣			4483		
㗤	tɕiuʔ7	jiuk6	cu4	赣			4458		
㗦	lau5	lau4	lao2	赣			5168		
㗧	tset7	zet6	zhi4	赣			4698		
㗨	hai1	hai1	xie1	赣			5986		
㗩	ɕit7	xit6	xi1	赣			5786		
㗫	tɕʰiet7	qiet6	qie4	赣			4575		
㗬	tsʰa1	ca1	zha1	赣			5376		
㗱	tɕit7	jit6	ji2	赣			4971		
㗴	ŋan5	ngan4	yan2	赣			5647		
㗵	ɕyt7	xyut6	xu4	赣			5103		
㗻	fo5	fo4	guo1	赣			5096		
㗻	kuo1	guo1	guo1	赣			5223		
㗼	ȵiet7	niet6	ye4	赣			5402		
㗾	ɕye1	xyue1	xue1	赣			4444		
㘀	tsɔʔ7	zok6	zuo4	赣			4080		
㘁	it7	yit6	yi4	赣			4688		
㘆	tʰai3	tai3	tai3	赣			5437		
㘈	ȵi6	ni5	yi4	赣			4512		
㘈	ȵit7	nit6	yi4	赣			5468		
㘋	ɕien5	xien4	xian2	赣			5026		
㘋	in5	yin4	xian2	赣			4247		
㘌	tɕʰit7	qit6	ju4	赣			5641		
㘌	tɕʰit8	qit7	ju4	赣			4235		
㘍	tɕit7	jit6	ji2	赣			4582		
㘙	ȵit7	nit6	yan2	赣			5461		
㘝	ȵit7	nit6	nie4	赣			5911		
㘠	pit7	bit6	bi4	赣			5149		
㘣	ɕyon1	xyuon1	xuan2	赣			5840		
㘣	ɕyon5	xyuon4	xuan2	赣			4047		
㘥	iu5	yiu4	you2	赣			5875		
㘨	ȵiet7	niet6	nie4	赣			5895		
㘰	tsɨn1	zen1	zhen1	赣			4528		
㘰	tɕin1	jin1	zhen1	赣			4802		
㘱	tʰan1	tan1	tan1	赣			5835		
㘲	tɕiuʔ7	jiuk6	ju2	赣			4697		
㘻	in1	yin1	㘻5	赣			4915		
㙀	liu6	liu5	liu4	赣			5946		
㙁	muʔ7	muk6	mei2	赣			5096		
㙄	pʰi6	pi5	bi4	赣			5856		
㙇	tsʰuʔ7	cuk6	chu4	赣			5137		
㙊	tsʰɔŋ2	cong2	chang2	赣			5708		
㙏	fuʔ7	fuk6	fu4	赣			5898		
㙙	luŋ3	lung3	long3	赣			5380		
㙠	i1	yi1	yi1	赣			5244		
㙠	i5	yi4	yi1	赣			4437		
㙤	ha3	ha3	xia4	赣			4456		
㙨	tɕʰi2	qi2	ji4	赣			4988		
㙩	lieu5	lieu4	liao2	赣			4755		
㙩	lieu6	lieu5	liao2	赣			4906		
㙪	i5	yi4	yi4	赣			4962		
㙱	hau6	hau5	hao4	赣			4990		
㙲	iuŋ5	yung4	yong3	赣			4325		
㙴	tsʰen3	cen3	chan4	赣			5602		
㙷	tsʰet8	cet7	zhi2	赣			5709		
㙷	tɕʰit8	qit7	zhi2	赣			4904		
㙻	tsʰen2	cen2	chan2	赣			5339		
㚀	ɕi1	xi1	xi1	赣			5356		
㚁	tɕʰieu3	qieu3	qiao4	赣			4476		
㚂	lɔŋ6	long5	nang4	赣			5837		
㚃	yn1	yun1	yun1	赣			5640		
㚅	luŋ5	lung4	long2	赣			5728		
㚆	fuʔ8	fuk7	fu4	赣			4528		
㚇	tsuŋ1	zung1	zong1	赣			4601		
㚇	tsuŋ5	zung4	zong1	赣			5162		
㚊	kʰai1	kai1	kai1	赣			4387		
㚋	tieu1	dieu1	diao1	赣			5156		
㚍	kʰui3	kui3	kui3	赣			4675		
㚒	sen3	sen3	shan3	赣			5777		
㚔	hen2	hen2	nie4	赣			4702		
㚔	ȵiet7	niet6	nie4	赣			5585		
㚖	kau3	gau3	gao3	赣			5773		
㚗	tɕʰia2	qia2	qie2	赣			5371		
㚘	pʰon6	pon5	ban4	赣			4527		
㚛	ɕi5	xi4	xi4	赣			4448		
㚛	ɕiet7	xiet6	xi4	赣			4666		
㚜	yt7	yut6	yu4	赣			5638		
㚠	tɕʰieu1	qieu1	xiao1	赣			5161		
㚠	ɕieu1	xieu1	xiao1	赣			5534		
㚢	lu5	lu4	nu2	赣			5018		
㚤	it7	yit6	yi4	赣			4941		
㚫	sat7	sat6	sa4	赣			4682		
㚲	tsʰen1	cen1	chan1	赣			4382		
㚲	tsʰet7	cet6	chan1	赣			5345		
㚷	lai3	lai3	er3	赣			5317		
㛀	tsʰu2	cu2	chu2	赣			4096		
㛁	pʰen1	pen1	peng1	赣			5121		
㛂	lo3	lo3	nuo3	赣			4679		
㛂	ŋo3	ngo3	nuo3	赣			5233		
㛄	i1	yi1	yi1	赣			5814		
㛅	ɵ6	o5	er4	赣			5951		
㛆	to5	do4	duo4	赣			4177		
㛍	tɕʰiet7	qiet6	qie4	赣			4507		
㛐	sau3	sau3	sou3	赣			5722		
㛑	tsʰan3	can3	can4	赣			4101		
㛒	tʰeu6	teu5	dou4	赣			5511		
㛗	tsʰo1	co1	qie1	赣			5069		
㛗	so1	so1	qie1	赣			4153		
㛘	pʰɛt7	pet6	po4	赣			4484		
㛤	li5	li4	li2	赣			5926		
㛥	tʰat7	tat6	ta4	赣			4805		
㛧	mon3	mon3	man3	赣			4929		
㛪	ien5	yen4	yan4	赣			5096		
㛮	sau3	sau3	sao3	赣			4185		
㛱	ui3	wui3	wei3	赣			4233		
㛳	i6	yi5	yi4	赣			4671		
㛴	lau3	lau3	nao3	赣			4772		
㛶	tʰan3	tan3	tan4	赣			4154		
㛹	pʰien2	pien2	pian2	赣			4613		
㛼	tsʰat7	cat6	cha1	赣			5889		
㜂	fuŋ1	fung1	feng1	赣			5605		
㜅	ɕiuʔ7	xiuk6	xu4	赣			5520		
㜇	ui5	wui4	hui4	赣			4175		
㜊	tsen3	zen3	zhan3	赣			5434		
㜌	kieu5	gieu4	nou3	赣			4491		
㜎	ɕi5	xi4	xi1	赣			4031		
㜓	tat7	dat6	da2	赣			5929		
㜘	tɕia1	jia1	ju4	赣			4016		
㜝	ŋon3	ngon3	an3	赣			5383		
㜣	len5	len4	ran2	赣			5331		
㜤	ȵien5	nien4	nian3	赣			4406		
㜪	sen1	sen1	shen1	赣			4651		
㜮	lan6	lan5	lan4	赣			4107		
㜰	sɔʔ7	sok6	yue4	赣			5836		
㜰	iɔʔ7	yok6	yue4	赣			5164		
㜲	in5	yin4	weng3	赣			4302		
㜳	fai5	fai4	huai2	赣			5850		
㜵	ȵieu3	nieu3	niao3	赣			5395		
㜸	ȵiet7	niet6	nie4	赣			5073		
㜺	tsan5	zan4	zan4	赣			5741		
㜺	tsʰan6	can5	zan4	赣			5467		
㜽	tsɿ3	zi3	zi3	赣			4713		
㝂	tsɿ5	zi4	zhi4	赣			4105		
㝂	tɕi5	ji4	zhi4	赣			4031		
㝃	uan3	wan3	mian3	赣			5962		
㝃	mien3	mien3	mian3	赣			5193		
㝅	leu3	leu3	gou4	赣			5635		
㝅	kieu5	gieu4	gou4	赣			4978		
㝈	son5	son4	luan2	赣			4735		
㝌	tɕiu5	jiu4	jiu4	赣			5362		
㝌	iu3	yiu3	jiu4	赣			4373		
㝏	kai5	gai4	jie4	赣			4010		
㝐	iuŋ5	yung4	rong2	赣			4035		
㝖	ȵi5	ni4	yi2	赣			4854		
㝗	lɔŋ3	long3	lang2	赣			5603		
㝗	lɔŋ5	long4	lang2	赣			4848		
㝞	ŋa1	nga1	ya1	赣			5545		
㝢	y3	yu3	yu3	赣			4397		
㝣	i5	yi4	yi4	赣			5311		
㝣	iet7	yet6	yi4	赣			4571		
㝤	kieu5	gieu4	gou4	赣			4882		
㝩	kʰɔŋ1	kong1	kang1	赣			4785		
㝩	kʰɔŋ3	kong3	kang1	赣			5625		
㝪	tien5	dien4	dian4	赣			4226		
㝪	tiet7	diet6	dian4	赣			4806		
㝯	tɕʰieu2	qieu2	qiao2	赣			4992		
㝰	mien5	mien4	mian2	赣			5099		
㝱	muŋ6	mung5	meng4	赣			5020		
㝻	tɕʰin6	qin5	jin3	赣			4816		
㝼	y1	yu1	yu1	赣			4480		
㝾	tso3	zo3	zuo3	赣			5929		
㝾	tso5	zo4	zuo3	赣			5384		
㝿	po3	bo3	bo3	赣			5387		
㞁	ieu6	yeu5	yao4	赣			5587		
㞂	tʰui3	tui3	tui3	赣			5912		
㞄	ŋon1	ngon1	an1	赣			5803		
㞄	ŋon3	ngon3	an1	赣			5454		
㞆	tɕi3	ji3	ji3	赣			4904		
㞆	tɕʰi3	qi3	ji3	赣			4065		
㞇	ui3	wui3	wei3	赣			5180		
㞋	ȵien3	nien3	nian3	赣			5558		
㞏	tsʰɨt8	cet7	zhe2	赣			5556		
㞏	tɕʰit8	qit7	zhe2	赣			5879		
㞒	hai3	hai3	xie4	赣			5797		
㞓	tɕʰi3	qi3	qi4	赣			4026		
㞕	sut7	sut6	xie4	赣			4223		
㞙	ȵieu6	nieu5	niao4	赣			5616		
㞚	tsat7	zat6	qi4	赣			4794		
㞛	tɕi3	ji3	ji3	赣			5573		
㞜	tʰui1	tui1	tui1	赣			4995		
㞟	tʰien6	tien5	dian4	赣			5610		
㞟	tin3	din3	dian4	赣			5222		
㞡	tsen3	zen3	zhan3	赣			5771		
㞢	tsɿ1	zi1	㞢5	赣			5969		
㞣	fɨn1	fen1	㞣5	赣			5370		
㞥	tsʰen2	cen2	cen2	赣			4877		
㞦	tɕi3	ji3	ji3	赣			4276		
㞷	kʰuɔŋ2	kuong2	huang2	赣			4026		
㞽	ɕyot7	xyuot6	xue4	赣			4669		
㟅	luŋ5	lung4	yang2	赣			5631		
㟉	lau5	lau4	lao2	赣			5844		
㟋	tʰui6	tui5	dui4	赣			4864		
㟌	mɔŋ5	mong4	mang2	赣			5881		
㟍	lɔŋ5	long4	lang2	赣			5652		
㟎	tʰo3	to3	tuo3	赣			4100		
㟎	tʰui3	tui3	tuo3	赣			4491		
㟏	hon1	hon1	han2	赣			4018		
㟐	mɔŋ3	mong3	mang3	赣			4092		
㟐	mɔŋ6	mong5	mang3	赣			4193		
㟛	tsʰan6	can5	zan4	赣			4406		
㟞	tsʰan6	can5	zhan4	赣			4945		
㟥	tsʰen1	cen1	㟥5	赣			4550		
㟪	ui1	wui1	wei1	赣			4429		
㟳	lit7	lit6	li4	赣			4463		
㟸	kau1	gau1	㟸5	赣			5802		
㟽	pieu3	bieu3	biao3	赣			4664		
㟾	iuŋ5	yung4	yong1	赣			5636		
㠀	tau3	dau3	dao3	赣			4514		
㠆	tan1	dan1	dan1	赣			5407		
㠇	tɕʰiu6	qiu5	jiu4	赣			5227		
㠊	tɕʰy1	qyu1	qu1	赣			5232		
㠍	tɕit7	jit6	ji2	赣			5746		
㠐	tɕʰieu2	qieu2	jiao4	赣			5735		
㠑	tsʰui6	cui5	zui4	赣			5523		
㠒	pieu1	bieu1	biao3	赣			5172		
㠔	pai5	bai4	bai4	赣			5761		
㠖	ȵi6	ni5	yi3	赣			5941		
㠝	tsʰon2	con2	cuan2	赣			4246		
㠠	li5	li4	lu2	赣			5902		
㠢	fai5	fai4	huai2	赣			4388		
㠥	lui5	lui4	lv4	赣			4079		
㠦	fuŋ1	fung1	feng1	赣			4131		
㠭	tsen3	zen3	zhan3	赣			4114		
㠯	i3	yi3	yi3	赣			4344		
㠴	ȵit7	nit6	ren4	赣			5014		
㠵	fɔŋ1	fong1	huang1	赣			5237		
㠷	kot7	got6	ge2	赣			4400		
㠸	fu1	fu1	ku4	赣			4236		
㠹	kai5	gai4	jie4	赣			4147		
㠺	mieu5	mieu4	sha1	赣			4073		
㠽	tʰuŋ2	tung2	tong2	赣			5507		
㠾	yon1	yuon1	yuan1	赣			4003		
㠿	tsɿ1	zi1	zi1	赣			4735		
㡀	pʰi6	pi5	bi4	赣			5508		
㡁	kʰua3	kua3	kua3	赣			4939		
㡅	la3	la3	nuo3	赣			5078		
㡆	fɔŋ1	fong1	㡆5	赣			4212		
㡇	tset7	zet6	zhe2	赣			4440		
㡉	tɕien1	jien1	xian2	赣			5013		
㡊	kʰat7	kat6	qia4	赣			5016		
㡋	iet7	yet6	ye2	赣			5892		
㡏	su1	su1	shu4	赣			4009		
㡏	su5	su4	shu4	赣			5359		
㡑	tɕieu1	jieu1	qiao1	赣			5237		
㡑	tɕʰieu1	qieu1	qiao1	赣			5967		
㡒	tʰɨn6	ten5	zhun1	赣			4011		
㡓	kun1	gun1	kun1	赣			4828		
㡔	u6	wu5	wu4	赣			5215		
㡗	tʰi2	ti2	ti2	赣			5617		
㡗	ɕi1	xi1	ti2	赣			5265		
㡘	lien5	lien4	lian2	赣			4902		
㡙	pi1	bi1	bi1	赣			4673		
㡜	ɕiet7	xiet6	xie4	赣			4199		
㡝	fuŋ6	fung5	feng4	赣			5133		
㡟	tsau1	zau1	zao1	赣			4434		
㡟	tsʰau1	cau1	zao1	赣			4601		
㡥	in5	yin4	yin4	赣			5671		
㡧	tsen5	zen4	zheng4	赣			4982		
㡨	tɕien1	jien1	jian1	赣			4282		
㡨	tɕʰien1	qien1	jian1	赣			4316		
㡯	tsʰet8	cet7	zhai2	赣			5227		
㡲	fan5	fan4	huan2	赣			5761		
㡷	pɨn3	ben3	ben3	赣			4657		
㡹	tsʰɿ3	ci3	ju1	赣			4460		
㡺	tan5	dan4	dan4	赣			4059		
㡼	i6	yi5	yi4	赣			5054		
㡿	tsʰət7	cet6	chi4	赣			4028		
㡿	tɕʰit7	qit6	chi4	赣			5710		
㢀	tsʰɿ3	ci3	ci4	赣			5367		
㢁	tsʰɿ3	ci3	chi3	赣			4000		
㢂	ȵien3	nien3	yan3	赣			5530		
㢅	luŋ6	lung5	long4	赣			5337		
㢈	tʰui2	tui2	tui2	赣			5601		
㢊	ŋai3	ngai3	ai3	赣			5563		
㢋	tsʰɿ3	ci3	chi3	赣			4997		
㢏	tʰeu2	teu2	tou2	赣			5988		
㢒	tsʰa2	ca2	cha2	赣			4077		
㢓	tsɔŋ5	zong4	yao3	赣			4750		
㢔	tsuŋ3	zung3	zong3	赣			4913		
㢖	pʰon1	pon1	pan1	赣			5677		
㢚	lu3	lu3	lu3	赣			5500		
㢚	lu5	lu4	lu3	赣			4875		
㢟	tsʰen1	cen1	chan1	赣			4847		
㢟	tsʰen3	cen3	chan1	赣			5111		
㢡	tɕiɔŋ3	jiong3	jiang3	赣			4349		
㢧	tɕiu1	jiu1	juan4	赣			4790		
㢨	hon6	hon5	han4	赣			5258		
㢪	kʰu1	ku1	㢪5	赣			5292		
㢪	u1	wu1	㢪5	赣			4877		
㢯	tin1	din1	diao1	赣			5364		
㢯	tun1	dun1	diao1	赣			5858		
㢰	pʰi6	pi5	bi4	赣			4108		
㢵	ɕiet7	xiet6	xie2	赣			5749		
㢸	pʰet8	pet7	bi4	赣			4505		
㢻	ui5	wui4	rui4	赣			4484		
㢼	piet7	biet6	bie4	赣			5114		
㢾	tɕyon5	jyuon4	juan4	赣			4684		
㣁	pʰi6	pi5	bei4	赣			5124		
㣂	ŋiet7	ngiet6	e4	赣			5617		
㣅	tsʰan6	can5	zan4	赣			4843		
㣆	mi5	mi4	mi2	赣			4632		
㣇	tʰi6	ti5	yi4	赣			4440		
㣇	i6	yi5	yi4	赣			4357		
㣈	sɿ5	si4	si4	赣			5766		
㣌	san5	san4	shan4	赣			4058		
㣎	muʔ7	muk6	mu4	赣			4531		
㣑	iuŋ5	yung4	rong2	赣			4132		
㣙	tʰit8	tit7	di2	赣			4260		
㣝	suŋ1	sung1	song1	赣			4644		
㣟	ɕit7	xit6	xi4	赣			5800		
㣤	tɕʰien6	qien5	jian4	赣			5311		
㣥	tsʰɿ6	ci5	zhi4	赣			4432		
㣫	tsuŋ3	zung3	zhong3	赣			4728		
㣭	tsuŋ1	zung1	zong1	赣			4932		
㣱	tsʰet8	cet7	ze2	赣			4505		
㣶	tsan1	zan1	zhan1	赣			5842		
㣻	ȵi6	ni5	yi4	赣			5276		
㣿	tsɔʔ7	zok6	zhuo2	赣			4420		
㤄	pʰi3	pi3	pei4	赣			5551		
㤅	ŋai5	ngai4	ai4	赣			4261		
㤆	fan5	fan4	fan4	赣			5934		
㤇	ŋau3	ngau3	ao3	赣			5518		
㤉	kʰa1	ka1	qia1	赣			4621		
㤊	hau2	hau2	xiao4	赣			5056		
㤊	hau6	hau5	xiao4	赣			5040		
㤍	kʰau1	kau1	qiao1	赣			4398		
㤎	ko1	go1	ge1	赣			5389		
㤏	tʰuŋ2	tung2	tong2	赣			5372		
㤒	kau1	gau1	gao1	赣			4196		
㤕	tsuʔ7	zuk6	chu4	赣			4553		
㤕	tsʰuʔ7	cuk6	chu4	赣			5208		
㤘	tsʰau3	cau3	zhou4	赣			5008		
㤝	tsʰuŋ1	cung1	chong1	赣			5130		
㤞	tʰɔʔ8	tok7	cha4	赣			5856		
㤠	liet7	liet6	lie4	赣			4268		
㤤	y3	yu3	yu2	赣			4865		
㤤	y5	yu4	yu2	赣			5729		
㤥	hai6	hai5	hai4	赣			5432		
㤨	kuŋ3	gung3	gong3	赣			4537		
㤩	kʰɔʔ7	kok6	ke4	赣			5339		
㤮	kuɔŋ5	guong4	guang4	赣			5701		
㤮	uɔŋ6	wong5	guang4	赣			4576		
㤱	fu5	fu4	fu4	赣			4485		
㤱	feu3	feu3	fu4	赣			5203		
㤲	tɕʰiet7	qiet6	qie4	赣			4015		
㤴	tsʰet7	cet6	che4	赣			5807		
㤸	ɕit7	xit6	xi4	赣			4781		
㤻	len3	len3	㤻5	赣			5745		
㤻	lun3	lun3	㤻5	赣			5709		
㤽	tsʰɛu2	ceu2	chou2	赣			4073		
㤾	san5	san4	san4	赣			5795		
㤿	ien1	yen1	yan1	赣			4163		
㤿	ien5	yen4	yan1	赣			5094		
㥁	tet7	det6	de2	赣			4680		
㥂	tʰet7	tet6	te4	赣			5933		
㥄	lin5	lin4	ling2	赣			4782		
㥆	tʰui3	tui3	tui4	赣			5592		
㥈	tʰiet8	tiet7	die2	赣			5826		
㥊	pʰen2	pen2	peng2	赣			4656		
㥋	i1	yi1	yi1	赣			5938		
㥋	i3	yi3	yi1	赣			4651		
㥌	tɕiuʔ7	jiuk6	ju2	赣			4588		
㥏	tʰien3	tien3	tian3	赣			4337		
㥒	tsʰai3	cai3	cai3	赣			4231		
㥓	tɕʰi1	qi1	qi1	赣			5376		
㥓	tɕʰi3	qi3	qi1	赣			4578		
㥚	y3	yu3	yu2	赣			5114		
㥚	y5	yu4	yu2	赣			5289		
㥛	tɕit7	jit6	ji2	赣			4660		
㥜	ui6	wui5	wei4	赣			4339		
㥝	mi3	mi3	mi3	赣			4702		
㥟	hai2	hai2	xie2	赣			4753		
㥠	ɕy1	xyu1	xu1	赣			4399		
㥠	ɕy3	xyu3	xu1	赣			5884		
㥢	tɕʰiu2	qiu2	qiu2	赣			4579		
㥦	tɕʰiet7	qiet6	qie4	赣			4300		
㥨	sui6	sui5	shui4	赣			5981		
㥪	leu5	leu4	lou2	赣			4058		
㥯	in3	yin3	yin3	赣			5798		
㥯	in5	yin4	yin3	赣			4405		
㥴	i3	yi3	yi2	赣			4111		
㥴	i5	yi4	yi2	赣			5006		
㥶	set7	set6	se4	赣			5139		
㥷	i5	yi4	ye4	赣			4459		
㥽	tsʰet7	cet6	ce4	赣			5570		
㥾	tʰit7	tit6	ni4	赣			4225		
㥾	ȵit7	nit6	ni4	赣			4442		
㦁	lien5	lien4	lian2	赣			4731		
㦃	tsʰan3	can3	chan3	赣			5149		
㦄	ma5	ma4	ma2	赣			5867		
㦅	tʰiet8	tiet7	die1	赣			5233		
㦌	fɨt7	fet6	hu1	赣			4237		
㦌	fuʔ7	fuk6	hu1	赣			4396		
㦒	li5	li4	li2	赣			4258		
㦓	ɕien6	xien5	xian4	赣			5101		
㦗	tɕin1	jin1	jin1	赣			4992		
㦚	pien3	bien3	bian3	赣			4412		
㦝	mɔʔ7	mok6	miao3	赣			4780		
㦟	mai5	mai4	mai2	赣			5954		
㦣	ui6	wui5	wei4	赣			4546		
㦦	ɕit7	xit6	xi4	赣			4145		
㦬	lo3	lo3	luo3	赣			5664		
㦰	tɕien1	jien1	jian1	赣			5452		
㦴	kiet7	giet6	ge2	赣			4226		
㦵	tɕy1	jyu1	zhu1	赣			5828		
㦺	ȵiuʔ7	niuk6	ru4	赣			4751		
㦼	sɔŋ5	song4	shuang4	赣			5265		
㧀	tɕʰit7	qit6	ji2	赣			4233		
㧀	tɕʰit8	qit7	ji2	赣			4118		
㧁	tɕʰy3	qyu3	qu4	赣			5889		
㧆	tɕin5	jin4	jin1	赣			4231		
㧉	kai5	gai4	gai4	赣			4167		
㧊	pʰot7	pot6	po1	赣			4589		
㧏	kɔŋ1	gong1	gang1	赣			5354		
㧏	kɔŋ5	gong4	gang1	赣			5877		
㧑	fɨi1	fei1	hui1	赣			5043		
㧑	fɨi1	fei1	hui1	赣			4752		
㧒	yt7	yut6	yu4	赣			4477		
㧓	kua1	gua1	gua1	赣			4043		
㧔	kuai5	guai4	guai4	赣			4063		
㧖	ŋiet7	ngiet6	e4	赣			5318		
㧗	tsɿ3	zi3	zi3	赣			5518		
㧗	tɕi3	ji3	zi3	赣			4050		
㧘	tsʰɿ6	ci5	zi4	赣			4673		
㧡	hai6	hai5	hai4	赣			4555		
㧢	in1	yin1	yin1	赣			5810		
㧦	ɕyon5	xyuon4	xuan4	赣			4473		
㧬	kuŋ3	gung3	gong3	赣			4520		
㧰	lit7	lit6	li4	赣			4757		
㧰	liɔʔ7	liok6	li4	赣			4359		
㧲	san3	san3	san3	赣			4638		
㧳	tsʰui6	cui5	zhuo4	赣			5908		
㧴	ŋo3	ngo3	wo3	赣			4016		
㧶	kʰien1	kien1	keng1	赣			4085		
㧹	tʰet7	tet6	te4	赣			5630		
㧺	tʰat8	tat7	ta4	赣			5732		
㧻	tsɔʔ7	zok6	zhuo2	赣			5666		
㧾	kʰut7	kut6	hu1	赣			4512		
㨁	tsʰət7	cet6	zhi4	赣			5499		
㨅	ui5	wui4	nei4	赣			4256		
㨉	min5	min4	min2	赣			5674		
㨊	ui3	wui3	wei3	赣			4855		
㨋	tsʰa3	ca3	che3	赣			5053		
㨍	pɔŋ1	bong1	bang1	赣			5227		
㨎	lot7	lot6	ru2	赣			5112		
㨏	tʰan1	tan1	tan1	赣			5632		
㨐	pu3	bu3	bu3	赣			5815		
㨒	kʰui1	kui1	kui1	赣			5868		
㨖	tsɿ3	zi3	zhi4	赣			5808		
㨖	tsɿ5	zi4	zhi4	赣			5439		
㨙	ɕi6	xi5	xie2	赣			4478		
㨙	hai2	hai2	xie2	赣			5858		
㨝	ɕiet7	xiet6	xie1	赣			5632		
㨞	su5	su4	su4	赣			4151		
㨟	kai1	gai1	hai1	赣			4045		
㨟	hai2	hai2	hai1	赣			5283		
㨠	mien3	mien3	mi4	赣			5208		
㨡	fun5	fun4	hun2	赣			5944		
㨤	kʰuai1	kuai1	hui4	赣			5652		
㨥	lat7	lat6	na4	赣			4976		
㨧	pʰən6	pen5	ben4	赣			5596		
㨨	tsʰeu1	ceu1	chou1	赣			4978		
㨨	tɕʰiu1	qiu1	chou1	赣			4253		
㨫	lan5	lan4	lan3	赣			4850		
㨵	tɕien3	jien3	jian3	赣			4713		
㨶	tau3	dau3	dao3	赣			5597		
㨷	tɕin5	jin4	jin4	赣			5862		
㨷	tɕʰin2	qin2	jin4	赣			4910		
㨹	tsui5	zui4	hui4	赣			5656		
㨹	ɕyot7	xyuot6	hui4	赣			5889		
㨼	liɔʔ7	liok6	lve4	赣			5130		
㨾	iɔŋ6	yong5	yang4	赣			4695		
㩉	tat7	dat6	da2	赣			5191		
㩉	lat7	lat6	da2	赣			4206		
㩊	ɕyon1	xyuon1	xuan1	赣			5018		
㩓	fɨi3	fei3	hui3	赣			4308		
㩓	fɨi3	fei3	hui3	赣			5310		
㩢	miet7	miet6	mie4	赣			5388		
㩤	fu1	fu1	fu1	赣			5124		
㩧	pʰɔʔ7	pok6	bo2	赣			5280		
㩧	pʰɔʔ8	pok7	bo2	赣			5751		
㩨	fɨi6	fei5	hui4	赣			5491		
㩨	fɨi6	fei5	hui4	赣			5371		
㩩	tɕʰyn3	qyun3	qing3	赣			5311		
㩱	tɕiɔʔ7	jiok6	jue2	赣			4955		
㩹	tʰiet8	tiet7	die2	赣			5059		
㩺	pʰi1	pi1	㩺5	赣			4816		
㩺	pʰi6	pi5	㩺5	赣			5547		
㩻	tɕʰi1	qi1	qi1	赣			4612		
㩻	kui5	gui4	qi1	赣			4970		
㩼	tsɿ1	zi1	zhi1	赣			4054		
㩼	tsɿ5	zi4	zhi1	赣			5469		
㩽	tɕʰi2	qi2	qi2	赣			5167		
㩾	tsui1	zui1	zhui4	赣			4791		
㩿	kʰut7	kut6	ku1	赣			5176		
㪁	tɕʰien1	qien1	qin2	赣			4150		
㪃	ho3	ho3	he2	赣			4310		
㪆	ti3	di3	di3	赣			5220		
㪇	ɕien5	xien4	xian4	赣			5154		
㪉	kot7	got6	he2	赣			5439		
㪋	ho3	ho3	han4	赣			5430		
㪋	hon6	hon5	han4	赣			4752		
㪌	suŋ3	sung3	tong3	赣			4474		
㪍	pʰet8	pet7	bo2	赣			5615		
㪏	pi3	bi3	bi3	赣			5487		
㪏	pi5	bi4	bi3	赣			4261		
㪐	lɛt7	let6	lu4	赣			5214		
㪐	luʔ7	luk6	lu4	赣			4263		
㪑	iet7	yet6	ye4	赣			4349		
㪒	ȵi3	ni3	ni2	赣			4721		
㪒	ȵi5	ni4	ni2	赣			4574		
㪖	luʔ7	luk6	lu4	赣			5041		
㪖	liuʔ7	liuk6	lu4	赣			4107		
㪙	kʰuo3	kuo3	ke3	赣			5798		
㪜	tsʰui3	cui3	chuai3	赣			4865		
㪝	lien6	lien5	lian4	赣			5213		
㪡	kʰai3	kai3	kai4	赣			4661		
㪤	pit7	bit6	bi4	赣			4351		
㪥	tsa1	za1	zha1	赣			5345		
㪩	ɕiuʔ7	xiuk6	su4	赣			4929		
㪪	sat7	sat6	sa4	赣			4932		
㪬	tsʰɔʔ7	cok6	chuo1	赣			4557		
㪬	tsʰɔʔ8	cok7	chuo1	赣			4896		
㪭	lu5	lu4	lu2	赣			5362		
㪵	pon5	bon4	ban4	赣			4260		
㪷	teu3	deu3	dou3	赣			4243		
㪹	leu3	leu3	lou3	赣			4767		
㪺	tɕy1	jyu1	ju1	赣			4263		
㪻	fan5	fan4	juan4	赣			4092		
㪾	kiet7	giet6	luo4	赣			4698		
㫂	tɕy5	jyu4	zhu4	赣			4950		
㫃	ien3	yen3	yan3	赣			5412		
㫊	ŋo3	ngo3	yi3	赣			4025		
㫍	ieu5	yeu4	you2	赣			5334		
㫎	fɨi1	fei1	hui1	赣			5329		
㫎	fɨi1	fei1	hui1	赣			5046		
㫏	ieu3	yeu3	yao3	赣			4986		
㫐	ieu3	yeu3	yao3	赣			4719		
㫚	fɨt7	fet6	hu1	赣			4225		
㫚	fuʔ7	fuk6	hu1	赣			5906		
㫱	lan3	lan3	nan3	赣			5580		
㫹	su5	su4	shu4	赣			5354		
㫽	liuʔ7	liuk6	lu4	赣			5230		
㬄	tsʰan3	can3	chan4	赣			4503		
㬉	lon3	lon3	nuan3	赣			4912		
㬊	fon6	fon5	huan4	赣			4887		
㬎	ɕien3	xien3	xian3	赣			4287		
㬎	ŋot7	ngot6	xian3	赣			4883		
㬒	mɔŋ3	mong3	mang3	赣			5965		
㬓	pʰieu3	pieu3	piao4	赣			4715		
㬗	ȵien6	nien5	xian4	赣			5076		
㬜	tɕin5	jin4	jin4	赣			5277		
㬝	suŋ1	sung1	ceng2	赣			4526		
㬫	ien5	yen4	yan4	赣			4914		
㬮	lan5	lan4	nan4	赣			5188		
㬮	lan6	lan5	nan4	赣			5106		
㬰	y5	yu4	yu2	赣			5550		
㬱	tʰi3	ti3	ti4	赣			4971		
㬵	hau2	hau2	xiao2	赣			4616		
㬻	fɔŋ3	fong3	huang1	赣			5664		
㭁	len1	len1	reng2	赣			5258		
㭁	lɨn6	len5	reng2	赣			4898		
㭂	tɕieu1	jieu1	jiao3	赣			5244		
㭈	tɕyot7	jyuot6	jue2	赣			5503		
㭊	ɕit7	xit6	㭊5	赣			4461		
㭋	pʰɔŋ6	pong5	bang4	赣			4291		
㭏	ui3	wui3	wei3	赣			5953		
㭑	mi6	mi5	mei4	赣			4010		
㭔	lu5	lu4	lu2	赣			4201		
㭕	tɕʰy1	qyu1	qu1	赣			4322		
㭘	hot8	hot7	ge2	赣			5509		
㭚	li3	li3	lv3	赣			5321		
㭛	pʰai3	pai3	pai4	赣			5913		
㭜	luŋ5	lung4	rong2	赣			4160		
㭜	iuŋ5	yung4	rong2	赣			4290		
㭝	tɕʰiu2	qiu2	qiu2	赣			4498		
㭠	ɕien3	xien3	xian3	赣			4590		
㭩	lu3	lu3	lie4	赣			5686		
㭩	lot7	lot6	lie4	赣			4138		
㭫	tsʰo2	co2	cuo2	赣			4779		
㭭	pat7	bat6	ba1	赣			5810		
㭭	piet7	biet6	ba1	赣			5848		
㭯	tset7	zet6	zhe2	赣			4866		
㭰	tsui3	zui3	zui1	赣			4231		
㭸	tʰu2	tu2	tu2	赣			5841		
㭺	ien3	yen3	yan3	赣			4259		
㭼	tʰat7	tat6	ta4	赣			4438		
㭼	tʰat8	tat7	ta4	赣			5927		
㭿	ŋɔŋ5	ngong4	ang2	赣			5192		
㮀	han2	han2	han2	赣			5446		
㮁	hau2	hau2	xiao2	赣			5096		
㮂	tɕiuʔ7	jiuk6	ju2	赣			5157		
㮃	ui1	wui1	wei1	赣			4445		
㮅	tsui1	zui1	zhui1	赣			4164		
㮇	tʰien3	tien3	tian4	赣			4776		
㮌	mien5	mien4	mian2	赣			5126		
㮍	tɕien1	jien1	㮍5	赣			5330		
㮐	ɕin3	xin3	sheng3	赣			4410		
㮕	lon3	lon3	ruan3	赣			4748		
㮕	ȵyon3	nyuon3	ruan3	赣			4648		
㮖	kat7	gat6	jia2	赣			5668		
㮘	mau5	mau4	mao2	赣			5861		
㮙	ŋɔʔ7	ngok6	e4	赣			4083		
㮚	lit7	lit6	li4	赣			4492		
㮝	het8	het7	he2	赣			4851		
㮢	heu2	heu2	hou2	赣			4449		
㮤	suŋ5	sung4	㮤5	赣			4759		
㮦	sɔʔ7	sok6	suo3	赣			4216		
㮧	u1	wu1	wu1	赣			4426		
㮨	tɕit7	jit6	ji4	赣			5329		
㮩	ɕit7	xit6	xi1	赣			5840		
㮫	hot8	hot7	he2	赣			4274		
㮬	uŋ1	wung1	weng1	赣			4681		
㮭	han2	han2	xian2	赣			5154		
㮯	fun5	fun4	hun2	赣			4660		
㮰	pʰi2	pi2	pi2	赣			5774		
㮰	pʰiet8	piet7	pi2	赣			5851		
㮲	tsʰeu1	ceu1	chou1	赣			4238		
㮴	sau1	sau1	㮴5	赣			4690		
㮶	sɔʔ7	sok6	shuo4	赣			5690		
㮷	tɕi1	ji1	ji1	赣			4576		
㮿	pit7	bit6	bi4	赣			5859		
㯂	tai5	dai4	dai4	赣			4248		
㯃	tɕʰit7	qit6	qi1	赣			4972		
㯄	tsɿ1	zi1	zhi1	赣			5839		
㯅	pi1	bi1	pi2	赣			5361		
㯅	pʰi2	pi2	pi2	赣			5888		
㯉	tɕʰy1	qyu1	huo4	赣			4634		
㯊	hen2	hen2	hen2	赣			5342		
㯋	kuen3	gun3	jiong3	赣			5336		
㯋	tɕiɔŋ3	jiong3	jiong3	赣			4729		
㯍	tɕiɔŋ3	jiong3	jiang3	赣			5036		
㯓	tʰat7	tat6	ta4	赣			5602		
㯔	tsʰui3	cui3	cui4	赣			4369		
㯕	ɕi1	xi1	xi1	赣			5666		
㯙	tsʰet8	cet7	zhe2	赣			4128		
㯚	tat7	dat6	ta1	赣			5977		
㯛	fu5	fu4	hu2	赣			4584		
㯜	sen1	sen1	cui4	赣			5685		
㯞	tɕyon5	jyuon4	juan4	赣			5507		
㯟	luʔ7	luk6	lu4	赣			4253		
㯠	tɕʰien3	qien3	qian4	赣			5844		
㯡	pʰau2	pau2	pao4	赣			4571		
㯫	tɕʰy2	qyu2	qu2	赣			4646		
㯬	lien3	lien3	lian3	赣			5224		
㯮	suʔ8	suk7	shu2	赣			5513		
㯯	kuŋ5	gung4	gong4	赣			4531		
㯱	pʰau1	pau1	pao1	赣			4497		
㯲	tɕin5	jin4	jin4	赣			4188		
㯳	tɕin3	jin3	qing2	赣			4962		
㯸	tɕin3	jin3	jin3	赣			5639		
㯺	han6	han5	jian4	赣			4197		
㯺	hon3	hon3	jian4	赣			5329		
㯻	kun3	gun3	gun3	赣			4429		
㯽	pin1	bin1	bin1	赣			5392		
㯿	liet7	liet6	lie4	赣			5212		
㯿	iɛt8	yet7	lie4	赣			5602		
㰁	lo3	lo3	luo3	赣			5189		
㰂	sɨn3	sen3	shen3	赣			5028		
㰂	ɕin3	xin3	shen3	赣			4304		
㰈	lien3	lien3	lian3	赣			4618		
㰊	tɕʰien2	qien2	xian2	赣			4706		
㰋	pʰin2	pin2	pin2	赣			4559		
㰍	luŋ5	lung4	long2	赣			5031		
㰘	i5	yi4	yi2	赣			4968		
㰚	li5	li4	li2	赣			4909		
㰠	hɔŋ1	hong1	hang1	赣			4178		
㰢	kʰien1	kien1	keng1	赣			4596		
㰣	tsɿ1	zi1	zi1	赣			4466		
㰣	tɕi5	ji4	zi1	赣			4865		
㰤	kʰa3	ka3	he1	赣			5337		
㰤	ho3	ho3	he1	赣			4878		
㰥	ɕi5	xi4	xi4	赣			5098		
㰨	hai1	hai1	xia1	赣			5737		
㰪	ua1	wa1	gui1	赣			4332		
㰪	kui1	gui1	gui1	赣			4614		
㰬	ɕyn1	xyun1	xun2	赣			5431		
㰭	ɕy1	xyu1	xu1	赣			4816		
㰮	sen6	sen5	shen4	赣			5135		
㰮	ɕin6	xin5	shen4	赣			5784		
㰯	tʰeu3	teu3	kou4	赣			4584		
㰯	heu3	heu3	kou4	赣			4443		
㰰	hat7	hat6	xia1	赣			5618		
㰲	yt7	yut6	yu1	赣			4781		
㰳	ŋa5	nga4	ya4	赣			5894		
㰴	pʰu3	pu3	pou3	赣			4586		
㰶	pʰieu6	pieu5	you3	赣			5931		
㰹	han1	han1	xian1	赣			4238		
㰻	i3	yi3	yi3	赣			5000		
㰽	ien5	yen4	yan4	赣			5222		
㱀	tsʰɿ3	ci3	chi3	赣			5372		
㱂	kʰɔŋ1	kong1	kang1	赣			4144		
㱃	in3	yin3	yin3	赣			4259		
㱄	het7	het6	hei1	赣			4936		
㱇	set7	set6	se4	赣			5227		
㱊	iu1	yiu1	you1	赣			5174		
㱍	lon5	lon4	luan2	赣			5970		
㱎	kun1	gun1	kun1	赣			4033		
㱒	ho1	ho1	㱒5	赣			5639		
㱕	kui1	gui1	㱕5	赣			5824		
㱖	tsʰui6	cui5	cui4	赣			4836		
㱙	ɕiu3	xiu3	xiu3	赣			5602		
㱚	tsʰan2	can2	can2	赣			4837		
㱚	uat7	wat6	can2	赣			4163		
㱜	tsat7	zat6	zha2	赣			4129		
㱞	ȵit7	nit6	yi4	赣			5531		
㱟	pʰi1	pi1	pi1	赣			4391		
㱟	pʰi3	pi3	pi1	赣			5250		
㱠	kʰu1	ku1	ku1	赣			4205		
㱡	sen1	sen1	sheng1	赣			5011		
㱣	tʰui3	tui3	tui3	赣			4111		
㱤	ɕit7	xit6	xi1	赣			5258		
㱥	lin6	lin5	ling2	赣			5276		
㱥	lin5	lin4	ling2	赣			5177		
㱦	tɕʰi1	qi1	qi1	赣			4639		
㱩	tʰuʔ8	tuk7	du2	赣			4665		
㱬	ui3	wui3	wei3	赣			5600		
㱮	kʰui3	kui3	kuai4	赣			4642		
㱯	kai1	gai1	ai2	赣			4534		
㱯	ŋai5	ngai4	ai2	赣			5908		
㱱	fɨi6	fei5	hui4	赣			4096		
㱱	fɨi6	fei5	hui4	赣			5138		
㱲	i5	yi4	yi4	赣			4413		
㱳	met7	met6	mo4	赣			5986		
㱴	tsʰɿ6	ci5	zi4	赣			5111		
㱵	fɨn5	fen4	fen4	赣			5749		
㱵	fun5	fun4	fen4	赣			5394		
㱸	pʰet8	pet7	bi4	赣			4938		
㱻	lo6	lo5	luo4	赣			5549		
㱽	tsɛn3	zen3	zhen3	赣			4332		
㱽	tɕin3	jin3	zhen3	赣			4020		
㱾	kʰai1	kai1	gai1	赣			5064		
㱿	kʰɔʔ7	kok6	que4	赣			5212		
㲀	tsɨn1	zen1	zhen1	赣			5751		
㲄	kʰuʔ7	kuk6	jue2	赣			4145		
㲅	tɕi5	ji4	ji4	赣			4322		
㲈	seu5	seu4	shao2	赣			4588		
㲉	kʰɔʔ7	kok6	que4	赣			5752		
㲉	kʰuʔ7	kuk6	que4	赣			4252		
㲋	tsʰɔʔ7	cok6	chuo4	赣			4966		
㲍	tsɿ1	zi1	zhi1	赣			5152		
㲏	pʰau1	pau1	pao1	赣			5395		
㲓	ɕy5	xyu4	rong2	赣			4233		
㲔	ɕien1	xien1	xian1	赣			5821		
㲕	lot7	lot6	lei4	赣			4556		
㲖	ɕieu1	xieu1	xiao1	赣			5062		
㲗	fu1	fu1	fu1	赣			4162		
㲚	sa1	sa1	sha1	赣			5318		
㲝	mau6	mau5	rong3	赣			4812		
㲞	sut7	sut6	su1	赣			5621		
㲟	in3	yin3	ying3	赣			5402		
㲡	lai6	lai5	nai4	赣			5381		
㲢	pʰien6	pien5	bian4	赣			4085		
㲥	tʰɔŋ2	tong2	tang2	赣			4410		
㲦	hon6	hon5	han4	赣			5030		
㲪	ten1	den1	deng1	赣			5800		
㲫	pʰuʔ8	puk7	pu2	赣			5803		
㲬	tɕieu1	jieu1	jiao1	赣			4987		
㲰	len5	len4	ning2	赣			5477		
㲱	liet7	liet6	lie4	赣			4555		
㲲	tʰiet8	tiet7	die2	赣			4605		
㲳	tset7	zet6	die2	赣			5259		
㲳	tɕit7	jit6	die2	赣			5177		
㲺	tɕit7	jit6	ji2	赣			5317		
㲼	ȵi6	ni5	yi4	赣			4125		
㲽	ȵien6	nien5	nian4	赣			4053		
㲽	sɔŋ1	song1	nian4	赣			5009		
㲿	uɔŋ3	wong3	wang3	赣			4830		
㳀	kuo5	guo4	guo4	赣			4209		
㳁	tset7	zet6	ze4	赣			5131		
㳂	yon5	yuon4	yan2	赣			5666		
㳄	ɕien5	xien4	xian2	赣			5401		
㳅	liu5	liu4	jiao3	赣			5716		
㳐	tsʰat8	cat7	zha2	赣			5488		
㳔	tʰui6	tui5	dui4	赣			5328		
㳕	lan3	lan3	lan2	赣			4805		
㳗	tsʰai3	cai3	chai4	赣			4242		
㳘	tsʰuŋ1	cung1	chong1	赣			5001		
㳙	tɕyon1	jyuon1	xuan4	赣			4908		
㳛	y5	yu4	yu2	赣			4827		
㳛	iu5	yiu4	yu2	赣			5602		
㳠	tʰat7	tat6	ta4	赣			5991		
㳡	uo1	wo1	guo1	赣			4543		
㳥	luŋ6	lung5	long4	赣			4888		
㳦	hai6	hai5	xie4	赣			5831		
㳧	tsʰet7	cet6	che4	赣			4292		
㳨	tsat7	zat6	jian3	赣			5730		
㳬	ɕyon5	xyuon4	xuan2	赣			5846		
㳬	ɕyon6	xyuon5	xuan2	赣			5761		
㳶	leu3	leu3	nou3	赣			4900		
㳹	uɔŋ3	wong3	wang3	赣			5435		
㳻	tset7	zet6	ze2	赣			5873		
㴂	tʰan1	tan1	tan1	赣			4442		
㴄	uen3	wun3	yong3	赣			5860		
㴄	uŋ3	wung3	yong3	赣			5337		
㴋	ɕieu1	xieu1	su4	赣			4230		
㴋	ɕiuʔ7	xiuk6	su4	赣			4475		
㴐	mien6	mien5	mian4	赣			5710		
㴒	it7	yit6	yi4	赣			4767		
㴥	tɕʰieu3	qieu3	qiao4	赣			4285		
㴦	kuŋ1	gung1	guan4	赣			5967		
㴧	ɕit7	xit6	xi1	赣			5992		
㴫	kun5	gun4	jun4	赣			5382		
㴬	ɕia6	xia5	xie4	赣			5464		
㴯	tsɿ1	zi1	zhi1	赣			5606		
㴲	sɿ1	si1	si1	赣			4870		
㴴	tsʰan6	can5	chen2	赣			4793		
㴸	sen3	sen3	shan3	赣			5634		
㴽	ɕiet7	xiet6	xie4	赣			4103		
㵂	ɕy5	xyu4	shu4	赣			4693		
㵅	tʰan1	tan1	tan1	赣			5778		
㵋	mai3	mai3	mi4	赣			5740		
㵋	mit7	mit6	mi4	赣			4073		
㵎	kan5	gan4	jian4	赣			5599		
㵐	tɕʰyot7	qyuot6	jue2	赣			5235		
㵑	ho6	ho5	he4	赣			5085		
㵒	fɨi6	fei5	fei4	赣			5672		
㵒	fɨi6	fei5	fei4	赣			4919		
㵝	i6	yi5	yi4	赣			5358		
㵞	tsʰeu2	ceu2	chou2	赣			5444		
㵟	mi5	mi4	㵟5	赣			4648		
㵟	ui5	wui4	㵟5	赣			5464		
㵣	kʰot7	kot6	ke3	赣			4979		
㵧	kot7	got6	ge2	赣			5741		
㵨	pʰi3	pi3	pi4	赣			5485		
㵩	i6	yi5	yi4	赣			5477		
㵫	lit7	lit6	ni4	赣			5928		
㵫	ȵit7	nit6	ni4	赣			4054		
㵺	pʰai3	pai3	pai4	赣			5517		
㵻	ɕiu1	xiu1	xiu1	赣			4493		
㵽	lui3	lui3	lei3	赣			4280		
㵿	ɕieu6	xieu5	xiao4	赣			5719		
㶀	kau1	gau1	jiao1	赣			5828		
㶁	kuet7	guet6	guo2	赣			4267		
㶄	ien5	yen4	yan2	赣			4105		
㶉	tɕʰi1	qi1	xi1	赣			5769		
㶌	lien5	lien4	lian2	赣			4332		
㶏	in3	yin3	yin1	赣			5272		
㶒	tʰan3	tan3	shan3	赣			5079		
㶔	pʰai6	pai5	bei4	赣			5136		
㶕	kan3	gan3	jian3	赣			5486		
㶖	suʔ7	suk6	shu4	赣			4085		
㶗	fan6	fan5	fan4	赣			4452		
㶘	tʰien6	tien5	dian4	赣			4171		
㶛	y5	yu4	yu2	赣			4330		
㶣	tʰan2	tan2	chan2	赣			5720		
㶣	tsʰen2	cen2	chan2	赣			4835		
㶧	len3	len3	nen4	赣			5657		
㶧	lun3	lun3	nen4	赣			5278		
㶳	tɕʰin6	qin5	jin4	赣			4879		
㶴	tsʰɿ3	ci3	chi3	赣			4965		
㶼	ɕi1	xi1	ai1	赣			5877		
㶼	ŋai1	ngai1	ai1	赣			4403		
㶿	pʰet8	pet7	bo2	赣			4956		
㷄	fɨi3	fei3	hui3	赣			4920		
㷄	fɨi3	fei3	hui3	赣			4660		
㷄	kuon5	guon4	hui3	赣			4049		
㷅	tsʰat7	cat6	chao3	赣			4836		
㷆	fu6	fu5	fu4	赣			5792		
㷇	kʰui1	kui1	hui1	赣			4324		
㷉	ui5	wui4	wei4	赣			4984		
㷒	ȵy5	nyu4	yu2	赣			4744		
㷓	tsuŋ3	zung3	zong3	赣			5271		
㷓	tsʰuŋ1	cung1	zong3	赣			5999		
㷟	tʰui1	tui1	tui4	赣			5812		
㷠	lin5	lin4	lin2	赣			5072		
㷤	fuʔ7	fuk6	hu4	赣			5441		
㷭	fuŋ1	fung1	㷭5	赣			5907		
㷮	tsau1	zau1	zao1	赣			5081		
㷰	tsʰɿ1	ci1	chi1	赣			4321		
㷰	li5	li4	chi1	赣			4688		
㷳	ŋon6	ngon5	yan4	赣			4436		
㷷	tsui1	zui1	juan3	赣			4207		
㷸	iet7	yet6	die2	赣			4546		
㷹	tsʰau6	cau5	zhao4	赣			4867		
㸃	tien3	dien3	dian3	赣			4910		
㸅	tɕiet7	jiet6	jie2	赣			5041		
㸊	lai6	lai5	lai4	赣			5399		
㸎	ȵiet7	niet6	nie4	赣			4909		
㸒	in5	yin4	yin2	赣			4032		
㸙	tsa1	za1	zhe1	赣			5991		
㸚	li3	li3	li3	赣			5368		
㸚	li6	li5	li3	赣			4741		
㸛	seu5	seu4	shao2	赣			4629		
㸡	ɕy5	xyu4	shu1	赣			4503		
㸢	pʰi6	pi5	bei4	赣			5161		
㸣	ȵiet7	niet6	ye4	赣			5319		
㸤	pʰien3	pien3	pian4	赣			4882		
㸪	sun5	sun4	chun2	赣			4621		
㸪	ɕyn5	xyun4	chun2	赣			4228		
㸬	pi5	bi4	bei4	赣			4560		
㸰	tʰo2	to2	tuo2	赣			5530		
㸰	kʰuo1	kuo1	tuo2	赣			5776		
㸲	tsʰɔʔ7	cok6	zuo2	赣			4039		
㸲	tsʰɔʔ8	cok7	zuo2	赣			4532		
㸳	lin5	lin4	ling2	赣			4538		
㸶	ŋan1	ngan1	yan1	赣			4644		
㸸	heu3	heu3	hou3	赣			4300		
㸹	lot7	lot6	lie4	赣			5439		
㸼	fuŋ1	fung1	㸼5	赣			5653		
㹁	liɔŋ5	liong4	liang2	赣			4145		
㹁	liɔŋ6	liong5	liang2	赣			5075		
㹂	tɕʰien3	qien3	qian3	赣			5530		
㹃	fɨi5	fei4	fei4	赣			5455		
㹃	fɨi5	fei4	fei4	赣			4456		
㹄	tɕit7	jit6	ji4	赣			5889		
㹉	ȵyon5	nyuon4	yuan2	赣			4578		
㹊	ŋɔʔ7	ngok6	yue4	赣			4352		
㹌	san3	san3	chan3	赣			4792		
㹍	tʰit8	tit7	di2	赣			4295		
㹏	tɕin3	jin3	jin3	赣			5197		
㹒	pʰɔʔ7	pok6	pu3	赣			4657		
㹔	tɕiɔŋ1	jiong1	jiang1	赣			4600		
㹗	tʰau1	tau1	tao1	赣			5989		
㹘	ɵ6	o5	ru4	赣			4938		
㹛	leu5	leu4	rao2	赣			5687		
㹜	ȵin5	nin4	yin2	赣			4166		
㹞	ȵin5	nin4	yin2	赣			4835		
㹠	tʰɨn2	ten2	tun2	赣			4377		
㹠	tʰun2	tun2	tun2	赣			4696		
㹤	tɕʰiet7	qiet6	qie4	赣			5808		
㹥	tɕy5	jyu4	zhu4	赣			4085		
㹧	ŋɔŋ1	ngong1	㹧5	赣			5672		
㹭	i6	yi5	yi4	赣			5046		
㹮	met7	met6	mo4	赣			5656		
㹯	ɕiu1	xiu1	㹯5	赣			5898		
㹱	tɕʰiɔʔ7	qiok6	que4	赣			4420		
㹱	tɕʰiuʔ7	qiuk6	que4	赣			5017		
㹲	hau1	hau1	xiao1	赣			5652		
㹳	u5	wu4	wu2	赣			4139		
㹶	tʰin2	tin2	ting2	赣			5033		
㹺	tʰat7	tat6	ta4	赣			4561		
㹼	tɕiuʔ7	jiuk6	ju2	赣			4987		
㹾	pʰieu6	pieu5	piao3	赣			4038		
㺁	lau3	lau3	nao3	赣			4276		
㺂	ŋan5	ngan4	yan2	赣			4355		
㺇	sɿ1	si1	si1	赣			4786		
㺊	iɔŋ6	yong5	yang4	赣			5179		
㺌	han6	han5	xian4	赣			5810		
㺌	ɕien6	xien5	xian4	赣			4686		
㺍	pʰin2	pin2	pin2	赣			5043		
㺎	iuŋ5	yung4	rong2	赣			4634		
㺑	san1	san1	shan1	赣			4854		
㺑	san3	san3	shan1	赣			4840		
㺒	lau3	lau3	xiao1	赣			4345		
㺒	hau6	hau5	xiao1	赣			5539		
㺔	hai3	hai3	hai4	赣			4226		
㺕	fan5	fan4	fan2	赣			4742		
㺕	pʰien6	pien5	fan2	赣			4521		
㺖	han3	han3	han3	赣			5455		
㺛	tɕy5	jyu4	zhu4	赣			5371		
㺝	han6	han5	han4	赣			5523		
㺞	y5	yu4	yu2	赣			5800		
㺟	tsʰɔʔ7	cok6	zhuo2	赣			5639		
㺟	tsʰɔʔ8	cok7	zhuo2	赣			4727		
㺣	ɕi1	xi1	xi1	赣			5948		
㺥	tsʰan2	can2	chan2	赣			4730		
㺦	lien5	lien4	lian2	赣			5643		
㺧	ɕieu1	xieu1	㺧5	赣			5173		
㺨	sɿ1	si1	si1	赣			5958		
㺪	pʰɔʔ7	pok6	pu2	赣			5565		
㺴	pat7	bat6	ba1	赣			5334		
㺹	pʰien6	pien5	bian4	赣			4749		
㺺	mau6	mau5	mao4	赣			4096		
㺿	i5	yi4	yi2	赣			5612		
㻀	y5	yu4	yu2	赣			4870		
㻅	kʰuai3	kuai3	hui4	赣			4050		
㻆	ɕyon6	xyuon5	㻆5	赣			5709		
㻌	tʰu1	tu1	tu2	赣			4661		
㻍	u5	wu4	wu2	赣			4100		
㻒	tɕʰyn6	qyun5	jun4	赣			5198		
㻗	pʰi6	pi5	bei4	赣			5104		
㻝	lat7	lat6	la4	赣			5799		
㻞	pin1	bin1	bin1	赣			5229		
㻫	pit7	bit6	bi4	赣			4281		
㻬	tʰu1	tu1	tu1	赣			4720		
㻯	tʰu1	tu1	tu2	赣			5903		
㻷	tɕit7	jit6	ji2	赣			4251		
㻸	tsen1	zen1	zen1	赣			5274		
㻾	iuŋ1	yung1	yong1	赣			5642		
㻿	suʔ8	suk7	shu3	赣			4832		
㼉	tsʰen6	cen5	zhen4	赣			5057		
㼉	tɕʰin6	qin5	zhen4	赣			4870		
㼋	ku1	gu1	gu1	赣			4363		
㼋	ɵ3	o3	gu1	赣			4428		
㼌	y3	yu3	yu3	赣			5799		
㼎	pʰɔʔ7	pok6	bo2	赣			4889		
㼎	pʰɔʔ8	pok7	bo2	赣			5759		
㼏	lui3	lui3	nei3	赣			4008		
㼐	pʰien2	pien2	pian2	赣			5400		
㼑	lien6	lien5	lian4	赣			4207		
㼒	tʰɔŋ3	tong3	tang3	赣			5730		
㼔	uen1	wun1	wen1	赣			4263		
㼕	tɔŋ1	dong1	dang1	赣			5359		
㼗	tʰin2	tin2	ting2	赣			5302		
㼛	ɕin5	xin4	xing2	赣			4329		
㼟	pet7	bet6	bo2	赣			5770		
㼠	tʰo2	to2	tuo2	赣			4569		
㼡	ɕy5	xyu4	shu1	赣			4277		
㼢	i5	yi4	yi2	赣			4131		
㼤	tɕʰiet7	qiet6	qie4	赣			5542		
㼥	kʰau3	kau3	tou3	赣			4915		
㼦	kuŋ3	gung3	gong3	赣			4311		
㼧	tʰuŋ2	tung2	tong2	赣			4515		
㼪	tɕiet7	jiet6	jie2	赣			4545		
㼬	hen2	hen2	xing4	赣			5257		
㼭	tʰien6	tien5	dian4	赣			5369		
㼮	tsʰai1	cai1	chai1	赣			5054		
㼯	tuŋ5	dung4	dong4	赣			5323		
㼰	pʰi2	pi2	pi2	赣			4256		
㼱	ȵyon3	nyuon3	ruan3	赣			4987		
㼲	liet7	liet6	lie4	赣			4445		
㼳	sen3	sen3	sheng3	赣			5039		
㼴	ŋieu3	ngieu3	ou3	赣			4465		
㼵	tʰi6	ti5	di4	赣			4194		
㼶	y5	yu4	yu2	赣			5898		
㼸	iuŋ5	yung4	rong2	赣			4006		
㼹	kʰɔŋ1	kong1	kang1	赣			5170		
㼺	tʰɔŋ2	tong2	tang2	赣			5060		
㼻	tsʰuŋ2	cung2	cong2	赣			5564		
㼽	tsʰɔŋ3	cong3	chuang3	赣			5883		
㼽	sɔŋ3	song3	chuang3	赣			5183		
㼾	luʔ7	luk6	lu4	赣			4721		
㼿	tʰuŋ2	tung2	tong2	赣			4957		
㼿	tsuŋ5	zung4	tong2	赣			5131		
㽀	tsʰen6	cen5	zheng4	赣			5814		
㽀	tɕʰin6	qin5	zheng4	赣			4957		
㽁	lit7	lit6	li4	赣			5265		
㽃	pʰon1	pon1	pan1	赣			4987		
㽄	sɿ1	si1	si1	赣			5854		
㽄	ɕi1	xi1	si1	赣			5015		
㽅	ten1	den1	㽅5	赣			5188		
㽇	fuʔ8	fuk7	hu2	赣			4477		
㽈	ȵi6	ni5	yi4	赣			4975		
㽉	han6	han5	xian4	赣			4651		
㽌	liu6	liu5	liu4	赣			5097		
㽎	tʰan2	tan2	tan2	赣			5052		
㽎	ɕin1	xin1	tan2	赣			4348		
㽐	ɕien1	xien1	㽐5	赣			5636		
㽑	tʰan2	tan2	tan2	赣			5947		
㽘	kɔŋ3	gong3	gang3	赣			5677		
㽚	tsʰət7	cet6	chi4	赣			5952		
㽚	tɕʰit7	qit6	chi4	赣			5812		
㽡	pi1	bi1	bei1	赣			5522		
㽤	tɕiuʔ7	jiuk6	ju2	赣			5092		
㽥	leu5	leu4	rou2	赣			4494		
㽦	ɕyn5	xyun4	xun2	赣			4545		
㽨	tsʰo2	co2	cuo2	赣			5827		
㽩	tsʰan3	can3	can4	赣			5270		
㽬	pʰɛt7	pet6	fu4	赣			5344		
㽰	su1	su1	shu4	赣			4543		
㽱	kau3	gau3	jiao3	赣			5381		
㽱	tɕiu1	jiu1	jiao3	赣			4446		
㽲	ɕiu3	xiu3	jiao3	赣			5658		
㽳	ɕy1	xyu1	xu1	赣			4874		
㽴	tsʰɔŋ6	cong5	zhang4	赣			5285		
㽵	tsɔŋ1	zong1	㽵5	赣			4561		
㽷	sui5	sui4	shui4	赣			5468		
㽸	tsʰen2	cen2	chen2	赣			4193		
㽸	tɕʰin2	qin2	chen2	赣			5829		
㽹	fan5	fan4	fan3	赣			4234		
㽺	hot7	hot6	ji2	赣			4277		
㽺	tɕit7	jit6	ji2	赣			4447		
㽻	tsɿ1	zi1	zhi1	赣			4595		
㽽	ku5	gu4	gu4	赣			4772		
㽾	ut7	wut6	wu4	赣			4437		
㽿	kuo1	guo1	㽿5	赣			4973		
㽿	kʰuo1	kuo1	㽿5	赣			5833		
㾀	tɕʰiet7	qiet6	qie4	赣			4479		
㾁	fɨt7	fet6	shu4	赣			5684		
㾁	fuʔ7	fuk6	shu4	赣			4381		
㾂	hai1	hai1	hai1	赣			4241		
㾄	tʰuʔ8	tuk7	du2	赣			4263		
㾆	len5	len4	ran2	赣			5368		
㾆	tsʰen1	cen1	ran2	赣			5501		
㾇	muʔ7	muk6	mu4	赣			5378		
㾈	fu6	fu5	fu4	赣			4417		
㾉	lin5	lin4	ling2	赣			4881		
㾊	set7	set6	ji2	赣			5589		
㾋	ɕiu1	xiu1	xiu1	赣			4585		
㾍	lai5	lai4	nai2	赣			5628		
㾏	kai5	gai4	jie4	赣			5702		
㾐	li6	li5	li4	赣			4582		
㾑	tat7	dat6	da2	赣			5877		
㾓	yon1	yuon1	yuan1	赣			4329		
㾕	sen3	sen3	shen3	赣			4296		
㾖	li3	li3	li3	赣			4646		
㾖	li5	li4	li3	赣			4365		
㾙	ɕin5	xin4	xin4	赣			5202		
㾛	tɕʰin3	qin3	qin3	赣			4737		
㾜	tɕʰiet7	qiet6	qie4	赣			5775		
㾞	iu5	yiu4	you2	赣			5044		
㾢	lai5	lai4	ai4	赣			4626		
㾢	lai6	lai5	ai4	赣			4302		
㾤	kʰɔŋ1	kong1	qiang1	赣			4154		
㾦	pʰi1	pi1	pei4	赣			5761		
㾧	kʰuo3	kuo3	kuo4	赣			4919		
㾨	tɕʰi3	qi3	yi1	赣			5789		
㾨	i1	yi1	yi1	赣			4972		
㾩	kuai1	guai1	guai1	赣			5816		
㾪	sen3	sen3	sheng3	赣			5999		
㾫	pʰien1	pien1	pian1	赣			5519		
㾭	tsau5	zau4	zhou4	赣			5548		
㾭	tseu5	zeu4	zhou4	赣			4984		
㾯	fɨi1	fei1	hui1	赣			4677		
㾯	fɨi1	fei1	hui1	赣			4556		
㾰	fu5	fu4	hu2	赣			4657		
㾶	kut7	gut6	gu3	赣			4330		
㾷	sɿ1	si1	xi1	赣			4689		
㾷	ɕi1	xi1	xi1	赣			4482		
㾹	tsʰai2	cai2	chai2	赣			4763		
㾹	tsʰai6	cai5	chai2	赣			4800		
㾺	ma6	ma5	ma4	赣			5368		
㾻	tɕʰy2	qyu2	zhu4	赣			5372		
㾾	ɕien1	xien1	xian1	赣			5687		
㿃	tai5	dai4	zhi4	赣			4728		
㿄	i1	yi1	ai4	赣			5254		
㿄	ŋai5	ngai4	ai4	赣			5273		
㿉	tʰui2	tui2	tui3	赣			4791		
㿊	tɕʰien1	qien1	can3	赣			4457		
㿋	sau5	sau4	sao4	赣			4425		
㿌	ɕien1	xien1	xian1	赣			4690		
㿎	fɨn6	fen5	fen4	赣			5725		
㿎	fun6	fun5	fen4	赣			5334		
㿑	iɔʔ7	yok6	yao4	赣			5382		
㿒	tsʰɛu6	ceu5	dao3	赣			5158		
㿓	kat7	gat6	jia2	赣			5702		
㿕	ien5	yen4	yan2	赣			4248		
㿙	pʰi3	pi3	pi4	赣			5820		
㿚	lo6	lo5	luo4	赣			5585		
㿛	li6	li5	li4	赣			4103		
㿟	tɕieu3	jieu3	bai2	赣			5457		
㿣	hot7	hot6	he1	赣			4979		
㿥	hɔʔ7	hok6	he2	赣			4789		
㿩	tʰɔŋ3	tong3	tang3	赣			5253		
㿪	fon5	fon4	huan2	赣			5344		
㿬	pa1	ba1	ba1	赣			5136		
㿭	tsʰet7	cet6	che4	赣			4067		
㿮	in1	yin1	yang4	赣			5496		
㿮	iɔŋ5	yong4	yang4	赣			5621		
㿯	tat7	dat6	da2	赣			4240		
㿱	ɕyot8	xyuot7	xue2	赣			4384		
㿴	tat7	dat6	da1	赣			4678		
㿷	tsʰui3	cui3	cuo2	赣			5795		
㿷	tsʰau3	cau3	cuo2	赣			4175		
㿸	uan3	wan3	wan3	赣			4475		
㿸	uan6	wan5	wan3	赣			4512		
㿺	pɔʔ7	bok6	bao2	赣			5783		
㿻	kon1	gon1	gan1	赣			4908		
㿼	ȵien5	nien4	yan2	赣			4040		
㿿	ŋa3	nga3	ya3	赣			5653		
䀀	fan5	fan4	fan4	赣			5807		
䀁	iu3	yiu3	you4	赣			4507		
䀁	iu6	yiu5	you4	赣			4228		
䀂	ŋon1	ngon1	an1	赣			5843		
䀄	muŋ5	mung4	meng2	赣			5834		
䀈	tɕʰi3	qi3	ji4	赣			5817		
䀈	ɕi3	xi3	ji4	赣			4968		
䀊	kau3	gau3	jiao3	赣			5720		
䀊	hau6	hau5	jiao3	赣			4571		
䀌	ɕit7	xit6	xi4	赣			4670		
䀍	tʰan6	tan5	kan4	赣			4898		
䀏	ɕyon6	xyuon5	xuan4	赣			4741		
䀐	san1	san1	shan1	赣			5635		
䀐	san5	san4	shan1	赣			4490		
䀓	fon6	fon5	huan4	赣			4438		
䀕	tsʰen6	cen5	zhen4	赣			5782		
䀕	tɕʰin6	qin5	zhen4	赣			5700		
䀗	tɕyot7	jyuot6	jue2	赣			5172		
䀘	fɨi5	fei4	xie2	赣			5451		
䀘	fɨi5	fei4	xie2	赣			4137		
䀙	tɕʰi3	qi3	qi4	赣			4591		
䀛	mai6	mai5	mei4	赣			4226		
䀛	mot7	mot6	mei4	赣			5503		
䀟	fɨi6	fei5	fan2	赣			5526		
䀟	fɨi6	fei5	fan2	赣			4254		
䀠	tɕy1	jyu1	ju4	赣			4521		
䀠	tɕy5	jyu4	ju4	赣			4627		
䀡	tien1	dien1	chan4	赣			5292		
䀢	sun5	sun4	shun4	赣			4640		
䀣	pi5	bi4	bi4	赣			4404		
䀣	mat7	mat6	bi4	赣			4207		
䀥	sɔʔ7	sok6	shuo4	赣			4832		
䀨	fat7	fat6	hua4	赣			5030		
䀩	lɔʔ7	lok6	luo4	赣			4159		
䀫	kat7	gat6	jia2	赣			5286		
䀬	tson1	zon1	quan2	赣			4085		
䀬	tɕʰyon2	qyuon2	quan2	赣			5698		
䀮	mɔŋ5	mong4	huang1	赣			5578		
䀮	fɔŋ1	fong1	huang1	赣			4165		
䀰	kuʔ7	guk6	gu3	赣			5595		
䀴	ȵin3	nin3	ying3	赣			5889		
䀴	ŋat7	ngat6	ying3	赣			5262		
䀵	sɿ1	si1	shun4	赣			4705		
䀶	liɔŋ6	liong5	liang4	赣			5643		
䀷	tɕiet7	jiet6	jie2	赣			5888		
䀼	ȵin6	nin5	chen1	赣			5972		
䀽	ien5	yen4	yan2	赣			5723		
䀿	tset7	zet6	di4	赣			4750		
䁁	liɔŋ6	liong5	liang4	赣			5872		
䁂	han6	han5	xian4	赣			5684		
䁅	men3	men3	meng3	赣			5397		
䁆	iet7	yet6	ye4	赣			4813		
䁇	mit7	mit6	mi4	赣			4657		
䁇	mit7	mit6	mi4	赣			4719		
䁈	tɕʰi3	qi3	qi4	赣			4173		
䁈	tu3	du3	qi4	赣			4765		
䁊	ȵi6	ni5	wo4	赣			4421		
䁊	uot7	wot6	wo4	赣			5147		
䁋	tʰiet8	tiet7	xie4	赣			4548		
䁋	ɕiet7	xiet6	xie4	赣			4669		
䁌	yt7	yut6	yu4	赣			4206		
䁍	kʰat7	kat6	qia4	赣			4792		
䁎	tsʰen2	cen2	cheng2	赣			4227		
䁒	tɕit7	jit6	ji2	赣			4762		
䁔	ɕyon1	xyuon1	xuan1	赣			4770		
䁕	min5	min4	min2	赣			4830		
䁖	li5	li4	lou1	赣			5593		
䁖	leu5	leu4	lou1	赣			5254		
䁘	ieu3	yeu3	yao3	赣			5603		
䁙	ŋan5	ngan4	yan3	赣			4221		
䁛	kui5	gui4	gui4	赣			5694		
䁜	fɔŋ3	fong3	huang4	赣			5869		
䁝	in5	yin4	ying2	赣			4544		
䁢	ɕyon5	xyuon4	xuan2	赣			4900		
䁤	fɨi3	fei3	che4	赣			5527		
䁤	fɨi5	fei4	che4	赣			4437		
䁤	fɨi3	fei3	che4	赣			4261		
䁤	fɨi5	fei4	che4	赣			4359		
䁦	tɕʰy3	qyu3	qu4	赣			4020		
䁨	fɔʔ7	fok6	huo4	赣			4497		
䁩	ȵy5	nyu4	yu2	赣			4491		
䁬	tsʰen2	cen2	ceng2	赣			5706		
䁮	tɕʰien2	qien2	qian2	赣			5151		
䁮	tɕʰien6	qien5	qian2	赣			5775		
䁱	kʰieu1	kieu1	kou1	赣			4438		
䁱	ŋieu1	ngieu1	kou1	赣			5772		
䁲	mai5	mai4	mai2	赣			4213		
䁳	mɔŋ3	mong3	mang3	赣			4533		
䁴	tsen3	zen3	zhan3	赣			4309		
䁴	sen3	sen3	zhan3	赣			4490		
䁵	pien3	bien3	bian3	赣			5154		
䁷	kɔʔ7	gok6	jue2	赣			4670		
䁸	lɔŋ5	long4	nang2	赣			4092		
䁺	sɛt7	set6	shi4	赣			4700		
䁺	ɕit7	xit6	shi4	赣			5143		
䁽	liet7	liet6	lie4	赣			5268		
䁾	miet7	miet6	mie4	赣			5251		
䁿	met7	met6	mo4	赣			5189		
䂃	tɕieu5	jieu4	jiao4	赣			5676		
䂄	ɕiɔʔ7	xiok6	huo4	赣			4925		
䂇	ȵiuʔ7	niuk6	niu3	赣			5313		
䂈	tʰuŋ2	tung2	tong2	赣			4540		
䂌	tsʰuŋ1	cung1	chong1	赣			5739		
䂏	tieu1	dieu1	diao1	赣			4747		
䂐	tsot7	zot6	zhuo1	赣			4526		
䂐	tsuʔ7	zuk6	zhuo1	赣			4988		
䂑	tɕi1	ji1	ji1	赣			5917		
䂒	kʰat7	kat6	qia4	赣			4253		
䂕	fɨi3	fei3	hui4	赣			4312		
䂕	fɨi3	fei3	hui4	赣			4489		
䂚	hau2	hau2	yao2	赣			4187		
䂪	tɕʰieu3	qieu3	qiao3	赣			4616		
䂬	kuŋ3	gung3	gong3	赣			5092		
䂬	tɕʰiuŋ2	qiung2	gong3	赣			5155		
䂭	kʰau1	kau1	qiao1	赣			5091		
䂮	liɔʔ7	liok6	lve4	赣			5485		
䂳	tsʰa3	ca3	cuo3	赣			5941		
䂳	tsʰo3	co3	cuo3	赣			5026		
䂵	kuŋ1	gung1	gong1	赣			5733		
䂸	kuet7	guet6	guo2	赣			4530		
䂹	tɕi3	ji3	suo3	赣			5225		
䂹	set7	set6	suo3	赣			5024		
䂻	tsʰen6	cen5	zheng4	赣			4640		
䂽	tʰieu6	tieu5	diao4	赣			4269		
䂿	tʰat8	tat7	ta4	赣			4235		
䃀	tsʰui3	cui3	cui4	赣			4941		
䃁	ŋa1	nga1	ya1	赣			5614		
䃂	kun3	gun3	gun3	赣			4780		
䃅	ti1	di1	di1	赣			5273		
䃊	tɕy3	jyu3	ju3	赣			4865		
䃊	tɕit7	jit6	ju3	赣			4219		
䃍	tʰui6	tui5	zhao4	赣			5402		
䃒	het8	het7	he2	赣			5959		
䃓	kieu5	gieu4	gou4	赣			5759		
䃔	fuŋ5	fung4	hong2	赣			4348		
䃔	fuŋ6	fung5	hong2	赣			5620		
䃕	lɔʔ7	lok6	lao2	赣			5172		
䃖	u3	wu3	wu4	赣			5454		
䃗	tsʰɔʔ7	cok6	bo1	赣			5015		
䃚	tsʰuʔ7	cuk6	cu4	赣			4327		
䃛	lien5	lien4	lian2	赣			4139		
䃜	i1	yi1	yi1	赣			5746		
䃞	suʔ8	suk7	shu2	赣			4556		
䃤	ɕieu3	xieu3	su4	赣			4933		
䃤	ɕiuʔ7	xiuk6	su4	赣			5250		
䃧	luŋ5	lung4	long2	赣			5606		
䃫	tan3	dan3	dan3	赣			5294		
䃬	ui3	wui3	wei3	赣			5106		
䃭	kon3	gon3	gan3	赣			4552		
䃳	liet7	liet6	la4	赣			4606		
䃴	tɕy1	jyu1	zhu1	赣			4598		
䃵	ȵieu3	nieu3	niao3	赣			5969		
䃸	ɕien5	xien4	xian4	赣			5224		
䃺	mo6	mo5	mo2	赣			4463		
䃽	kui3	gui3	gui3	赣			4487		
䃾	pi3	bi3	bi3	赣			5106		
䃿	fu1	fu1	fu1	赣			5420		
䄃	iɔŋ1	yong1	yang1	赣			5102		
䄆	kuat7	guat6	huo2	赣			4936		
䄆	uot8	wot7	huo2	赣			5255		
䄈	tʰeu6	teu5	dou4	赣			5375		
䄉	ŋo5	ngo4	e2	赣			5097		
䄌	tsui5	zui4	zhui4	赣			4187		
䄍	tsʰa6	ca5	zha4	赣			4031		
䄓	fen5	fen4	huang2	赣			5409		
䄓	uɔŋ5	wong4	huang2	赣			5022		
䄘	pʰen2	pen2	peng2	赣			4832		
䄚	tsʰau2	cau2	cao2	赣			5877		
䄝	tsʰɔŋ1	cong1	chuang1	赣			4374		
䄠	sen6	sen5	shan4	赣			4592		
䄤	lai6	lai5	lai4	赣			4662		
䄩	it7	yit6	yi4	赣			5819		
䄪	tieu3	dieu3	diao3	赣			4848		
䄬	i5	yi4	yi2	赣			5140		
䄮	fu1	fu1	fu1	赣			5189		
䄱	fɔŋ1	fong1	fang1	赣			5043		
䄲	lui6	lui5	rui4	赣			4745		
䄶	pʰet8	pet7	bi4	赣			4044		
䄶	pʰet8	pet7	bi4	赣			4105		
䄷	sɛt7	set6	shi2	赣			4966		
䄻	tsʰau2	cau2	tao2	赣			4853		
䄼	tʰien3	tien3	tian3	赣			4473		
䄿	i6	yi5	yi4	赣			4519		
䅀	li6	li5	lie4	赣			5755		
䅀	liet7	liet6	lie4	赣			5055		
䅂	hɔʔ8	hok7	he2	赣			5711		
䅃	tɕʰiuŋ2	qiung2	qiong2	赣			5855		
䅃	tɕʰiuŋ6	qiung5	qiong2	赣			4579		
䅉	ŋa5	nga4	ya4	赣			5634		
䅊	tsʰa6	ca5	cha2	赣			5658		
䅌	tɕyon1	jyuon1	juan1	赣			5184		
䅏	ui3	wui3	hui4	赣			5732		
䅑	sui1	sui1	rui2	赣			4306		
䅓	tɕy3	jyu3	ju3	赣			5842		
䅗	sui5	sui4	sui4	赣			4510		
䅘	lai5	lai4	lai2	赣			4377		
䅚	tɕʰyon3	qyuon3	quan3	赣			5358		
䅜	tʰo6	to5	duo4	赣			4171		
䅜	sui6	sui5	duo4	赣			4843		
䅝	kʰuŋ1	kung1	kong1	赣			5986		
䅟	san1	san1	can3	赣			5928		
䅡	ɕy3	xyu3	xu3	赣			5481		
䅢	tɕiu5	jiu4	jiu4	赣			4059		
䅣	fɔŋ5	fong4	huang2	赣			4213		
䅥	kʰot7	kot6	jie2	赣			4461		
䅧	ien1	yen1	yan1	赣			4977		
䅧	in5	yin4	yan1	赣			4165		
䅩	tsɿ3	zi3	zhi3	赣			4717		
䅬	ŋai5	ngai4	ai4	赣			5348		
䅭	pʰɔŋ2	pong2	pang2	赣			5402		
䅵	tsɔʔ7	zok6	zhuo2	赣			4612		
䅵	kuʔ7	guk6	zhuo2	赣			5622		
䅷	tʰu2	tu2	tu2	赣			5602		
䅹	leu3	leu3	lou3	赣			4996		
䅻	li5	li4	li2	赣			4516		
䅼	man5	man4	man2	赣			4035		
䅾	tsʰen2	cen2	cen2	赣			4199		
䆀	mi6	mi5	mei3	赣			4049		
䆁	kau1	gau1	gao1	赣			4838		
䆂	lien5	lien4	lian2	赣			5096		
䆃	tʰau6	tau5	dao4	赣			5642		
䆄	tsen3	zen3	zhan3	赣			5576		
䆅	tsʰɿ2	ci2	zi1	赣			4933		
䆊	tsʰui6	cui5	cui4	赣			5701		
䆍	luŋ5	lung4	long2	赣			5512		
䆎	ɕien5	xien4	xian1	赣			5874		
䆏	fɨi6	fei5	fei4	赣			4258		
䆏	fɨi6	fei5	fei4	赣			5463		
䆑	tsʰen2	cen2	cheng2	赣			5518		
䆕	yot7	yuot6	yue4	赣			5789		
䆘	ŋat7	ngat6	ya1	赣			5128		
䆚	tʰuŋ2	tung2	tong2	赣			5443		
䆝	ɕyot7	xyuot6	xue4	赣			5811		
䆞	ieu3	yeu3	yao3	赣			4609		
䆞	ieu5	yeu4	yao3	赣			4391		
䆟	kʰot7	kot6	ke4	赣			5123		
䆢	yot7	yuot6	yue4	赣			4243		
䆨	ȵin5	nin4	ning2	赣			5034		
䆫	tsʰɔŋ1	cong1	chuang1	赣			4716		
䆱	tʰan1	tan1	tan1	赣			4741		
䆱	tʰan3	tan3	tan1	赣			4853		
䆵	tsʰen2	cen2	cheng2	赣			5100		
䆷	ɕyot7	xyuot6	xue4	赣			5966		
䆸	tsen1	zen1	zheng1	赣			4336		
䆽	tɕʰy2	qyu2	qu2	赣			5695		
䆾	lan5	lan4	lan2	赣			5872		
䆾	lan6	lan5	lan2	赣			5279		
䆿	ȵi6	ni5	yi4	赣			4780		
䇂	tɕʰien1	qien1	qian1	赣			5539		
䇎	tɕʰiɔʔ7	qiok6	que4	赣			5338		
䇏	tui3	dui3	dui4	赣			4904		
䇐	li6	li5	li4	赣			5451		
䇑	pʰa6	pa5	ba4	赣			5924		
䇔	lo6	lo5	luo4	赣			4861		
䇗	tsuŋ1	zung1	zhong1	赣			5620		
䇘	fu6	fu5	hu4	赣			5951		
䇜	tɕʰien3	qien3	qian3	赣			4706		
䇝	tɕien1	jien1	䇝5	赣			5689		
䇞	kon1	gon1	gan1	赣			5907		
䇞	kon3	gon3	gan1	赣			4294		
䇦	ŋɔŋ3	ngong3	ang3	赣			4460		
䇨	kuŋ5	gung4	gong4	赣			4702		
䇩	i6	yi5	yi4	赣			5871		
䇫	tɕi1	ji1	ji1	赣			5551		
䇬	tɕʰy1	qyu1	zhu1	赣			4712		
䇮	len3	len3	ren4	赣			5648		
䇮	ȵin3	nin3	ren4	赣			4526		
䇯	luŋ5	lung4	rong2	赣			5402		
䇯	iuŋ5	yung4	rong2	赣			4459		
䇲	kat7	gat6	ce4	赣			4764		
䇷	piet7	biet6	bie2	赣			4058		
䇸	tsʰen2	cen2	cheng2	赣			5303		
䇸	tɕʰin2	qin2	cheng2	赣			5413		
䇹	tɕyn1	jyun1	jun4	赣			4998		
䇽	tsɿ5	zi4	zhe2	赣			5771		
䇽	tɕi5	ji4	zhe2	赣			5258		
䇾	ȵien5	nien4	yan2	赣			5626		
䈀	san1	san1	san1	赣			5652		
䈀	san5	san4	san1	赣			5332		
䈁	lɨn5	len4	lun2	赣			5065		
䈁	lun5	lun4	lun2	赣			5978		
䈂	pʰin2	pin2	ping2	赣			4817		
䈃	tseu3	zeu3	zhao3	赣			5665		
䈄	hon2	hon2	han2	赣			4160		
䈇	tsau5	zau4	zhao4	赣			4592		
䈈	fɨi5	fei4	fei2	赣			5517		
䈈	fɨi5	fei4	fei2	赣			5068		
䈉	sat7	sat6	sha4	赣			4222		
䈉	tɕiet7	jiet6	sha4	赣			5360		
䈋	tʰat7	tat6	ta4	赣			4213		
䈎	tsʰet7	cet6	ye4	赣			5343		
䈎	iɛt8	yet7	ye4	赣			4387		
䈏	pʰɔʔ7	pok6	bao2	赣			4555		
䈏	pʰɔʔ8	pok7	bao2	赣			4182		
䈐	kui5	gui4	gui4	赣			4546		
䈑	kua3	gua3	gua3	赣			5136		
䈒	lan3	lan3	nan3	赣			4432		
䈓	kot7	got6	ge2	赣			4884		
䈕	sɿ5	si4	shi2	赣			5064		
䈖	kʰuo1	kuo1	ke1	赣			4610		
䈗	so3	so3	suo3	赣			4570		
䈙	tsʰɛu6	ceu5	zhou4	赣			4794		
䈙	tɕʰiu6	qiu5	zhou4	赣			4458		
䈚	tʰai6	tai5	tai2	赣			5987		
䈛	kuai5	guai4	kuai4	赣			4394		
䈛	kʰuai3	kuai3	kuai4	赣			5754		
䈜	tɕʰin3	qin3	qin4	赣			4198		
䈝	ɕy1	xyu1	xu1	赣			5724		
䈠	fon6	fon5	huan3	赣			4136		
䈥	tɕin1	jin1	jin1	赣			4980		
䈪	ɕit7	xit6	xi4	赣			5721		
䈮	tɕy5	jyu4	ju4	赣			5733		
䈰	sau1	sau1	shao1	赣			4816		
䈱	tʰau1	tau1	tao1	赣			4971		
䈲	pon1	bon1	ban1	赣			5228		
䈲	pʰon2	pon2	ban1	赣			5354		
䈳	tʰat8	tat7	ta4	赣			5313		
䈵	uŋ1	wung1	weng1	赣			4424		
䈵	uŋ3	wung3	weng1	赣			5769		
䈶	iuŋ5	yung4	rong2	赣			4584		
䈸	fuʔ8	fuk7	hu2	赣			4114		
䈺	tsuŋ1	zung1	zhong1	赣			5530		
䈻	pʰu2	pu2	pu2	赣			4744		
䈿	mit7	mit6	mi4	赣			4445		
䉁	lin5	lin4	ling2	赣			5869		
䉂	lui3	lui3	lei3	赣			5195		
䉃	tɕiɔŋ3	jiong3	jiang3	赣			5236		
䉈	san3	san3	san3	赣			5754		
䉈	sat7	sat6	san3	赣			5855		
䉉	fu5	fu4	gu1	赣			4028		
䉉	ku1	gu1	gu1	赣			5718		
䉋	mi6	mi5	mei4	赣			5360		
䉌	sui6	sui5	sui4	赣			4798		
䉎	tʰɔŋ2	tong2	tang2	赣			5908		
䉔	tsʰan1	can1	can1	赣			5094		
䉚	men5	men4	meng2	赣			4821		
䉛	yt7	yut6	yu4	赣			4973		
䉞	tan3	dan3	dan3	赣			4975		
䉠	mi5	mi4	wei2	赣			5130		
䉠	ui5	wui4	wei2	赣			5281		
䉢	set7	set6	se4	赣			5784		
䉣	ɕia5	xia4	xie4	赣			4273		
䉤	su3	su3	sou3	赣			5149		
䉤	seu3	seu3	sou3	赣			5779		
䉥	suŋ3	sung3	song3	赣			4104		
䉦	tɕʰien1	qien1	qian1	赣			5018		
䉧	liu3	liu3	liu2	赣			5456		
䉧	liu5	liu4	liu2	赣			4919		
䉨	ȵi6	ni5	yi4	赣			4570		
䉭	liet7	liet6	lie4	赣			4385		
䉮	lin6	lin5	lin4	赣			4355		
䉰	kau1	gau1	xiao4	赣			4974		
䉳	ɕien1	xien1	xian1	赣			4300		
䉳	ɕien3	xien3	xian1	赣			5349		
䉴	lɔŋ5	long4	rang2	赣			4657		
䉵	tsʰon6	con5	zhuan4	赣			5680		
䉷	ȵien5	nien4	yan2	赣			4627		
䉹	lin5	lin4	ling2	赣			5506		
䉺	fuŋ5	fung4	hong2	赣			5428		
䉻	tɕʰi2	qi2	qi2	赣			5956		
䉽	pon3	bon3	ban3	赣			4951		
䉾	pi5	bi4	bi4	赣			5294		
䊀	fu5	fu4	hu2	赣			4755		
䊆	tɕʰiu6	qiu5	jiu4	赣			4338		
䊈	mi5	mi4	mei2	赣			5898		
䊉	san3	san3	san3	赣			5400		
䊊	ui6	wui5	wei4	赣			5412		
䊋	tsɔŋ1	zong1	䊋5	赣			4066		
䊋	tsɔŋ5	zong4	䊋5	赣			4030		
䊎	tɕʰyon3	qyuon3	quan3	赣			5222		
䊓	tsʰɿ6	ci5	shi4	赣			4525		
䊓	sɿ5	si4	shi4	赣			4212		
䊝	ɕiet7	xiet6	xie4	赣			5454		
䊝	ɕit7	xit6	xie4	赣			5872		
䊞	tset7	zet6	zhe2	赣			5593		
䊟	mɨn5	men4	men2	赣			4727		
䊠	ɕi5	xi4	xi4	赣			5450		
䊡	mon5	mon4	man2	赣			4871		
䊤	tʰan2	tan2	tan2	赣			4428		
䊤	tʰan6	tan5	tan2	赣			5959		
䊦	iet7	yet6	ye4	赣			4586		
䊧	pʰi3	pi3	bi4	赣			4804		
䊧	fɨi5	fei4	bi4	赣			4309		
䊧	fɨi5	fei4	bi4	赣			4154		
䊫	tsʰui3	cui3	cui3	赣			4285		
䊬	tsʰa3	ca3	chua1	赣			4631		
䊮	tʰit7	tit6	di2	赣			4153		
䊮	tʰit8	tit7	di2	赣			4320		
䊳	mi5	mi4	mi2	赣			5585		
䊵	tɕʰiu2	qiu2	qiu2	赣			4679		
䋂	hau2	hau2	yao2	赣			5977		
䋈	ɵ5	o4	ru2	赣			4575		
䋉	ɕyot8	xyuot7	xue2	赣			4287		
䋊	tsɨn1	zen1	zheng1	赣			4771		
䋊	tɕin1	jin1	zheng1	赣			4409		
䋎	tsʰan6	can5	zhan4	赣			4095		
䋐	yot7	yuot6	yue4	赣			4289		
䋖	yt7	yut6	yu4	赣			4537		
䋛	mi3	mi3	mi3	赣			4268		
䋟	tɕʰi6	qi5	ji4	赣			5864		
䋢	piet7	biet6	bie1	赣			4668		
䋢	pʰiet7	piet6	bie1	赣			4217		
䋤	iɔʔ7	yok6	yue4	赣			4129		
䋨	fu3	fu3	fu3	赣			4658		
䋪	ŋo1	ngo1	e1	赣			4865		
䋫	tsen1	zen1	zheng1	赣			5229		
䋫	tsaŋ1	zang1	zheng1	赣			5930		
䋭	yt7	yut6	yu4	赣			5111		
䋰	tɕiuʔ7	jiuk6	ju2	赣			4388		
䋱	lai5	lai4	lai2	赣			5225		
䋵	i5	yi4	yi4	赣			4063		
䋵	lat7	lat6	yi4	赣			4398		
䋷	meu5	meu4	mou2	赣			5723		
䋷	mieu5	mieu4	mou2	赣			4166		
䋸	ɕyn5	xyun4	xun2	赣			4822		
䋾	tsa3	za3	zha3	赣			5677		
䌌	tɕʰiet7	qiet6	qi4	赣			4677		
䌎	liɔʔ7	liok6	lve4	赣			5195		
䌐	mit7	mit6	mi4	赣			5594		
䌑	tɕien1	jien1	jian1	赣			5639		
䌗	fu3	fu3	fu3	赣			5661		
䌘	piet7	biet6	bie4	赣			5687		
䌜	ȵiet7	niet6	nie4	赣			5407		
䌞	lien3	lien3	lian3	赣			5001		
䌠	tɕʰien1	qien1	jian1	赣			4416		
䌦	tʰau6	tau5	dao4	赣			5521		
䌦	tʰet8	tet7	dao4	赣			4973		
䌨	tsʰat7	cat6	ca1	赣			4176		
䌪	ien6	yen5	yan3	赣			5531		
䌭	tɕieu1	jieu1	jiao1	赣			5289		
䌳	tsʰɿ1	ci1	shi1	赣			5419		
䌳	sɿ1	si1	shi1	赣			5307		
䌴	lo6	lo5	luo4	赣			5975		
䌵	tsuʔ7	zuk6	zhu2	赣			4652		
䌶	tsɿ1	zi1	䌶5	赣			5828		
䌷	tsʰɛu2	ceu2	chou1	赣			4883		
䌷	tɕʰiu2	qiu2	chou1	赣			5606		
䌹	tɕiɔŋ1	jiong1	jiong3	赣			5127		
䌺	ɵ3	o3	er3	赣			4077		
䌼	tʰui6	tui5	rui4	赣			4040		
䌾	lɨn5	len4	ren2	赣			5919		
䌾	ȵin5	nin4	ren2	赣			4004		
䍃	iu5	yiu4	you2	赣			5127		
䍄	tien3	dien3	dian3	赣			5449		
䍆	tɕy3	jyu3	zhu4	赣			5891		
䍇	tʰat8	tat7	ta4	赣			5680		
䍊	kau1	gau1	jiao1	赣			5480		
䍊	tɕʰit7	qit6	jiao1	赣			4046		
䍌	pʰu6	pu5	bu4	赣			5910		
䍍	kieu5	gieu4	kou4	赣			5298		
䍎	tɕʰien3	qien3	cun4	赣			4407		
䍎	tsʰun3	cun3	cun4	赣			4823		
䍐	hon3	hon3	han3	赣			4384		
䍔	kuen1	gun1	gong1	赣			5112		
䍖	pʰau1	pau1	fu2	赣			4037		
䍖	feu5	feu4	fu2	赣			5126		
䍘	mi5	mi4	mi2	赣			5296		
䍙	mi6	mi5	mei2	赣			5784		
䍛	ku5	gu4	gu4	赣			4944		
䍜	tsau5	zau4	zhao4	赣			4848		
䍝	tʰat7	tat6	ta4	赣			5026		
䍠	li5	li4	li2	赣			5613		
䍡	luʔ7	luk6	lu4	赣			4411		
䍢	u5	wu4	wu2	赣			5104		
䍥	lit7	lit6	li4	赣			5535		
䍧	tsɔŋ1	zong1	䍧5	赣			5952		
䍨	pʰot7	pot6	po1	赣			5354		
䍫	tʰo2	to2	tuo2	赣			5483		
䍬	pʰen1	pen1	peng1	赣			5397		
䍮	tsʰeu6	ceu5	zhao4	赣			5852		
䍱	ɕy5	xyu4	xu2	赣			4765		
䍲	lai5	lai4	nai2	赣			5672		
䍴	ui3	wui3	wei3	赣			5879		
䍴	ui5	wui4	wei3	赣			5998		
䍶	tuŋ1	dung1	dong1	赣			4707		
䍸	pɔʔ7	bok6	bo2	赣			4757		
䍺	fan5	fan4	huan4	赣			5918		
䍺	fan6	fan5	huan4	赣			5145		
䍻	ɕyon5	xyuon4	xuan4	赣			5874		
䍻	ɕyon6	xyuon5	xuan4	赣			5647		
䍼	tsan1	zan1	zan1	赣			4775		
䍼	tsat7	zat6	zan1	赣			4564		
䍿	fɔŋ5	fong4	huang2	赣			5491		
䎀	ɕyot7	xyuot6	xue4	赣			5505		
䎂	pau3	bau3	bao3	赣			5067		
䎃	len3	len3	ran3	赣			5546		
䎄	ɕieu1	xieu1	xiao1	赣			5596		
䎈	i6	yi5	yi4	赣			5697		
䎌	tsʰuʔ7	cuk6	chu4	赣			5420		
䎑	luʔ7	luk6	lu4	赣			4110		
䎒	tsan3	zan3	zhan3	赣			4799		
䎒	tsen3	zen3	zhan3	赣			5807		
䎔	fu1	fu1	fu1	赣			5102		
䎕	fen1	fen1	hong1	赣			4161		
䎖	tsen1	zen1	zeng1	赣			5961		
䎗	tɕʰieu2	qieu2	qiao2	赣			4860		
䎘	suʔ7	suk6	su4	赣			5233		
䎘	ɕiuʔ7	xiuk6	su4	赣			5346		
䎠	ɵ5	o4	er2	赣			5966		
䎤	tɕʰiuʔ8	qiuk7	ju2	赣			4928		
䎦	ien6	yen5	yan3	赣			4478		
䎧	pʰɔŋ6	pong5	bang4	赣			5016		
䎨	iet7	yet6	ye4	赣			5383		
䎩	tsɿ1	zi1	zi1	赣			5398		
䎪	lɛt7	let6	ne4	赣			4238		
䎫	tsʰɔŋ1	cong1	chuang4	赣			5832		
䎫	tsʰɔŋ3	cong3	chuang4	赣			5164		
䎮	tʰi3	ti3	ti4	赣			5676		
䎯	hon3	hon3	han4	赣			5990		
䎰	tsʰɔʔ7	cok6	zuo2	赣			5521		
䎰	tsʰɔʔ8	cok7	zuo2	赣			5812		
䎳	uat7	wat6	wa4	赣			5852		
䎶	ɵ6	o5	er4	赣			4835		
䎷	fu5	fu4	zhu4	赣			4913		
䎷	tɕy5	jyu4	zhu4	赣			5746		
䎸	u6	wu5	wu4	赣			4444		
䎺	tsɿ5	zi4	zhi4	赣			4927		
䎺	tɕi5	ji4	zhi4	赣			4081		
䎿	tɕiu1	jiu1	qiu2	赣			4517		
䎿	tɕʰiu2	qiu2	qiu2	赣			4638		
䏁	tsai3	zai3	zai3	赣			4798		
䏂	seu3	seu3	sou3	赣			5989		
䏃	mien5	mien4	mian2	赣			4478		
䏄	ti3	di3	di3	赣			5504		
䏅	tɕʰi3	qi3	qi4	赣			5109		
䏆	tsʰau2	cau2	cao2	赣			4690		
䏆	tɕʰieu2	qieu2	cao2	赣			4613		
䏇	pʰieu3	pieu3	piao4	赣			5529		
䏉	sɛt7	set6	shi1	赣			4896		
䏉	ɕit7	xit6	shi1	赣			4482		
䏍	yon5	yuon4	yuan4	赣			5609		
䏐	tɕyot7	jyuot6	jue2	赣			5573		
䏒	pʰien3	pien3	pian4	赣			5749		
䏔	ȵiu3	niu3	niu3	赣			4062		
䏕	len3	len3	ren4	赣			4374		
䏕	ȵin3	nin3	ren4	赣			4145		
䏖	in3	yin3	zhen4	赣			4059		
䏘	pʰit7	pit6	pi4	赣			4390		
䏙	tʰan3	tan3	tan3	赣			5583		
䏝	tsʰon6	con5	zhuan1	赣			5114		
䏟	pʰiet8	piet7	bie2	赣			5044		
䏣	tɕʰy1	qyu1	jue2	赣			4884		
䏣	tɕʰy3	qyu3	jue2	赣			4126		
䏧	la5	la4	na4	赣			5782		
䏨	fɨi3	fei3	hui3	赣			5396		
䏨	fɨi3	fei3	hui3	赣			5667		
䏪	ɵ6	o5	er4	赣			4747		
䏰	lɨn6	len5	run4	赣			5321		
䏰	lun6	lun5	run4	赣			4642		
䏳	tset7	zet6	zhe4	赣			5784		
䏵	muŋ3	mung3	meng3	赣			4861		
䏷	hon6	hon5	han4	赣			4899		
䏼	tsʰan2	can2	can2	赣			5845		
䏼	tsʰan6	can5	can2	赣			4903		
䏽	pʰu6	pu5	bu4	赣			5433		
䏽	pʰeu3	peu3	bu4	赣			5206		
䏿	tɕʰi3	qi3	qi3	赣			4132		
䐀	tɕi5	ji4	ji4	赣			4174		
䐁	tsɔʔ7	zok6	zhuo2	赣			154523		
䐁	tuʔ7	duk6	zhuo2	赣			154523	底	
䐃	tɕʰyn6	qyun5	jun4	赣			5584		
䐄	han6	han5	xian4	赣			4957		
䐄	hon6	hon5	xian4	赣			4326		
䐅	ɕi1	xi1	xi1	赣			4366		
䐆	tsʰai3	cai3	cai3	赣			5828		
䐇	men3	men3	wen3	赣			4528		
䐈	tset7	zet6	zhi2	赣			4466		
䐎	ti1	di1	di1	赣			4119		
䐎	tʰi2	ti2	di1	赣			5299		
䐏	tsʰun3	cun3	chun3	赣			5756		
䐑	tsʰet8	cet7	zhe2	赣			5598		
䐒	tsa1	za1	zha1	赣			5980		
䐒	tsa5	za4	zha1	赣			5395		
䐓	leu5	leu4	rou2	赣			4960		
䐗	tɕy1	jyu1	zhu1	赣			5139		
䐘	tɕʰiɔʔ8	qiok7	jue2	赣			4346		
䐚	tɕit7	jit6	ji1	赣			5098		
䐜	tsʰen1	cen1	chen1	赣			4408		
䐜	tɕʰin1	qin1	chen1	赣			4163		
䐝	so5	so4	suo4	赣			10972		
䐞	lɔʔ7	lok6	ruo4	赣			4523		
䐠	hɔŋ1	hong1	huang3	赣			4053		
䐢	tsʰu3	cu3	zhu4	赣			5014		
䐢	tseu5	zeu4	zhu4	赣			5432		
䐣	sun3	sun3	sun3	赣			5724		
䐤	tsʰa1	ca1	chai1	赣			5903		
䐤	tsʰai1	cai1	chai1	赣			4559		
䐥	uŋ3	wung3	weng3	赣			4732		
䐨	kuʔ7	guk6	gu3	赣			4598		
䐩	kʰai3	kai3	gai1	赣			4805		
䐫	tsʰuŋ1	cung1	cong1	赣			5658		
䐬	tsʰau2	cau2	cao2	赣			4129		
䐮	tsʰan3	can3	chan3	赣			5234		
䐯	lui5	lui4	lei2	赣			4793		
䐲	tsʰɨt8	cet7	zhe2	赣			4005		
䐲	tɕʰit8	qit7	zhe2	赣			4241		
䐴	kui5	gui4	gui4	赣			4018		
䐶	tsan1	zan1	zan1	赣			5782		
䐶	tɕin3	jin3	zan1	赣			5724		
䐷	tan1	dan1	dan1	赣			4936		
䐸	fet7	fet6	huo4	赣			4569		
䐹	seu1	seu1	sou1	赣			5949		
䐹	ɕieu5	xieu4	sou1	赣			4345		
䐺	tʰan3	tan3	tan4	赣			5407		
䐻	ku1	gu1	gu1	赣			5412		
䐼	ɕi6	xi5	xi4	赣			4881		
䐼	ɕiet8	xiet7	xi4	赣			4095		
䐾	tʰɔʔ8	tok7	duo2	赣			5926		
䐿	ŋau3	ngau3	ao4	赣			5116		
䑁	uʔ7	wuk6	wu4	赣			4432		
䑃	muŋ5	mung4	meng2	赣			4675		
䑄	pʰi3	pi3	pi4	赣			5681		
䑄	pʰi6	pi5	pi4	赣			4861		
䑇	tset7	zet6	zhi4	赣			5736		
䑇	tɕit7	jit6	zhi4	赣			4767		
䑈	pɔʔ7	bok6	bo2	赣			4864		
䑋	lɔŋ3	long3	rang3	赣			5746		
䑎	tsʰan3	can3	chan3	赣			5649		
䑎	tɕʰien1	qien1	chan3	赣			4450		
䑏	tɕʰyon2	qyuon2	quan2	赣			5287		
䑑	pʰuʔ8	puk7	pu2	赣			5448		
䑔	fɨi5	fei4	fei4	赣			5227		
䑔	fɨi5	fei4	fei4	赣			4967		
䑔	fat8	fat7	fei4	赣			5781		
䑕	ɕy3	xyu3	shu3	赣			4426		
䑗	tʰɔŋ6	tong5	dang4	赣			5581		
䑘	tsʰo2	co2	cuo2	赣			4500		
䑜	tʰiet7	tiet6	ta4	赣			5823		
䑞	sun5	sun4	shun4	赣			5098		
䑠	lieu3	lieu3	liao3	赣			5617		
䑡	tsʰa1	ca1	䑡5	赣			5760		
䑢	ut7	wut6	䑢5	赣			5948		
䑣	tsʰen1	cen1	chen1	赣			4642		
䑣	tɕʰin1	qin1	chen1	赣			4506		
䑥	ŋot7	ngot6	e4	赣			4369		
䑦	kieu1	gieu1	gou1	赣			5892		
䑫	pen1	ben1	beng1	赣			5107		
䑯	tʰi6	ti5	di4	赣			4988		
䑳	lɨn5	len4	lun2	赣			4917		
䑳	lun5	lun4	lun2	赣			5027		
䑴	tɕʰi2	qi2	qi2	赣			4019		
䑶	tɕʰien3	qien3	qian4	赣			4763		
䑹	sau1	sau1	sou1	赣			5327		
䑼	tseu1	zeu1	zhou1	赣			5771		
䑽	tʰat7	tat6	ta4	赣			4781		
䑿	ɕiuʔ7	xiuk6	su4	赣			5815		
䒀	pʰu6	pu5	bu4	赣			4269		
䒀	fu1	fu1	bu4	赣			4081		
䒁	ɕit8	xit7	xi2	赣			4265		
䒆	tsʰet7	cet6	che4	赣			4042		
䒈	fɨi6	fei5	fei4	赣			4722		
䒈	fɨi6	fei5	fei4	赣			5523		
䒉	u3	wu3	wu3	赣			4720		
䒊	ɕi1	xi1	xi1	赣			5147		
䒌	min6	min5	ming4	赣			4294		
䒍	pʰɔŋ3	pong3	pang3	赣			4454		
䒎	mɔŋ3	mong3	mang3	赣			4587		
䒏	sen1	sen1	seng1	赣			4676		
䒐	men5	men4	meng2	赣			4614		
䒒	tieu1	dieu1	tiao2	赣			4210		
䒓	kʰai3	kai3	kai3	赣			4248		
䒕	ɕieu3	xieu3	xiao3	赣			4232		
䒗	tɕʰit7	qit6	qi4	赣			4449		
䒗	ɕit7	xit6	qi4	赣			4461		
䒘	sui1	sui1	䒘5	赣			4968		
䒚	seu3	seu3	shao3	赣			4183		
䒞	tsʰen2	cen2	chen2	赣			5260		
䒢	ŋɔŋ5	ngong4	ang2	赣			4875		
䒢	ȵiɔŋ3	niong3	ang2	赣			5365		
䒦	fan1	fan1	fan4	赣			5668		
䒦	fan5	fan4	fan4	赣			4625		
䒧	tɕʰy1	qyu1	qu1	赣			4837		
䒧	tɕʰy3	qyu3	qu1	赣			5676		
䒨	sɿ6	si5	shi3	赣			4767		
䒩	fo5	fo4	he2	赣			4609		
䒪	pʰien6	pien5	bian4	赣			5788		
䒰	kʰuɔŋ1	kuong1	kuang1	赣			5486		
䒱	tsɨn1	zen1	䒱5	赣			5625		
䒱	tɕin1	jin1	䒱5	赣			5554		
䒲	tsa5	za4	cha4	赣			5269		
䒴	iu3	yiu3	you3	赣			4089		
䒶	tʰien1	tien1	䒶5	赣			5835		
䒷	kuɔʔ7	guok6	gua1	赣			4132		
䒸	ɕyot7	xyuot6	xue4	赣			4189		
䒹	lui6	lui5	lei4	赣			5092		
䒼	tɕʰiuʔ7	qiuk6	qu1	赣			4920		
䓂	ȵien5	nien4	yan2	赣			5750		
䓃	it7	yit6	yi4	赣			4763		
䓄	ȵin5	nin4	yin2	赣			5854		
䓈	ui3	wui3	yi4	赣			5644		
䓈	yt7	yut6	yi4	赣			5887		
䓉	ia5	ya4	ye2	赣			4820		
䓊	u5	wu4	wu2	赣			4166		
䓌	tsɿ5	zi4	zhi4	赣			4405		
䓍	hon6	hon5	han3	赣			5859		
䓏	fu1	fu1	fu1	赣			5430		
䓓	tsʰɛu2	ceu2	chou2	赣			5591		
䓓	tɕʰiu2	qiu2	chou2	赣			4700		
䓕	ui3	wui3	tuo3	赣			4881		
䓖	tɕʰiuŋ2	qiung2	qiong2	赣			5517		
䓘	kau1	gau1	gao1	赣			4904		
䓙	kʰua1	kua1	kua1	赣			4339		
䓛	kut7	gut6	qu1	赣			5445		
䓜	tsɿ1	zi1	zhi1	赣			4115		
䓞	li6	li5	li4	赣			5482		
䓠	tat7	dat6	ta4	赣			4159		
䓠	tʰat7	tat6	ta4	赣			5116		
䓨	in1	yin1	ying1	赣			4373		
䓭	tsʰat8	cat7	cha4	赣			5724		
䓮	mau3	mau3	mao4	赣			5474		
䓮	meu6	meu5	mao4	赣			5732		
䓳	hai2	hai2	hen3	赣			4851		
䓳	hen2	hen2	hen3	赣			5416		
䓴	lon3	lon3	ruan3	赣			5389		
䓴	ȵyon3	nyuon3	ruan3	赣			5849		
䓵	fu1	fu1	fu1	赣			4016		
䓶	lai6	lai5	lai4	赣			4032		
䓶	lat7	lat6	lai4	赣			4163		
䓾	so1	so1	suo1	赣			5696		
䔁	lit7	lit6	li4	赣			4948		
䔂	tsɿ3	zi3	zi3	赣			4474		
䔃	tsu3	zu3	zu3	赣			5420		
䔄	ieu5	yeu4	yao2	赣			4801		
䔄	ieu6	yeu5	yao2	赣			5718		
䔇	tɕʰi3	qi3	qi3	赣			5129		
䔇	fɨi6	fei5	qi3	赣			5133		
䔇	fɨi6	fei5	qi3	赣			5123		
䔌	kau1	gau1	䔌5	赣			5071		
䔏	tsʰeu3	ceu3	chou4	赣			5967		
䔑	ɕia5	xia4	xie2	赣			4702		
䔑	ia5	ya4	xie2	赣			5981		
䔕	pʰu2	pu2	pu2	赣			5142		
䔖	lin5	lin4	ling2	赣			4423		
䔚	sun5	sun4	chun2	赣			4549		
䔛	tɕʰyn3	qyun3	qing3	赣			5677		
䔜	tʰan1	tan1	nan2	赣			5904		
䔞	lɛt7	let6	lv4	赣			4033		
䔟	i5	yi4	yi2	赣			5196		
䔠	sau3	sau3	shao3	赣			4846		
䔬	i6	yi5	yi4	赣			5562		
䔭	ȵin3	nin3	ning4	赣			4991		
䔮	sɿ1	si1	si1	赣			5715		
䔯	kʰu3	ku3	ku4	赣			5121		
䔰	fu5	fu4	fu4	赣			4411		
䔰	fuʔ7	fuk6	fu4	赣			4212		
䔲	ten1	den1	deng1	赣			4409		
䔴	tsʰet7	cet6	ce4	赣			4135		
䔵	kan1	gan1	䔵5	赣			5899		
䔷	tɕʰin2	qin2	qin2	赣			4089		
䔸	pieu3	bieu3	biao3	赣			4142		
䔺	ui3	wui3	wei2	赣			5692		
䔺	ui5	wui4	wei2	赣			5324		
䔽	ŋai5	ngai4	ai4	赣			4192		
䔾	tɕʰi3	qi3	qi4	赣			5064		
䔿	tsun3	zun3	zun3	赣			4323		
䕁	fɨi3	fei3	fei3	赣			4530		
䕁	fɨi3	fei3	fei3	赣			5793		
䕃	in5	yin4	yin4	赣			4294		
䕄	tsɨn1	zen1	䕄5	赣			4479		
䕄	tɕin1	jin1	䕄5	赣			4366		
䕅	sau3	sau3	sao3	赣			4502		
䕆	tʰeu6	teu5	dou4	赣			4649		
䕇	fɨi6	fei5	hui4	赣			5377		
䕇	fɨi6	fei5	hui4	赣			5871		
䕇	kui1	gui1	hui4	赣			4020		
䕈	ɕiet7	xiet6	xie4	赣			5791		
䕍	i6	yi5	yi4	赣			5921		
䕓	tsʰat8	cat7	cha2	赣			4586		
䕘	lin3	lin3	ling2	赣			4268		
䕘	lin5	lin4	ling2	赣			4575		
䕙	tɕʰiet8	qiet7	jie2	赣			5118		
䕞	lɔŋ6	long5	lang4	赣			5669		
䕡	li5	li4	lv2	赣			5922		
䕦	in5	yin4	ying2	赣			5948		
䕧	kau3	gau3	xiao4	赣			5993		
䕧	hau6	hau5	xiao4	赣			5188		
䕩	lau3	lau3	lao3	赣			5415		
䕪	tsʰet8	cet7	ze2	赣			4877		
䕭	tɕʰien2	qien2	qian2	赣			4087		
䕸	kai1	gai1	jie1	赣			5236		
䕸	hat8	hat7	jie1	赣			4015		
䕹	tsʰat8	cat7	za2	赣			4352		
䕹	tɕʰiet8	qiet7	za2	赣			5725		
䕺	tsʰuŋ2	cung2	cong2	赣			4495		
䕻	li5	li4	li4	赣			4213		
䕻	li6	li5	li4	赣			5762		
䕼	len5	len4	ran2	赣			5113		
䖃	iɔʔ7	yok6	yue4	赣			5176		
䖆	lɔŋ3	long3	niang4	赣			5955		
䖆	ȵiɔŋ6	niong5	niang4	赣			4012		
䖊	ȵi6	ni5	yi4	赣			4312		
䖏	tɕʰy3	qyu3	chu3	赣			5604		
䖐	ȵin5	nin4	yin2	赣			5381		
䖑	mit7	mit6	mi4	赣			4474		
䖒	ɕi1	xi1	xi1	赣			4632		
䖔	kʰon3	kon3	kan3	赣			4990		
䖔	hon3	hon3	kan3	赣			4375		
䖘	tʰu2	tu2	tu2	赣			4701		
䖙	tʰi1	ti1	ti1	赣			5989		
䖙	tʰi2	ti2	ti1	赣			5020		
䖜	ȵin5	nin4	yin2	赣			4919		
䖡	ȵiuʔ7	niuk6	nv4	赣			5195		
䖢	mieu5	mieu4	miao2	赣			4797		
䖤	yon3	yuon3	wan3	赣			5765		
䖦	tsot7	zot6	qu1	赣			5635		
䖧	lat7	lat6	na4	赣			4530		
䖩	pʰet8	pet7	bi4	赣			4398		
䖪	tsɿ1	zi1	zi1	赣			4038		
䖭	tɕyon5	jyuon4	juan4	赣			5572		
䖮	ɕiɔŋ3	xiong3	xiang3	赣			5108		
䖯	kʰui1	kui1	kui2	赣			4678		
䖱	kʰuɔŋ1	kuong1	kuang1	赣			5693		
䖲	ɕyn5	xyun4	xun2	赣			5529		
䖳	tsʰa6	ca5	zha4	赣			4122		
䖵	kun1	gun1	kun1	赣			5023		
䖶	fɨi1	fei1	hui1	赣			5238		
䖶	fɨi1	fei1	hui1	赣			5513		
䖹	mi3	mi3	yang2	赣			5833		
䖻	liu5	liu4	you2	赣			4763		
䗁	tɕʰi1	qi1	ji4	赣			5760		
䗁	tɕʰi6	qi5	ji4	赣			4750		
䗂	fu3	fu3	hu3	赣			5967		
䗃	tsʰan6	can5	zhan4	赣			4676		
䗆	kuon3	guon3	guan3	赣			4271		
䗇	tɕʰiuʔ8	qiuk7	ju2	赣			5818		
䗏	seu1	seu1	sou1	赣			4071		
䗐	sɿ1	si1	shi1	赣			4478		
䗐	sɿ5	si4	shi1	赣			4794		
䗓	tsʰuŋ1	cung1	cong1	赣			4244		
䗔	heu2	heu2	hou2	赣			4818		
䗖	ti5	di4	di4	赣			5773		
䗗	tɕi1	ji1	ji1	赣			5159		
䗘	kot7	got6	ge2	赣			4568		
䗚	pɔʔ7	bok6	bo2	赣			4498		
䗠	ɕyon5	xyuon4	xuan2	赣			4448		
䗡	ien5	yen4	yan2	赣			5196		
䗣	hon2	hon2	han4	赣			4092		
䗣	hon6	hon5	han4	赣			5994		
䗤	iuŋ5	yung4	yong2	赣			5862		
䗥	tsuŋ1	zung1	zong1	赣			4482		
䗥	tsʰuŋ1	cung1	zong1	赣			5979		
䗧	kʰɔŋ1	kong1	kang1	赣			5225		
䗪	tset7	zet6	zhe4	赣			4206		
䗯	tɕin5	jin4	jin4	赣			5632		
䗰	kuon5	guon4	guan4	赣			5018		
䗱	pʰuʔ8	puk7	pu2	赣			4740		
䗲	lin6	lin5	lin4	赣			4312		
䗵	tɕiɔŋ1	jiong1	jiang1	赣			4650		
䗶	lat7	lat6	la4	赣			5143		
䗷	it7	yit6	yi4	赣			5393		
䗽	ui6	wui5	wei4	赣			4073		
䘀	fu6	fu5	fu4	赣			4527		
䘃	met7	met6	mo4	赣			4262		
䘄	tɕy5	jyu4	zhu4	赣			5570		
䘅	lit7	lit6	nai2	赣			4708		
䘆	ɕien3	xien3	xian3	赣			5232		
䘆	ɕin3	xin3	xian3	赣			5878		
䘇	uen5	wun4	wen2	赣			4353		
䘌	ȵit7	nit6	ni4	赣			5453		
䘎	uan1	wan1	wan1	赣			4832		
䘒	tsui1	zui1	zui1	赣			4904		
䘓	kʰon3	kon3	kan4	赣			5607		
䘝	it7	yit6	yi4	赣			4084		
䘢	tɕy3	jyu3	zhu3	赣			5063		
䘨	tɕieu3	jieu3	jiao3	赣			4685		
䘪	tsʰuŋ1	cung1	chong1	赣			5533		
䘯	sau1	sau1	䘯5	赣			4844		
䘰	sen1	sen1	shan1	赣			5593		
䘰	ien5	yen4	shan1	赣			4586		
䘱	y6	yu5	yu4	赣			5414		
䘳	tɕin1	jin1	jin1	赣			5419		
䘷	piet7	biet6	bie1	赣			4138		
䘸	tset7	zet6	yi4	赣			30378		
䘸	tɕit7	jit6	yi4	赣			29309		
䘸	it7	yit6	yi4	赣			30077		
䘼	yon3	yuon3	wan3	赣			4333		
䘽	ȵi5	ni4	ni2	赣			5925		
䘾	kuon3	guon3	guan3	赣			4421		
䘾	kuon5	guon4	guan3	赣			5032		
䘿	tɕʰyt8	qyut7	jue2	赣			4117		
䙃	tʰo6	to5	duo4	赣			5468		
䙄	tsat7	zat6	qi4	赣			5492		
䙄	tsʰet7	cet6	qi4	赣			5666		
䙅	ieu1	yeu1	yao1	赣			5312		
䙇	lon5	lon4	ruan2	赣			4050		
䙇	ȵyon5	nyuon4	ruan2	赣			5052		
䙈	heu2	heu2	hou2	赣			5832		
䙌	kʰui3	kui3	kui4	赣			4954		
䙎	hai2	hai2	xie2	赣			4986		
䙏	pɔʔ7	bok6	bo2	赣			5239		
䙐	kʰiet7	kiet6	ke4	赣			5635		
䙕	tsuŋ3	zung3	zong3	赣			4557		
䙕	suŋ3	sung3	zong3	赣			4964		
䙘	tsʰu3	cu3	chu3	赣			5740		
䙘	tɕiuʔ7	jiuk6	chu3	赣			4109		
䙟	ui5	wui4	wei2	赣			4688		
䙢	tsen5	zen4	zeng4	赣			4227		
䙬	in5	yin4	ying4	赣			5425		
䙭	tɕien3	jien3	䙭5	赣			5127		
䙭	tɕʰien1	qien1	䙭5	赣			4804		
䙲	ɕyon5	xyuon4	䙲5	赣			5431		
䙵	fɨi5	fei4	xi1	赣			5014		
䙵	fɨi5	fei4	xi1	赣			5875		
䙷	ŋai6	ngai5	de2	赣			5160		
䙷	tet7	det6	de2	赣			4541		
䙼	seu6	seu5	shao4	赣			4134		
䙽	ɕiet7	xiet6	xie2	赣			4690		
䙾	sɿ1	si1	shi1	赣			4068		
䚄	luʔ7	luk6	lu4	赣			4884		
䚄	liuʔ7	liuk6	lu4	赣			5193		
䚅	lai6	lai5	lai4	赣			5806		
䚇	sen3	sen3	sheng3	赣			5329		
䚈	tɕyon5	jyuon4	juan4	赣			5822		
䚋	yn6	yun5	yun4	赣			4012		
䚌	kau1	gau1	䚌5	赣			4740		
䚎	tsʰɔŋ1	cong1	䚎5	赣			4602		
䚎	tsʰɔŋ3	cong3	䚎5	赣			4905		
䚐	tɕʰit7	qit6	ji2	赣			4762		
䚔	pin1	bin1	bin1	赣			5475		
䚕	li6	li5	li4	赣			5711		
䚘	tsʰen2	cen2	cheng2	赣			5251		
䚙	ɕi1	xi1	xuan1	赣			5398		
䚙	ɕyon1	xyuon1	xuan1	赣			4940		
䚜	pi1	bi1	bi1	赣			5124		
䚝	tsʰuʔ8	cuk7	zu2	赣			5658		
䚠	fɨn6	fen5	hun4	赣			5133		
䚠	fun6	fun5	hun4	赣			5835		
䚡	sai1	sai1	sai1	赣			4109		
䚢	tsʰet7	cet6	che4	赣			4141		
䚣	ti1	di1	ti2	赣			4196		
䚣	tʰi2	ti2	ti2	赣			5493		
䚥	lɔʔ7	lok6	nuo4	赣			4063		
䚦	tsʰɿ6	ci5	zhi4	赣			5543		
䚧	liu5	liu4	liu2	赣			5997		
䚨	fɨi5	fei4	fei4	赣			4073		
䚨	fɨi5	fei4	fei4	赣			5571		
䚨	pʰot8	pot7	fei4	赣			5739		
䚫	ɕit7	xit6	xi2	赣			5999		
䚭	ɕyon1	xyuon1	xuan1	赣			5478		
䚮	len1	len1	reng2	赣			5866		
䚳	tsɿ5	zi4	zhi4	赣			5348		
䚴	uat7	wat6	wa4	赣			4304		
䚷	i1	yi1	yi1	赣			5274		
䚷	i3	yi3	yi1	赣			4912		
䚹	pʰi3	pi3	pi3	赣			4701		
䚻	iu5	yiu4	yao2	赣			4390		
䛅	hat7	hat6	xia2	赣			5185		
䛆	tsʰɛu6	ceu5	zhou4	赣			4117		
䛆	tɕʰiu6	qiu5	zhou4	赣			4242		
䛈	sɿ5	si4	shi4	赣			5603		
䛋	tsʰɿ3	ci3	ji4	赣			5364		
䛋	tɕʰi6	qi5	ji4	赣			5159		
䛌	tʰau2	tau2	tao2	赣			4179		
䛍	fɨi5	fei4	fei4	赣			4933		
䛍	fɨi5	fei4	fei4	赣			5678		
䛎	ɕyot7	xyuot6	xue4	赣			5707		
䛕	y5	yu4	yu4	赣			5569		
䛗	tsɿ3	zi3	zhi3	赣			4068		
䛘	lɨn5	len4	ren2	赣			4711		
䛘	ȵin5	nin4	ren2	赣			5075		
䛚	liɔʔ7	liok6	lve4	赣			5906		
䛛	fɨi6	fei5	hui4	赣			4440		
䛛	fɨi6	fei5	hui4	赣			4780		
䛝	lau5	lau4	nao2	赣			5763		
䛞	hon6	hon5	han4	赣			5766		
䛠	teu5	deu4	dou4	赣			5227		
䛢	tʰo1	to1	tu1	赣			5550		
䛢	tʰuʔ7	tuk6	tu1	赣			4797		
䛥	ɕit7	xit6	xi1	赣			5226		
䛩	u3	wu3	wu4	赣			4518		
䛪	kʰuŋ3	kung3	qiong2	赣			4939		
䛬	tʰau2	tau2	tao2	赣			4821		
䛭	hen3	hen3	xing4	赣			4235		
䛮	tɕʰiu6	qiu5	jiu4	赣			5580		
䛹	tɕʰien3	qien3	can4	赣			4435		
䛻	iu3	yiu3	you4	赣			5863		
䛽	tsat7	zat6	zha3	赣			5228		
䛾	su5	su4	su4	赣			4340		
䜃	tui1	dui1	dui1	赣			4596		
䜅	ui5	wui4	wei2	赣			4122		
䜆	tset7	zet6	zhe2	赣			4194		
䜈	tsʰau1	cau1	chao1	赣			5563		
䜉	tsʰet7	cet6	chi1	赣			4928		
䜋	fɨi6	fei5	hui4	赣			5649		
䜋	fɨi6	fei5	hui4	赣			5113		
䜋	kʰui3	kui3	hui4	赣			4683		
䜌	lon5	lon4	luan2	赣			4187		
䜏	tʰo1	to1	tuo1	赣			4593		
䜐	fɨi1	fei1	hui1	赣			5552		
䜐	fɨi1	fei1	hui1	赣			4038		
䜑	u5	wu4	wu4	赣			5835		
䜒	ŋau5	ngau4	ao4	赣			4859		
䜕	mai6	mai5	mai4	赣			5145		
䜕	hai3	hai3	mai4	赣			5810		
䜙	ŋon5	ngon4	an2	赣			5178		
䜚	tʰat8	tat7	ta4	赣			5218		
䜜	ui6	wui5	wei4	赣			5231		
䜝	tʰon3	ton3	tuan3	赣			5812		
䜢	ɕien3	xien3	xian3	赣			4105		
䜣	ɕin1	xin1	xin1	赣			5007		
䜩	ien5	yen4	yan4	赣			4169		
䜪	tɕʰiu2	qiu2	qiu2	赣			5531		
䜫	kɔŋ1	gong1	jiang1	赣			4723		
䜮	lau5	lau4	liao2	赣			4674		
䜮	lieu5	lieu4	liao2	赣			5033		
䜯	tɕʰiuʔ8	qiuk7	ju2	赣			5490		
䜱	mon5	mon4	man3	赣			4487		
䜲	liet7	liet6	lie4	赣			5627		
䜴	tsʰu3	cu3	chu4	赣			4797		
䜶	hɔŋ2	hong2	xiang2	赣			4922		
䜷	tɕʰin1	qin1	qin1	赣			4489		
䜸	mi3	mi3	mei3	赣			5322		
䜺	tsʰet7	cet6	chai3	赣			5571		
䜼	kuʔ7	guk6	gu2	赣			4244		
䜽	y5	yu4	yu2	赣			4423		
䜾	in1	yin1	yin1	赣			4035		
䝁	lau5	lau4	lao2	赣			5174		
䝄	sɔŋ1	song1	shuang1	赣			5683		
䝋	tsuŋ5	zung4	zong4	赣			4183		
䝍	tɕyn5	jyun4	jun4	赣			4639		
䝏	li5	li4	lou2	赣			4538		
䝏	leu5	leu4	lou2	赣			5903		
䝐	ui3	wui3	wei2	赣			5127		
䝐	ui5	wui4	wei2	赣			5289		
䝑	tsʰuŋ1	cung1	chong1	赣			4828		
䝒	tsʰu6	cu5	zhu4	赣			5458		
䝕	tset7	zet6	zhe2	赣			5040		
䝖	tsau3	zau3	zhao3	赣			4826		
䝙	tɕʰy1	qyu1	chu1	赣			5797		
䝚	ȵi5	ni4	ni2	赣			4314		
䝜	son1	son1	suan1	赣			5289		
䝟	ŋat7	ngat6	ya4	赣			5423		
䝡	uan6	wan5	man4	赣			4290		
䝢	mon6	mon5	man4	赣			5121		
䝣	tɕʰy2	qyu2	qu2	赣			5455		
䝤	lau3	lau3	lao3	赣			4624		
䝤	tsau3	zau3	lao3	赣			4233		
䝦	tsuŋ1	zung1	zhong1	赣			5607		
䝪	su3	su3	shu3	赣			5812		
䝮	ɕyon6	xyuon5	xuan4	赣			4897		
䝶	liɔŋ5	liong4	liang2	赣			4646		
䝷	tsɿ1	zi1	zhi1	赣			4447		
䝸	tɕʰi6	qi5	ji4	赣			5411		
䝹	uon3	won3	wan3	赣			4265		
䞁	ien3	yen3	yan4	赣			5044		
䞁	ien5	yen4	yan4	赣			4071		
䞂	lon3	lon3	ruan3	赣			5181		
䞂	ȵyon3	nyuon3	ruan3	赣			4759		
䞃	tsɿ5	zi4	zhi4	赣			4636		
䞍	tɕʰin2	qin2	qing2	赣			5583		
䞍	tɕʰin6	qin5	qing2	赣			5972		
䞐	sun3	sun3	chun3	赣			5549		老1
䞔	ui3	wui3	wei3	赣			5651		
䞕	ɵ5	o4	ru2	赣			4477		
䞗	tsʰai1	cai1	cai1	赣			5502		
䞘	tɕʰit8	qit7	ji2	赣			5829		
䞙	tsat7	zat6	za2	赣			5974		
䞚	tɕʰi2	qi2	qi2	赣			4509		
䞚	tɕʰi3	qi3	qi2	赣			4735		
䞞	fɨt8	fet7	fu2	赣			4940		
䞞	fuʔ8	fuk7	fu2	赣			4809		
䞠	tset7	zet6	zhi1	赣			5074		
䞠	tɕit7	jit6	zhi1	赣			4412		
䞣	tsʰa3	ca3	che3	赣			4250		
䞣	tɕʰia3	qia3	che3	赣			5239		
䞤	fu3	fu3	qu2	赣			5324		
䞤	tɕʰy2	qyu2	qu2	赣			5328		
䞥	iu6	yiu5	you4	赣			4232		
䞦	het8	het7	he2	赣			4022		
䞧	heu6	heu5	hou4	赣			5856		
䞨	kʰui3	kui3	gui3	赣			5320		
䞩	hat8	hat7	e4	赣			4808		
䞪	tɕʰiɔŋ6	qiong5	jiang4	赣			4836		
䞭	tɕʰiu3	qiu3	cun1	赣			5498		
䞮	tʰu1	tu1	tu1	赣			5576		
䞯	fu5	fu4	fu4	赣			5069		
䞰	tsʰet8	cet7	zuo2	赣			5723		
䞳	pʰet8	pet7	bo2	赣			4458		
䞴	tsau1	zau1	zhao1	赣			4390		
䞴	tsau5	zau4	zhao1	赣			5253		
䞵	tɕyot7	jyuot6	jue3	赣			5694		
䞷	tɕʰyot8	qyuot7	jue2	赣			4684		
䞽	set7	set6	suo3	赣			4663		
䞾	tsʰɿ2	ci2	chi2	赣			5074		
䞿	tɕʰien1	qien1	qian1	赣			5831		
䞿	ɕien1	xien1	qian1	赣			5980		
䟂	mon5	mon4	man2	赣			5291		
䟂	mɨn5	men4	man2	赣			4851		
䟄	tsʰet8	cet7	qi4	赣			4019		
䟄	tɕʰit7	qit6	qi4	赣			5959		
䟅	tɕʰien6	qien5	jian4	赣			4205		
䟇	tɕi1	ji1	ji1	赣			5366		
䟉	tsuʔ7	zuk6	zhu2	赣			4754		
䟊	tɕʰy2	qyu2	qu2	赣			5152		
䟍	pien1	bien1	bian1	赣			5205		
䟍	ien3	yen3	bian1	赣			5389		
䟎	tsan5	zan4	䟎5	赣			4628		
䟎	tsʰan6	can5	䟎5	赣			4438		
䟏	lit7	lit6	li4	赣			4788		
䟏	sɔʔ7	sok6	li4	赣			5712		
䟑	iɔʔ7	yok6	yue4	赣			5148		
䟒	tɕʰyon2	qyuon2	quan2	赣			4453		
䟓	tsen1	zen1	cheng1	赣			4906		
䟔	fu5	fu4	fu4	赣			5274		
䟗	sɿ6	si5	shi4	赣			4295		
䟘	kɔŋ3	gong3	hang4	赣			4642		
䟘	hɔŋ6	hong5	hang4	赣			5012		
䟙	tɕʰiet7	qiet6	qie4	赣			5902		
䟛	fɨi5	fei4	bo2	赣			4323		
䟛	fɨi5	fei4	bo2	赣			5714		
䟛	pʰot8	pot7	bo2	赣			4178		
䟝	tʰeu3	teu3	tou4	赣			4835		
䟠	ɕyot7	xyuot6	yue4	赣			4652		
䟡	ti5	di4	zhi1	赣			4343		
䟣	tsʰuʔ7	cuk6	chu4	赣			5070		
䟧	tʰien2	tien2	tian2	赣			4128		
䟨	men3	men3	min2	赣			4155		
䟫	tsʰen2	cen2	cheng1	赣			4705		
䟫	tsʰɔŋ3	cong3	cheng1	赣			5444		
䟯	kʰuot7	kuot6	kuo4	赣			5824		
䟴	tsen5	zen4	zhen4	赣			4556		
䟴	tɕin5	jin4	zhen4	赣			4312		
䟵	tɕʰiu2	qiu2	qiu2	赣			4671		
䟷	tsʰɿ3	ci3	chi4	赣			5823		
䟷	tɕʰi3	qi3	chi4	赣			5822		
䟸	kui1	gui1	kui2	赣			4532		
䟸	kʰui2	kui2	kui2	赣			4711		
䟹	lot7	lot6	lie4	赣			5786		
䟺	pi5	bi4	bei4	赣			5475		
䟺	pʰi6	pi5	bei4	赣			5537		
䟽	su1	su1	䟽5	赣			4360		
䟽	su5	su4	䟽5	赣			4559		
䟾	tsot7	zot6	zhuo2	赣			4829		
䟿	liuʔ7	liuk6	lu4	赣			5783		
䠄	tʰien3	tien3	tian3	赣			5543		
䠇	tɕyt7	jyut6	jue2	赣			5208		
䠇	tɕʰyt8	qyut7	jue2	赣			5656		
䠈	tʰɛt7	tet6	tu2	赣			5065		
䠈	tʰut7	tut6	tu2	赣			4026		
䠊	fɨi6	fei5	fei4	赣			5296		
䠊	fɨi6	fei5	fei4	赣			5888		
䠍	kʰa2	ka2	xia1	赣			5511		
䠍	ha2	ha2	xia1	赣			4067		
䠐	kʰuet7	kuet6	qu4	赣			5482		
䠐	tɕʰiuʔ7	qiuk6	qu4	赣			4739		
䠑	kʰui3	kui3	kui3	赣			4303		
䠗	tɕʰiu3	qiu3	qiu4	赣			5426		
䠗	ɕiuŋ5	xiung4	qiu4	赣			5032		
䠘	pʰi3	pi3	pi4	赣			5788		
䠙	pʰɔŋ2	pong2	pang2	赣			4910		
䠚	ua5	wa4	wa4	赣			4160		
䠛	ieu5	yeu4	yao2	赣			4353		
䠟	tʰiet8	tiet7	die2	赣			4764		
䠠	ti5	di4	chi4	赣			4430		
䠢	muŋ6	mung5	meng4	赣			4889		
䠣	tɕʰyon3	qyuon3	xuan3	赣			5021		
䠣	ɕyon5	xyuon4	xuan3	赣			5917		
䠧	tsʰa2	ca2	chu2	赣			5983		
䠨	tsʰen3	cen3	chan4	赣			4099		
䠪	tʰon3	ton3	duan4	赣			4314		
䠫	tsʰeu6	ceu5	zou4	赣			4505		
䠯	iɔʔ7	yok6	yue4	赣			5445		
䠰	tɕʰyon2	qyuon2	quan2	赣			5995		
䠵	fu6	fu5	fu4	赣			5370		
䠶	sa6	sa5	she4	赣			4601		
䠷	tʰieu3	tieu3	tiao3	赣			4018		
䠸	kʰua1	kua1	kua1	赣			4779		
䠻	kʰuŋ3	kung3	qiong2	赣			5422		
䠼	ɕy5	xyu4	shu4	赣			5350		
䠽	hai2	hai2	hai2	赣			4210		
䡀	tsen3	zen3	zhan3	赣			4517		
䡂	tɕiu1	jiu1	jiu1	赣			5671		
䡅	tsʰun1	cun1	chun1	赣			5750		
䡆	iuŋ5	yung4	rong2	赣			4226		
䡈	kɔʔ7	gok6	jue2	赣			5175		
䡉	kʰɔŋ3	kong3	kang3	赣			5080		
䡉	kʰuɔŋ3	kuong3	kang3	赣			4464		
䡊	fan3	fan3	fan3	赣			5283		
䡋	tsɿ1	zi1	qi2	赣			4844		
䡓	tɕyon5	jyuon4	juan4	赣			5038		
䡔	tɕʰi3	qi3	qi3	赣			4402		
䡗	kuŋ3	gung3	gong3	赣			4732		
䡘	tʰien2	tien2	tian2	赣			5401		
䡙	lɔŋ5	long4	lang2	赣			5814		
䡚	mau6	mau5	mao4	赣			4701		
䡜	liuʔ7	liuk6	lu4	赣			4229		
䡝	yon1	yuon1	yuan1	赣			5161		
䡞	tɕiuʔ7	jiuk6	ju2	赣			5912		
䡣	fun5	fun4	hun1	赣			5702		
䡧	u3	wu3	wu1	赣			4310		
䡬	uan6	wan5	man4	赣			5307		
䡭	ɕiu1	xiu1	xiu1	赣			5216		
䡮	tsuŋ1	zung1	䡮5	赣			5327		
䡯	tsʰuŋ1	cung1	cong1	赣			4787		
䡰	kʰien1	kien1	keng1	赣			4890		
䡲	tsʰan2	can2	chan2	赣			4364		
䡴	tsʰɔŋ6	cong5	chong1	赣			5044		
䡴	tsʰuŋ1	cung1	chong1	赣			4196		
䡼	lin5	lin4	ling2	赣			5317		
䡽	tson1	zon1	zuan1	赣			4563		
䡾	ŋot7	ngot6	nie4	赣			5852		
䡾	ȵiet7	niet6	nie4	赣			4764		
䢃	ȵi6	ni5	yi4	赣			4496		
䢅	sɨn5	sen4	chen2	赣			4215		
䢅	ɕin5	xin4	chen2	赣			5774		
䢇	iuŋ3	yung3	rong3	赣			4367		
䢈	fɨi6	fei5	chen2	赣			4475		
䢈	fɨi6	fei5	chen2	赣			5617		
䢉	luŋ5	lung4	nong2	赣			5444		
䢌	pot7	bot6	bo2	赣			5089		
䢐	tsʰu2	cu2	cu2	赣			5266		
䢒	kau1	gau1	jiao1	赣			4068		
䢓	y5	yu4	yu2	赣			4220		
䢔	hot8	hot7	he2	赣			5301		
䢖	yt7	yut6	yu4	赣			5942		
䢙	pʰai6	pai5	bai4	赣			4179		
䢚	kien1	gien1	geng1	赣			5361		
䢝	ŋa5	nga4	ya4	赣			5832		
䢡	ɕiet7	xiet6	ye4	赣			4198		
䢦	sut7	sut6	shuai4	赣			4850		
䢭	ɕien6	xien5	yan4	赣			5942		
䢮	tʰit7	tit6	lei4	赣			4334		
䢮	tʰit8	tit7	lei4	赣			4381		
䢰	tʰit7	tit6	ti1	赣			4523		
䢱	tʰuʔ8	tuk7	du2	赣			5212		
䢲	uot7	wot6	yue4	赣			5481		
䢳	tɕi3	ji3	ji3	赣			4760		
䢵	yn5	yun4	yun2	赣			5601		
䢸	tɕʰy1	qyu1	ju1	赣			4021		
䢹	tɕy3	jyu3	ju3	赣			5911		
䢻	sɨn5	sen4	chen2	赣			5488		
䢼	kuŋ1	gung1	gong1	赣			4688		
䢿	ŋon1	ngon1	an1	赣			5309		
䢿	ŋon5	ngon4	an1	赣			5403		
䣀	kui3	gui3	gui3	赣			4560		
䣀	kʰui6	kui5	gui3	赣			5319		
䣁	y3	yu3	yu3	赣			4439		
䣄	tʰu2	tu2	tu2	赣			4589		
䣄	ɕy5	xyu4	tu2	赣			4700		
䣅	sɨn5	sen4	chen2	赣			4005		
䣅	ɕin5	xin4	chen2	赣			4338		
䣆	ɕin5	xin4	xing2	赣			5532		
䣇	tɕʰiu2	qiu2	qiu2	赣			4651		
䣍	ien1	yen1	yan3	赣			4987		
䣍	ien3	yen3	yan3	赣			5604		
䣎	tsɿ1	zi1	zi1	赣			4014		
䣔	so3	so3	suo3	赣			4244		
䣕	ma3	ma3	ma3	赣			5976		
䣕	ma6	ma5	ma3	赣			4279		
䣗	kau1	gau1	䣗5	赣			5205		
䣘	tʰɔŋ2	tong2	tang2	赣			5250		
䣙	pʰi2	pi2	pei2	赣			4624		
䣙	pʰen3	pen3	pei2	赣			4991		
䣚	li5	li4	lou2	赣			4933		
䣚	leu5	leu4	lou2	赣			5121		
䣛	tɕʰit7	qit6	qi1	赣			4028		
䣜	tsʰo2	co2	cuo2	赣			4369		
䣝	tʰu2	tu2	tu2	赣			4684		
䣝	tsʰa2	ca2	tu2	赣			5601		
䣟	tsʰan2	can2	can2	赣			4584		
䣟	tsʰat8	cat7	can2	赣			4389		
䣠	tɕʰia6	qia5	jie2	赣			5966		
䣡	ȵi5	ni4	yi2	赣			5738		
䣢	tɕʰit7	qit6	ji2	赣			4711		
䣢	tɕʰit8	qit7	ji2	赣			4745		
䣣	tɔŋ3	dong3	dang3	赣			4604		
䣤	tɕʰiɔʔ8	qiok7	jue2	赣			5381		
䣧	it7	yit6	yi4	赣			4274		
䣩	tsʰun2	cun2	chun2	赣			5196		
䣩	sun5	sun4	chun2	赣			4659		
䣪	pʰot7	pot6	po4	赣			5182		
䣮	pʰot8	pot7	po4	赣			4691		
䣵	ȵi6	ni5	er4	赣			4848		
䣵	ɵ6	o5	er4	赣			4940		
䣸	len3	len3	ran3	赣			4922		
䣹	fat8	fat7	fa2	赣			4817		
䣺	tɕyon5	jyuon4	juan1	赣			4942		
䣼	liɔŋ5	liong4	liang2	赣			4731		
䣽	tsɿ1	zi1	zhi1	赣			4016		
䣿	y5	yu4	yu1	赣			5180		
䤁	tɕʰin2	qin2	cen2	赣			5765		
䤁	in5	yin4	cen2	赣			4055		
䤂	mi5	mi4	mei2	赣			4581		
䤃	in1	yin1	yin1	赣			4456		
䤅	tʰu2	tu2	tu2	赣			4151		
䤅	tʰeu2	teu2	tu2	赣			4490		
䤇	seu1	seu1	䤇5	赣			4076		
䤇	ɕiu3	xiu3	䤇5	赣			4166		
䤉	mit7	mit6	mi4	赣			5304		
䤍	mi5	mi4	mi2	赣			4979		
䤎	tɕyt7	jyut6	ju2	赣			4299		
䤏	pʰi6	pi5	pi3	赣			5945		
䤐	tɕin3	jin3	jin3	赣			4381		
䤐	tɕʰin3	qin3	jin3	赣			5943		
䤑	uɔŋ5	wong4	wang4	赣			5654		
䤒	tɕʰi6	qi5	ji4	赣			4533		
䤔	tɕʰien6	qien5	jian4	赣			4240		
䤕	hɔʔ7	hok6	xue4	赣			4796		
䤗	kon3	gon3	gan3	赣			5341		
䤘	tsʰan3	can3	chan3	赣			5589		
䤘	tɕʰien3	qien3	chan3	赣			4837		
䤙	lit7	lit6	li4	赣			4864		
䤢	pat7	bat6	䤢5	赣			4830		
䤥	kui3	gui3	gui3	赣			5096		
䤨	pʰɛt7	pet6	pi4	赣			5982		
䤪	to3	do3	duo3	赣			4071		
䤬	so1	so1	sha1	赣			5508		
䤮	set8	set7	she4	赣			4701		
䤳	tɕʰia6	qia5	ye4	赣			5508		
䤴	hon2	hon2	han2	赣			5503		
䤶	iet7	yet6	ye4	赣			4731		
䤹	seu1	seu1	sou1	赣			4612		
䤻	tʰo6	to5	duo4	赣			4867		
䤽	kuan1	guan1	guan1	赣			4132		
䥈	mu3	mu3	mu3	赣			4700		
䥈	mɔŋ3	mong3	mu3	赣			4460		
䥉	yon1	yuon1	yuan1	赣			5720		
䥍	tset7	zet6	zhi4	赣			4396		
䥏	ȵy3	nyu3	yu3	赣			5678		
䥛	tɕiet7	jiet6	jie1	赣			5731		
䥝	ŋau1	ngau1	ao2	赣			5536		
䥡	tʰiet8	tiet7	ye4	赣			4639		
䥢	luŋ5	lung4	long2	赣			4859		
䥰	men5	men4	meng2	赣			5739		
䥵	tɕieu3	jieu3	xiao3	赣			5478		
䥵	ɕieu3	xieu3	xiao3	赣			4842		
䥶	lit7	lit6	li4	赣			4014		
䥸	mi5	mi4	mi2	赣			4465		
䥺	ia5	ya4	ye2	赣			5951		
䥽	pʰot7	pot6	po1	赣			5665		
䦃	tsɔʔ7	zok6	zhuo1	赣			5783		
䦈	tɕia1	jia1	jie1	赣			5027		
䦋	ŋau5	ngau4	ao2	赣			4494		
䦌	tɕʰy3	qyu3	chu4	赣			4726		
䦍	ut7	wut6	wu4	赣			5942		
䦏	ɕi6	xi5	xie4	赣			4378		
䦏	hai6	hai5	xie4	赣			5910		
䦐	tʰin3	tin3	ting3	赣			5958		
䦑	ɕyot7	xyuot6	xue4	赣			4793		
䦔	tʰan3	tan3	tan3	赣			5715		
䦖	hat8	hat7	xie2	赣			4792		
䦖	ɕiet8	xiet7	xie2	赣			5358		
䦗	ɕyt7	xyut6	xu4	赣			5315		
䦝	fet7	fet6	huo1	赣			5500		
䦧	ɕit7	xit6	qie2	赣			4000		
䦪	ŋat7	ngat6	ya4	赣			5486		
䦱	kʰua1	kua1	wei3	赣			5240		
䦱	ui3	wui3	wei3	赣			5379		
䦲	tsʰen3	cen3	yan2	赣			5813		
䦲	ien5	yen4	yan2	赣			4848		
䦵	mi3	mi3	ni3	赣			4527		
䦵	ȵi3	ni3	ni3	赣			5748		
䦺	tin1	din1	ding1	赣			4982		
䦼	pʰɛt7	pet6	jue2	赣			4735		
䧁	tɕʰy2	qyu2	xu3	赣			5996		
䧁	ɕy3	xyu3	xu3	赣			4196		
䧅	i5	yi4	yi2	赣			4252		
䧆	fuŋ5	fung4	hong2	赣			4538		
䧇	i1	yi1	yi1	赣			4355		
䧊	kuʔ7	guk6	ku1	赣			4777		
䧊	kʰuʔ7	kuk6	ku1	赣			4419		
䧎	ɕyon6	xyuon5	xuan4	赣			4155		
䧑	ti1	di1	di1	赣			4421		
䧘	tsʰon6	con5	zhuan4	赣			5632		
䧜	tʰɔŋ2	tong2	tang2	赣			5799		
䧞	fu6	fu5	ma4	赣			5999		
䧞	ma6	ma5	ma4	赣			5244		
䧤	puʔ7	buk6	pu2	赣			4747		
䧦	ui5	wui4	wei2	赣			5929		
䧨	ȵiet7	niet6	ye4	赣			4679		
䧪	tsʰet7	cet6	che4	赣			5069		
䧰	fɨn6	fen5	hun4	赣			5669		
䧰	fun6	fun5	hun4	赣			5358		
䧴	tsɿ1	zi1	zhi1	赣			4246		
䧴	sɿ5	si4	zhi1	赣			4508		
䧼	kuʔ7	guk6	hu2	赣			5265		
䨁	u6	wu5	wu4	赣			5140		
䨂	tɕʰiu1	qiu1	qiu1	赣			5463		
䨊	yon1	yuon1	yuan1	赣			4147		
䨐	hat8	hat7	qia4	赣			5376		
䨑	tʰi2	ti2	ti2	赣			4432		
䨒	y6	yu5	yu4	赣			5057		
䨕	y1	yu1	䨕5	赣			5184		
䨗	feu5	feu4	fu2	赣			5407		
䨘	ɕien5	xien4	xian4	赣			5316		
䨛	set7	set6	se4	赣			5123		
䨞	y3	yu3	yu3	赣			5913		
䨡	hon2	hon2	han2	赣			4350		
䨢	tʰan6	tan5	dan4	赣			5602		
䨣	kiet7	giet6	ge2	赣			5824		
䨥	fɔʔ8	fok7	huo4	赣			5055		
䨦	pʰɔŋ1	pong1	pang1	赣			4911		
䨨	tsui1	zui1	zhui1	赣			5471		
䨮	ɕyot7	xyuot6	xue3	赣			4496		
䨰	pʰɔʔ7	pok6	po4	赣			5612		
䨲	leu5	leu4	nou2	赣			4459		
䨲	uan6	wan5	nou2	赣			4762		
䨴	tʰui6	tui5	dui4	赣			4923		
䨻	pʰen6	pen5	beng4	赣			4006		
䨼	fu6	fu5	hu4	赣			4094		
䨽	pʰi6	pi5	fei3	赣			5827		
䨽	fɨi3	fei3	fei3	赣			4258		
䨽	fɨi3	fei3	fei3	赣			4049		
䨾	fɨi6	fei5	fei4	赣			4621		
䨾	fɨi6	fei5	fei4	赣			4510		
䩁	fɨi1	fei1	fei1	赣			4836		
䩁	fɨi1	fei1	fei1	赣			5670		
䩂	han1	han1	xian1	赣			5155		
䩃	sɿ5	si4	shi4	赣			5786		
䩆	tsan3	zan3	zhan3	赣			4781		
䩇	tsan1	zan1	zhan1	赣			5432		
䩉	fu6	fu5	fu3	赣			4651		
䩊	uot7	wot6	wan3	赣			5657		
䩌	tɕʰieu2	qieu2	qiao2	赣			5976		
䩍	lieu3	lieu3	liao3	赣			5255		
䩏	miet7	miet6	mie4	赣			5668		
䩐	fɨt7	fet6	hu1	赣			4646		
䩐	fuʔ7	fuk6	hu1	赣			5038		
䩒	y5	yu4	yu2	赣			5741		
䩕	ŋɔŋ5	ngong4	ang2	赣			4378		
䩙	ɕyon6	xyuon5	xuan4	赣			4420		
䩚	ti5	di4	di4	赣			4102		
䩛	pʰet8	pet7	bi4	赣			4870		
䩞	tiet7	diet6	tie2	赣			5230		
䩞	tʰiet7	tiet6	tie2	赣			5296		
䩠	tʰɛn1	ten1	䩠5	赣			4917		
䩡	kat7	gat6	jia2	赣			5295		
䩢	tset7	zet6	zhi4	赣			5365		
䩣	tʰu1	tu1	tu2	赣			4927		
䩤	ɕiet7	xiet6	xie2	赣			4171		
䩥	tʰan6	tan5	dan4	赣			5553		
䩦	tʰieu2	tieu2	tiao2	赣			5426		
䩨	tsʰɔŋ3	cong3	chang4	赣			5913		
䩩	yon1	yuon1	yuan3	赣			5362		
䩩	yon3	yuon3	yuan3	赣			5470		
䩪	kuon3	guon3	guan3	赣			4045		
䩯	tɕʰit7	qit6	ji2	赣			5388		
䩱	ɕy5	xyu4	shu4	赣			4024		
䩱	y5	yu4	shu4	赣			5719		
䩲	tu1	du1	du1	赣			5090		
䩳	seu1	seu1	sou1	赣			4398		
䩵	yn6	yun5	yun4	赣			4896		
䩶	tsʰen3	cen3	chan3	赣			4932		
䩶	tɕʰin3	qin3	chan3	赣			5765		
䩸	iuŋ5	yung4	rong2	赣			4113		
䩹	ŋiet7	ngiet6	e2	赣			5074		
䩺	uŋ1	wung1	weng1	赣			4596		
䩼	fuŋ5	fung4	feng2	赣			5667		
䩽	y1	yu1	yu1	赣			5123		
䩿	fɨn5	fen4	fen2	赣			5055		
䩿	fun5	fun4	fen2	赣			5536		
䪁	puʔ7	buk6	bu3	赣			4919		
䪁	fuʔ7	fuk6	bu3	赣			5855		
䪂	set7	set6	ge2	赣			5484		
䪂	kiet7	giet6	ge2	赣			4098		
䪆	tʰi3	ti3	ti3	赣			4606		
䪈	tɕʰien3	qien3	qian4	赣			4046		
䪉	liet7	liet6	lie4	赣			4825		
䪌	tsʰan6	can5	zhan4	赣			5808		
䪍	lan5	lan4	lan2	赣			5183		
䪎	sui1	sui1	sui1	赣			4320		
䪐	pi5	bi4	bi4	赣			4859		
䪒	tɕy5	jyu4	zhu4	赣			4986		
䪔	fu6	fu5	bu3	赣			4598		
䪙	pʰɔʔ7	pok6	po4	赣			4106		
䪚	tat7	dat6	da1	赣			5847		
䪜	tsʰen1	cen1	chan1	赣			5630		
䪜	tsʰen3	cen3	chan1	赣			5808		
䪝	uet7	wet6	hu4	赣			5156		
䪞	tsʰat8	cat7	za2	赣			5456		
䪡	tɕi1	ji1	䪡5	赣			5679		
䪤	fan5	fan4	fan2	赣			5061		
䪥	hai6	hai5	xie4	赣			5704		
䪦	fuŋ5	fung4	hong2	赣			5187		
䪧	tsʰɿ2	ci2	chi2	赣			4507		
䪩	ȵin5	nin4	yin2	赣			5770		
䪫	hen2	hen2	jing1	赣			4343		
䪬	pʰɛt7	pet6	bo2	赣			5921		
䪯	yn1	yun1	ying1	赣			4949		
䪳	yn3	yun3	yun3	赣			4580		
䪷	heu3	heu3	hou4	赣			4095		
䪸	min5	min4	min2	赣			4963		
䪹	pʰi1	pi1	bai1	赣			4695		
䪻	fan6	fan5	bian4	赣			5709		
䪻	pʰien6	pien5	bian4	赣			4681		
䪼	tsot7	zot6	zhuo1	赣			4001		
䫁	pʰi6	pi5	bi4	赣			5339		
䫄	tsʰot7	cot6	chua4	赣			4358		
䫅	san5	san4	san4	赣			4359		
䫆	tsʰen2	cen2	cheng2	赣			4355		
䫆	tɕʰin2	qin2	cheng2	赣			5716		
䫉	mau6	mau5	mao4	赣			5992		
䫌	pʰi3	pi3	pi3	赣			4115		
䫎	tsot7	zot6	zhuo1	赣			5591		
䫏	tɕʰi1	qi1	qi1	赣			4639		
䫒	mɨn5	men4	men2	赣			4493		
䫔	tɕʰi3	qi3	qi4	赣			5828		
䫔	tɕʰiet7	qiet6	qi4	赣			4586		
䫖	tsʰen3	cen3	chen3	赣			4247		
䫖	tɕʰin3	qin3	chen3	赣			4321		
䫗	ha2	ha2	xia2	赣			4614		
䫘	hot7	hot6	he2	赣			5743		
䫘	hot8	hot7	he2	赣			5119		
䫛	heu2	heu2	hou2	赣			4954		
䫜	ŋau1	ngau1	ao1	赣			5600		
䫞	tɕʰieu1	qieu1	qiao1	赣			4974		
䫞	ɕieu1	xieu1	qiao1	赣			5378		
䫠	pʰi1	pi1	pi1	赣			4484		
䫠	pʰi2	pi2	pi1	赣			5806		
䫡	kʰan3	kan3	yan2	赣			5353		
䫢	sɿ1	si1	si1	赣			5378		
䫤	min5	min4	ming2	赣			4767		
䫥	kʰui3	kui3	kui3	赣			5961		
䫦	kot7	got6	ge2	赣			4331		
䫧	hau2	hau2	䫧5	赣			4631		
䫨	ŋau5	ngau4	ao4	赣			4113		
䫨	ŋau6	ngau5	ao4	赣			4293		
䫩	tsʰan3	can3	san3	赣			4560		
䫩	san3	san3	san3	赣			5072		
䫪	tsʰɔŋ3	cong3	shuang3	赣			4668		
䫪	sɔŋ3	song3	shuang3	赣			5163		
䫬	tsɛn3	zen3	zhen3	赣			4335		
䫬	tɕin3	jin3	zhen3	赣			5771		
䫲	hon3	hon3	han4	赣			4239		
䫳	tʰuʔ8	tuk7	du2	赣			4244		
䫵	mien5	mien4	mian2	赣			5994		
䫸	tsʰau1	cau1	chao1	赣			4486		
䫹	fuŋ5	fung4	hong2	赣			4235		
䫽	pʰau1	pau1	pao1	赣			4128		
䫿	tsʰeu1	ceu1	chao1	赣			4251		
䬀	iu3	yiu3	you3	赣			4249		
䬁	i5	yi4	yi2	赣			5787		
䬂	ɕyot7	xyuot6	xue4	赣			4488		
䬆	li6	li5	li4	赣			5778		
䬆	lit7	lit6	li4	赣			4875		
䬇	yon6	yuon5	yuan4	赣			4128		
䬉	fet7	fet6	huo4	赣			5928		
䬊	sat7	sat6	sha4	赣			5115		
䬌	pʰi1	pi1	pou1	赣			5834		
䬍	fuʔ7	fuk6	hu1	赣			5844		
䬎	kuet7	guet6	guo2	赣			4639		
䬐	lui5	lui4	rui2	赣			5288		
䬑	ui6	wui5	wei4	赣			5776		
䬑	yt7	yut6	wei4	赣			5746		
䬒	seu1	seu1	sou1	赣			4053		
䬟	liu5	liu4	liu2	赣			5390		
䬠	fɨi1	fei1	䬠5	赣			4555		
䬠	fɨi1	fei1	䬠5	赣			5001		
䬡	tɕy5	jyu4	zhu4	赣			5247		
䬦	teu5	deu4	dou4	赣			4348		
䬫	ti1	di1	ti2	赣			5895		
䬫	tʰi2	ti2	ti2	赣			5217		
䬬	iɔŋ3	yong3	ying3	赣			4709		
䬬	iɔŋ5	yong4	ying3	赣			4204		
䬮	i5	yi4	yi2	赣			5164		
䬯	ȵien5	nien4	nian2	赣			4109		
䬰	seu6	seu5	shao4	赣			5715		
䬳	pon3	bon3	ban3	赣			5470		
䬴	mot7	mot6	mo4	赣			5802		
䬵	kai1	gai1	gai1	赣			5397		
䬵	ŋai5	ngai4	gai1	赣			5948		
䬷	sa3	sa3	she3	赣			4271		
䬼	yon5	yuon4	yuan4	赣			4913		
䬽	sui5	sui4	shui4	赣			5005		
䬾	tʰi2	ti2	ti2	赣			5212		
䬿	ui3	wui3	wei3	赣			4303		
䭁	tsɿ5	zi4	zhi4	赣			4444		
䭁	tɕi5	ji4	zhi4	赣			5325		
䭂	it7	yit6	yi4	赣			5168		
䭆	lɛt7	let6	ne4	赣			5183		
䭈	tɕien1	jien1	jian4	赣			4113		
䭉	sui3	sui3	sui3	赣			4618		
䭐	iɔŋ6	yong5	yang4	赣			5186		
䭒	ɕit7	xit6	xi1	赣			4286		
䭓	ŋien6	ngien5	en4	赣			4592		
䭕	tsan3	zan3	zan3	赣			4592		
䭖	tɕy5	jyu4	zhu4	赣			4079		
䭘	in3	yin3	ying3	赣			4062		
䭙	tɕin3	jin3	jin3	赣			5158		
䭡	uen5	wun4	en4	赣			5681		
䭢	lin5	lin4	ning2	赣			4374		
䭤	tɕʰien3	qien3	qian3	赣			5506		
䭦	pʰɔʔ8	pok7	bo1	赣			4089		
䭨	sui1	sui1	shui4	赣			4885		
䭨	sui5	sui4	shui4	赣			4136		
䭩	mo5	mo4	mo2	赣			5093		
䭬	tɕʰi3	qi3	qi3	赣			4513		
䭭	seu3	seu3	shou3	赣			5966		
䭭	ɕiu3	xiu3	shou3	赣			4181		
䭮	fɨt7	fet6	fu2	赣			5994		
䭮	fuʔ7	fuk6	fu2	赣			4233		
䭱	pʰiet7	piet6	bie2	赣			4542		
䭱	pʰiet8	piet7	bie2	赣			5320		
䭴	fan5	fan4	huan2	赣			5101		
䭴	ɕyon6	xyuon5	huan2	赣			4983		
䭸	fu6	fu5	fu4	赣			5131		
䭹	ŋɔŋ5	ngong4	ang2	赣			4514		
䭾	tʰo2	to2	tuo2	赣			4858		
䭾	tʰo6	to5	tuo2	赣			4228		
䮀	pʰɔʔ7	pok6	bo2	赣			5554		
䮀	pʰɔʔ8	pok7	bo2	赣			4476		
䮂	pʰot8	pot7	ba2	赣			4352		
䮉	li5	li4	lu2	赣			5268		
䮋	li6	li5	li4	赣			4695		
䮎	ɕi5	xi4	xi4	赣			4031		
䮒	pʰu1	pu1	pu1	赣			5026		
䮔	tsui1	zui1	zui1	赣			4414		
䮔	tsui3	zui3	zui1	赣			5224		
䮗	ŋon6	ngon5	an4	赣			5280		
䮙	yt7	yut6	yu4	赣			5065		
䮟	seu1	seu1	sou1	赣			5973		
䮢	tsʰat8	cat7	zha2	赣			4461		
䮤	kɔʔ7	gok6	he2	赣			4420		
䮤	hɔʔ8	hok7	he2	赣			4023		
䮥	lit7	lit6	li4	赣			4334		
䮧	hon2	hon2	han4	赣			4524		
䮧	hon6	hon5	han4	赣			4612		
䮩	kut7	gut6	gu2	赣			5180		
䮭	mit7	mit6	mi4	赣			5145		
䮱	tsʰuʔ8	cuk7	zhu2	赣			4057		
䮴	tʰen6	ten5	deng4	赣			5967		
䮷	tʰuʔ8	tuk7	du2	赣			4959		
䮸	kɔʔ7	gok6	wo4	赣			4351		
䮸	ŋɔʔ7	ngok6	wo4	赣			4564		
䮹	ui5	wui4	wei4	赣			5117		
䮻	tau3	dau3	chi4	赣			4275		
䮽	luʔ7	luk6	biao1	赣			4565		
䯂	sen1	sen1	shen1	赣			4403		
䯄	kua1	gua1	gua1	赣			5395		
䯇	kʰuat7	kuat6	ku1	赣			5535		
䯇	kʰut7	kut6	ku1	赣			5465		
䯈	uon5	won4	wan2	赣			5421		
䯉	uat7	wat6	wa1	赣			4706		
䯉	ut7	wut6	wa1	赣			5472		
䯊	kʰo1	ko1	qia4	赣			5958		
䯋	pʰot8	pot7	bo2	赣			4265		
䯋	kʰot7	kot6	bo2	赣			5009		
䯍	lin5	lin4	ling2	赣			5113		
䯏	kuɔʔ7	guok6	gua1	赣			4873		
䯑	kʰuɔŋ1	kuong1	kuang1	赣			4403		
䯒	hen2	hen2	heng2	赣			4548		
䯓	kʰui1	kui1	kui1	赣			5262		
䯖	lɔŋ5	long4	lang2	赣			5612		
䯗	pʰi6	pi5	bi4	赣			5690		
䯘	fon6	fon5	huan4	赣			5126		
䯜	tʰit7	tit6	ti4	赣			4254		
䯜	ɕit7	xit6	ti4	赣			5874		
䯞	kʰua1	kua1	kua1	赣			4261		
䯟	tʰui6	tui5	dui4	赣			5909		
䯠	ŋau3	ngau3	ao3	赣			4075		
䯢	mo5	mo4	mo2	赣			5438		
䯣	kʰui3	kui3	kui4	赣			4434		
䯦	mat7	mat6	ma4	赣			5791		
䯪	kʰau3	kau3	kao3	赣			4686		
䯬	to3	do3	duo3	赣			4183		
䯰	kai5	gai4	jie4	赣			4471		
䯳	suŋ1	sung1	song1	赣			4244		
䯷	suŋ1	sung1	song1	赣			4591		
䯸	tsʰɿ3	ci3	ci4	赣			5691		
䯹	ɕien1	xien1	xian1	赣			4370		
䯽	fu3	fu3	pou2	赣			5366		
䯽	pʰeu3	peu3	pou2	赣			5147		
䯾	tsɛu5	zeu4	tiao2	赣			5677		
䰂	tsʰai3	cai3	cai4	赣			4165		
䰃	pʰen2	pen2	peng2	赣			5299		
䰃	pɔŋ3	bong3	peng2	赣			4489		
䰆	leu5	leu4	rou2	赣			5864		
䰈	tsʰo2	co2	cuo2	赣			4930		
䰈	tsʰo3	co3	cuo2	赣			4095		
䰉	pan1	ban1	pan2	赣			4820		
䰉	pʰon2	pon2	pan2	赣			5561		
䰍	tsʰɿ3	ci3	ci4	赣			5294		
䰍	ɕiu1	xiu1	ci4	赣			5849		
䰎	kʰui3	kui3	kui4	赣			5572		
䰏	tɕi5	ji4	ji4	赣			4501		
䰐	lan5	lan4	lan2	赣			4651		
䰒	muŋ5	mung4	meng2	赣			4022		
䰓	mien5	mien4	mian2	赣			5027		
䰕	li5	li4	lu2	赣			5760		
䰕	lu5	lu4	lu2	赣			5184		
䰖	tsan3	zan3	zuan3	赣			5330		
䰘	tɕieu3	jieu3	liu2	赣			4704		
䰙	ȵi6	ni5	yi3	赣			5579		
䰚	uen5	wun4	wen2	赣			5418		
䰝	tsen5	zen4	zeng4	赣			5093		
䰞	tɕy3	jyu3	zhu3	赣			4598		
䰟	fɨn5	fen4	hun2	赣			5032		
䰟	fun5	fun4	hun2	赣			4258		
䰠	sɨn1	sen1	shen2	赣			4072		
䰠	ɕin1	xin1	shen2	赣			5930		
䰡	tsʰɿ3	ci3	chi4	赣			5679		
䰤	tuŋ1	dung1	dong1	赣			5939		
䰥	fet8	fet7	huo4	赣			4027		
䰧	fu1	fu1	hu1	赣			4984		
䰩	tsʰa3	ca3	che3	赣			5065		
䰫	tsʰau1	cau1	chao1	赣			4739		
䰫	tsʰau6	cau5	chao1	赣			4262		
䰯	ȵi6	ni5	yi4	赣			5299		
䰰	ɵ5	o4	ru2	赣			4403		
䰰	leu5	leu4	ru2	赣			4192		
䰴	tɕit7	jit6	qi4	赣			4354		
䰻	ȵy5	nyu4	yu2	赣			5957		
䰼	tɕʰin2	qin2	qin2	赣			5848		
䰽	pi5	bi4	bei4	赣			4891		
䱂	ieu1	yeu1	you3	赣			4561		
䱂	iu3	yiu3	you3	赣			5834		
䱅	mot7	mot6	mo4	赣			4496		
䱊	mi3	mi3	mi3	赣			5160		
䱋	kuŋ3	gung3	gong3	赣			4729		
䱌	i5	yi4	yi2	赣			4693		
䱎	kien5	gien4	geng4	赣			5971		
䱏	tʰeu3	teu3	tou3	赣			4374		
䱐	fu1	fu1	fu1	赣			4715		
䱐	feu5	feu4	fu1	赣			5478		
䱒	iet7	yet6	ye4	赣			4539		
䱔	iu5	yiu4	tiao2	赣			4446		
䱕	meu5	meu4	mou2	赣			5774		
䱖	liu5	liu4	liu2	赣			5001		
䱚	liuʔ7	liuk6	lu4	赣			5230		
䱜	tsʰɔʔ7	cok6	cuo4	赣			5957		
䱜	tɕʰiɔʔ7	qiok6	cuo4	赣			4447		
䱝	pʰai2	pai2	pai2	赣			5699		
䱟	tɕy5	jyu4	ju4	赣			5769		
䱡	tɕiuʔ7	jiuk6	ju2	赣			4864		
䱢	tsen1	zen1	zheng1	赣			5531		
䱣	tɕyt7	jyut6	zu2	赣			4108		
䱤	han6	han5	xian4	赣			5089		
䱤	tɕien5	jien4	xian4	赣			4374		
䱥	tsɿ5	zi4	zhi4	赣			4471		
䱥	tɕi5	ji4	zhi4	赣			4349		
䱮	ŋiet7	ngiet6	e2	赣			4456		
䱱	tʰi2	ti2	ti2	赣			4079		
䱲	yon5	yuon4	yuan2	赣			4515		
䱵	uŋ1	wung1	weng1	赣			4889		
䱺	hai2	hai2	hai2	赣			4042		
䱻	fat8	fat7	hua2	赣			5894		
䱾	li5	li4	lou2	赣			4011		
䱾	leu5	leu4	lou2	赣			4069		
䲀	tsɿ5	zi4	zhi4	赣			5973		
䲃	tsau3	zau3	zao3	赣			4392		
䲊	tʰo6	to5	duo4	赣			5424		
䲌	kʰuon3	kuon3	kuan3	赣			4008		
䲐	lu3	lu3	lu3	赣			4855		
䲒	hai6	hai5	xie4	赣			5533		
䲓	ȵien3	nien3	yan3	赣			4210		
䲔	tɕʰin2	qin2	qing2	赣			5582		
䲔	tɕʰiɔŋ2	qiong2	qing2	赣			5974		
䲙	tɕiet7	jiet6	jie2	赣			5340		
䲚	lai6	lai5	lai4	赣			4574		
䲚	tʰat7	tat6	lai4	赣			5531		
䲛	men6	men5	meng2	赣			5314		
䲜	ȵiet7	niet6	ye4	赣			4754		
䲟	in5	yin4	yin4	赣			5303		
䲡	tɕʰiu1	qiu1	qiu1	赣			5830		
䲡	tɕʰiu2	qiu2	qiu1	赣			5011		
䲢	tʰen2	ten2	teng2	赣			5017		
䲣	ȵy5	nyu4	yu2	赣			4159		
䲦	tʰai6	tai5	dai4	赣			4491		
䲬	tɕʰi2	qi2	qi2	赣			5528		
䲯	tɕʰit7	qit6	ji2	赣			5925		
䲯	tɕʰit8	qit7	ji2	赣			4603		
䲱	fɔŋ3	fong3	fang3	赣			5047		
䲸	kai5	gai4	jie4	赣			5379		
䲹	pʰi2	pi2	pi2	赣			5499		
䲽	sɛt7	set6	shi2	赣			4109		
䲾	kʰau3	kau3	qiao3	赣			4408		
䳀	tʰiet8	tiet7	die2	赣			5798		
䳀	it7	yit6	die2	赣			4164		
䳅	tsɿ3	zi3	zhi3	赣			5898		
䳇	mu3	mu3	wu3	赣			5448		
䳇	u3	wu3	wu3	赣			5614		
䳉	tuŋ1	dung1	dong1	赣			5272		
䳊	pot7	bot6	ba2	赣			4940		
䳊	pʰot8	pot7	ba2	赣			4502		
䳋	tʰuŋ2	tung2	tong2	赣			4164		
䳌	tɕyon1	jyuon1	䳌5	赣			5178		
䳍	kuŋ1	gung1	gong1	赣			5936		
䳎	tɕʰiu6	qiu5	jiu4	赣			4062		
䳏	kui3	gui3	gui4	赣			4100		
䳐	tsʰɿ3	ci3	ci4	赣			5115		
䳑	iu3	yiu3	you3	赣			4363		
䳔	tɕiuʔ7	jiuk6	ju2	赣			5018		
䳕	feu5	feu4	fu2	赣			5688		
䳖	ȵiet7	niet6	nie4	赣			4001		
䳚	kʰai3	kai3	kan4	赣			5879		
䳝	pʰeu3	peu3	pou3	赣			5579		
䳟	min5	min4	ming2	赣			5631		
䳦	ɕyon1	xyuon1	xuan1	赣			5363		
䳩	ieu1	yeu1	yao1	赣			4318		
䳯	tsʰuŋ2	cung2	chong2	赣			4898		
䳲	tsen5	zen4	zhen4	赣			5350		
䳲	tɕin5	jin4	zhen4	赣			5854		
䳳	ɕyt7	xyut6	xu4	赣			5962		
䳴	tʰat8	tat7	ta4	赣			4694		
䳺	ŋon1	ngon1	yan4	赣			4763		
䳻	tsʰan2	can2	can2	赣			5640		
䳻	tsʰan6	can5	can2	赣			4064		
䳾	ten1	den1	deng1	赣			4258		
䴀	tʰuŋ2	tung2	tong2	赣			4654		
䴁	ȵy5	nyu4	yu4	赣			4679		
䴁	ȵy6	nyu5	yu4	赣			4818		
䴃	lau5	lau4	nao2	赣			5229		
䴅	fɨn5	fen4	fen2	赣			5781		
䴆	pʰuʔ7	puk6	pu2	赣			4778		
䴆	pʰuʔ8	puk7	pu2	赣			4690		
䴇	lin5	lin4	ling2	赣			5726		
䴊	ȵi5	ni4	yi2	赣			4799		
䴑	tʰiet8	tiet7	die2	赣			4343		
䴔	kau1	gau1	jiao1	赣			5536		
䴕	liet7	liet6	lie4	赣			4675		
䴖	tɕin1	jin1	jing1	赣			5952		
䴖	tɕʰin1	qin1	jing1	赣			4540		
䴗	kuet7	guet6	ju2	赣			5281		
䴗	tɕiuʔ7	jiuk6	ju2	赣			4172		
䴙	pʰit8	pit7	pi4	赣			4555		
䴚	kɔŋ3	gong3	gang3	赣			4254		
䴛	ɕieu1	xieu1	xiao1	赣			5576		
䴜	uai1	wai1	wai1	赣			5200		
䴝	tsʰui3	cui3	chuai4	赣			5983		
䴟	fon5	fon4	huan2	赣			4368		
䴠	ŋau3	ngau3	yao3	赣			5945		
䴥	ka1	ga1	jia1	赣			4312		
䴦	ȵin5	nin4	yin2	赣			5844		
䴧	ui1	wui1	wei1	赣			4561		
䴭	tsʰai2	cai2	cai2	赣			4817		
䴮	san5	san4	shan4	赣			5133		
䴲	mot7	mot6	mo4	赣			5701		
䴳	fat8	fat7	hua2	赣			4576		
䴷	fun5	fun4	hun2	赣			5225		
䴹	fa6	fa5	guo3	赣			4132		
䴹	kuo3	guo3	guo3	赣			5746		
䴺	pʰu6	pu5	bu4	赣			4767		
䴻	li5	li4	li2	赣			5274		
䴼	tsʰan3	can3	chan4	赣			5766		
䴾	tsʰo2	co2	cuo2	赣			5358		
䴿	muŋ5	mung4	meng2	赣			5552		
䵀	so3	so3	suo3	赣			4583		
䵂	tʰit7	tit6	zhi2	赣			4880		
䵃	kuen3	gun3	kuang4	赣			5878		
䵃	kuɔŋ3	guong3	kuang4	赣			4590		
䵈	kʰuʔ7	kuk6	ku4	赣			4947		
䵋	kui5	gui4	wei3	赣			5758		
䵋	ui3	wui3	wei3	赣			5064		
䵌	ɕien1	xien1	xian1	赣			4291		
䵎	tʰon1	ton1	tuan1	赣			5072		
䵏	lau3	lau3	lao3	赣			5206		
䵐	tsʰen3	cen3	chan3	赣			5172		
䵑	ȵit7	nit6	ni4	赣			4589		
䵒	ȵit7	nit6	ni4	赣			4722		
䵔	tuŋ3	dung3	dong3	赣			5596		
䵖	tɕʰien3	qien3	qian4	赣			4753		
䵗	pʰet8	pet7	bo2	赣			4423		
䵘	sai5	sai4	shai4	赣			4397		
䵝	i5	yi4	yi4	赣			4073		
䵞	tɕʰin2	qin2	jing4	赣			4564		
䵟	kon3	gon3	gan3	赣			4003		
䵣	tat7	dat6	da2	赣			4253		
䵤	tien3	dien3	jian3	赣			5004		
䵤	ɕien6	xien5	jian3	赣			4227		
䵦	ɕia6	xia5	xie4	赣			4836		
䵧	tsai5	zai4	zai4	赣			4708		
䵨	mɔŋ5	mong4	mang2	赣			4396		
䵬	tʰat7	tat6	ta4	赣			5110		
䵮	sɔŋ1	song1	yang4	赣			5605		
䵮	iɔŋ6	yong5	yang4	赣			4677		
䵱	ɕit7	xit6	xi4	赣			5054		
䵵	tsot7	zot6	chua1	赣			4521		
䵵	tsʰot7	cot6	chua1	赣			4081		
䵸	tɕʰiu1	qiu1	䵸5	赣			5960		
䵹	tsɿ1	zi1	zhi1	赣			5682		
䵻	sui6	sui5	hui4	赣			4369		
䵼	sɔŋ1	song1	shang1	赣			4375		
䵽	tsʰat7	cat6	ca4	赣			5526		
䶀	tʰat7	tat6	ta4	赣			4801		
䶀	kʰot7	kot6	ta4	赣			5346		
䶂	tsɔʔ7	zok6	zhuo2	赣			4800		
䶃	kon1	gon1	han2	赣			4637		
䶃	hon2	hon2	han2	赣			4719		
䶄	pʰin2	pin2	ping2	赣			5849		
䶅	lɔʔ7	lok6	he2	赣			5482		
䶅	hɔʔ8	hok7	he2	赣			5819		
䶆	tsui1	zui1	zhui1	赣			5818		
䶈	pɔʔ7	bok6	bo2	赣			4850		
䶎	hat7	hat6	he1	赣			4256		
䶐	uai5	wai4	wai4	赣			5368		
䶐	ui5	wui4	wai4	赣			4406		
䶒	tɕʰi2	qi2	qi2	赣			5536		
䶓	tɕi5	ji4	ji4	赣			5952		
䶔	tsʰɿ2	ci2	chi2	赣			5491		
䶖	tɕʰin6	qin5	jin4	赣			5298		
䶗	kʰa1	ka1	ke4	赣			4276		
䶘	lat7	lat6	li4	赣			4872		
䶘	lit7	lit6	li4	赣			5297		
䶙	tɕʰy6	qyu5	ju4	赣			5069		
䶛	lat7	lat6	la4	赣			5431		
䶜	fuʔ8	fuk7	gu3	赣			5671		
䶜	kuʔ7	guk6	gu3	赣			5689		
䶞	tɕʰi1	qi1	qi2	赣			4894		
䶞	tɕʰi2	qi2	qi2	赣			5354		
䶢	kat7	gat6	jian1	赣			4340		
䶢	kʰat7	kat6	jian1	赣			5330		
䶣	kai1	gai1	ai2	赣			4043		
䶦	tsʰet7	cet6	ze2	赣			5102		
䶩	tɕʰi6	qi5	ji4	赣			5540		
䶬	tɕien1	jien1	jian1	赣			4362		
䶬	ȵiet7	niet6	jian1	赣			4419		
䶱	tʰuŋ2	tung2	tong2	赣			5318		
䶱	tsuŋ1	zung1	tong2	赣			5301		
䶴	tsʰui1	cui1	䶴5	赣			4451		
䶴	tsʰui3	cui3	䶴5	赣			5112		
䶵	tsʰɿ2	ci2	chi2	赣			4309		
丂	kʰau3	kau3	kao3	赣			5770		
丄	sɔŋ6	song5	shang4	赣			4162		
丅	ha6	ha5	xia4	赣			5177		
丌	tɕi1	ji1	ji1	赣			5183		
丏	mien3	mien3	mian3	赣			4751		
丗	sɿ5	si4	shi4	赣			5142		
丗	ɕi5	xi4	shi4	赣			4821		
丠	tɕʰiu1	qiu1	qiu1	赣			4236		
両	liɔŋ3	liong3	liang3	赣			5547		
丣	iu3	yiu3	you3	赣			5527		
丨	kun3	gun3	gun3	赣			5941		
丨	tɕʰyot8	qyuot7	gun3	赣			4411		
丮	tɕit7	jit6	ji3	赣			5086		
丯	kai5	gai4	jie4	赣			4593		
丱	kuan5	guan4	guan4	赣			4571		
丳	tsʰan3	can3	chan3	赣			4097		
丵	tsʰɔʔ7	cok6	zhuo2	赣			4589		
丵	tsʰɔʔ8	cok7	zhuo2	赣			4061		
丶	tɕy3	jyu3	zhu3	赣			4067		
丼	tan3	dan3	jing3	赣			5665		
丼	tɕin3	jin3	jing3	赣			4140		
丿	i6	yi5	pie3	赣			4536		
丿	pʰiet7	piet6	pie3	赣			5919		
乀	fɨt7	fet6	fu2	赣			5065		
乀	fuʔ7	fuk6	fu2	赣			5275		
乇	tset7	zet6	tuo1	赣			4254		
乇	tʰɔʔ7	tok6	tuo1	赣			5566		
乑	ȵin5	nin4	yin2	赣			4977		
乚	in3	yin3	yin3	赣			4922		
乭	tʰit8	tit7	shi2	赣			4298		
乭	tʰut8	tut7	shi2	赣			5418		
亄	i5	yi4	yi4	赣			4796		
亄	it7	yit6	yi4	赣			5102		
亅	tɕʰyot8	qyuot7	jue2	赣			5550		
亓	tɕʰi2	qi2	qi2	赣			4040		
亖	sɿ5	si4	si4	赣			5787		
亠	tʰeu2	teu2	tou2	赣			4793		
亯	ɕiɔŋ3	xiong3	xiang3	赣			5318		
亹	ui3	wui3	wei3	赣			4469		
亹	mɨn5	men4	wei3	赣			4168		
亻	ȵin5	nin4	ren2	赣			5164		
亼	tɕʰit7	qit6	ji2	赣			4011		
亼	tɕʰit8	qit7	ji2	赣			5760		
亾	uɔŋ5	wong4	wang2	赣			5582		
仌	pin1	bin1	bing1	赣			4644		
仚	ɕien1	xien1	xian1	赣			4823		
仛	tʰɔʔ8	tok7	tuo1	赣			5150		
仜	fuŋ5	fung4	hong2	赣			4885		
仝	tɕʰyon2	qyuon2	tong2	赣			4037		
仝	tʰuŋ2	tung2	tong2	赣			4202		
仠	kon3	gon3	gan3	赣			4363		
仢	sɔʔ8	sok7	bo2	赣			5935		
仨	san1	san1	sa1	赣			4491		
仨	sat7	sat6	sa1	赣			5690		
仫	mu6	mu5	mu4	赣			5210		
仯	tsʰau3	cau3	chao4	赣			5394		
仸	ieu3	yeu3	yao3	赣			5886		
仹	fuŋ1	fung1	feng1	赣			4206		
伀	tsuŋ1	zung1	zhong1	赣			5431		
伂	pi5	bi4	pei4	赣			5684		
伃	y5	yu4	yu2	赣			5214		
伄	tieu3	dieu3	diao4	赣			4807		
伄	tieu5	dieu4	diao4	赣			4165		
伆	uen3	wun3	wu4	赣			4739		
伆	ut7	wut6	wu4	赣			5809		
伈	ɕin3	xin3	xin3	赣			5460		
伣	tɕʰien3	qien3	qian4	赣			5316		
伣	ɕien6	xien5	qian4	赣			4128		
伭	ɕien5	xien4	xian2	赣			4132		
伲	ȵi3	ni3	ni4	赣			4973		
伷	tsʰɛu6	ceu5	zhou4	赣			4142		
伷	tɕʰiu6	qiu5	zhou4	赣			4155		
伹	tsʰu6	cu5	qu1	赣			4185		
伹	tɕʰy1	qyu1	qu1	赣			4461		
伻	pʰuŋ1	pung1	beng1	赣			4170		
伿	tsɿ5	zi4	yi4	赣			4234		
伿	i6	yi5	yi4	赣			4742		
佀	sɿ6	si5	si4	赣			4578		
佁	tsʰɿ3	ci3	yi3	赣			4028		
佁	i3	yi3	yi3	赣			5282		
佂	tsɨn1	zen1	zheng1	赣			4364		
佂	tɕin1	jin1	zheng1	赣			5487		
佅	mai6	mai5	mai4	赣			4632		
佉	tɕʰia1	qia1	qu1	赣			5582		
佉	tɕʰie1	qie1	qu1	赣			4970		
佊	pi3	bi3	bi3	赣			4252		
佊	pi5	bi4	bi3	赣			5449		
佋	seu5	seu4	zhao1	赣			4720		
佋	seu6	seu5	zhao1	赣			4894		
佌	tsʰɿ3	ci3	ci3	赣			4749		
佒	ŋɔŋ1	ngong1	yang3	赣			5528		
佖	pʰet8	pet7	bi4	赣			5092		
佘	sa5	sa4	she2	赣			5191		
佤	ua3	wa3	wa3	赣			4142		
佧	kʰa3	ka3	ka3	赣			5024		
佨	pau1	bau1	bao1	赣			4739		
佪	fɨi5	fei4	hui2	赣			4248		
佪	fɨi5	fei4	hui2	赣			5193		
佫	hɔʔ8	hok7	he4	赣			4528		
佷	hen2	hen2	hen3	赣			4318		
佸	kuɔʔ7	guok6	huo2	赣			4336		
佸	uot8	wot7	huo2	赣			5231		
佹	kui3	gui3	gui3	赣			5370		
佺	tɕʰyon1	qyuon1	quan2	赣			4948		
佽	tsʰɿ3	ci3	ci4	赣			4258		
侀	ɕin5	xin4	xing2	赣			5535		
侁	sen1	sen1	shen1	赣			4938		
侂	tʰɔʔ7	tok6	tuo1	赣			5122		
侅	kai1	gai1	gai1	赣			5747		
侊	kuen1	gun1	guang1	赣			4696		
侊	kuɔŋ1	guong1	guang1	赣			4317		
侎	mi3	mi3	mi3	赣			4356		
侐	fɨi5	fei4	xu4	赣			4293		
侐	fɨi5	fei4	xu4	赣			4295		
侐	ɕyt7	xyut6	xu4	赣			5886		
侒	ŋon1	ngon1	an1	赣			5829		
侘	tsʰa1	ca1	cha4	赣			5962		
侘	tsʰa3	ca3	cha4	赣			4615		
侙	tsʰət7	cet6	chi1	赣			4393		
侙	tɕʰit7	qit6	chi1	赣			5509		
侚	ɕyn6	xyun5	xun4	赣			4511		
侜	tsɛu1	zeu1	zhou1	赣			4672		
侜	tɕiu1	jiu1	zhou1	赣			5703		
侳	tso1	zo1	zuo4	赣			5352		
侸	teu1	deu1	shu4	赣			5121		
侹	tʰin3	tin3	ting3	赣			5146		
侺	tsʰen6	cen5	shen4	赣			5422		
侻	tʰot7	tot6	tui4	赣			5801		
俆	ɕy5	xyu4	xu2	赣			4204		
俇	kʰuɔŋ6	kuong5	guang4	赣			4247		
俋	tsʰɿt8	cit7	yi4	赣			4681		
俋	tɕʰit8	qit7	yi4	赣			5026		
俌	fu3	fu3	fu3	赣			4777		
俍	lɔŋ3	long3	liang2	赣			5434		
俒	fun5	fun4	hun4	赣			5997		
俕	san5	san4	san4	赣			5579		
俙	ɕi1	xi1	xi1	赣			4158		
俙	ɕi3	xi3	xi1	赣			5264		
俛	mien3	mien3	fu3	赣			5387		
俫	li5	li4	lai2	赣			4867		
俰	fo6	fo5	huo4	赣			5541		
俲	hau6	hau5	xiao4	赣			4590		
俴	tɕien3	jien3	jian4	赣			5083		
俴	tɕʰien6	qien5	jian4	赣			5059		
俹	ŋa5	nga4	ya4	赣			5446		
俻	pʰi6	pi5	bei4	赣			5719		
倂	pen5	ben4	bing4	赣			4860		
倃	kau1	gau1	jiu4	赣			4080		
倃	tɕʰiu6	qiu5	jiu4	赣			5974		
倄	hau2	hau2	yao2	赣			4471		
倅	tsʰui3	cui3	cui4	赣			4424		
倅	tsuʔ7	zuk6	cui4	赣			5889		
倇	yon3	yuon3	wan3	赣			5109		
倐	suʔ7	suk6	shu1	赣			4200		
倕	tsʰui2	cui2	chui2	赣			4483		
倗	pʰen2	pen2	peng2	赣			4568		
倝	kon5	gon4	gan4	赣			5821		
倠	fɨi1	fei1	sui1	赣			5875		
倠	fɨi1	fei1	sui1	赣			4209		
倢	tɕʰiet8	qiet7	jie2	赣			4165		
倣	fɔŋ3	fong3	fang3	赣			5133		
倧	tsuŋ1	zung1	zong1	赣			4434		
倮	lo3	lo3	luo3	赣			4494		
倯	suŋ1	sung1	song1	赣			5045		
倰	len5	len4	leng4	赣			4549		
倰	len6	len5	leng4	赣			4689		
倱	fɨn6	fen5	hun4	赣			5675		
倱	fun6	fun5	hun4	赣			4960		
倳	tsɿ5	zi4	zi4	赣			4580		
倷	lai3	lai3	nai3	赣			4662		
倻	ia5	ya4	ye1	赣			5649		
偁	tsʰen1	cen1	cheng1	赣			4346		
偁	tɕʰin1	qin1	cheng1	赣			4230		
偄	lon6	lon5	ruan3	赣			5821		
偅	tsuŋ5	zung4	zhong4	赣			5175		
偆	tsʰun3	cun3	chun3	赣			5038		
偋	pʰən6	pen5	bing4	赣			4801		
偐	ŋan6	ngan5	yan4	赣			5550		
偒	tʰɔŋ3	tong3	tang3	赣			5550		
偓	ŋɔʔ7	ngok6	wo4	赣			4701		
偔	ŋɔʔ7	ngok6	e4	赣			4898		
偘	kʰon3	kon3	kan3	赣			5935		
偙	ti5	di4	di4	赣			4850		
偛	tsat7	zat6	cha1	赣			5415		
偝	pʰi6	pi5	bei4	赣			5564		
偞	ɕiet7	xiet6	xie4	赣			5530		
偞	iɛt8	yet7	xie4	赣			4060		
偟	fɔŋ5	fong4	huang2	赣			4941		
偠	ieu3	yeu3	yao3	赣			5573		
偡	tsʰan6	can5	zhan4	赣			4704		
偤	iu5	yiu4	you2	赣			4240		
偩	fu6	fu5	fu4	赣			4819		
偪	pit7	bit6	bi1	赣			4447		
偪	fuʔ7	fuk6	bi1	赣			5540		
偭	mien3	mien3	mian3	赣			5647		
偭	mien6	mien5	mian3	赣			5512		
偯	i3	yi3	yi3	赣			4264		
偰	ɕiet7	xiet6	xie4	赣			4237		
偳	ton1	don1	duan1	赣			5089		
偳	tʰon1	ton1	duan1	赣			4326		
傁	seu3	seu3	sou3	赣			5154		
傂	tsʰɿ6	ci5	zhi4	赣			4521		
傃	su5	su4	su4	赣			5119		
傄	fat7	fat6	xia1	赣			4362		
傆	ȵyon6	nyuon5	yuan4	赣			4611		
傈	lit7	lit6	li4	赣			4207		
傉	luʔ7	luk6	nu4	赣			5319		
傋	kɔŋ3	gong3	jiang3	赣			4184		
傋	hɔŋ3	hong3	jiang3	赣			5596		
傎	tien1	dien1	dian1	赣			4316		
傏	tʰɔŋ2	tong2	tang2	赣			4707		
傒	ɕi5	xi4	xi1	赣			5624		
傓	sen5	sen4	shan4	赣			4564		
傔	tɕʰien3	qien3	qian4	赣			5362		
傕	kɔʔ7	gok6	jue2	赣			4888		
傗	tsʰuʔ7	cuk6	chu4	赣			5747		
傚	hau6	hau5	xiao4	赣			5631		
傛	iuŋ3	yung3	yong3	赣			5117		
傛	iuŋ5	yung4	yong3	赣			4808		
傜	ieu5	yeu4	yao2	赣			5071		
傝	tʰan3	tan3	tan4	赣			4821		
傝	tʰat7	tat6	tan4	赣			5812		
傞	tsʰo1	co1	suo1	赣			5463		
傞	so1	so1	suo1	赣			5118		
傡	pʰen6	pen5	bing4	赣			5471		
傣	tai3	dai3	dai3	赣			5832		
傪	tsʰan1	can1	can1	赣			5658		
傪	tsʰan3	can3	can1	赣			5803		
傮	tsau1	zau1	zao1	赣			4772		
傱	suŋ3	sung3	song3	赣			5161		
傶	tsuʔ7	zuk6	zu2	赣			5459		
傸	tsʰɔŋ3	cong3	chuang3	赣			5374		
傺	tsʰɿ3	ci3	chi4	赣			4771		
傺	tɕʰi3	qi3	chi4	赣			4285		
傿	ien5	yen4	yan4	赣			5793		
僀	ti5	di4	di4	赣			5715		
僁	ɕiet7	xiet6	xie4	赣			5441		
僁	ɕit7	xit6	xie4	赣			5771		
僄	pʰieu1	pieu1	piao4	赣			5489		
僄	pʰieu3	pieu3	piao4	赣			4125		
僆	lien3	lien3	lian4	赣			5166		
僆	lien6	lien5	lian4	赣			5661		
僊	ɕien1	xien1	xian1	赣			5362		
僋	tʰan1	tan1	tan4	赣			4114		
僎	tsʰon6	con5	zhuan4	赣			5485		
僎	tɕyn1	jyun1	zhuan4	赣			4414		
僐	sen6	sen5	shan4	赣			4337		
僒	tɕʰyn6	qyun5	jiong3	赣			5961		
僓	tʰui3	tui3	tui3	赣			4954		
僓	kʰui3	kui3	tui3	赣			4692		
僔	tsun3	zun3	zun3	赣			4047		
僗	lau6	lau5	lao2	赣			5866		
僘	tsʰɔŋ3	cong3	chang3	赣			4329		
僙	kuɔŋ1	guong1	guang1	赣			5619		
僛	tɕʰi1	qi1	qi1	赣			4809		
僜	tsʰen1	cen1	cheng1	赣			5544		
僝	tsʰan2	can2	chan2	赣			4413		
僝	tsʰon6	con5	chan2	赣			5151		
僟	tɕi1	ji1	ji1	赣			4102		
僢	tsʰun3	cun3	chuan3	赣			5361		
僣	tʰiet7	tiet6	tie3	赣			4349		
僩	kan3	gan3	xian4	赣			5052		
僩	han6	han5	xian4	赣			4405		
僯	lin3	lin3	lin4	赣			4518		
僳	suʔ7	suk6	su4	赣			5469		
僴	kan3	gan3	xian4	赣			4467		
僶	men3	men3	min3	赣			5407		
僸	tɕin5	jin4	jin4	赣			4879		
僸	ȵin3	nin3	jin4	赣			4420		
僽	tsʰeu6	ceu5	zhou4	赣			5896		
僾	i3	yi3	ai4	赣			5050		
僾	ŋai5	ngai4	ai4	赣			5652		
僿	sɿ5	si4	sai4	赣			4610		
儃	tʰan2	tan2	chan2	赣			4801		
儃	sen5	sen4	chan2	赣			4838		
儅	tɔŋ1	dong1	dang4	赣			4930		
儅	tɔŋ5	dong4	dang4	赣			5430		
儊	tsʰu3	cu3	chu4	赣			5392		
儌	tɕieu3	jieu3	jiao3	赣			5300		
儑	ŋon6	ngon5	an2	赣			5837		
儑	ŋot7	ngot6	an2	赣			4375		
儓	tʰai2	tai2	tai2	赣			5799		
儓	tʰai3	tai3	tai2	赣			5035		
儖	lan5	lan4	lan2	赣			5559		
儗	ȵi3	ni3	ni3	赣			5221		
儛	u3	wu3	wu3	赣			4627		
儜	lin5	lin4	ning2	赣			5419		
儠	liet7	liet6	lie4	赣			4258		
儢	li3	li3	lv3	赣			5342		
儥	tʰuʔ8	tuk7	yu4	赣			4692		
儥	yt7	yut6	yu4	赣			4564		
儦	pieu1	bieu1	biao1	赣			4423		
儧	tson3	zon3	zan3	赣			4005		
儩	sɿ5	si4	si4	赣			4321		
儯	tʰen2	ten2	teng2	赣			4409		
儰	ui3	wui3	wei3	赣			4869		
儱	luŋ3	lung3	long3	赣			5296		
儱	luŋ6	lung5	long3	赣			4206		
儳	tsʰan2	can2	chan2	赣			4741		
儴	lɔŋ5	long4	rang2	赣			5359		
儵	suʔ7	suk6	shu1	赣			5870		
儶	fɨi6	fei5	hui4	赣			4666		
儶	fɨi6	fei5	hui4	赣			5646		
儹	tson3	zon3	zan3	赣			5161		
儾	lɔŋ6	long5	nang4	赣			4517		
兂	tsen1	zen1	zan1	赣			4329		
兊	tʰui6	tui5	dui4	赣			5635		
兓	tɕin1	jin1	jin1	赣			5503		
兟	sen1	sen1	shen1	赣			4535		
兠	teu1	deu1	dou1	赣			4935		
兲	tʰien1	tien1	tian1	赣			4024		
兾	tɕi5	ji4	ji4	赣			4605		
冁	tsʰen3	cen3	chan3	赣			4485		
冂	mɛt7	met6	jiong1	赣			4094		
冃	mau3	mau3	mao4	赣			4656		
冃	mau6	mau5	mao4	赣			5815		
冄	len5	len4	ran3	赣			4260		
冋	tɕiɔŋ3	jiong3	jiong1	赣			4580		
冓	kieu1	gieu1	gou4	赣			4570		
冓	kieu5	gieu4	gou4	赣			4562		
冔	ɕy3	xyu3	xu3	赣			4732		
冖	mit7	mit6	mi4	赣			4006		
冘	iu5	yiu4	yin2	赣			5916		
冘	in5	yin4	yin2	赣			5025		
冞	mi5	mi4	mi2	赣			4572		
冟	sɛt7	set6	shi4	赣			4835		
冟	ɕit7	xit6	shi4	赣			5547		
冡	muŋ5	mung4	meng2	赣			4727		
冫	pin1	bin1	bing1	赣			4861		
冸	pʰon3	pon3	pan4	赣			4632		
冹	fat7	fat6	fu2	赣			5023		
冼	ɕien3	xien3	xian3	赣			5991		
凅	ku5	gu4	gu4	赣			5344		
凊	tɕʰin3	qin3	qing4	赣			4121		
凓	lit7	lit6	li4	赣			4603		
凔	tsʰɔŋ1	cong1	chuang4	赣			5029		
凘	sɿ1	si1	si1	赣			5077		
凚	tɕʰin6	qin5	jin4	赣			4290		
凷	kʰuai3	kuai3	kuai4	赣			5791		
凷	kʰui3	kui3	kuai4	赣			5856		
刂	tau1	dau1	dao1	赣			4195		
刌	tsʰun3	cun3	cun3	赣			5390		
刏	tɕi1	ji1	ji1	赣			4386		
刓	uon5	won4	wan2	赣			4027		
刕	li5	li4	li2	赣			4497		
刜	fuʔ7	fuk6	fu2	赣			5097		
刞	tɕʰy3	qyu3	qu4	赣			4005		
刡	min3	min3	min3	赣			4135		
刢	lin5	lin4	ling2	赣			5863		
刬	tsʰan3	can3	chan3	赣			4945		
刱	tsʰɔŋ3	cong3	chuang4	赣			4349		
刲	kʰui1	kui1	kui1	赣			5711		
刵	ɵ6	o5	er4	赣			5667		
刾	tsʰɿ3	ci3	ci4	赣			5815		
剁	to5	do4	duo4	赣			5854		
剆	lo3	lo3	luo3	赣			4685		
剆	lo5	lo4	luo3	赣			4775		
剈	yon1	yuon1	yuan1	赣			4359		
剉	tsʰo3	co3	cuo4	赣			5440		
剏	tsʰɔŋ3	cong3	chuang4	赣			5400		
剒	tsʰɔʔ7	cok6	cuo4	赣			5803		
剚	tsɿ5	zi4	zi4	赣			4710		
剠	tɕʰin2	qin2	qing2	赣			4023		
剢	tuʔ7	duk6	du1	赣			5891		
剨	fet7	fet6	huo1	赣			4813		
剫	tʰɔʔ8	tok7	duo2	赣			4285		
剬	ton1	don1	duan1	赣			4597		
剬	tson3	zon3	duan1	赣			4645		
剭	uʔ7	wuk6	wu1	赣			5987		
剰	sen6	sen5	sheng4	赣			4267		
剰	ɕin6	xin5	sheng4	赣			5553		
剶	tsʰon1	con1	chuan1	赣			4254		
剶	tɕyon1	jyuon1	chuan1	赣			5341		
剸	tson1	zon1	tuan2	赣			4409		
剹	liuʔ7	liuk6	lu4	赣			4476		
剺	li5	li4	li2	赣			5053		
剻	pʰen3	pen3	peng3	赣			5231		
劀	kuat7	guat6	gua1	赣			4512		
劄	tsat7	zat6	zha1	赣			5115		
劋	tɕieu1	jieu1	jiao3	赣			4583		
劒	tɕien5	jien4	jian4	赣			4778		
劔	tɕien5	jien4	jian4	赣			4010		
劕	tset7	zet6	zhi4	赣			5603		
劕	tɕit7	jit6	zhi4	赣			5976		
劗	tson1	zon1	jian3	赣			4174		
劗	tsʰon2	con2	jian3	赣			4577		
劘	mo5	mo4	mo2	赣			4598		
劙	li3	li3	li2	赣			5151		
劜	ŋat7	ngat6	ya4	赣			4094		
劤	tɕin5	jin4	jin4	赣			5065		
劥	kʰien1	kien1	keng1	赣			4669		
劦	ɕiet8	xiet7	xie2	赣			4122		
劮	it7	yit6	yi4	赣			5596		
劵	tɕʰyon3	qyuon3	juan4	赣			5044		
効	hau6	hau5	xiao4	赣			4637		
劺	meu5	meu4	mou2	赣			4088		
劻	kʰuɔŋ1	kuong1	kuang1	赣			5131		
劼	kʰat7	kat6	jie2	赣			5911		
勀	kʰiet7	kiet6	ke4	赣			4624		
勅	tsʰət7	cet6	chi4	赣			5866		
勅	tɕʰit7	qit6	chi4	赣			5883		
勊	kʰiet7	kiet6	ke4	赣			5480		
勐	men3	men3	meng3	赣			4340		
勔	mien3	mien3	mian3	赣			4403		
勖	ɕiuʔ7	xiuk6	xu4	赣			5901		
勗	ɕiuʔ7	xiuk6	xu4	赣			5184		
勜	uŋ3	wung3	weng3	赣			4550		
勠	liuʔ7	liuk6	lu4	赣			4351		
勡	pʰieu3	pieu3	piao4	赣			5691		
勥	tɕʰiɔŋ2	qiong2	jiang4	赣			5536		
勥	tɕʰiɔŋ6	qiong5	jiang4	赣			4430		
勦	tsʰau2	cau2	chao1	赣			4980		
勦	tɕieu3	jieu3	chao1	赣			5476		
勨	ɕiɔŋ6	xiong5	xiang4	赣			4269		
勨	iɔŋ3	yong3	xiang4	赣			4576		
勬	tɕyon1	jyuon1	juan1	赣			4806		
勬	tɕyon5	jyuon4	juan1	赣			5448		
勮	tɕʰy6	qyu5	ju4	赣			5761		
勲	ɕyn1	xyun1	xun1	赣			5122		
勴	li6	li5	lv4	赣			5116		
勷	lɔŋ5	long4	rang2	赣			5963		
勹	pau1	bau1	bao1	赣			4596		
勼	tɕiu1	jiu1	jiu1	赣			5763		
勽	pʰau6	pau5	bao4	赣			4102		
勽	uen3	wun3	bao4	赣			5729		
匃	kai5	gai4	gai4	赣			5336		
匃	kot7	got6	gai4	赣			4303		
匉	pʰuŋ1	pung1	peng1	赣			5526		
匊	tɕiuʔ7	jiuk6	ju1	赣			4434		
匋	tʰau2	tau2	tao2	赣			5818		
匌	kot7	got6	ge2	赣			5785		
匌	kʰot7	kot6	ge2	赣			4548		
匑	kuŋ1	gung1	gong1	赣			4794		
匑	kʰuŋ1	kung1	gong1	赣			4998		
匘	lau3	lau3	nao3	赣			5475		
匚	fɔŋ1	fong1	fang1	赣			5543		
匝	tsat7	zat6	za1	赣			5404		
匤	tɕʰiuʔ7	qiuk6	qu1	赣			4939		
匥	pʰien6	pien5	fan2	赣			4232		
匧	tɕʰiet7	qiet6	qie4	赣			4808		
匨	tsɔŋ1	zong1	zang1	赣			5522		
匫	fɨt7	fet6	hu1	赣			4821		
匫	fuʔ7	fuk6	hu1	赣			4774		
匰	tan1	dan1	dan1	赣			5850		
匳	lien5	lien4	lian2	赣			5937		
匴	son3	son3	suan3	赣			5731		
匵	tʰuʔ8	tuk7	du2	赣			5693		
匶	tɕʰiu6	qiu5	jiu4	赣			5944		
匽	ien3	yen3	yan3	赣			5980		
匽	ien5	yen4	yan3	赣			4503		
卂	tsui5	zui4	xun4	赣			5653		
卂	ɕin5	xin4	xun4	赣			5422		
卄	kuŋ1	gung1	nian4	赣			5125		
卅	sat7	sat6	sa4	赣			4980		
卌	ɕit7	xit6	xi4	赣			4851		
卍	uan6	wan5	wan4	赣			5780		
卙	tsʰət7	cet6	ji2	赣			5312		
卙	tɕʰit7	qit6	ji2	赣			5394		
卛	tɕyon5	jyuon4	shuai4	赣			5335		
卩	tɕiet7	jiet6	jie2	赣			5641		
卬	ŋɔŋ5	ngong4	ang2	赣			4724		
卬	ȵiɔŋ3	niong3	ang2	赣			4594		
卲	seu6	seu5	shao4	赣			5806		
卶	tsʰɿ3	ci3	chi3	赣			5354		
卶	sɿ5	si4	chi3	赣			4047		
厀	ɕit7	xit6	xi1	赣			4778		
厃	tsen1	zen1	wei3	赣			5361		
厇	tset7	zet6	zhe2	赣			5976		
厈	tsʰa3	ca3	han3	赣			5502		
厊	ŋa3	nga3	ya3	赣			5835		
厎	tsɿ3	zi3	di3	赣			5363		
厏	tsa3	za3	zha3	赣			4151		
厏	tsʰa6	ca5	zha3	赣			5252		
厓	ŋai5	ngai4	ya2	赣			4322		
厖	mɔŋ5	mong4	pang2	赣			4900		
厗	tʰi2	ti2	ti2	赣			4068		
厜	tsɿ1	zi1	zui1	赣			5589		
厧	tien1	dien1	dian1	赣			4600		
厬	kui3	gui3	gui3	赣			5948		
厱	kʰan1	kan1	lan2	赣			4058		
厱	tɕʰien1	qien1	lan2	赣			4115		
厵	ȵyon5	nyuon4	yuan2	赣			5221		
厶	sɿ1	si1	si1	赣			4529		
厸	mien3	mien3	lin2	赣			4375		
厹	tɕʰiu2	qiu2	rou2	赣			5761		
厽	lui3	lui3	lei3	赣			5644		
叀	tson1	zon1	zhuan1	赣			4569		
叀	tsʰon6	con5	zhuan1	赣			5073		
叆	i3	yi3	ai4	赣			5925		
叆	ŋai5	ngai4	ai4	赣			4734		
叇	tʰai6	tai5	dai4	赣			5450		
叒	lɔʔ7	lok6	ruo4	赣			5981		
叕	tsot7	zot6	zhuo2	赣			5510		
叚	ka3	ga3	jia3	赣			4580		
叜	seu3	seu3	sou3	赣			5137		
叡	lui6	lui5	rui4	赣			4897		
叴	tɕʰiu2	qiu2	qiu2	赣			4710		
叻	lɛt7	let6	le4	赣			4211		
叿	fuŋ1	fung1	hong1	赣			5201		
吂	mɔŋ5	mong4	mang2	赣			4861		
吂	mɔŋ6	mong5	mang2	赣			5756		
吅	ɕyon1	xyuon1	xuan1	赣			4108		
吅	suŋ6	sung5	xuan1	赣			5561		
吋	tsʰun3	cun3	cun4	赣			5980		
吖	ŋa1	nga1	ya1	赣			5484		
吜	tsʰɛu3	ceu3	chou3	赣			5247		
吜	tɕʰiu3	qiu3	chou3	赣			4989		
吢	tɕʰin3	qin3	qin4	赣			4655		
吪	ŋo5	ngo4	e2	赣			4600		
吰	fen5	fen4	hong2	赣			4275		
吲	in3	yin3	yin3	赣			4756		
吺	teu1	deu1	dou1	赣			4434		
吽	heu3	heu3	hong1	赣			4402		
吿	kau5	gau4	gao4	赣			5551		
呁	tɕyn5	jyun4	jun4	赣			4532		
呋	fu1	fu1	fu1	赣			4078		
呎	tsʰət7	cet6	chi3	赣			4791		
呎	tɕʰit7	qit6	chi3	赣			5542		
呒	u3	wu3	wu3	赣			5096		
呒	u5	wu4	wu3	赣			4758		
呔	tai1	dai1	dai1	赣			4665		
呖	lit7	lit6	li4	赣			5906		
呝	ŋiet7	ngiet6	e4	赣			5598		
呞	sɿ1	si1	shi1	赣			5713		
呣	m1	m1	m2	赣			4027		
呥	len5	len4	ran2	赣			5150		
呪	tsɛu5	zeu4	zhou4	赣			4180		
呪	tɕiu5	jiu4	zhou4	赣			4964		
呫	tʰiet7	tiet6	tie4	赣			5938		
呭	i6	yi5	yi4	赣			5463		
呰	tsɿ3	zi3	zi3	赣			5765		
呲	tsɿ1	zi1	ci1	赣			4740		
呲	tsʰɿ2	ci2	ci1	赣			4923		
呴	ɕy5	xyu4	xu3	赣			4636		
呴	heu3	heu3	xu3	赣			5770		
呸	pʰi1	pi1	pei1	赣			4651		
呺	ɕieu1	xieu1	xiao1	赣			5820		
呾	tat7	dat6	da2	赣			4620		
呾	ŋat7	ngat6	da2	赣			5639		
呿	tɕʰie1	qie1	qu4	赣			4526		
咂	tsat7	zat6	za1	赣			5626		
咅	tʰeu3	teu3	pou3	赣			4383		
咇	pit7	bit6	bie2	赣			5873		
咈	fɨt8	fet7	fu2	赣			5561		
咈	fuʔ8	fuk7	fu2	赣			5112		
咉	ŋɔŋ1	ngong1	yang1	赣			5489		
咉	ŋɔŋ3	ngong3	yang1	赣			5462		
咊	fo5	fo4	he2	赣			5961		
咍	hai1	hai1	hai1	赣			5299		
咝	sɿ1	si1	si1	赣			5064		
咟	fet8	fet7	huo4	赣			4613		
咠	tɕit7	jit6	qi4	赣			4964		
咠	tɕʰit7	qit6	qi4	赣			4262		
咡	ɵ5	o4	er4	赣			5169		
咡	ɵ6	o5	er4	赣			4767		
咢	ŋɔʔ7	ngok6	e4	赣			5092		
咣	kuɔŋ1	guong1	guang1	赣			4918		
咥	tsʰət7	cet6	xi4	赣			5626		
咩	mie1	mie1	mie1	赣			5268		
咮	tɕy1	jyu1	zhou4	赣			4942		
咯	kɔʔ7	gok6	ge1	赣			276302		
咰	sut7	sut6	shu4	赣			4289		
咶	fai5	fai4	huai4	赣			5320		
咶	fat8	fat7	huai4	赣			4921		
咹	ŋot7	ngot6	e4	赣			4170		
咺	ɕyon3	xyuon3	xuan3	赣			4382		
哃	tʰuŋ2	tung2	tong2	赣			5830		
哊	yt7	yut6	you4	赣			5288		
哏	hen2	hen2	gen2	赣			5442		
哐	kʰuɔŋ1	kuong1	kuang1	赣			4465		
哒	tat7	dat6	da2	赣			4749		
哚	to3	do3	duo3	赣			5945		
哜	tɕʰi6	qi5	ji4	赣			5887		
哞	meu5	meu4	mou1	赣			5545		
哢	luŋ6	lung5	long4	赣			5093		
哤	mɔŋ5	mong4	mang2	赣			5580		
哧	tsʰət7	cet6	chi1	赣			4570		
哫	tɕiuʔ7	jiuk6	zu2	赣			5726		
哰	lau5	lau4	lao2	赣			4083		
哱	pʰɛt7	pet6	bo1	赣			5116		
哴	lɔŋ5	long4	liang4	赣			4035		
哴	liɔŋ6	liong5	liang4	赣			4865		
哵	pat7	bat6	ba1	赣			5956		
哷	lot7	lot6	lie4	赣			5847		
哹	fu1	fu1	fu2	赣			4344		
哹	feu5	feu4	fu2	赣			5691		
唂	kuʔ7	guk6	gu1	赣			4773		
唅	hon1	hon1	han2	赣			5805		
唅	hon6	hon5	han2	赣			5855		
唈	ŋot7	ngot6	yi4	赣			4027		
唈	it7	yit6	yi4	赣			5511		
唊	tɕiet7	jiet6	jia2	赣			5247		
唌	tʰan2	tan2	xian2	赣			4827		
唑	tsʰo6	co5	zuo4	赣			5614		
唕	tsʰau6	cau5	zao4	赣			5863		
唚	tɕʰin3	qin3	qin4	赣			5208		
唛	met7	met6	ma4	赣			5182		
唢	so3	so3	suo3	赣			5678		
唫	tɕʰin6	qin5	jin4	赣			5942		
唫	ȵin5	nin4	jin4	赣			5590		
唭	tɕʰi3	qi3	qi4	赣			4846		
唰	sot7	sot6	shua1	赣			54333		
唲	ɵ5	o4	er2	赣			5729		
唴	tɕʰiɔŋ3	qiong3	qiang4	赣			4860		
唵	ŋon3	ngon3	an3	赣			4377		
唶	tɕia5	jia4	ze2	赣			5357		
唷	yt7	yut6	yo1	赣			4705		
唹	y1	yu1	yu1	赣			5421		
唻	lai3	lai3	lai4	赣			5239		
唻	lai5	lai4	lai4	赣			4416		
唼	sat7	sat6	sha4	赣			4072		
啀	ŋai5	ngai4	ai2	赣			4145		
啂	leu3	leu3	nou3	赣			5544		
啅	tsɔʔ7	zok6	zhuo2	赣			4377		
啇	tit7	dit6	di4	赣			4014		
啌	hɔŋ1	hong1	xiang1	赣			4846		
啎	u6	wu5	wu3	赣			4404		
啑	ti5	di4	sha4	赣			4115		
啑	sat7	sat6	sha4	赣			4925		
啒	kut7	gut6	gu3	赣			5283		
啗	tʰan6	tan5	dan4	赣			5759		
啙	tsɿ3	zi3	zi3	赣			4508		
啚	pi3	bi3	bi3	赣			5706		
啚	tʰu2	tu2	bi3	赣			5766		
啣	han2	han2	xian2	赣			4683		
啪	pʰaʔ7	pak6	pa1	赣			4776		
啯	kue1	gue1	guo1	赣			30032		
啶	tʰin6	tin5	ding4	赣			5452		
啺	tʰɔŋ2	tong2	tang2	赣			5014		
喅	yt7	yut6	yu4	赣			4631		
喆	tset7	zet6	zhe2	赣			4602		
喌	tsɛu1	zeu1	zhou1	赣			120801		本1
喌	tɕiu1	jiu1	zhou1	赣			119656		又1
喌	tsuʔ7	zuk6	zhou1	赣			119017		
喏	ia3	ya3	nuo4	赣			5441		
喓	ieu1	yeu1	yao1	赣			5759		
喗	ȵyn3	nyun3	yun3	赣			4982		
喛	fon5	fon4	huan4	赣			4469		
喛	ɕyon1	xyuon1	huan4	赣			5955		
喠	tsuŋ3	zung3	zhong3	赣			5268		
喠	tsʰuŋ3	cung3	zhong3	赣			4861		
喢	sat7	sat6	sha4	赣			4275		
喣	ɕy3	xyu3	xu3	赣			4967		
喥	tʰɔʔ8	tok7	duo2	赣			4705		
喦	lit7	lit6	nie4	赣			4872		
喨	liɔŋ6	liong5	liang4	赣			5017		
喭	ŋon6	ngon5	yan4	赣			4161		
喭	ȵien6	nien5	yan4	赣			5167		
喰	tsʰan1	can1	can1	赣			5065		
喰	sun1	sun1	can1	赣			5661		
喱	li5	li4	li2	赣			4429		
喵	mieu5	mieu4	miao1	赣			158560		
喹	tɕʰyot7	qyuot6	kui2	赣			5248		
喿	sau5	sau4	zao4	赣			4020		
嗀	hɔʔ7	hok6	hu4	赣			4819		
嗀	fuʔ7	fuk6	hu4	赣			5222		
嗁	tʰi2	ti2	ti2	赣			4710		
嗂	ieu5	yeu4	yao2	赣			4558		
嗃	hɔʔ7	hok6	he4	赣			5760		
嗈	iuŋ1	yung1	yong1	赣			5611		
嗋	ɕiet7	xiet6	xie2	赣			4914		
嗍	sɔʔ7	sok6	suo1	赣			5811		
嗕	ȵiuʔ7	niuk6	ru4	赣			5331		
嗖	seu5	seu4	sou1	赣			4131		
嗖	suʔ7	suk6	sou1	赣			4528		
嗗	uat7	wat6	wa1	赣			5420		
嗙	pen1	ben1	pang3	赣			5615		
嗛	tɕʰien3	qien3	qian3	赣			5452		
嗢	uat7	wat6	wa4	赣			4166		
嗢	ut7	wut6	wa4	赣			5622		
嗨	hai1	hai1	hai1	赣			5596		
嗯	ŋien1	ngien1	n2	赣			4026		
嗳	oi1	oi1	ai1	赣			5295		
嗵	tʰuŋ1	tung1	tong1	赣			5113		
嗸	ŋau5	ngau4	ao2	赣			5974		
嗺	tsui3	zui3	zui1	赣			5839		
嗻	tsa5	za4	zhe1	赣			5219		
嗼	met7	met6	mo4	赣			4336		
嗼	mɔʔ7	mok6	mo4	赣			5677		
嗿	tʰan3	tan3	tan3	赣			5669		
嘂	tɕieu3	jieu3	jiao4	赣			4772		
嘅	kʰai3	kai3	kai3	赣			4544		
嘐	kau1	gau1	xiao1	赣			4902		
嘐	hau1	hau1	xiao1	赣			5729		
嘑	fu1	fu1	hu1	赣			5626		
嘒	fɨi3	fei3	hui4	赣			4287		
嘒	fɨi3	fei3	hui4	赣			5806		
嘕	ɕien1	xien1	xian1	赣			4095		
嘛	ma1	ma1	ma5	赣			264114		
嘞	le0	le0	lei5	赣	呢	ne5	365666		
嘣	puŋ1	bung1	beng1	赣			4869		
嘧	mit7	mit6	mi4	赣			5001		
嘫	lan5	lan4	ran2	赣			4387		
嘭	pʰuŋ2	pung2	peng1	赣			5305		
嘼	ɕiu5	xiu4	chu4	赣			4713		
嘾	tʰan6	tan5	dan4	赣			5447		
噂	tsun3	zun3	zun3	赣			4686		
噆	tsʰan3	can3	zan3	赣			4871		
噆	tsat7	zat6	zan3	赣			5319		
噇	tsʰɔŋ2	cong2	chuang2	赣			4294		
噈	tɕiuʔ7	jiuk6	cu4	赣			4263		
噉	tʰan6	tan5	dan4	赣			4223		
噊	sut8	sut7	yu4	赣			5881		
噊	yt7	yut6	yu4	赣			4240		
噋	tʰun1	tun1	tun1	赣			5332		
噏	ɕit7	xit6	xi1	赣			4600		
噑	hau2	hau2	hao2	赣			4077		
噔	ten1	den1	deng1	赣			5121		
噗	pʰuʔ7	puk6	pu1	赣			4340		
噘	tɕyot7	jyuot6	jue1	赣			5494		
噜	lu5	lu4	lu1	赣			4230		
噟	in5	yin4	ying4	赣			5102		
噡	tsen1	zen1	zhan1	赣			5980		
噣	tsɔʔ7	zok6	zhou4	赣			5650		
噧	hai3	hai3	xie4	赣			4678		
噧	tʰat7	tat6	xie4	赣			5593		
噭	tɕieu3	jieu3	jiao4	赣			5164		
噮	yon5	yuon4	yuan4	赣			5624		
噰	iuŋ1	yung1	yong1	赣			5017		
噳	ȵy3	nyu3	yu3	赣			5896		
噶	kot7	got6	ga2	赣			30715		
噻	sai1	sai1	sai1	赣			160904		
噿	tsui3	zui3	zui3	赣			5294		
嚂	lan6	lan5	lan4	赣			5276		
嚃	tʰat7	tat6	ta1	赣			4166		
嚆	hau1	hau1	hao1	赣			4865		
嚈	iet7	yet6	ye4	赣			5668		
嚊	pʰi3	pi3	pi4	赣			5699		
嚓	tsʰat7	cat6	ca1	赣			5507		
嚔	ti5	di4	ti4	赣			4923		
嚗	pɔʔ7	bok6	bo2	赣			4357		
嚘	iu1	yiu1	you1	赣			5603		
嚜	mi6	mi5	me5	赣			4212		
嚝	fen1	fen1	hong1	赣			4910		
嚞	tset7	zet6	zhe2	赣			4780		
嚡	hai2	hai2	hai5	赣			4882		
嚫	tsʰen3	cen3	chen4	赣			4559		
嚬	pʰin2	pin2	pin2	赣			5376		
嚭	pʰi3	pi3	pi3	赣			4342		
嚱	ɕi5	xi4	xi4	赣			5379		
嚵	tsʰan2	can2	chan2	赣			4952		
嚻	ɕieu1	xieu1	xiao1	赣			5388		
嚾	fon5	fon4	huan1	赣			4142		
囋	tsʰan6	can5	za2	赣			5658		
囋	tsʰat8	cat7	za2	赣			5795		
囍	ɕi3	xi3	xi3	赣			4562		
囏	kan1	gan1	jian1	赣			5260		
囐	tsʰat8	cat7	za2	赣			5761		
囔	lɔŋ5	long4	nang1	赣			4683		
囗	ui5	wui4	wei2	赣			4293		
囝	lan5	lan4	jian3	赣			5755		
囝	tɕien3	jien3	jian3	赣			5401		
囦	yon1	yuon1	yuan1	赣			4540		
囧	tɕiɔŋ3	jiong3	jiong3	赣			5760		
囩	yn5	yun4	yun2	赣			4416		
囫	fɨt7	fet6	hu2	赣			5843		
囫	fuʔ7	fuk6	hu2	赣			4357		
囮	ŋo5	ngo4	e2	赣			5925		
囮	iu5	yiu4	e2	赣			4074		
囵	lɨn5	len4	lun2	赣			4494		
囵	lun5	lun4	lun2	赣			5985		
囷	tɕʰyn1	qyun1	qun1	赣			5283		
圁	ȵin5	nin4	yin2	赣			4563		
圂	fɨn6	fen5	hun4	赣			5259		
圂	fun6	fun5	hun4	赣			5649		
圅	hon2	hon2	han2	赣			5230		
圌	tsʰui2	cui2	chuan2	赣			4000		
圌	tsʰon2	con2	chuan2	赣			5331		
圎	yon5	yuon4	yuan2	赣			4584		
圔	ŋat7	ngat6	ya4	赣			5520		
圛	it7	yit6	yi4	赣			5760		
圝	lon5	lon4	luan2	赣			5076		
圠	ŋat7	ngat6	ya4	赣			5291		
圡	tʰu3	tu3	tu3	赣			5572		
圢	tʰien3	tien3	ting3	赣			5438		
圢	tʰin3	tin3	ting3	赣			5173		
圤	pʰɔʔ7	pok6	pu2	赣			5373		
圩	tɕʰy1	qyu1	wei2	赣			4667		
圩	y5	yu4	wei2	赣			4776		
圱	tɕʰien1	qien1	qian1	赣			4701		
圼	ȵiet7	niet6	nie4	赣			4260		
坁	tsɿ3	zi3	zhi3	赣			5827		
坄	tʰeu2	teu2	yi4	赣			5688		
坄	yt7	yut6	yi4	赣			4493		
坉	tʰun2	tun2	tun2	赣			4679		
坋	fɨn6	fen5	ben4	赣			4472		
坋	fun6	fun5	ben4	赣			5530		
坍	tʰan1	tan1	tan1	赣			5459		
坒	pʰi6	pi5	bi4	赣			4180		
坒	pʰet8	pet7	bi4	赣			5631		
坜	lit7	lit6	li4	赣			4264		
坢	pʰon3	pon3	ban4	赣			4303		
坣	tʰɔŋ2	tong2	tang2	赣			4850		
坥	tɕʰy1	qyu1	qu1	赣			4137		
坥	tɕʰy3	qyu3	qu1	赣			5311		
坬	kua5	gua4	gua4	赣			5472		
坰	kuen1	gun1	jiong1	赣			5862		
坰	tɕiɔŋ1	jiong1	jiong1	赣			5378		
坱	ŋɔŋ3	ngong3	yang3	赣			4996		
坲	fɨt8	fet7	fo2	赣			5104		
坲	fuʔ8	fuk7	fo2	赣			5407		
坴	liuʔ7	liuk6	lu4	赣			5612		
坵	tɕʰiu1	qiu1	qiu1	赣			4864		
坶	muʔ7	muk6	mu3	赣			4260		
坹	ɕyot7	xyuot6	xue4	赣			5447		
坹	ɕyot8	xyuot7	xue4	赣			4683		
坺	fat8	fat7	ba2	赣			5181		
坺	pʰot8	pot7	ba2	赣			5821		
坿	fu5	fu4	fu4	赣			4216		
坿	fu6	fu5	fu4	赣			5392		
垌	tʰuŋ3	tung3	dong4	赣			5381		
垎	het8	het7	he4	赣			4573		
垐	tsʰɿ2	ci2	ci2	赣			5379		
垐	tɕʰit8	qit7	ci2	赣			4757		
垑	tsʰɿ3	ci3	chi3	赣			4332		
垔	in1	yin1	yin1	赣			5823		
垕	heu6	heu5	hou4	赣			5440		
垗	tsʰeu6	ceu5	zhao4	赣			4479		
垘	pʰet8	pet7	fu2	赣			4899		
垙	kuɔŋ1	guong1	guang1	赣			4590		
垚	ȵieu5	nieu4	yao2	赣			5836		
垝	kui3	gui3	gui3	赣			5638		
垝	kui5	gui4	gui3	赣			5601		
垬	fuŋ5	fung4	hong2	赣			4828		
垭	ŋa5	nga4	ya1	赣			4241		
垯	tʰat8	tat7	da5	赣			4561		
垵	ŋon3	ngon3	an3	赣			5591		
垶	ɕyn1	xyun1	xing1	赣			5429		
垷	tɕien3	jien3	xian4	赣			5924		
垷	ɕien6	xien5	xian4	赣			4475		
垹	pɔŋ1	bong1	bang1	赣			4061		
垼	yt7	yut6	yi4	赣			4339		
垽	ȵin6	nin5	yin4	赣			5440		
垾	hon6	hon5	han4	赣			5998		
埆	kʰɔʔ7	kok6	que4	赣			5464		
埇	iuŋ3	yung3	yong3	赣			4366		
埈	ɕyn5	xyun4	jun4	赣			4200		
埌	lɔŋ6	long5	lang4	赣			5826		
埍	tɕyon3	jyuon3	juan3	赣			5367		
埍	ɕyon6	xyuon5	juan3	赣			4342		
埐	tɕin1	jin1	jin1	赣			4704		
埐	tɕʰin2	qin2	jin1	赣			4932		
埔	pʰu3	pu3	pu3	赣			5678		
埕	tsʰen2	cen2	cheng2	赣			5088		
埕	tɕʰin2	qin2	cheng2	赣			5903		
埢	tɕyon3	jyuon3	quan2	赣			5421		
埤	pʰi2	pi2	pi2	赣			5418		
埧	tɕʰy6	qyu5	ju4	赣			5148		
埩	tsen1	zen1	zheng1	赣			5895		
埪	kʰuŋ1	kung1	kong1	赣			4910		
埫	tsʰuŋ3	cung3	chong3	赣			4670		
埱	tsʰuʔ7	cuk6	chu4	赣			4762		
埲	pʰuŋ6	pung5	beng3	赣			4273		
埳	kʰon3	kon3	kan3	赣			5759		
埵	to3	do3	duo3	赣			5506		
埶	ȵi6	ni5	yi4	赣			5808		
埻	tsun3	zun3	zhun3	赣			4471		
埼	tɕʰi2	qi2	qi2	赣			4672		
埾	tɕʰy6	qyu5	ju4	赣			4572		
埿	ȵi5	ni4	ni2	赣			5758		
堀	kʰut7	kut6	ku1	赣			4324		
堀	tɕʰyt8	qyut7	ku1	赣			4339		
堁	kʰuo3	kuo3	ke4	赣			4980		
堁	kʰui3	kui3	ke4	赣			4430		
堃	kʰun1	kun1	kun1	赣			5589		
堄	ȵi3	ni3	ni4	赣			5662		
堄	ȵi6	ni5	ni4	赣			4251		
堈	kɔŋ1	gong1	gang1	赣			4224		
堍	tʰu3	tu3	tu4	赣			5097		
堗	tʰet8	tet7	tu1	赣			4385		
堗	tʰut8	tut7	tu1	赣			5897		
堛	pʰɛt7	pet6	bi4	赣			4527		
堜	lien6	lien5	lian4	赣			4340		
堟	tsʰon6	con5	zhuan4	赣			5025		
堢	pau3	bau3	bao3	赣			5300		
堣	ȵy5	nyu4	yu2	赣			5402		
堥	mau5	mau4	mao2	赣			4048		
堦	kai1	gai1	jie1	赣			4592		
堧	ȵyon5	nyuon4	ruan2	赣			4559		
堨	ŋot7	ngot6	ye4	赣			4574		
堩	kien5	gien4	geng4	赣			5228		
堫	tsʰɔŋ1	cong1	zong1	赣			5907		
堫	tsuŋ1	zung1	zong1	赣			4601		
堬	y5	yu4	yu2	赣			4881		
堭	fɔŋ5	fong4	huang2	赣			5092		
堮	ŋɔʔ7	ngok6	e4	赣			4116		
堲	tɕit7	jit6	ci2	赣			5666		
堲	tɕʰit8	qit7	ci2	赣			5467		
堶	tʰo2	to2	tuo2	赣			4204		
堸	fuŋ5	fung4	feng2	赣			4503		
堹	tsuŋ5	zung4	zhong4	赣			4505		
堺	kai5	gai4	jie4	赣			5757		
堽	kɔŋ1	gong1	gang1	赣			4726		
堿	kan3	gan3	jian3	赣			5204		
塄	len5	len4	leng2	赣			5527		
塉	tɕʰit8	qit7	ji2	赣			4327		
塎	iuŋ3	yung3	yong3	赣			5618		
塐	su5	su4	su4	赣			4713		
塓	mit7	mit6	mi4	赣			5598		
塕	uŋ3	wung3	weng3	赣			4723		
塖	sɨn5	sen4	cheng2	赣			5220		
塖	ɕin5	xin4	cheng2	赣			5392		
塙	kʰɔʔ7	kok6	que4	赣			4599		
塛	lit7	lit6	li4	赣			4363		
塠	tui1	dui1	dui1	赣			5045		
塡	tʰien2	tien2	tian2	赣			5213		
塥	kiet7	giet6	ge2	赣			4646		
塩	ien5	yen4	yan2	赣			5335		
塭	uen1	wun1	wen1	赣			4768		
塯	liu6	liu5	liu4	赣			4097		
塲	sɔŋ1	song1	chang2	赣			4009		
塺	mi5	mi4	mei2	赣			5882		
塺	mo6	mo5	mei2	赣			4400		
塻	mɔʔ7	mok6	mo4	赣			4606		
塽	sɔŋ3	song3	shuang3	赣			4113		
墄	tsʰet7	cet6	ce4	赣			5965		
墆	tʰi6	ti5	zhi4	赣			4133		
墆	tʰiet8	tiet7	zhi4	赣			5288		
墇	tsɔŋ1	zong1	zhang4	赣			4092		
墇	tsɔŋ5	zong4	zhang4	赣			4333		
墋	tsʰen3	cen3	chen3	赣			5283		
墌	tset7	zet6	zhi2	赣			5609		
墌	tɕit7	jit6	zhi2	赣			5281		
墍	tɕʰi6	qi5	xi4	赣			4697		
墍	ɕi3	xi3	xi4	赣			4298		
墐	tɕʰin2	qin2	jin4	赣			4726		
墐	tɕʰin6	qin5	jin4	赣			5930		
墒	sɔŋ1	song1	shang1	赣			5817		
墘	tɕʰien2	qien2	qian2	赣			4624		
墚	liɔŋ5	liong4	liang2	赣			5140		
墝	kʰau1	kau1	qiao1	赣			5317		
墡	sen6	sen5	shan4	赣			5531		
墣	pʰɔʔ7	pok6	pu2	赣			4196		
墣	pʰuʔ7	puk6	pu2	赣			5075		
墤	kʰuai3	kuai3	kuai4	赣			4410		
墤	tʰui2	tui2	kuai4	赣			4825		
墫	tɕʰyn1	qyun1	zun1	赣			5815		
墬	tʰi6	ti5	di4	赣			5011		
墭	sen6	sen5	sheng4	赣			5388		
墭	ɕin6	xin5	sheng4	赣			5306		
墺	ŋau5	ngau4	ao4	赣			5589		
墺	yt7	yut6	ao4	赣			4503		
墽	tɕʰieu1	qieu1	qiao1	赣			4335		
墿	it7	yit6	yi4	赣			4818		
壂	tʰien6	tien5	dian4	赣			4259		
壃	tɕiɔŋ1	jiong1	jiang1	赣			5612		
壄	ia3	ya3	ye3	赣			4449		
壍	tɕʰien3	qien3	qian4	赣			5932		
壏	han6	han5	xian4	赣			4460		
壐	ɕi3	xi3	xi3	赣			5018		
壒	ŋai5	ngai4	ai4	赣			4818		
壔	tau3	dau3	dao3	赣			5499		
壛	ien5	yen4	yan2	赣			4441		
壝	ui3	wui3	wei3	赣			5692		
壝	ui5	wui4	wei3	赣			5900		
壴	tɕy5	jyu4	zhu4	赣			5848		
壷	fu5	fu4	hu2	赣			4716		
壸	kʰun3	kun3	kun3	赣			4439		
壻	ɕi5	xi4	xu4	赣			4328		
壾	mɔŋ3	mong3	mang3	赣			5394		
夂	tsɿ3	zi3	zhi3	赣			4135		
夃	ku3	gu3	gu3	赣			4228		
夅	hɔŋ2	hong2	jiang4	赣			4306		
夆	hai6	hai5	feng2	赣			5067		
夆	fuŋ5	fung4	feng2	赣			5592		
夊	tsʰui1	cui1	sui1	赣			5135		
夊	sui1	sui1	sui1	赣			4106		
夋	tɕʰyn1	qyun1	qun1	赣			5602		
夌	lin5	lin4	ling2	赣			4716		
夎	tso1	zo1	cuo4	赣			4160		
夎	tsui5	zui4	cuo4	赣			5182		
夐	ɕyon5	xyuon4	xiong4	赣			4650		
夐	ɕyn5	xyun4	xiong4	赣			4601		
夗	yon3	yuon3	yuan4	赣			5008		
夘	tɕi3	ji3	mao3	赣			4787		
夝	tɕʰin2	qin2	qing2	赣			5679		
夡	tɕʰi3	qi3	qi4	赣			4749		
夨	tset7	zet6	ze4	赣			5034		
夨	liet7	liet6	ze4	赣			4593		
夰	kau3	gau3	gao3	赣			4592		
夰	hau6	hau5	gao3	赣			4134		
夲	tʰau1	tau1	tao1	赣			5870		
夵	ien6	yen5	yan3	赣			4590		
夼	kʰuɔŋ3	kuong3	kuang3	赣			5911		
夽	ȵyn3	nyun3	yun3	赣			4710		
奁	lien5	lien4	lian2	赣			5066		
奃	ti1	di1	di1	赣			5078		
奊	ɕiet8	xiet7	xie2	赣			4448		
奒	kʰai1	kai1	kai1	赣			4597		
奓	tsa1	za1	zha1	赣			5355		
奓	tsa5	za4	zha1	赣			5992		
奜	fɨi3	fei3	fei3	赣			5680		
奜	fɨi3	fei3	fei3	赣			4723		
奝	tieu1	dieu1	diao1	赣			5547		
奞	ɕyn5	xyun4	xun4	赣			4319		
奡	ŋau6	ngau5	ao4	赣			5348		
奣	uen3	wun3	weng3	赣			4811		
奣	uŋ3	wung3	weng3	赣			5521		
奤	pʰɔʔ7	pok6	ha3	赣			4943		
奫	yn1	yun1	yun1	赣			5208		
奭	sɛt7	set6	shi4	赣			4751		
奭	ɕit7	xit6	shi4	赣			5928		
奯	fot7	fot6	huo4	赣			4878		
奰	pʰi6	pi5	bi4	赣			4703		
奲	tsʰa3	ca3	duo3	赣			4663		
奲	to3	do3	duo3	赣			5362		
奵	tin3	din3	ding3	赣			5089		
奻	lon5	lon4	nuan2	赣			4925		
奻	lon6	lon5	nuan2	赣			5467		
奾	ɕien1	xien1	xian1	赣			4310		
奿	fan5	fan4	fan4	赣			5312		
妀	tɕi3	ji3	ji3	赣			4064		
妉	tan1	dan1	dan1	赣			4911		
妋	fu1	fu1	fu1	赣			4811		
妋	iu1	yiu1	fu1	赣			4048		
妌	tɕʰin6	qin5	jing4	赣			5655		
妎	ɕi6	xi5	hai4	赣			4287		
妎	hai6	hai5	hai4	赣			5137		
妐	tsuŋ1	zung1	zhong1	赣			4239		
妑	pʰa1	pa1	pa1	赣			5186		
妘	yn5	yun4	yun2	赣			4821		
妛	tsʰɿ1	ci1	chi1	赣			4083		
妜	yot7	yuot6	yue4	赣			5899		
妞	ȵiu1	niu1	niu1	赣			5912		
妠	lat7	lat6	na4	赣			4337		
妢	fɨn5	fen4	fen2	赣			5818		
妢	fun5	fun4	fen2	赣			5721		
妦	fuŋ1	fung1	feng1	赣			5363		
妧	uon6	won5	wan4	赣			4094		
妭	pʰot8	pot7	ba2	赣			4366		
妮	ȵi5	ni4	ni1	赣			5136		
妵	tʰeu3	teu3	tou3	赣			4654		
妶	ɕyon5	xyuon4	xian2	赣			5994		
妶	ɕyon6	xyuon5	xian2	赣			5665		
妷	tsʰɨt8	cet7	zhi2	赣			4126		
妷	tɕʰit8	qit7	zhi2	赣			4718		
妸	ŋo1	ngo1	e1	赣			4899		
妸	ŋo3	ngo3	e1	赣			4007		
妺	mot7	mot6	mo4	赣			5029		
妼	pʰet8	pet7	bi4	赣			5559		
妿	ko1	go1	e1	赣			4844		
妿	ŋo1	ngo1	e1	赣			4232		
姁	ɕy3	xyu3	xu3	赣			5166		
姂	fan5	fan4	fa2	赣			5602		
姂	fat8	fat7	fa2	赣			4402		
姅	pon5	bon4	ban4	赣			4084		
姅	pʰon3	pon3	ban4	赣			4333		
姇	fu1	fu1	fu1	赣			5236		
姈	lin5	lin4	ling2	赣			5690		
姌	len3	len3	ran3	赣			4342		
姌	ȵien5	nien4	ran3	赣			4352		
姏	mon5	mon4	man2	赣			4398		
姕	tsɿ1	zi1	zi1	赣			5228		
姕	tsʰɿ1	ci1	zi1	赣			5761		
姛	tʰuŋ6	tung5	dong4	赣			4726		
姟	kai1	gai1	gai1	赣			5627		
姡	fat8	fat7	hua2	赣			4146		
姡	uot8	wot7	hua2	赣			5914		
姢	yon1	yuon1	juan1	赣			4617		
姤	kieu5	gieu4	gou4	赣			4316		
姪	tsʰɨt8	cet7	zhi2	赣			4661		
姭	ɕien5	xien4	xian4	赣			4486		
姰	ɕyon6	xyuon5	jun1	赣			4532		
姰	ɕyn1	xyun1	jun1	赣			4779		
姱	kʰua1	kua1	kua1	赣			4636		
姳	min3	min3	ming3	赣			4855		
姴	liet7	liet6	lie4	赣			4730		
姶	ŋot7	ngot6	e4	赣			5553		
姷	iu6	yiu5	you4	赣			4020		
姸	ȵien5	nien4	yan2	赣			5491		
姺	sen1	sen1	shen1	赣			5734		
姺	ɕien3	xien3	shen1	赣			5717		
姼	sɿ5	si4	shi2	赣			4099		
娀	suŋ1	sung1	song1	赣			4128		
娋	sau1	sau1	shao4	赣			5230		
娋	sau5	sau4	shao4	赣			5389		
娎	ɕieu3	xieu3	xie4	赣			5069		
娎	ɕiet7	xiet6	xie4	赣			4503		
娏	mɔŋ5	mong4	mang2	赣			4327		
娔	kʰiet7	kiet6	ke4	赣			4093		
娕	tsʰɔʔ7	cok6	chuo4	赣			5630		
娖	tsʰɔʔ7	cok6	chuo4	赣			5340		
娗	tʰin2	tin2	ting3	赣			5381		
娗	tʰin6	tin5	ting3	赣			5468		
娝	pi3	bi3	pou1	赣			5454		
娞	lui3	lui3	nei3	赣			4082		
娡	tsɿ5	zi4	zhi4	赣			5181		
娧	tʰui3	tui3	tui4	赣			5450		
娧	yot7	yuot6	tui4	赣			5044		
娨	han6	han5	xian4	赣			4736		
娪	u5	wu4	wu2	赣			5380		
娬	u3	wu3	wu3	赣			5699		
娭	ɕi1	xi1	ai1	赣			4559		
娵	tɕy1	jyu1	ju1	赣			4740		
娷	tsui5	zui4	zhui4	赣			5201		
娸	tɕʰi1	qi1	qi1	赣			5963		
娺	tsui1	zui1	zhuo2	赣			4108		
娺	tsot7	zot6	zhuo2	赣			4929		
娽	luʔ7	luk6	lu4	赣			4387		
娽	liuʔ7	liuk6	lu4	赣			4726		
娾	ŋai3	ngai3	ai3	赣			4345		
娾	ŋai5	ngai4	ai3	赣			4300		
娿	ŋo1	ngo1	e1	赣			5843		
娿	ŋo3	ngo3	e1	赣			5464		
婀	ŋo1	ngo1	e1	赣			4081		
婄	pʰi2	pi2	pou3	赣			5284		
婄	pʰeu3	peu3	pou3	赣			5581		
婌	suʔ8	suk7	shu2	赣			5423		
婍	tɕʰi3	qi3	qi3	赣			5302		
婎	fɨi1	fei1	hui1	赣			4351		
婎	fɨi5	fei4	hui1	赣			4258		
婎	fɨi1	fei1	hui1	赣			5346		
婎	fɨi5	fei4	hui1	赣			5665		
婏	fu5	fu4	fan4	赣			4419		
婐	kua1	gua1	wo3	赣			5853		
婐	uo3	wo3	wo3	赣			4332		
婓	fɨi1	fei1	fei1	赣			4851		
婓	fɨi1	fei1	fei1	赣			4090		
婔	ui5	wui4	fei1	赣			5219		
婗	ȵi5	ni4	ni2	赣			5562		
婘	tɕʰyon2	qyuon2	quan2	赣			4586		
婟	fu6	fu5	hu4	赣			5385		
婠	kuon5	guon4	wan1	赣			5384		
婣	in1	yin1	yin1	赣			5950		
婤	tsɛu1	zeu1	chou1	赣			4893		
婥	tsʰɔʔ7	cok6	chuo4	赣			5742		
婬	in5	yin4	yin2	赣			4725		
婰	tien3	dien3	dian3	赣			4479		
婱	ɕien5	xien4	xian2	赣			5816		
婷	tʰin2	tin2	ting2	赣			4000		
婸	tʰɔŋ6	tong5	dang4	赣			4926		
婹	ieu3	yeu3	yao3	赣			5303		
婼	tsʰɔʔ7	cok6	chuo4	赣			5610		
婽	ka3	ga3	jia3	赣			4415		
媀	ȵy6	nyu5	yu4	赣			4438		
媁	ui1	wui1	wei2	赣			4194		
媁	ui3	wui3	wei2	赣			4380		
媄	mi3	mi3	mei3	赣			4697		
媅	tan1	dan1	dan1	赣			4545		
媆	lɨn6	len5	ruan3	赣			4319		
媆	lun6	lun5	ruan3	赣			5261		
媉	ŋɔʔ7	ngok6	wo4	赣			5971		
媊	tsɿ1	zi1	qian2	赣			5487		
媊	tɕien3	jien3	qian2	赣			5805		
媌	mau3	mau3	miao2	赣			5545		
媌	mau5	mau4	miao2	赣			5466		
媐	ɕi1	xi1	yi2	赣			5627		
媐	i5	yi4	yi2	赣			5677		
媓	fɔŋ5	fong4	huang2	赣			4446		
媕	ŋon1	ngon1	an1	赣			5739		
媖	in1	yin1	ying1	赣			4782		
媞	sɿ6	si5	shi4	赣			5253		
媟	ɕiet7	xiet6	xie4	赣			5791		
媠	tʰo6	to5	tuo3	赣			4330		
媢	mau3	mau3	mao4	赣			5419		
媣	kon1	gon1	ran3	赣			5967		
媥	pʰien1	pien1	pian1	赣			5528		
媦	ui6	wui5	wei4	赣			4151		
媨	tɕiu5	jiu4	cu4	赣			5664		
媭	ɕy1	xyu1	xu1	赣			4429		
媮	y5	yu4	tou1	赣			4544		
媮	tʰeu1	teu1	tou1	赣			4468		
媱	ieu5	yeu4	yao2	赣			4405		
媷	ȵiuʔ7	niuk6	ru4	赣			5997		
媺	mi3	mi3	mei3	赣			5346		
媻	pʰo2	po2	pan2	赣			4109		
媻	pʰon2	pon2	pan2	赣			4014		
媿	kui5	gui4	kui4	赣			4569		
嫄	ȵyon5	nyuon4	yuan2	赣			5874		
嫇	min5	min4	ming2	赣			5876		
嫇	min3	min3	ming2	赣			5438		
嫇	min5	min4	ming2	赣			5535		
嫈	in5	yin4	ying1	赣			5515		
嫒	ŋai5	ngai4	ai4	赣			4362		
嫕	i5	yi4	yi4	赣			5792		
嫘	lui5	lui4	lei2	赣			5451		
嫙	ɕyon5	xyuon4	xuan2	赣			5065		
嫙	ɕyon6	xyuon5	xuan2	赣			5281		
嫛	i1	yi1	yi1	赣			4182		
嫜	tsɔŋ1	zong1	zhang1	赣			4980		
嫢	kʰui6	kui5	gui1	赣			5330		
嫥	tson1	zon1	zhuan1	赣			4718		
嫧	tset7	zet6	ze2	赣			5161		
嫭	fu6	fu5	hu4	赣			4273		
嫯	ŋau5	ngau4	ao4	赣			5018		
嫯	ŋau6	ngau5	ao4	赣			5463		
嫳	pʰiet7	piet6	pie4	赣			4196		
嫴	ku1	gu1	gu1	赣			4098		
嫷	tʰo3	to3	tuo3	赣			5842		
嫷	tʰo6	to5	tuo3	赣			5030		
嫸	tsen3	zen3	zhan3	赣			4779		
嫼	ŋat7	ngat6	mo4	赣			4263		
嫽	lieu5	lieu4	liao2	赣			4840		
嬆	ɕit7	xit6	xi1	赣			4037		
嬎	fan5	fan4	fan4	赣			4759		
嬐	ȵien3	nien3	xian1	赣			4715		
嬒	ui5	wui4	hui4	赣			4433		
嬒	uot7	wot6	hui4	赣			5563		
嬔	fan5	fan4	fu4	赣			5247		
嬚	lien3	lien3	lian3	赣			4981		
嬛	ɕyon1	xyuon1	huan2	赣			4125		
嬜	ɕin1	xin1	xin1	赣			4149		
嬝	ȵieu3	nieu3	niao3	赣			5196		
嬥	tʰieu6	tieu5	tiao3	赣			4321		
嬩	y5	yu4	yu2	赣			5704		
嬬	ɵ5	o4	ru2	赣			5997		
嬭	ȵi3	ni3	nai3	赣			5332		
嬭	lai3	lai3	nai3	赣			5112		
嬮	ien1	yen1	yan1	赣			4791		
嬱	tɕʰien3	qien3	qian4	赣			4784		
嬲	ȵieu3	nieu3	niao3	赣			5270		
嬳	uot7	wot6	yue4	赣			5640		
嬷	mo3	mo3	ma1	赣			4569		
嬷	kuo3	guo3	ma1	赣			4854		
嬼	liu3	liu3	liu3	赣			5822		
嬼	liu6	liu5	liu3	赣			5369		
嬽	uan1	wan1	yuan1	赣			4910		
嬽	yon1	yuon1	yuan1	赣			4569		
嬾	lan3	lan3	lan3	赣			5819		
嬿	ien3	yen3	yan4	赣			5681		
嬿	ien5	yen4	yan4	赣			4167		
孁	lin5	lin4	ling2	赣			4170		
孂	tɕieu3	jieu3	jiao3	赣			5915		
孅	ɕien1	xien1	qian1	赣			4219		
孉	tɕʰyon2	qyuon2	quan2	赣			4524		
孒	tɕyot7	jyuot6	jue2	赣			4012		
孖	tsɿ1	zi1	ma1	赣			5868		
孖	tsʰɿ6	ci5	ma1	赣			4528		
孡	tʰai1	tai1	tai1	赣			5962		
孢	pʰau6	pau5	bao1	赣			4355		
孨	tson3	zon3	zhuan3	赣			4928		
孪	lon5	lon4	luan2	赣			4947		
孪	son5	son4	luan2	赣			4554		
孬	lau1	lau1	nao1	赣			5848		
孮	tsʰuŋ2	cung2	cong2	赣			4085		
孴	ȵi3	ni3	ni3	赣			5053		
孴	it7	yit6	ni3	赣			4421		
孷	li5	li4	li2	赣			5661		
孼	ȵiet7	niet6	nie4	赣			4251		
宀	mien5	mien4	mian2	赣			5613		
宂	iuŋ3	yung3	rong3	赣			5429		
宊	tʰɛt7	tet6	tu1	赣			5649		
宊	tʰut7	tut6	tu1	赣			4671		
宎	ieu1	yeu1	yao3	赣			4510		
宐	ȵi5	ni4	yi2	赣			5114		
宔	tɕy3	jyu3	zhu3	赣			5098		
宖	fuŋ5	fung4	hong2	赣			5993		
宧	i5	yi4	yi2	赣			4099		
宭	tɕyn1	jyun1	qun2	赣			4026		
宭	tɕʰyn2	qyun2	qun2	赣			4536		
宲	pau3	bau3	bao3	赣			5056		
宷	sɨn3	sen3	shen3	赣			4449		
宷	ɕin3	xin3	shen3	赣			5358		
寁	tsan3	zan3	zan3	赣			5238		
寁	tɕʰiet8	qiet7	zan3	赣			5766		
寋	tɕʰien6	qien5	jian4	赣			5979		
寍	ȵin5	nin4	ning2	赣			4958		
寎	pen5	ben4	bing4	赣			4734		
寏	fon5	fon4	huan2	赣			4967		
寑	tɕʰin3	qin3	qin3	赣			5577		
寔	sɛt7	set6	shi2	赣			5519		
寗	ȵin6	nin5	ning2	赣			5567		
寘	tsɿ5	zi4	zhi4	赣			5377		
寣	fɨt7	fet6	hu1	赣			5383		
寣	fuʔ7	fuk6	hu1	赣			4326		
寪	ui3	wui3	wei3	赣			5086		
寯	tɕyn5	jyun4	jun4	赣			5498		
寴	tɕʰin1	qin1	qin1	赣			5877		
寴	tɕʰin3	qin3	qin1	赣			4166		
寷	fuŋ1	fung1	feng1	赣			5467		
寽	lɛt7	let6	lv4	赣			5846		
尃	fu1	fu1	fu1	赣			4795		
尅	kʰiet7	kiet6	ke4	赣			4504		
尌	ɕy6	xyu5	shu4	赣			5323		
尐	tɕiet7	jiet6	jie2	赣			4164		
尒	ɵ3	o3	er3	赣			4949		
尕	ka3	ga3	ga3	赣			4264		
尗	suʔ7	suk6	shu1	赣			4475		
尜	kat7	gat6	ga2	赣			5222		
尞	lieu6	lieu5	liao4	赣			5523		
尟	ɕien3	xien3	xian3	赣			4957		
尠	ɕy5	xyu4	xian3	赣			4071		
尠	ɕien3	xien3	xian3	赣			4713		
尢	iu5	yiu4	you2	赣			5239		
尢	uɔŋ1	wong1	you2	赣			5040		
尣	uɔŋ1	wong1	wang1	赣			5410		
尨	mɔŋ5	mong4	mang2	赣			4132		
尪	uɔŋ1	wong1	wang1	赣			4545		
尯	kʰui3	kui3	kui4	赣			4516		
尰	suŋ6	sung5	zhong3	赣			4278		
尲	kan1	gan1	gan1	赣			5188		
尳	kut7	gut6	gu3	赣			5049		
尵	tʰui2	tui2	tui2	赣			5807		
屌	tieu3	dieu3	diao3	赣			5368		
屒	sɨn5	sen4	zhen3	赣			4935		
屔	ȵi5	ni4	ni2	赣			5792		
屖	ɕi1	xi1	xi1	赣			4297		
屚	leu6	leu5	lou4	赣			4408		
屝	fɨi6	fei5	fei4	赣			4725		
屝	fɨi6	fei5	fei4	赣			5557		
屟	ɕiet7	xiet6	xie4	赣			4819		
屧	ɕiet7	xiet6	xie4	赣			5828		
屮	tsʰet7	cet6	che4	赣			4917		
屰	ȵit7	nit6	ni4	赣			4481		
屳	ɕien1	xien1	xian1	赣			5328		
屴	lit7	lit6	li4	赣			5013		
屵	ȵien3	nien3	e4	赣			5336		
屵	ŋot7	ngot6	e4	赣			4048		
屸	luŋ5	lung4	long2	赣			4785		
屼	ut7	wut6	wu4	赣			5103		
屾	sen1	sen1	shen1	赣			5558		
岉	ut7	wut6	wu4	赣			5753		
岊	tɕiet7	jiet6	jie2	赣			5924		
岊	tɕʰiet8	qiet7	jie2	赣			5735		
岏	uon5	won4	wan2	赣			5107		
岓	tɕʰi2	qi2	qi2	赣			4606		
岜	pa1	ba1	ba1	赣			4286		
岝	tsʰet8	cet7	zuo4	赣			5370		
岟	iɔŋ3	yong3	yang3	赣			5844		
岠	tɕʰy6	qyu5	ju4	赣			4780		
岦	lit7	lit6	li4	赣			5442		
岧	tʰieu2	tieu2	tiao2	赣			5582		
岨	tɕʰy1	qyu1	qu1	赣			5735		
岬	kat7	gat6	jia3	赣			4888		
岯	pʰi2	pi2	pi2	赣			5011		
岰	ŋau5	ngau4	ao4	赣			5251		
岻	tsʰɿ2	ci2	chi2	赣			4538		
岻	ti1	di1	chi2	赣			5253		
峁	mau3	mau3	mao3	赣			4481		
峃	hɔʔ7	hok6	xue2	赣			5001		
峇	kʰot7	kot6	ba1	赣			4794		
峉	ŋiet7	ngiet6	e4	赣			5273		
峏	ɵ5	o4	er2	赣			5656		
峐	kai1	gai1	gai1	赣			4640		
峑	tɕʰyon1	qyuon1	quan1	赣			4018		
峓	i5	yi4	yi2	赣			5125		
峔	mu3	mu3	mu3	赣			4787		
峕	sɿ5	si4	shi2	赣			4102		
峗	ui5	wui4	wei2	赣			5944		
峘	fon5	fon4	huan2	赣			5742		
峘	hen2	hen2	huan2	赣			4640		
峛	li3	li3	li3	赣			4521		
峞	ui3	wui3	wei2	赣			5337		
峞	ui5	wui4	wei2	赣			5740		
峩	ŋo5	ngo4	e2	赣			5386		
峪	yt7	yut6	yu4	赣			5248		
峬	pu1	bu1	bu1	赣			4032		
峮	tɕʰyn1	qyun1	qun1	赣			5968		
峱	lau5	lau4	nao2	赣			5125		
峹	tʰu2	tu2	tu2	赣			4935		
峿	u5	wu4	yu3	赣			5806		
崀	lɔŋ3	long3	lang4	赣			5787		
崁	kʰon3	kon3	kan4	赣			5721		
崂	lau5	lau4	lao2	赣			4594		
崄	ȵien3	nien3	xian3	赣			5428		
崄	ɕien3	xien3	xian3	赣			5010		
崈	tsʰuŋ2	cung2	chong2	赣			4355		
崋	fa5	fa4	hua4	赣			4139		
崋	fa6	fa5	hua4	赣			4411		
崌	tɕy1	jyu1	ju1	赣			5431		
崐	kun1	gun1	kun1	赣			5680		
崒	tɕʰyt8	qyut7	zu2	赣			5889		
崘	lɨn5	len4	lun2	赣			4945		
崘	lun5	lun4	lun2	赣			4201		
崚	lɨn5	len4	leng2	赣			4254		
崝	tsʰen2	cen2	zheng1	赣			5755		
崠	tuŋ1	dung1	dong1	赣			5560		
崥	pi3	bi3	pi2	赣			5361		
崥	pʰi2	pi2	pi2	赣			5340		
崧	suŋ1	sung1	song1	赣			4277		
崨	tɕʰiet8	qiet7	jie2	赣			4815		
崪	tsʰuʔ8	cuk7	zu2	赣			4992		
崮	ku5	gu4	gu4	赣			4214		
崱	tsʰet8	cet7	ze4	赣			5873		
崲	fɔŋ5	fong4	huang2	赣			4985		
崳	y5	yu4	yu2	赣			5547		
崵	tʰɔŋ6	tong5	yang2	赣			5512		
崵	iɔŋ5	yong4	yang2	赣			5208		
崶	fuŋ1	fung1	feng1	赣			5797		
崷	tɕʰiu2	qiu2	qiu2	赣			4715		
崹	tʰi2	ti2	ti2	赣			4362		
崺	i3	yi3	yi3	赣			4951		
崾	ieu3	yeu3	yao3	赣			4524		
崿	ŋɔʔ7	ngok6	e4	赣			4686		
嵀	tɕʰy6	qyu5	zhu4	赣			4683		
嵁	kʰon1	kon1	kan1	赣			4253		
嵃	ȵien3	nien3	yan3	赣			5135		
嵆	ɕi5	xi4	ji1	赣			4799		
嵈	fon6	fon5	huan4	赣			4656		
嵍	u6	wu5	wu4	赣			5964		
嵑	kʰot7	kot6	ke3	赣			4084		
嵒	ŋan5	ngan4	yan2	赣			5556		
嵔	ui1	wui1	wei3	赣			4317		
嵔	ui3	wui3	wei3	赣			4397		
嵕	tsuŋ1	zung1	zong1	赣			5877		
嵙	kʰuo1	kuo1	ke1	赣			4427		
嵞	tʰu2	tu2	tu2	赣			4131		
嵟	tui1	dui1	dui1	赣			4029		
嵠	tɕʰi1	qi1	xi1	赣			5924		
嵣	tʰɔŋ6	tong5	dang4	赣			5136		
嵤	fen5	fen4	rong2	赣			4796		
嵥	tɕʰiet8	qiet7	jie2	赣			4500		
嵦	ŋai5	ngai4	kai3	赣			5625		
嵧	liu5	liu4	liu2	赣			5081		
嵨	u3	wu3	wu4	赣			5770		
嵰	tɕʰien3	qien3	qian3	赣			5065		
嵱	iuŋ5	yung4	yong3	赣			4421		
嵲	ȵiet7	niet6	nie4	赣			5332		
嵳	tsʰo2	co2	cuo2	赣			5028		
嵸	tsuŋ1	zung1	zong1	赣			4979		
嵸	tsuŋ3	zung3	zong1	赣			5224		
嶀	tʰu1	tu1	tu1	赣			4695		
嶃	tsʰan2	can2	zhan3	赣			5964		
嶃	tsʰan6	can5	zhan3	赣			5139		
嶅	ŋau5	ngau4	ao2	赣			4913		
嶉	tsui1	zui1	cui1	赣			5301		
嶊	tsui3	zui3	zui3	赣			5143		
嶏	pʰi3	pi3	pei4	赣			4359		
嶑	ɕiɔŋ6	xiong5	xiang4	赣			4798		
嶒	tsʰen2	cen2	ceng2	赣			5427		
嶕	tɕʰieu2	qieu2	jiao1	赣			4048		
嶚	lieu5	lieu4	liao2	赣			5777		
嶜	tɕʰin2	qin2	jin1	赣			4777		
嶞	tʰo6	to5	duo4	赣			4988		
嶟	tsun1	zun1	zun1	赣			4235		
嶟	tɕyn1	jyun1	zun1	赣			4390		
嶩	lau5	lau4	nao2	赣			5375		
嶪	ȵiet7	niet6	ye4	赣			4546		
嶭	ŋot7	ngot6	nie4	赣			5887		
嶭	ȵiet7	niet6	nie4	赣			5034		
嶰	hai6	hai5	xie4	赣			5707		
嶲	sui3	sui3	xi1	赣			4308		
嶴	ŋau5	ngau4	ao4	赣			5495		
嶾	in3	yin3	yin3	赣			4628		
巀	tsʰat8	cat7	jie2	赣			4420		
巀	tɕʰiet8	qiet7	jie2	赣			5545		
巁	li6	li5	li4	赣			5912		
巂	fɨi5	fei4	gui1	赣			4734		
巂	fɨi5	fei4	gui1	赣			4582		
巃	luŋ3	lung3	long2	赣			5142		
巃	luŋ5	lung4	long2	赣			5777		
巇	ɕi1	xi1	xi1	赣			4870		
巈	tɕiuʔ7	jiuk6	ju2	赣			4235		
巎	lau5	lau4	nao2	赣			4707		
巏	kuon5	guon4	quan2	赣			5845		
巐	tsʰeu3	ceu3	chao3	赣			5477		
巑	tsʰon2	con2	cuan2	赣			4874		
巓	tien1	dien1	dian1	赣			5643		
巛	kʰun1	kun1	chuan1	赣			5084		
巜	kui5	gui4	kuai4	赣			5707		
巟	fɔŋ1	fong1	huang1	赣			4353		
巠	tɕin1	jin1	jing1	赣			5195		
巤	liet7	liet6	lie4	赣			4092		
巯	tɕʰiu2	qiu2	qiu2	赣			4294		
巵	tsɿ1	zi1	zhi1	赣			5055		
巸	i5	yi4	yi2	赣			4229		
巿	fɨt7	fet6	fu2	赣			5177		
巿	fuʔ7	fuk6	fu2	赣			4138		
帀	tsat7	zat6	za1	赣			5939		
帇	ȵiet7	niet6	nie4	赣			5310		
帊	pʰa3	pa3	pa4	赣			5005		
帋	tsɿ3	zi3	zhi3	赣			5294		
帍	fu6	fu5	hu4	赣			5855		
帒	tʰai6	tai5	dai4	赣			5851		
帓	mat7	mat6	mo4	赣			4991		
帗	fuʔ7	fuk6	bo1	赣			4949		
帞	met7	met6	mo4	赣			4923		
帟	it7	yit6	yi4	赣			4062		
帢	kʰat7	kat6	qia4	赣			4785		
帣	tɕyon5	jyuon4	juan3	赣			4161		
帤	ȵy5	nyu4	ru2	赣			4282		
帧	tsen1	zen1	zhen1	赣			4122		
帨	tsʰui3	cui3	shui4	赣			5810		
帨	sui5	sui4	shui4	赣			5547		
帩	tɕʰieu3	qieu3	qiao4	赣			4752		
帪	tsɨn1	zen1	zhen1	赣			5831		
帪	tɕin1	jin1	zhen1	赣			4763		
帬	tɕʰyn2	qyun2	qun2	赣			4593		
帴	tsʰan2	can2	san4	赣			4488		
帵	uon1	won1	wan1	赣			4204		
帹	sat7	sat6	sha4	赣			5286		
帺	tɕʰi6	qi5	qi2	赣			4085		
帾	tu3	du3	du3	赣			4219		
帿	heu2	heu2	hou2	赣			4672		
幂	mit7	mit6	mi4	赣			4335		
幋	pʰon2	pon2	pan2	赣			5403		
幍	tʰau1	tau1	tao1	赣			4610		
幎	mit7	mit6	mi4	赣			5749		
幏	ka1	ga1	jia4	赣			5038		
幏	ka5	ga4	jia4	赣			4312		
幐	tʰen2	ten2	teng2	赣			4426		
幐	tʰen6	ten5	teng2	赣			4388		
幑	fɨi1	fei1	hui1	赣			4563		
幑	fɨi1	fei1	hui1	赣			4957		
幖	pieu1	bieu1	biao1	赣			4821		
幠	fu1	fu1	hu1	赣			4033		
幦	mit7	mit6	mi4	赣			4912		
幧	tsʰau1	cau1	qiao1	赣			4842		
幧	tɕʰieu1	qieu1	qiao1	赣			4106		
幨	tsʰen1	cen1	chan1	赣			5513		
幨	tsʰen3	cen3	chan1	赣			4115		
幭	miet7	miet6	mie4	赣			4111		
幮	tɕʰy2	qyu2	chu2	赣			4900		
幯	tɕiet7	jiet6	jie2	赣			5507		
幰	ɕien3	xien3	xian3	赣			5497		
幱	lan5	lan4	lan2	赣			5547		
幵	tɕien1	jien1	jian1	赣			4431		
幷	pen5	ben4	bing4	赣			4707		
庁	tʰin1	tin1	ting1	赣			5317		
庉	tʰun2	tun2	dun4	赣			5499		
庌	ŋa3	nga3	ya3	赣			4833		
庌	ŋa5	nga4	ya3	赣			5685		
庍	pai5	bai4	bai4	赣			4438		
庍	ɕin5	xin4	bai4	赣			5588		
庘	ŋat7	ngat6	ya1	赣			4442		
庛	tsʰɿ3	ci3	ci4	赣			4060		
庡	i3	yi3	yi3	赣			5515		
庢	tset7	zet6	zhi4	赣			5828		
庢	tɕit7	jit6	zhi4	赣			5726		
庣	tʰieu1	tieu1	tiao1	赣			4322		
庨	hau1	hau1	xiao1	赣			4088		
庩	tʰu1	tu1	tu2	赣			5546		
庪	kui3	gui3	gui3	赣			4776		
庮	iu3	yiu3	you3	赣			4121		
庮	iu5	yiu4	you3	赣			5067		
庯	pu1	bu1	bu1	赣			4629		
庰	pʰən6	pen5	bing4	赣			4312		
庱	tsʰen3	cen3	cheng3	赣			4700		
庲	lai5	lai4	lai2	赣			4843		
庴	tɕit7	jit6	ji2	赣			4789		
庴	tɕʰit8	qit7	ji2	赣			5406		
庹	tʰɔʔ7	tok6	tuo3	赣			5828		
庽	ȵy6	nyu5	yu4	赣			5005		
庿	mieu6	mieu5	miao4	赣			5336		
廀	seu3	seu3	sou1	赣			5831		
廅	ŋot7	ngot6	e4	赣			4632		
廆	fɨi6	fei5	gui1	赣			5500		
廆	fɨi6	fei5	gui1	赣			4515		
廇	liu6	liu5	liu4	赣			4148		
廌	tsʰɿ6	ci5	zhi4	赣			4206		
廌	tsʰai6	cai5	zhi4	赣			4477		
廏	tɕiu5	jiu4	jiu4	赣			4698		
廐	tɕiu5	jiu4	jiu4	赣			4808		
廑	tɕʰin6	qin5	jin3	赣			5204		
廒	ŋau5	ngau4	ao2	赣			4616		
廔	leu5	leu4	lou2	赣			4685		
廘	luʔ7	luk6	lu4	赣			4378		
廜	tʰu2	tu2	tu2	赣			4273		
廥	kui5	gui4	kuai4	赣			4305		
廦	pit7	bit6	bi4	赣			5469		
廦	pʰɛt7	pet6	bi4	赣			5895		
廮	in3	yin3	ying3	赣			5179		
廯	ɕien1	xien1	xian1	赣			5655		
廯	ɕien3	xien3	xian1	赣			4132		
廱	iuŋ1	yung1	yong1	赣			5513		
廲	li5	li4	li2	赣			5248		
廴	in3	yin3	yin3	赣			5173		
廻	fɨi5	fei4	hui2	赣			29575		
廻	fɨi5	fei4	hui2	赣			30428		
廾	kuŋ1	gung1	gong3	赣			4835		
廾	kuŋ3	gung3	gong3	赣			5804		
弅	fɨn6	fen5	fen4	赣			4340		
弅	fun6	fun5	fen4	赣			5539		
弌	it7	yit6	yi1	赣			5843		
弍	ɵ6	o5	er4	赣			4049		
弎	san1	san1	san1	赣			5573		
弜	tɕʰi2	qi2	jiang4	赣			5145		
弜	tɕʰiɔŋ6	qiong5	jiang4	赣			5931		
弝	pa5	ba4	ba4	赣			4015		
弞	sɨn3	sen3	shen3	赣			5534		
弢	tʰau1	tau1	tao1	赣			4012		
弣	fu3	fu3	fu3	赣			4651		
弤	ti3	di3	di3	赣			4234		
弨	tsʰeu1	ceu1	chao1	赣			4052		
弨	tsʰeu3	ceu3	chao1	赣			5059		
弪	tɕin5	jin4	jing4	赣			4175		
弬	i5	yi4	yi2	赣			5453		
弮	tɕyon5	jyuon4	quan1	赣			5526		
弮	tɕʰyon1	qyuon1	quan1	赣			4486		
弰	sau1	sau1	shao1	赣			5165		
弲	ɕyon1	xyuon1	xuan1	赣			5267		
弲	yon1	yuon1	xuan1	赣			5316		
弴	tun1	dun1	diao1	赣			5411		
弶	tɕʰiɔŋ6	qiong5	jiang4	赣			5117		
弸	pʰen1	pen1	peng2	赣			5168		
弸	pʰen2	pen2	peng2	赣			4876		
弽	set7	set6	she4	赣			5394		
弽	ɕiet7	xiet6	she4	赣			4079		
彇	ɕieu1	xieu1	xiao1	赣			4840		
彉	fɔʔ7	fok6	guo1	赣			4735		
彉	kuɔʔ7	guok6	guo1	赣			4414		
彊	tɕiɔŋ5	jiong4	jiang4	赣			4286		
彋	fen5	fen4	hong2	赣			5762		
彍	fɔʔ7	fok6	guo1	赣			5468		
彍	kuɔʔ7	guok6	guo1	赣			5821		
彏	tɕiɔʔ7	jiok6	jue2	赣			5551		
彏	ɕiɔʔ7	xiok6	jue2	赣			4659		
彐	tɕi5	ji4	ji4	赣			5011		
彚	ui6	wui5	hui4	赣			4869		
彞	i5	yi4	yi2	赣			5163		
彟	fet8	fet7	yue1	赣			5202		
彟	uot7	wot6	yue1	赣			5205		
彡	san1	san1	shan1	赣			4038		
彡	ɕien1	xien1	shan1	赣			4251		
彣	uen5	wun4	wen2	赣			4159		
彨	tsʰɿ1	ci1	chi1	赣			4757		
彯	pʰieu1	pieu1	piao1	赣			5837		
彯	pʰieu3	pieu3	piao1	赣			4031		
彴	tsɔʔ7	zok6	zhuo2	赣			5170		
彶	tɕit7	jit6	ji2	赣			5344		
彸	tsuŋ1	zung1	zhong1	赣			4459		
彺	uɔŋ5	wong4	wang2	赣			5188		
彽	tsʰɿ2	ci2	di1	赣			4229		
彾	lin5	lin4	ling2	赣			4772		
徎	tʰen3	ten3	cheng3	赣			4995		
徢	ɕiet7	xiet6	xie4	赣			5127		
徥	tsʰɿ6	ci5	shi4	赣			4771		
徥	sɿ6	si5	shi4	赣			5418		
徧	pien5	bien4	bian4	赣			5758		
徬	pʰɔŋ6	pong5	pang2	赣			4488		
徭	ieu5	yeu4	yao2	赣			5441		
徯	ɕi5	xi4	xi1	赣			5300		
忀	ɕiɔŋ1	xiong1	xiang1	赣			4647		
忂	tɕʰy2	qyu2	qu2	赣			5890		
忄	ɕin1	xin1	xin5	赣			4891		
忐	tʰan3	tan3	tan3	赣			5973		
忑	tʰet7	tet6	te4	赣			4664		
忓	kon1	gon1	gan1	赣			4889		
忓	hon6	hon5	gan1	赣			4837		
忔	ɕit7	xit6	qi4	赣			4999		
忕	tʰai6	tai5	shi4	赣			5326		
忚	ɕi1	xi1	xi1	赣			4032		
忞	mɨn5	men4	min2	赣			4351		
忥	ɕi5	xi4	xi4	赣			5277		
忦	kat7	gat6	jia2	赣			5178		
忨	uon5	won4	wan4	赣			4280		
忨	uon6	won5	wan4	赣			5926		
忩	tsʰuŋ1	cung1	cong1	赣			5402		
忬	y6	yu5	yu4	赣			5483		
忯	sɿ5	si4	qi2	赣			5190		
忯	tɕʰi2	qi2	qi2	赣			5838		
忳	tʰɨn2	ten2	tun2	赣			5498		
忳	tʰun2	tun2	tun2	赣			4376		
忶	yn6	yun5	hun2	赣			5939		
忺	ɕien1	xien1	xian1	赣			5302		
忼	kʰɔŋ3	kong3	kang1	赣			5323		
忼	hɔŋ1	hong1	kang1	赣			4941		
怋	min5	min4	min2	赣			5132		
怋	min5	min4	min2	赣			4294		
怌	pʰi1	pi1	pei1	赣			4413		
怐	kieu5	gieu4	ju4	赣			4082		
怓	lau5	lau4	nao2	赣			4831		
怗	tʰiet7	tiet6	tie1	赣			5431		
怚	tɕy5	jyu4	ju4	赣			5302		
怞	tsʰɛu2	ceu2	chou2	赣			5783		
怞	tɕʰiu2	qiu2	chou2	赣			5771		
怤	fu1	fu1	fu1	赣			4638		
怭	pʰet8	pet7	bi4	赣			4338		
怮	iu3	yiu3	you1	赣			4676		
怱	tsʰuŋ1	cung1	cong1	赣			5281		
怲	pin3	bin3	bing3	赣			4207		
怲	pen5	ben4	bing3	赣			5139		
怳	fɔŋ3	fong3	huang3	赣			5302		
恀	tsʰɿ3	ci3	shi4	赣			4147		
恄	ɕit7	xit6	xi4	赣			5072		
恅	lau3	lau3	lao3	赣			4400		
恇	kʰuɔŋ1	kuong1	kuang1	赣			4164		
恈	meu5	meu4	mou2	赣			5299		
恉	tsɿ3	zi3	zhi3	赣			4574		
恌	tʰieu1	tieu1	tiao1	赣			5878		
恌	ieu5	yeu4	tiao1	赣			4818		
恎	tʰiet8	tiet7	die2	赣			5583		
恑	kui3	gui3	gui3	赣			4892		
恔	tɕieu3	jieu3	jiao3	赣			4198		
恖	sɿ1	si1	si1	赣			4580		
恗	fu1	fu1	hu1	赣			4372		
恘	tɕʰiu1	qiu1	qiu1	赣			5643		
恜	tsʰət7	cet6	chi4	赣			4465		
恜	tɕʰit7	qit6	chi4	赣			5337		
恝	tɕʰi3	qi3	jia2	赣			4009		
恝	kat7	gat6	jia2	赣			5941		
恞	i5	yi4	yi2	赣			5036		
恟	ɕiuŋ1	xiung1	xiong1	赣			4706		
恠	kuai5	guai4	guai4	赣			4964		
恮	tson1	zon1	quan1	赣			5604		
恮	tɕʰyon1	qyuon1	quan1	赣			4966		
恱	yot7	yuot6	yue4	赣			5222		
恲	pʰen1	pen1	peng1	赣			4843		
恹	ien1	yen1	yan1	赣			5067		
恾	mɔŋ5	mong4	mang2	赣			5781		
悀	iuŋ3	yung3	yong3	赣			5942		
悁	yon1	yuon1	yuan1	赣			4276		
悂	pi1	bi1	pi1	赣			4039		
悂	pʰi1	pi1	pi1	赣			4916		
悆	y6	yu5	yu4	赣			4395		
悇	tɕʰy3	qyu3	tu2	赣			5966		
悈	kiet7	giet6	jie4	赣			4018		
悊	tset7	zet6	zhe2	赣			4852		
悋	lin6	lin5	lin4	赣			4552		
悏	tɕʰiet7	qiet6	qie4	赣			4617		
悐	tʰit7	tit6	ti4	赣			5343		
悑	pʰu3	pu3	bu4	赣			4923		
悕	ɕi1	xi1	xi1	赣			5044		
悗	mon5	mon4	man2	赣			4023		
悙	hen1	hen1	heng1	赣			5031		
悜	tsʰen3	cen3	cheng3	赣			5905		
悜	tɕʰin3	qin3	cheng3	赣			4213		
悮	u6	wu5	wu4	赣			4927		
悰	tsʰuŋ2	cung2	cong2	赣			5539		
悷	li6	li5	li4	赣			5913		
悹	kuon5	guon4	guan4	赣			4254		
悺	kuon5	guon4	guan4	赣			5517		
悻	hen2	hen2	xing4	赣			5984		
悻	ɕin6	xin5	xing4	赣			4715		
悾	kʰuŋ1	kung1	kong1	赣			4562		
悿	tʰien3	tien3	tian3	赣			4382		
惀	lɨn5	len4	lun2	赣			4055		
惁	ɕit7	xit6	xi1	赣			5471		
惂	kʰon3	kon3	kan3	赣			4080		
惃	kun1	gun1	gun3	赣			4127		
惃	kun3	gun3	gun3	赣			5608		
惄	ȵit7	nit6	ni4	赣			5824		
惈	kuo3	guo3	guo3	赣			4344		
惌	yon1	yuon1	yuan1	赣			5900		
惌	yon3	yuon3	yuan1	赣			4219		
惎	tɕʰi6	qi5	ji4	赣			4746		
惏	lan5	lan4	lan2	赣			4942		
惔	tʰan2	tan2	tan2	赣			4756		
惔	tʰan6	tan5	tan2	赣			4479		
惗	ɕien5	xien4	nie4	赣			5175		
惗	ȵiet7	niet6	nie4	赣			5982		
惙	tsot7	zot6	chuo4	赣			5323		
惛	fɨn1	fen1	hun1	赣			5169		
惝	tʰɔŋ3	tong3	chang3	赣			5124		
惝	tsʰɔŋ3	cong3	chang3	赣			5335		
惢	tsʰui6	cui5	suo3	赣			5973		
惣	tsuŋ3	zung3	zong3	赣			5962		
惪	tet7	det6	de2	赣			5498		
惵	tʰiet8	tiet7	die2	赣			5114		
惷	tsʰun3	cun3	chun3	赣			5253		
惸	tɕʰiuŋ2	qiung2	qiong2	赣			5209		
惼	pien3	bien3	bian3	赣			5767		
愃	ɕyon1	xyuon1	xuan1	赣			4645		
愃	ɕyon3	xyuon3	xuan1	赣			4738		
愇	ui3	wui3	wei3	赣			4072		
愊	pʰɛt7	pet6	bi4	赣			5255		
愋	ɕyon1	xyuon1	xuan1	赣			4143		
愍	min3	min3	min3	赣			5195		
愐	mien3	mien3	mian3	赣			5857		
愒	kʰai3	kai3	kai4	赣			4994		
愓	tʰɔŋ6	tong5	dang4	赣			5858		
愖	tsʰen2	cen2	chen2	赣			5308		
愖	tɕʰin2	qin2	chen2	赣			5680		
愗	meu6	meu5	mao4	赣			5933		
愙	kʰɔʔ7	kok6	ke4	赣			5722		
愞	ȵyon3	nyuon3	nuo4	赣			5119		
愡	tsʰuŋ3	cung3	zong3	赣			5999		
愢	sai1	sai1	sai1	赣			4492		
愣	len6	len5	leng4	赣			5119		
愩	kuŋ1	gung1	gong1	赣			5233		
愪	yn3	yun3	yun2	赣			4110		
愪	yn5	yun4	yun2	赣			5060		
愫	su5	su4	su4	赣			4302		
愬	su5	su4	su4	赣			4533		
愬	set7	set6	su4	赣			5538		
愮	ieu5	yeu4	yao2	赣			4352		
愯	suŋ3	sung3	song3	赣			4373		
愱	tɕʰit8	qit7	ji2	赣			5576		
愲	kut7	gut6	gu3	赣			5337		
愵	ȵit7	nit6	ni4	赣			4867		
愶	ɕiet7	xiet6	xie2	赣			4115		
愺	tsʰau3	cau3	cao3	赣			5467		
愽	pɔʔ7	bok6	bo2	赣			5594		
慀	ɕi6	xi5	xi4	赣			5200		
慀	hai2	hai2	xi4	赣			5918		
慁	fɨn6	fen5	hun4	赣			5456		
慁	fun6	fun5	hun4	赣			5602		
慂	iuŋ3	yung3	yong3	赣			5705		
慃	ŋɔŋ3	ngong3	yang3	赣			5310		
慅	tsʰau3	cau3	sao1	赣			4417		
慅	sau1	sau1	sao1	赣			4314		
慆	tʰau1	tau1	tao1	赣			4923		
慇	in1	yin1	yin1	赣			4366		
慉	ɕiuʔ7	xiuk6	xu4	赣			5850		
慏	min3	min3	ming3	赣			5307		
慒	tsʰau2	cau2	cong2	赣			4988		
慒	tsʰuŋ2	cung2	cong2	赣			5433		
慓	pʰieu1	pieu1	piao1	赣			4742		
慔	mu6	mu5	mu4	赣			5067		
慖	kui5	gui4	guo2	赣			5160		
慖	kuet7	guet6	guo2	赣			5374		
慗	tsʰət7	cet6	chi4	赣			5736		
慗	tɕʰit7	qit6	chi4	赣			5711		
慙	tsʰan2	can2	can2	赣			5291		
慛	tsʰui2	cui2	cui1	赣			4267		
慜	min3	min3	min3	赣			4076		
慞	tsɔŋ1	zong1	zhang1	赣			5662		
慬	tɕin3	jin3	qin2	赣			5407		
慬	tɕʰin2	qin2	qin2	赣			5323		
慯	sɔŋ1	song1	shang1	赣			5712		
慯	sɔŋ5	song4	shang1	赣			4843		
慱	tʰon2	ton2	tuan2	赣			5924		
慲	mon5	mon4	man2	赣			4167		
慴	tset7	zet6	she4	赣			5441		
慴	tʰiet8	tiet7	she4	赣			5595		
慸	tʰi6	ti5	di4	赣			5735		
慹	tsɿʔ7	zik6	zhi2	赣			5822		
慽	tɕʰit7	qit6	qi1	赣			5905		
憀	lieu5	lieu4	liao2	赣			5091		
憀	liu5	liu4	liao2	赣			5552		
憁	tsʰuŋ3	cung3	cong4	赣			4703		
憃	tsʰuŋ3	cung3	chong1	赣			4796		
憌	tɕʰiuŋ2	qiung2	qiong2	赣			5548		
憍	tɕieu1	jieu1	jiao1	赣			4471		
憍	tɕʰieu1	qieu1	jiao1	赣			5368		
憓	fɨi6	fei5	hui4	赣			5015		
憓	fɨi6	fei5	hui4	赣			5329		
憕	tsʰen2	cen2	cheng2	赣			5722		
憕	tɕʰin2	qin2	cheng2	赣			5364		
憗	ȵin6	nin5	yin4	赣			5882		
憙	ɕi3	xi3	xi1	赣			5630		
憛	tʰan3	tan3	tan2	赣			4682		
憜	tʰo6	to5	duo4	赣			4272		
憞	tʰui6	tui5	dui4	赣			5391		
憟	ɕiuʔ7	xiuk6	su4	赣			4420		
憠	tɕʰyot8	qyuot7	jue2	赣			5256		
憡	tsʰet7	cet6	ce4	赣			5420		
憥	lau5	lau4	lao2	赣			5959		
憪	han2	han2	xian2	赣			5585		
憪	han6	han5	xian2	赣			4526		
憭	lieu3	lieu3	liao3	赣			5338		
憭	lieu5	lieu4	liao3	赣			5730		
憯	tsʰan3	can3	can3	赣			5796		
憯	tɕʰien3	qien3	can3	赣			4636		
憰	tɕyot7	jyuot6	jue2	赣			5476		
憴	sɨn5	sen4	sheng2	赣			4871		
憴	ɕin5	xin4	sheng2	赣			5880		
憵	pʰit7	pit6	pi1	赣			5831		
憺	tʰan6	tan5	dan4	赣			4994		
憼	tɕin3	jin3	jing3	赣			4391		
憼	tɕiɔŋ3	jiong3	jing3	赣			4757		
憽	suŋ1	sung1	song1	赣			4729		
憿	tɕieu1	jieu1	jiao3	赣			4627		
懁	tɕyon5	jyuon4	xuan1	赣			4427		
懃	tɕʰin2	qin2	qin2	赣			4583		
懄	tɕʰin2	qin2	qin2	赣			4740		
懅	tɕʰy2	qyu2	ju4	赣			4196		
懆	tsʰau3	cau3	cao3	赣			5683		
懔	lin3	lin3	lin3	赣			5156		
懕	ien1	yen1	yan1	赣			5949		
懖	kuɔʔ7	guok6	kuo4	赣			4991		
懘	tsʰɿ3	ci3	chi4	赣			5838		
懘	tɕʰi3	qi3	chi4	赣			5610		
懚	in5	yin4	yin4	赣			5452		
懛	tai1	dai1	dai1	赣			4364		
懜	men6	men5	meng3	赣			5075		
懜	muŋ5	mung4	meng3	赣			4433		
懝	ŋai6	ngai5	ai4	赣			5211		
懝	ȵit7	nit6	ai4	赣			5336		
懠	tɕʰi2	qi2	qi2	赣			4140		
懠	tɕʰi6	qi5	qi2	赣			5384		
懡	mo3	mo3	mo3	赣			4397		
懢	lan5	lan4	lan2	赣			5990		
懢	lan6	lan5	lan2	赣			5720		
懥	tsɿ5	zi4	zhi4	赣			4742		
懪	pʰɔʔ8	pok7	bo2	赣			4306		
懫	tset7	zet6	zhi4	赣			4983		
懬	kʰɔŋ3	kong3	kuang4	赣			4573		
懬	kʰuɔŋ3	kuong3	kuang4	赣			4496		
懮	iu3	yiu3	you3	赣			5748		
懰	liu3	liu3	liu2	赣			4778		
懰	liu5	liu4	liu2	赣			5915		
懱	miet7	miet6	mie4	赣			4913		
懹	lɔŋ6	long5	rang4	赣			5100		
懻	tɕi5	ji4	ji4	赣			4157		
懽	fon1	fon1	huan1	赣			5652		
懽	kuon5	guon4	huan1	赣			5045		
戁	lan3	lan3	nan3	赣			5378		
戁	len3	len3	nan3	赣			5809		
戃	tʰɔŋ3	tong3	tang3	赣			5722		
戄	tɕʰiɔʔ8	qiok7	jue2	赣			4854		
戄	ɕiɔʔ7	xiok6	jue2	赣			5300		
戉	yot7	yuot6	yue4	赣			5597		
戗	tsʰɔŋ1	cong1	qiang1	赣			5756		
戗	tɕʰiɔŋ3	qiong3	qiang1	赣			4427		
戙	tʰuŋ6	tung5	dong4	赣			5713		
戜	tʰiet8	tiet7	die2	赣			4424		
戠	tset7	zet6	zhi1	赣			5929		
戠	tɕit7	jit6	zhi1	赣			5769		
戣	kʰui2	kui2	kui2	赣			5901		
戤	hai6	hai5	gai4	赣			4888		
戫	yt7	yut6	yu4	赣			4647		
戭	ien3	yen3	yan3	赣			5825		
戭	in3	yin3	yan3	赣			5562		
戵	tɕʰy2	qyu2	qu2	赣			5887		
戸	fu6	fu5	hu4	赣			5408		
戹	ŋiet7	ngiet6	e4	赣			4628		
戺	sɿ6	si5	shi4	赣			4197		
戻	tʰi3	ti3	ti4	赣			5506		
戼	mau3	mau3	mao3	赣			4139		
扂	tʰien6	tien5	dian4	赣			4078		
扆	i3	yi3	yi3	赣			4648		
扏	tɕʰiu2	qiu2	qiu2	赣			4053		
扐	lɛt7	let6	le4	赣			4964		
扚	tieu3	dieu3	diao3	赣			154620		
扚	tiaʔ7	diak6	diao3	赣	拽	zhuai1	154620		
扜	ɕy1	xyu1	yu1	赣			5184		
扜	y1	yu1	yu1	赣			4360		
扝	kʰu1	ku1	ku1	赣			4308		
扝	u1	wu1	ku1	赣			4992		
扞	hon6	hon5	gan3	赣			5245		
扟	sen1	sen1	shen1	赣			5060		
扠	tsʰa1	ca1	cha1	赣			5416		
扡	i3	yi3	tuo1	赣			5560		
扢	kut7	gut6	gu3	赣			5685		
扦	tɕʰien1	qien1	qian1	赣			5820		
扱	tsʰat7	cat6	xi1	赣			4293		
扴	kat7	gat6	jia2	赣			4551		
扵	y1	yu1	yu2	赣			4639		
扽	tɛn5	den4	den4	赣			4741		
扽	tun5	dun4	den4	赣			5979		
抁	yon3	yuon3	yan3	赣			5200		
抆	uen3	wun3	wen3	赣			5437		
抆	uen6	wun5	wen3	赣			4124		
抇	fɨt8	fet7	hu2	赣			4773		
抇	fuʔ8	fuk7	hu2	赣			4947		
抈	ȵyot7	nyuot6	yue4	赣			5080		
抌	iu5	yiu4	dan3	赣			4436		
抍	sɨn1	sen1	zheng3	赣			4731		
抎	yn3	yun3	yun3	赣			5529		
抏	uon5	won4	wan2	赣			4533		
抐	lɛt7	let6	ne4	赣			5694		
抧	tsɿ3	zi3	zhi3	赣			5388		
抩	lan5	lan4	nan2	赣			5457		
抪	pu1	bu1	bu4	赣			4755		
抪	pu5	bu4	bu4	赣			4415		
抭	ieu3	yeu3	yao3	赣			4847		
抭	yt7	yut6	yao3	赣			4685		
抮	ɕien3	xien3	zhen3	赣			5337		
抯	tsa1	za1	zha1	赣			5699		
抳	ȵi3	ni3	ni3	赣			5009		
抴	i6	yi5	ye4	赣			5394		
抴	iet7	yet6	ye4	赣			4277		
抶	tsʰət7	cet6	chi4	赣			5045		
抶	tɕʰit7	qit6	chi4	赣			5747		
抾	tɕʰi1	qi1	qu1	赣			4336		
抾	tɕʰiet7	qiet6	qu1	赣			4328		
拏	la5	la4	na2	赣			4511		
拑	tɕʰien2	qien2	qian2	赣			4794		
拫	hen2	hen2	hen2	赣			4839		
拰	len3	len3	nin3	赣			4798		
拰	ȵin3	nin3	nin3	赣			5886		
拲	kuŋ3	gung3	gong3	赣			5246		
拲	tɕiuʔ7	jiuk6	gong3	赣			4853		
拵	tsʰun2	cun2	cun2	赣			5030		
拸	i5	yi4	yi2	赣			5472		
拹	ɕiet7	xiet6	xie2	赣			5157		
拺	tsʰet7	cet6	ce4	赣			5954		
拺	set7	set6	ce4	赣			4825		
拽	iet7	yet6	zhuai1	赣			4959		
挃	tset7	zet6	zhi4	赣			4176		
挃	tɕit7	jit6	zhi4	赣			4953		
挅	to5	do4	duo3	赣			5473		
挆	to3	do3	duo3	赣			4569		
挋	tsen5	zen4	zhen4	赣			4133		
挋	tɕin5	jin4	zhen4	赣			4152		
挌	kiet7	giet6	ge2	赣			5275		
挌	lɔʔ7	lok6	ge2	赣			4387		
挏	tʰuŋ2	tung2	dong4	赣			5696		
挏	tʰuŋ6	tung5	dong4	赣			4588		
挐	ȵy5	nyu4	na2	赣			4545		
挐	la5	la4	na2	赣			4691		
挒	liet7	liet6	lie4	赣			5424		
挝	uo1	wo1	wo1	赣			4451		
挬	pʰet8	pet7	bo2	赣			4863		
挮	tʰi3	ti3	ti3	赣			5701		
挰	tsʰen2	cen2	cheng2	赣			4281		
挴	mi3	mi3	mei3	赣			4066		
挵	luŋ6	lung5	nong4	赣			5677		
挶	tɕiuʔ7	jiuk6	ju1	赣			4573		
挸	tɕien3	jien3	jian3	赣			5093		
挻	sen1	sen1	shan1	赣			5143		
挼	sui1	sui1	rua2	赣			5189		
捀	fuŋ5	fung4	feng2	赣			5998		
捀	fuŋ6	fung5	feng2	赣			5378		
捄	tɕy1	jyu1	jiu4	赣			4983		
捄	tɕʰiu2	qiu2	jiu4	赣			5232		
捇	fet7	fet6	huo4	赣			5709		
捈	tʰu1	tu1	tu2	赣			5298		
捈	tʰu2	tu2	tu2	赣			4283		
捊	pʰau2	pau2	pou2	赣			5124		
捊	pʰeu3	peu3	pou2	赣			5878		
捒	su5	su4	shu4	赣			5962		
捔	kɔʔ7	gok6	jue2	赣			4596		
捖	fon5	fon4	wan2	赣			5123		
捘	tsun5	zun4	zun4	赣			4882		
捜	seu1	seu1	sou1	赣			4027		
捝	tʰot7	tot6	tuo1	赣			5956		
捝	tʰot8	tot7	tuo1	赣			5946		
捠	pen1	ben1	bang1	赣			4680		
捥	uon5	won4	wan4	赣			4592		
捳	ŋɔʔ7	ngok6	yue4	赣			5487		
捽	tsʰuʔ8	cuk7	zuo2	赣			5450		
捽	tɕʰyt8	qyut7	zuo2	赣			5875		
捾	uot7	wot6	wo4	赣			4280		
掅	tɕʰin3	qin3	qing4	赣			5403		
掍	fɨn6	fen5	hun4	赣			4815		
掍	fun6	fun5	hun4	赣			5601		
掓	suʔ7	suk6	shu1	赣			4727		
掔	kʰan1	kan1	qian1	赣			4697		
掔	tɕʰien1	qien1	qian1	赣			4747		
掕	lin5	lin4	ling2	赣			4188		
掜	ȵi3	ni3	yi4	赣			5944		
掜	lai5	lai4	yi4	赣			4105		
掝	fet7	fet6	huo4	赣			4058		
掞	sen5	sen4	shan4	赣			5449		
掤	pin1	bin1	bing1	赣			5584		
掫	tseu1	zeu1	zhou1	赣			5329		
掭	tʰien3	tien3	tian4	赣			5674		
掮	tɕʰien2	qien2	qian2	赣			4687		
掽	pʰen6	pen5	peng4	赣			4131		
揂	tɕiu1	jiu1	jiu1	赣			4352		
揃	tɕien3	jien3	jian3	赣			4696		
揅	ȵien5	nien4	yan2	赣			4772		
揈	fen1	fen1	hong1	赣			5912		
揊	pʰɛt7	pet6	pi4	赣			4292		
揋	ui1	wui1	wei1	赣			4238		
揌	sai1	sai1	sai1	赣			5931		
揑	ȵiet7	niet6	nie1	赣			4515		
揔	tsuŋ3	zung3	zong3	赣			4937		
揕	tsen5	zen4	zhen4	赣			4102		
揕	tɕin5	jin4	zhen4	赣			4344		
揗	sun6	sun5	xun2	赣			4848		
揗	ɕyn5	xyun4	xun2	赣			4469		
揘	yn5	yun4	yong2	赣			4390		
揙	pien1	bien1	bian1	赣			4156		
揜	ŋon3	ngon3	yan3	赣			4700		
揜	ien3	yen3	yan3	赣			5824		
揟	ɕy1	xyu1	xu1	赣			4846		
揤	tɕit7	jit6	ji2	赣			4505		
揤	tɕʰit8	qit7	ji2	赣			5416		
揥	ti1	di1	ti4	赣			5563		
揧	lat7	lat6	la4	赣			5942		
揨	tsʰen2	cen2	chen2	赣			5226		
揫	tɕiu1	jiu1	jiu1	赣			4987		
揬	tʰet8	tet7	tu2	赣			4471		
揬	tʰut8	tut7	tu2	赣			4051		
揱	ɕieu1	xieu1	xiao1	赣			4322		
揲	tʰiet8	tiet7	die2	赣			5518		
揲	iɛt8	yet7	die2	赣			5094		
揵	tɕien3	jien3	qian2	赣			5033		
揵	tɕʰien2	qien2	qian2	赣			4067		
揶	ia5	ya4	ye2	赣			5820		
揹	pi1	bi1	bei1	赣			4133		
搄	kien1	gien1	gen4	赣			4942		
搄	kien5	gien4	gen4	赣			4564		
搆	kieu5	gieu4	gou4	赣			4993		
搈	iuŋ5	yung4	rong2	赣			4806		
搎	sun1	sun1	sun1	赣			4348		
搐	tsʰuʔ7	cuk6	chu4	赣			4231		
搑	luŋ5	lung4	rong2	赣			5135		
搕	ŋot7	ngot6	ke1	赣			5343		
搙	luʔ7	luk6	nu4	赣			5959		
搚	lat7	lat6	la1	赣			5053		
搠	sɔʔ7	sok6	shuo4	赣			4137		
搡	sɔŋ3	song3	sang3	赣			5349		
搢	tɕin5	jin4	jin4	赣			5773		
搤	ŋiet7	ngiet6	e4	赣			4833		
搥	tui1	dui1	chui2	赣			5276		
搧	sen1	sen1	shan1	赣			4720		
搩	tɕʰiet8	qiet7	zha3	赣			4998		
搫	pʰo2	po2	pan2	赣			5554		
搫	pʰon2	pon2	pan2	赣			4665		
搮	lit7	lit6	li4	赣			4549		
搯	tʰau1	tau1	tao1	赣			5737		
搰	fɨt8	fet7	hu2	赣			5603		
搰	fuʔ8	fuk7	hu2	赣			4875		
搷	tʰien2	tien2	tian2	赣			4370		
搸	tsen1	zen1	zhen1	赣			5759		
搹	kiet7	giet6	e4	赣			4392		
搿	hot8	hot7	ge2	赣			4290		
摀	u3	wu3	wu3	赣			4347		
摌	san3	san3	chan3	赣			5437		
摍	suʔ7	suk6	suo1	赣			4087		
摎	kau1	gau1	jiu1	赣			5280		
摎	liu5	liu4	jiu1	赣			4423		
摏	suŋ1	sung1	chong1	赣			4393		
摕	tʰi6	ti5	di4	赣			4772		
摖	tɕʰi3	qi3	qi4	赣			5718		
摗	seu1	seu1	sou1	赣			4523		
摙	lien3	lien3	lian3	赣			4447		
摙	lien6	lien5	lian3	赣			5883		
摛	tsʰɿ1	ci1	chi1	赣			4027		
摝	luʔ7	luk6	lu4	赣			4219		
摠	tsuŋ3	zung3	zong3	赣			5035		
摡	ɕi3	xi3	gai4	赣			5009		
摡	kai5	gai4	gai4	赣			5739		
摣	la5	la4	zha1	赣			4273		
摤	tɕʰiɔŋ3	qiong3	chuang3	赣			4956		
摦	fa6	fa5	hua4	赣			4366		
摨	lai5	lai4	nai2	赣			4626		
摪	tɕiɔŋ1	jiong1	jiang1	赣			5049		
摫	kui1	gui1	gui1	赣			5802		
摬	in3	yin3	ying3	赣			5122		
摮	ŋau5	ngau4	ao2	赣			4548		
摰	ȵiet7	niet6	nie4	赣			4801		
摲	tsʰan3	can3	chan4	赣			5031		
摴	tɕʰy1	qyu1	chu1	赣			4927		
摵	set7	set6	she4	赣			5123		
摷	tsau1	zau1	jiao3	赣			4773		
摷	lieu5	lieu4	jiao3	赣			5939		
摼	kʰien1	kien1	keng1	赣			5358		
撂	liɔʔ7	liok6	liao4	赣			5672		
撆	pʰiet7	piet6	pie1	赣			4452		
撋	lon5	lon4	ruan2	赣			5486		
撋	ȵyon5	nyuon4	ruan2	赣			5846		
撍	tsen1	zen1	zan3	赣			5798		
撎	i5	yi4	yi4	赣			4759		
撗	fɔŋ5	fong4	guang4	赣			5492		
撘	tat7	dat6	da1	赣			5175		
撛	lin3	lin3	lin3	赣			5668		
撛	lin6	lin5	lin3	赣			4097		
撜	tsɛn3	zen3	zheng3	赣			4733		
撜	tɕin3	jin3	zheng3	赣			5832		
撠	tɕit7	jit6	ji3	赣			4782		
撢	tʰan3	tan3	dan3	赣			5416		
撦	tsʰa3	ca3	che3	赣			4984		
撨	tɕʰieu2	qieu2	fu3	赣			5133		
撨	ɕieu1	xieu1	fu3	赣			5187		
撱	ui3	wui3	wei3	赣			5517		
撸	lu5	lu4	lu1	赣			4612		
撽	tɕʰieu3	qieu3	qiao4	赣			4440		
擀	kon3	gon3	gan3	赣			4089		
擆	tsɔʔ7	zok6	zhuo2	赣			4110		
擌	set7	set6	se4	赣			4264		
擖	kʰat7	kat6	ka1	赣			5087		
擗	pʰit7	pit6	pi3	赣			4438		
擗	pʰit8	pit7	pi3	赣			5531		
擜	tsʰat8	cat7	e4	赣			5364		
擜	ŋot7	ngot6	e4	赣			4226		
擡	tʰai2	tai2	tai2	赣			5239		
擤	sen3	sen3	xing3	赣			4395		
擥	lan3	lan3	lan3	赣			5198		
擧	y5	yu4	ju3	赣			4406		
擨	ia5	ya4	ye2	赣			4529		
擩	ɵ3	o3	ru3	赣			4964		
擪	ien3	yen3	ye4	赣			4243		
擪	iet7	yet6	ye4	赣			4601		
擭	fu6	fu5	wo4	赣			4893		
擭	fɔʔ8	fok7	wo4	赣			4784		
擳	tset7	zet6	zhi4	赣			4917		
擸	lat7	lat6	lie4	赣			4492		
擸	liet7	liet6	lie4	赣			4737		
擹	tʰan1	tan1	tan1	赣			5332		
擿	tsʰɿt8	cit7	ti1	赣			5610		
擿	tɕʰit8	qit7	ti1	赣			5900		
攂	lui6	lui5	lei4	赣			5302		
攃	tsʰat7	cat6	ca1	赣			5417		
攃	sat7	sat6	ca1	赣			5430		
攅	tsan5	zan4	zan3	赣			5043		
攅	tsʰon6	con5	zan3	赣			4323		
攇	ɕien3	xien3	xian3	赣			5619		
攈	tɕyn5	jyun4	jun4	赣			5733		
攊	lit7	lit6	li4	赣			5702		
攍	in5	yin4	ying2	赣			4046		
攐	tɕʰien1	qien1	qian1	赣			4515		
攑	tɕʰien1	qien1	qian1	赣			4619		
攕	san1	san1	xian1	赣			4382		
攗	mi5	mi4	mei2	赣			4560		
攡	li5	li4	chi1	赣			5472		
攩	tɔŋ3	dong3	dang3	赣			5230		
攱	kui3	gui3	gui3	赣			5967		
攱	kui5	gui4	gui3	赣			4956		
攲	tɕi1	ji1	qi1	赣			5286		
攴	pʰɔʔ7	pok6	pu1	赣			4952		
攴	pʰuʔ7	puk6	pu1	赣			4501		
攵	pʰuʔ7	puk6	pu1	赣			5612		
攷	kʰau3	kau3	kao3	赣			4833		
攺	sɿ6	si5	yi3	赣			4476		
攺	i3	yi3	yi3	赣			4489		
攽	pen1	ben1	ban1	赣			5044		
敀	pet7	bet6	po4	赣			5793		
敀	pʰet7	pet6	po4	赣			4360		
敁	tien1	dien1	dian1	赣			5446		
敂	kieu3	gieu3	kou4	赣			5355		
敃	min3	min3	min3	赣			5535		
敄	u3	wu3	wu4	赣			4487		
敄	u6	wu5	wu4	赣			5632		
敊	tsʰuʔ7	cuk6	chu4	赣			4836		
敐	sɨn5	sen4	chen2	赣			4763		
敔	ȵy3	nyu3	yu3	赣			5553		
敚	tʰot8	tot7	duo2	赣			5065		
敜	ȵiet7	niet6	nie4	赣			5755		
敟	tien3	dien3	dian3	赣			4924		
敠	tot7	dot6	duo1	赣			5628		
敠	tɕʰyot7	qyuot6	duo1	赣			4575		
敤	kʰuo3	kuo3	ke3	赣			4673		
敭	iɔŋ5	yong4	yang2	赣			5866		
敮	hat7	hat6	xia2	赣			5759		
敳	ŋai5	ngai4	ai2	赣			5558		
敹	lieu5	lieu4	liao2	赣			4744		
敺	tɕʰy1	qyu1	qu1	赣			5007		
敺	ŋieu3	ngieu3	qu1	赣			4388		
敻	ɕyn5	xyun4	xiong4	赣			4141		
敽	tɕieu3	jieu3	jiao3	赣			5818		
斀	tsɔʔ7	zok6	zhuo2	赣			5366		
斁	it7	yit6	yi4	赣			5156		
斄	li5	li4	li2	赣			5143		
斄	lai5	lai4	li2	赣			5188		
斒	pan1	ban1	ban1	赣			4209		
斖	ui3	wui3	wei3	赣			5442		
斞	y3	yu3	yu3	赣			4102		
斠	kɔʔ7	gok6	jiao4	赣			4937		
斣	teu5	deu4	dou4	赣			5546		
斦	ȵin5	nin4	yin2	赣			5786		
斨	tɕʰiɔŋ1	qiong1	qiang1	赣			5943		
斪	tɕʰy2	qyu2	qu2	赣			4434		
斮	tsɔʔ7	zok6	cuo4	赣			4269		
斲	tsɔʔ7	zok6	zhuo2	赣			4417		
斿	iu5	yiu4	you2	赣			5288		
旇	pʰi1	pi1	pi1	赣			4583		
旇	pʰi6	pi5	pi1	赣			5261		
旍	tɕin1	jin1	jing1	赣			4558		
旐	tsʰeu6	ceu5	zhao4	赣			5168		
旓	sau1	sau1	shao1	赣			5863		
旔	tɕien5	jien4	jian4	赣			4113		
旚	pʰieu1	pieu1	piao1	赣			5539		
旛	fan1	fan1	fan1	赣			5497		
旛	fan5	fan4	fan1	赣			4458		
旜	tsen1	zen1	zhan1	赣			5711		
旝	kui5	gui4	kuai4	赣			5032		
旞	sui6	sui5	sui4	赣			5557		
旟	y5	yu4	yu2	赣			4869		
旡	tɕi5	ji4	ji4	赣			4109		
旡	tsen1	zen1	ji4	赣			4850		
旮	ka1	ga1	ga1	赣			4542		
旴	ɕy1	xyu1	xu1	赣			4148		
旵	tsʰan3	can3	chan3	赣			4142		
旹	sɿ5	si4	shi2	赣			5370		
旼	min5	min4	min2	赣			5630		
旿	u3	wu3	wu3	赣			5782		
昀	yn5	yun4	yun2	赣			5340		
昃	tset7	zet6	ze4	赣			5764		
昄	pon3	bon3	ban3	赣			5992		
昅	tɕʰiet8	qiet7	jie2	赣			5604		
昈	fu6	fu5	hu4	赣			5229		
昋	kui3	gui3	gui4	赣			5429		
昒	ut7	wut6	hu1	赣			5269		
昚	sen6	sen5	shen4	赣			4372		
昚	ɕin6	xin5	shen4	赣			5804		
昜	iɔŋ5	yong4	yang2	赣			4968		
昞	pin3	bin3	bing3	赣			4177		
昢	pʰɛt7	pet6	po4	赣			4615		
昤	lin5	lin4	ling2	赣			4021		
昦	hau6	hau5	hao4	赣			4266		
昩	mot7	mot6	mo4	赣			5354		
昪	pʰien6	pien5	bian4	赣			5442		
昫	ɕy5	xyu4	xu4	赣			4893		
昲	fɨi5	fei4	fei4	赣			4011		
昲	fɨi5	fei4	fei4	赣			5689		
昳	tʰiet8	tiet7	die2	赣			4633		
昷	uen1	wun1	wen1	赣			5136		
晈	tɕieu3	jieu3	jiao3	赣			4574		
晊	tset7	zet6	zhi4	赣			4186		
晊	tɕit7	jit6	zhi4	赣			5108		
晐	kai1	gai1	gai1	赣			5810		
晗	hon2	hon2	han2	赣			4770		
晙	tɕyn5	jyun4	jun4	赣			4658		
晙	ɕyn5	xyun4	jun4	赣			5492		
晜	kun1	gun1	kun1	赣			4990		
晣	tset7	zet6	zhe2	赣			4950		
晥	fon6	fon5	wan3	赣			5348		
晧	hau6	hau5	hao4	赣			5459		
晪	tʰien3	tien3	tian3	赣			5212		
晫	tsɔʔ7	zok6	zhuo2	赣			5987		
晫	tsʰɔʔ7	cok6	zhuo2	赣			5939		
晬	tsui5	zui4	zui4	赣			5319		
晭	tseu3	zeu3	zhou3	赣			4539		
晭	tɕiu3	jiu3	zhou3	赣			4672		
晲	ȵi3	ni3	ni3	赣			4840		
晵	tɕʰi3	qi3	qi3	赣			4131		
晵	tɕʰien3	qien3	qi3	赣			4185		
晹	sɛt7	set6	yi4	赣			5400		
晹	ɕit7	xit6	yi4	赣			4136		
晻	ŋon3	ngon3	an4	赣			5899		
晻	ien3	yen3	an4	赣			5486		
晼	yon3	yuon3	wan3	赣			4352		
暀	uɔŋ3	wong3	wang3	赣			4543		
暆	i5	yi4	yi2	赣			4331		
暋	min3	min3	min3	赣			5169		
暌	kʰui1	kui1	kui2	赣			4660		
暍	hot7	hot6	ye1	赣			4465		
暍	iet7	yet6	ye1	赣			5230		
暏	tu3	du3	shu3	赣			5529		
暕	kan3	gan3	jian3	赣			4526		
暜	tʰi3	ti3	pu3	赣			5864		
暟	kʰai3	kai3	kai3	赣			5883		
暠	kau3	gau3	gao3	赣			4426		
暡	uŋ3	wung3	weng3	赣			4414		
暬	ȵiet7	niet6	xie4	赣			4057		
暬	ɕiet7	xiet6	xie4	赣			4710		
暭	hau6	hau5	hao4	赣			4497		
暰	tsʰuŋ1	cung1	cong1	赣			4767		
暱	ȵit7	nit6	ni4	赣			4850		
暲	tsɔŋ1	zong1	zhang1	赣			4204		
暳	fɨi3	fei3	hui4	赣			4663		
暳	fɨi3	fei3	hui4	赣			4719		
暵	hon3	hon3	han4	赣			4308		
暻	tɕyn3	jyun3	jing3	赣			5214		
暼	pʰiet7	piet6	pie1	赣			5544		
曀	i5	yi4	yi4	赣			4967		
曁	tɕi5	ji4	ji4	赣			4579		
曃	tʰai3	tai3	dai4	赣			4374		
曅	iet7	yet6	ye4	赣			5438		
曌	tseu5	zeu4	zhao4	赣			5544		
曐	ɕin1	xin1	xing1	赣			5398		
曑	sen1	sen1	shen1	赣			5832		
曔	tɕʰin6	qin5	jing4	赣			5519		
曚	muŋ3	mung3	meng2	赣			4847		
曡	tʰiet7	tiet6	die2	赣			4075		
曡	tʰiet8	tiet7	die2	赣			4997		
曪	lo3	lo3	luo3	赣			4428		
曫	lon5	lon4	luan2	赣			5703		
曭	tʰɔŋ3	tong3	tang3	赣			5319		
曮	ȵien3	nien3	yan3	赣			4695		
曵	i6	yi5	ye4	赣			4543		
曶	fɨt7	fet6	hu1	赣			4506		
曶	fuʔ7	fuk6	hu1	赣			5259		
曽	tsen1	zen1	ceng1	赣			5408		
朁	tsʰan3	can3	can3	赣			5118		
朁	tɕʰien2	qien2	can3	赣			4428		
朅	tɕʰiet7	qiet6	qie4	赣			4387		
朆	men5	men4	fen1	赣			4436		
朊	ȵyon3	nyuon3	ruan3	赣			4580		
朌	fɨn5	fen4	fen2	赣			4863		
朏	pʰi3	pi3	fei3	赣			5004		
朏	fɨi3	fei3	fei3	赣			4377		
朏	fɨi3	fei3	fei3	赣			5125		
朐	tɕʰy2	qyu2	qu2	赣			5441		
朒	ȵiuʔ7	niuk6	nv4	赣			4819		
朓	tʰieu3	tieu3	tiao3	赣			5286		
朖	lɔŋ3	long3	lang3	赣			4760		
朘	tɕyon1	jyuon1	zui1	赣			5656		
朙	min5	min4	ming2	赣			5886		
朚	mɔŋ5	mong4	huang1	赣			5585		
朞	tɕi1	ji1	ji1	赣			5169		
朢	uɔŋ5	wong4	wang4	赣			5552		
朢	uɔŋ6	wong5	wang4	赣			5999		
朲	ȵin5	nin4	ren2	赣			4366		
朳	pat7	bat6	ba1	赣			4042		
朷	tau1	dau1	dao1	赣			4805		
朷	muʔ7	muk6	dao1	赣			4776		
朸	lit7	lit6	li4	赣			29018		
朸	lit7	lit6	li4	赣			30741		
朹	kui3	gui3	gui3	赣			5379		
朹	tɕʰiu2	qiu2	gui3	赣			5006		
朻	tɕiu1	jiu1	jiu1	赣			4172		
朻	tɕiu3	jiu3	jiu1	赣			5126		
朼	pi3	bi3	bi3	赣			4516		
朾	tsen1	zen1	cheng2	赣			4965		
朾	tsʰen2	cen2	cheng2	赣			4902		
朿	tsʰɿ3	ci3	ci4	赣			5651		
杄	tɕʰien1	qien1	qian1	赣			4485		
杅	y5	yu4	yu2	赣			4764		
杇	u1	wu1	wu1	赣			5243		
杍	tsɿ3	zi3	zi3	赣			5537		
杒	ȵin6	nin5	ren4	赣			5863		
杔	tset7	zet6	tuo1	赣			4692		
杕	tʰi6	ti5	di4	赣			4917		
杗	mɔŋ5	mong4	mang2	赣			5154		
杗	uɔŋ5	wong4	mang2	赣			5614		
杘	tsʰɿ3	ci3	chi4	赣			5765		
杙	it7	yit6	yi4	赣			5964		
杝	tsʰɿ6	ci5	li2	赣			4330		
杝	i5	yi4	li2	赣			5410		
杩	ma6	ma5	ma4	赣			5876		
杫	sɿ5	si4	si4	赣			4269		
杬	ȵyon5	nyuon4	yuan2	赣			4267		
杮	fɨi5	fei4	fei4	赣			4008		
杮	fɨi5	fei4	fei4	赣			4114		
杴	ɕien1	xien1	xian1	赣			4766		
杶	tsʰun1	cun1	chun1	赣			4838		
杸	ɕy5	xyu4	shu1	赣			4480		
杹	fa5	fa4	hua4	赣			5311		
杺	ɕin1	xin1	xin1	赣			4303		
杽	tsʰɛu3	ceu3	chou3	赣			4541		
杽	tɕʰiu3	qiu3	chou3	赣			4810		
枂	uot7	wot6	wo4	赣			5805		
枂	ȵyot7	nyuot6	wo4	赣			5349		
枃	tɕin5	jin4	jin4	赣			5316		
枅	tɕi1	ji1	ji1	赣			5612		
枆	mau5	mau4	mao2	赣			4349		
枊	ŋɔŋ5	ngong4	ang4	赣			5580		
枊	ŋɔŋ6	ngong5	ang4	赣			4763		
枌	fɨn5	fen4	fen2	赣			4588		
枌	fun5	fun4	fen2	赣			5893		
枍	i5	yi4	yi4	赣			4115		
枎	fu5	fu4	fu2	赣			5533		
枑	fu6	fu5	hu4	赣			4240		
枒	ŋa5	nga4	ya1	赣			4943		
枒	ŋa6	nga5	ya1	赣			4389		
枓	tɕy3	jyu3	dou3	赣			5604		
枓	teu3	deu3	dou3	赣			5051		
枔	ɕin5	xin4	xin2	赣			5353		
枖	ieu1	yeu1	yao1	赣			5997		
枧	tɕien3	jien3	jian3	赣			4467		
枧	tɕien5	jien4	jian3	赣			5483		
枮	tsɨn1	zen1	xian1	赣			5364		
枲	sɿ3	si3	xi3	赣			4246		
枹	pau1	bau1	bao1	赣			4193		
枺	mi6	mi5	mo4	赣			4919		
枻	i6	yi5	yi4	赣			5998		
枾	sɿ6	si5	shi4	赣			5492		
枿	ŋot7	ngot6	nie4	赣			4135		
柀	pi3	bi3	bi3	赣			5275		
柅	ȵi3	ni3	ni3	赣			5717		
柅	ȵi5	ni4	ni3	赣			4170		
柉	fan5	fan4	fan2	赣			4494		
柊	tsuŋ1	zung1	zhong1	赣			4289		
柌	tsʰɿ2	ci2	ci2	赣			5308		
柍	iɔŋ3	yong3	yang3	赣			4079		
柎	fu1	fu1	fu1	赣			4109		
柖	seu5	seu4	shao2	赣			4984		
柛	sɨn1	sen1	shen1	赣			4688		
柛	ɕin1	xin1	shen1	赣			4315		
柝	tʰɔʔ7	tok6	tuo4	赣			4518		
柟	len3	len3	nan2	赣			4338		
柣	tsʰɨt8	cet7	zhi4	赣			4335		
柤	tsa1	za1	zha1	赣			5687		
柧	ku1	gu1	gu1	赣			5295		
柫	fɨt7	fet6	fu2	赣			4794		
柫	fuʔ7	fuk6	fu2	赣			4287		
柮	tsʰot8	cot7	duo4	赣			4779		
柲	pit7	bit6	bi4	赣			4777		
柶	sɿ5	si4	si4	赣			4403		
柷	tsuʔ7	zuk6	chu4	赣			5358		
柷	tsʰuʔ7	cuk6	chu4	赣			4563		
柹	sɿ6	si5	shi4	赣			5843		
柼	tsen5	zen4	yao3	赣			4762		
栐	yn3	yun3	yong3	赣			4628		
栒	ɕyn1	xyun1	xun2	赣			5310		
栒	ɕyn3	xyun3	xun2	赣			5465		
栔	tɕʰi3	qi3	qi4	赣			5683		
栔	tɕʰiet7	qiet6	qi4	赣			4894		
栘	i5	yi4	yi2	赣			4346		
栙	hɔŋ2	hong2	xiang2	赣			4367		
栚	tsʰen6	cen5	zhen4	赣			5583		
栚	tɕʰin6	qin5	zhen4	赣			4452		
栛	li6	li5	li4	赣			5619		
栜	set7	set6	se4	赣			4492		
栞	kʰon1	kon1	kan1	赣			4785		
栠	len3	len3	ren3	赣			5409		
栠	ȵin3	nin3	ren3	赣			5520		
栢	pet7	bet6	bai3	赣			4059		
栫	tɕʰien6	qien5	jian4	赣			5763		
栫	tsʰun6	cun5	jian4	赣			5884		
栭	ɵ5	o4	er2	赣			5299		
栯	iu3	yiu3	you3	赣			4511		
栯	yt7	yut6	you3	赣			4560		
栰	fat8	fat7	fa2	赣			4637		
栱	kuŋ3	gung3	gong3	赣			5752		
栴	tsen1	zen1	zhan1	赣			5566		
栵	li6	li5	lie4	赣			4967		
栵	liet7	liet6	lie4	赣			5616		
栺	tsɿ1	zi1	yi4	赣			5336		
栺	ȵi6	ni5	yi4	赣			5826		
栻	tsʰət7	cet6	shi4	赣			4011		
栻	tɕʰit7	qit6	shi4	赣			5091		
栿	fuʔ8	fuk7	fu2	赣			5458		
桉	ŋon1	ngon1	an1	赣			5114		
桋	tʰi2	ti2	yi2	赣			5509		
桋	i5	yi4	yi2	赣			4298		
桏	tɕʰiuŋ2	qiung2	qiong2	赣			5918		
桒	sɔŋ1	song1	sang1	赣			4182		
桕	tɕʰiu6	qiu5	jiu4	赣			4811		
桗	to1	do1	duo4	赣			4577		
桗	to5	do4	duo4	赣			5075		
桘	tsʰui2	cui2	zhui4	赣			5146		
桤	tɕi1	ji1	qi1	赣			4962		
桤	tɕʰi1	qi1	qi1	赣			4834		
桪	ɕin5	xin4	xun2	赣			5175		
桭	sɨn5	sen4	zhen1	赣			5590		
桮	pi1	bi1	bei1	赣			5571		
桯	tʰin1	tin1	ting1	赣			5217		
桯	ɕin5	xin4	ting1	赣			5559		
桲	pʰet8	pet7	po5	赣			4416		
桵	lui5	lui4	rui2	赣			4369		
桸	ɕi1	xi1	xi1	赣			5710		
桹	lɔŋ5	long4	lang2	赣			5181		
桻	fuŋ1	fung1	feng1	赣			4512		
桼	tɕʰit7	qit6	qi1	赣			5257		
桾	tɕyn1	jyun1	jun1	赣			5654		
梀	tsʰuʔ7	cuk6	su4	赣			4780		
梀	suʔ7	suk6	su4	赣			5282		
梂	tɕʰiu2	qiu2	qiu2	赣			5972		
梄	iu3	yiu3	you3	赣			4295		
梇	luŋ6	lung5	long4	赣			4090		
梋	ɕyon1	xyuon1	xuan1	赣			5597		
梌	tsʰa2	ca2	tu2	赣			4479		
梎	ŋau1	ngau1	ao1	赣			4787		
梐	pi1	bi1	bi4	赣			5963		
梐	pʰi6	pi5	bi4	赣			4937		
梑	tʰit8	tit7	di2	赣			4361		
梒	hon2	hon2	han2	赣			5635		
梞	tɕʰi6	qi5	ji4	赣			5531		
梠	li3	li3	lv3	赣			5871		
梡	fon5	fon4	hun2	赣			5536		
梣	tsʰen2	cen2	cen2	赣			5835		
梣	tɕʰin2	qin2	cen2	赣			5263		
梤	fɨn5	fen4	fen2	赣			5644		
梤	fun5	fun4	fen2	赣			5637		
梩	li5	li4	li2	赣			4751		
梪	tʰeu6	teu5	dou4	赣			5892		
梫	tɕin1	jin1	qin3	赣			5385		
梬	in6	yin5	ying3	赣			4667		
梮	tɕiuʔ7	jiuk6	ju1	赣			5946		
梱	kʰun3	kun3	kun3	赣			4184		
梱	uen5	wun4	kun3	赣			5413		
梴	tsʰen1	cen1	chan1	赣			4829		
梼	tsʰɛu2	ceu2	tao2	赣			4962		
梿	lien5	lien4	lian2	赣			5689		
棂	lin5	lin4	ling2	赣			5870		
棃	li5	li4	li2	赣			4794		
棅	pen5	ben4	bing3	赣			4453		
棆	lɨn5	len4	lun2	赣			5988		
棆	lun5	lun4	lun2	赣			5933		
棈	tɕʰien3	qien3	qian4	赣			5690		
棌	tsʰai3	cai3	cai4	赣			4216		
棎	tsʰen2	cen2	chan2	赣			4458		
棏	tʰet8	tet7	de2	赣			4997		
棏	tset7	zet6	de2	赣			4558		
棐	fɨi3	fei3	fei3	赣			4939		
棐	fɨi3	fei3	fei3	赣			4778		
棑	pʰai2	pai2	pai2	赣			4668		
棑	pʰai6	pai5	pai2	赣			5995		
棓	pʰi2	pi2	bang4	赣			4429		
棔	fɨn1	fen1	hun1	赣			5796		
棔	fun1	fun1	hun1	赣			5505		
棛	yt7	yut6	yu4	赣			4761		
棜	y5	yu4	yu4	赣			5524		
棝	ku5	gu4	gu4	赣			5540		
棢	uɔŋ3	wong3	wang3	赣			4284		
棤	ɕit7	xit6	cuo4	赣			4809		
棥	fan5	fan4	fan2	赣			4876		
棦	tsʰen1	cen1	cheng1	赣			5003		
棪	ien6	yen5	yan3	赣			4519		
棫	yt7	yut6	yu4	赣			5898		
棯	len3	len3	ren3	赣			5861		
棯	ȵin3	nin3	ren3	赣			5352		
棰	tsui3	zui3	chui2	赣			5392		
棴	fuʔ8	fuk7	fu2	赣			5677		
棴	suʔ7	suk6	fu2	赣			4111		
棷	tseu1	zeu1	zou1	赣			5179		
棸	tsʰɛu6	ceu5	zou1	赣			4596		
棽	tɕʰin1	qin1	shen1	赣			5069		
棿	ȵi5	ni4	ni2	赣			4843		
椀	uon3	won3	wan3	赣			5074		
椄	tɕiet7	jiet6	jie1	赣			5369		
椆	tsɛu5	zeu4	chou2	赣			4454		
椇	tɕy3	jyu3	ju3	赣			4720		
椈	tɕiuʔ7	jiuk6	ju2	赣			5386		
椉	sɨn5	sen4	cheng2	赣			5392		
椉	ɕin5	xin4	cheng2	赣			4398		
椊	tsʰuʔ8	cuk7	zuo2	赣			4005		
椌	kʰɔŋ1	kong1	qiang1	赣			5023		
椌	kʰuŋ1	kung1	qiang1	赣			4919		
椓	tsɔʔ7	zok6	zhuo2	赣			5519		
椔	tsɿ1	zi1	zi1	赣			5860		
椔	tsɿ5	zi4	zi1	赣			5305		
椫	tsen3	zen3	shan4	赣			4958		
椮	sen1	sen1	sen1	赣			5598		
椯	tsʰon2	con2	duo3	赣			4659		
椱	fu6	fu5	fu4	赣			5131		
椱	fuʔ8	fuk7	fu4	赣			5836		
椳	ui1	wui1	wei1	赣			5149		
椵	ka3	ga3	jia3	赣			5603		
椶	tsuŋ1	zung1	zong1	赣			4949		
椷	han2	han2	jian1	赣			4965		
椹	tsɨn1	zen1	shen4	赣			4734		
椹	tɕin1	jin1	shen4	赣			4536		
椺	ɕit7	xit6	xi2	赣			4971		
椺	ɕit8	xit7	xi2	赣			4683		
椻	ien5	yen4	yan4	赣			4510		
楀	tɕy3	jyu3	yu3	赣			5380		
楀	y3	yu3	yu3	赣			5891		
楁	het8	het7	he2	赣			4080		
楃	ŋɔʔ7	ngok6	wo4	赣			4845		
楄	pʰien2	pien2	pian2	赣			4378		
楅	pit7	bit6	bi1	赣			5659		
楅	fuʔ7	fuk6	bi1	赣			4891		
楈	ɕy1	xyu1	xu1	赣			4679		
楈	ɕy3	xyu3	xu1	赣			4210		
楉	lɔʔ7	lok6	ruo4	赣			4131		
楋	lat7	lat6	la4	赣			4818		
楌	ŋan5	ngan4	yan2	赣			5925		
楎	fun5	fun4	hui1	赣			4463		
楏	kʰui1	kui1	kui2	赣			5349		
楑	kʰui2	kui2	kui2	赣			5760		
楑	kʰui6	kui5	kui2	赣			5224		
楒	sɿ1	si1	si1	赣			5088		
楖	tset7	zet6	zhi4	赣			5567		
楖	tɕit7	jit6	zhi4	赣			4503		
楘	muʔ7	muk6	mu4	赣			5046		
楙	mau5	mau4	mao4	赣			4603		
楙	meu6	meu5	mao4	赣			4716		
楛	fu6	fu5	hu4	赣			5544		
楟	tʰin2	tin2	ting2	赣			5530		
楢	tsʰeu3	ceu3	you2	赣			4547		
楢	iu5	yiu4	you2	赣			4611		
楤	tsʰuŋ1	cung1	song3	赣			4285		
楥	ɕyon5	xyuon4	xuan4	赣			5759		
楧	in1	yin1	yang3	赣			4720		
楩	pʰien2	pien2	pian2	赣			4877		
楩	pʰien6	pien5	pian2	赣			5302		
楪	iɛt8	yet7	ye4	赣			4695		
楬	kʰat7	kat6	jie2	赣			4829		
楬	tɕʰiet8	qiet7	jie2	赣			4974		
楰	y3	yu3	yu2	赣			4726		
楰	y5	yu4	yu2	赣			4713		
楱	tsʰeu3	ceu3	zou4	赣			5905		
楱	tsʰeu6	ceu5	zou4	赣			5698		
楲	ui1	wui1	wei1	赣			5926		
楴	tʰi3	ti3	ti4	赣			5377		
楶	tɕiet7	jiet6	jie2	赣			4834		
楺	leu3	leu3	rou3	赣			5838		
榀	pʰin3	pin3	pin3	赣			5704		
榅	ut7	wut6	wen1	赣			4591		
榎	ka3	ga3	jia3	赣			4814		
榑	fu5	fu4	fu2	赣			4864		
榓	mit7	mit6	mi4	赣			5025		
榗	tɕien5	jien4	jian4	赣			4733		
榙	hot8	hot7	ta1	赣			4199		
榝	sat7	sat6	sha1	赣			4275		
榞	ȵyon5	nyuon4	yuan2	赣			5475		
榠	min5	min4	ming2	赣			4587		
榣	ieu5	yeu4	yao2	赣			5891		
榤	tɕʰiet8	qiet7	jie2	赣			4852		
榥	fɔŋ6	fong5	huang4	赣			5960		
榩	tɕʰien2	qien2	qian2	赣			4017		
榬	yon5	yuon4	yuan2	赣			5825		
榯	sɿ5	si4	shi2	赣			5557		
榰	tsɿ1	zi1	zhi1	赣			4376		
榱	sui1	sui1	cui1	赣			5830		
榵	luŋ5	lung4	rong2	赣			4227		
榵	iuŋ5	yung4	rong2	赣			5543		
榶	tʰɔŋ2	tong2	tang2	赣			5931		
榸	tsai1	zai1	zhai1	赣			5774		
榹	sɿ1	si1	si1	赣			5330		
榺	sɨn5	sen4	sheng4	赣			5068		
榺	ɕin5	xin4	sheng4	赣			5794		
榼	kʰot7	kot6	ke1	赣			4767		
榽	ɕi5	xi4	xi1	赣			4781		
榽	hai2	hai2	xi1	赣			4802		
榾	kut7	gut6	gu3	赣			5768		
槀	kau3	gau3	gao3	赣			4307		
槃	pʰon2	pon2	pan2	赣			4399		
槄	tʰau1	tau1	tao1	赣			4253		
槄	tʰau3	tau3	tao1	赣			5071		
槅	kiet7	giet6	ge2	赣			5384		
槆	ɕyn1	xyun1	chun1	赣			5393		
槇	tsɛn3	zen3	dian1	赣			4895		
槈	leu6	leu5	nou4	赣			5388		
槉	tɕʰit8	qit7	ji2	赣			4592		
槏	kʰan3	kan3	qian3	赣			4369		
槔	kau1	gau1	gao1	赣			5224		
槙	tien1	dien1	dian1	赣			5276		
槢	ɕit8	xit7	xi2	赣			5982		
槥	sui6	sui5	hui4	赣			5696		
槥	ui6	wui5	hui4	赣			4877		
槦	iuŋ5	yung4	yong1	赣			5783		
槩	kai5	gai4	gai4	赣			5621		
槪	kʰai3	kai3	gai4	赣			5219		
槯	tsʰui2	cui2	cui1	赣			4750		
槱	iu3	yiu3	you3	赣			4427		
槱	iu6	yiu5	you3	赣			4697		
槵	fan6	fan5	huan4	赣			5733		
槷	ȵiet7	niet6	nie4	赣			5060		
槸	ȵi6	ni5	yi4	赣			4553		
槹	kau1	gau1	gao1	赣			5736		
槺	kʰɔŋ1	kong1	kang1	赣			4684		
槻	kui1	gui1	gui1	赣			4549		
槾	mon5	mon4	man4	赣			4324		
樀	tit7	dit6	di2	赣			4121		
樆	li5	li4	li2	赣			4413		
樇	ɕiu1	xiu1	xiu1	赣			5367		
樈	tɕʰin2	qin2	qing2	赣			5518		
樉	sɔŋ3	song3	shuang3	赣			4885		
樌	kuon5	guon4	guan4	赣			5022		
樍	tɕit7	jit6	ze2	赣			4662		
樎	suʔ7	suk6	su4	赣			4781		
樐	lu3	lu3	lu3	赣			4832		
樒	mit7	mit6	mi4	赣			5602		
樔	tsʰau2	cau2	chao2	赣			4737		
樕	suʔ7	suk6	su4	赣			4772		
樗	tɕʰy1	qyu1	chu1	赣			5991		
樛	tɕiu1	jiu1	jiu1	赣			5271		
樜	ɕy5	xyu4	zhe4	赣			5476		
樜	tsa5	za4	zhe4	赣			5555		
樨	ɕi1	xi1	xi1	赣			5482		
樬	tsʰuŋ1	cung1	cong1	赣			4357		
樲	ɵ6	o5	er4	赣			5136		
樴	tset7	zet6	zhi2	赣			4744		
樻	kʰui3	kui3	kui4	赣			5930		
樻	kʰui6	kui5	kui4	赣			5778		
樼	tsen1	zen1	zhen1	赣			4246		
橀	ɕi1	xi1	xi1	赣			4971		
橀	hai3	hai3	xi1	赣			4541		
橃	fɨi5	fei4	fa2	赣			5933		
橃	fɨi5	fei4	fa2	赣			4907		
橃	fat8	fat7	fa2	赣			5205		
橅	mu5	mu4	mo2	赣			5795		
橉	lin3	lin3	lin4	赣			5541		
橉	lin6	lin5	lin4	赣			4824		
橌	han6	han5	xian4	赣			4085		
橎	fan3	fan3	fan2	赣			4353		
橏	tsen3	zen3	zhan3	赣			5672		
橑	lau3	lau3	lao3	赣			4389		
橑	lieu5	lieu4	lao3	赣			4688		
橒	yn5	yun4	yun2	赣			4522		
橕	tsʰen1	cen1	cheng1	赣			5832		
橖	tʰɔŋ2	tong2	tang2	赣			4254		
橚	ɕieu1	xieu1	su4	赣			5972		
橚	ɕiuʔ7	xiuk6	su4	赣			4781		
橛	tɕyot7	jyuot6	jue2	赣			4285		
橛	tɕʰyot8	qyuot7	jue2	赣			5150		
橜	tɕyot7	jyuot6	jue2	赣			4677		
橜	tɕʰyot8	qyuot7	jue2	赣			4350		
橝	tʰan2	tan2	dian4	赣			5928		
橝	tʰien6	tien5	dian4	赣			4046		
橞	fɨi6	fei5	hui4	赣			5100		
橞	fɨi6	fei5	hui4	赣			4738		
橠	la3	la3	nuo3	赣			5795		
橧	tsen1	zen1	zeng1	赣			4847		
橧	tsʰen2	cen2	zeng1	赣			4617		
橨	fɨn5	fen4	fen2	赣			5959		
橪	len3	len3	ran3	赣			4481		
橪	ien1	yen1	ran3	赣			5532		
橭	ku1	gu1	gu1	赣			4040		
橭	kʰu1	ku1	gu1	赣			4768		
橰	kau1	gau1	gao1	赣			4639		
橾	su1	su1	shu1	赣			5475		
橿	tɕiɔŋ1	jiong1	jiang1	赣			5350		
檂	luŋ5	lung4	nong2	赣			5156		
檆	san1	san1	shan1	赣			5702		
檇	tsʰui2	cui2	zui4	赣			5068		
檈	ɕyon5	xyuon4	xuan2	赣			5969		
檈	ɕyn1	xyun1	xuan2	赣			5396		
檍	it7	yit6	yi4	赣			5471		
檒	fuŋ1	fung1	feng1	赣			5223		
檓	fɨi3	fei3	hui3	赣			4116		
檓	fɨi3	fei3	hui3	赣			5848		
檕	tɕi5	ji4	ji4	赣			4405		
檕	tɕʰi1	qi1	ji4	赣			4542		
檖	sui6	sui5	sui4	赣			5859		
檛	tsa5	za4	zhua1	赣			4347		
檝	tɕiet7	jiet6	ji2	赣			4243		
檝	tɕʰit8	qit7	ji2	赣			4085		
檞	kai3	gai3	jie3	赣			4386		
檡	sɛt7	set6	zhai2	赣			4315		
檥	ȵi6	ni5	yi3	赣			4031		
檧	suŋ1	sung1	song1	赣			5389		
檧	suŋ3	sung3	song1	赣			5543		
檫	tsʰat8	cat7	cha2	赣			4266		
檴	fa6	fa5	huo4	赣			4054		
檴	fɔʔ8	fok7	huo4	赣			4759		
檷	ȵi3	ni3	ni3	赣			4228		
檹	i1	yi1	yi1	赣			5357		
檼	in5	yin4	yin4	赣			5362		
檾	tɕʰyn3	qyun3	qing3	赣			5558		
檿	ien3	yen3	yan3	赣			5658		
櫀	tɕʰi2	qi2	qi2	赣			5037		
櫂	tsʰau6	cau5	zhao4	赣			5671		
櫄	tsʰun1	cun1	chun1	赣			4882		
櫋	mien5	mien4	mian2	赣			4904		
櫌	iu1	yiu1	you1	赣			4186		
櫎	fɔŋ6	fong5	huang3	赣			4950		
櫏	tɕʰien1	qien1	qian1	赣			4496		
櫐	lui3	lui3	lei3	赣			4606		
櫑	lui5	lui4	lei2	赣			5496		
櫔	li6	li5	li4	赣			4323		
櫕	tsʰon2	con2	cuan2	赣			5667		
櫖	li5	li4	lv4	赣			5948		
櫖	li6	li5	lv4	赣			4719		
櫘	sui5	sui4	hui4	赣			4171		
櫙	ŋieu1	ngieu1	ou1	赣			4053		
櫜	kau1	gau1	gao1	赣			5946		
櫡	tsɔʔ7	zok6	zhuo2	赣			5038		
櫩	ien5	yen4	yan2	赣			5170		
櫭	tɕʰiet8	qiet7	jie2	赣			5651		
櫰	fai5	fai4	huai2	赣			5830		
櫰	kui1	gui1	huai2	赣			4286		
櫺	lin5	lin4	ling2	赣			5581		
櫼	san1	san1	jian1	赣			5350		
櫽	in3	yin3	yin3	赣			5617		
櫾	iu5	yiu4	you2	赣			5485		
櫾	iu6	yiu5	you2	赣			4288		
欀	lɔŋ6	long5	xiang1	赣			5204		
欀	ɕiɔŋ1	xiong1	xiang1	赣			4277		
欂	pɔʔ7	bok6	bo2	赣			5900		
欃	tsʰan2	can2	chan2	赣			5013		
欃	tsʰan6	can5	chan2	赣			4402		
欈	ui5	wui4	wei2	赣			5646		
欋	tɕʰy2	qyu2	qu2	赣			5643		
欗	lan5	lan4	lan2	赣			4240		
欙	lui5	lui4	lei2	赣			4190		
欚	li3	li3	li3	赣			4588		
欛	pa5	ba4	ba4	赣			5051		
欝	yt7	yut6	yu4	赣			5119		
欥	it7	yit6	yi4	赣			4545		
欥	yt7	yut6	yi4	赣			5844		
欦	tɕʰien3	qien3	qian1	赣			5419		
欨	ɕy1	xyu1	xu1	赣			4690		
欨	ɕy3	xyu3	xu1	赣			4801		
欩	tsʰeu1	ceu1	chao1	赣			5538		
欪	ɕit7	xit6	chu4	赣			4643		
欪	tsʰuʔ7	cuk6	chu4	赣			4122		
欬	kʰai3	kai3	kai4	赣			5005		
欬	ŋai5	ngai4	kai4	赣			4448		
欭	i5	yi4	yi4	赣			5447		
欮	tɕyot7	jyuot6	jue2	赣			5551		
欯	ɕit7	xit6	xi4	赣			5331		
欰	ɕyt7	xyut6	xu4	赣			5456		
欱	hat7	hat6	he1	赣			5863		
欱	hot7	hot6	he1	赣			5935		
欴	lɔŋ5	long4	lang2	赣			5566		
欵	kʰuon3	kuon3	kuan3	赣			5812		
欶	seu5	seu4	shuo4	赣			4836		
欶	sɔʔ7	sok6	shuo4	赣			5959		
欷	ɕi1	xi1	xi1	赣			5352		
欹	i1	yi1	yi1	赣			4570		
欻	ɕyt7	xyut6	chua1	赣			4073		
欼	tsʰɿ3	ci3	chi3	赣			5109		
欿	tʰan1	tan1	kan3	赣			4081		
欿	hon6	hon5	kan3	赣			4322		
歀	kʰuon3	kuon3	kuan3	赣			4941		
歁	kʰon3	kon3	kan3	赣			5138		
歁	kʰot7	kot6	kan3	赣			5038		
歂	tsʰon2	con2	chuan3	赣			5771		
歂	tsʰon6	con5	chuan3	赣			5113		
歄	kua1	gua1	gua1	赣			5486		
歅	in1	yin1	yin1	赣			5527		
歈	y5	yu4	yu2	赣			5086		
歈	tʰeu2	teu2	yu2	赣			4035		
歊	ɕieu1	xieu1	xiao1	赣			4949		
歊	fuʔ7	fuk6	xiao1	赣			5222		
歋	i5	yi4	ye4	赣			4580		
歍	u1	wu1	wu1	赣			4116		
歏	tɕʰin6	qin5	jin4	赣			5517		
歑	fu1	fu1	hu1	赣			4083		
歔	ɕy1	xyu1	xu1	赣			4156		
歕	pʰən1	pen1	pen1	赣			4740		
歕	pʰen3	pen3	pen1	赣			4220		
歖	ɕi1	xi1	xi3	赣			5651		
歗	ɕieu5	xieu4	xiao4	赣			4237		
歛	hon1	hon1	han1	赣			5273		
歜	tsʰan6	can5	chu4	赣			4013		
歜	tsʰuʔ7	cuk6	chu4	赣			4433		
歠	tsʰot7	cot6	chuo4	赣			4013		
歫	tɕʰy6	qyu5	ju4	赣			4969		
歬	tɕʰien2	qien2	qian2	赣			4646		
歭	tsʰɿ6	ci5	chi2	赣			4533		
歭	tɕʰi6	qi5	chi2	赣			4473		
歰	set7	set6	se4	赣			5537		
歱	tsuŋ3	zung3	zhong3	赣			5018		
歳	sui5	sui4	sui4	赣			4408		
歺	ŋot7	ngot6	e4	赣			5471		
殀	ieu3	yeu3	yao1	赣			4794		
殈	fet7	fet6	xu4	赣			4852		
殈	ɕiuʔ7	xiuk6	xu4	赣			5544		
殏	tɕʰiu2	qiu2	qiu2	赣			4116		
殐	suʔ7	suk6	su4	赣			5985		
殑	tɕʰin2	qin2	qing2	赣			4139		
殑	tɕʰin6	qin5	qing2	赣			5617		
殔	i6	yi5	yi4	赣			4385		
殕	fu3	fu3	fou3	赣			5971		
殗	iet7	yet6	ye4	赣			4659		
殙	fɨn1	fen1	hun1	赣			4995		
殙	fun1	fun1	hun1	赣			5292		
殜	tsʰet8	cet7	die2	赣			4147		
殜	iɛt8	yet7	die2	赣			4157		
殟	uen1	wun1	wen1	赣			4066		
殟	ut7	wut6	wen1	赣			4380		
殧	tɕʰiu6	qiu5	jiu4	赣			4474		
殩	tsʰon3	con3	cuan4	赣			4566		
殬	tu5	du4	du4	赣			4333		
殸	kʰien1	kien1	qing4	赣			5133		
殸	tɕʰin3	qin3	qing4	赣			4138		
殹	i5	yi4	yi4	赣			5755		
殽	hau2	hau2	xiao2	赣			5386		
毇	fɨi3	fei3	hui3	赣			5502		
毇	fɨi3	fei3	hui3	赣			4181		
毈	tʰon6	ton5	duan4	赣			4317		
毉	i1	yi1	yi1	赣			5660		
毌	kuon1	guon1	guan4	赣			4549		
毌	kuon5	guon4	guan4	赣			5515		
毘	pʰi2	pi2	pi2	赣			4116		
毚	tsʰan2	can2	chan2	赣			5753		
毢	sai1	sai1	sai1	赣			4903		
毣	mɔʔ7	mok6	mu4	赣			5089		
毣	muʔ7	muk6	mu4	赣			5526		
毤	tʰo3	to3	tuo4	赣			4436		
毦	ɵ6	o5	er3	赣			5340		
毨	ɕien3	xien3	xian3	赣			4269		
毪	meu5	meu4	mu2	赣			4588		
毬	tɕʰiu2	qiu2	qiu2	赣			4902		
毭	tʰeu6	teu5	dou4	赣			4565		
毰	pʰi2	pi2	pei2	赣			5042		
毱	tɕʰiuʔ8	qiuk7	ju2	赣			4215		
毸	sui1	sui1	sai1	赣			4636		
毻	tʰo3	to3	tuo4	赣			4454		
毻	tʰui3	tui3	tuo4	赣			5539		
毼	hot8	hot7	he2	赣			4716		
毽	tɕien5	jien4	jian4	赣			5264		
毾	tʰat7	tat6	ta4	赣			4398		
氀	li5	li4	lv2	赣			5534		
氄	iuŋ3	yung3	rong3	赣			5399		
氆	pʰu3	pu3	pu3	赣			5042		
氆	pɔŋ3	bong3	pu3	赣			5161		
氇	lu3	lu3	lu5	赣			5580		
氒	tɕyot7	jyuot6	jue2	赣			4319		
氕	pʰiet7	piet6	pie1	赣			5830		
氖	lai3	lai3	nai3	赣			5562		
氘	tau1	dau1	dao1	赣			5620		
氙	ɕien1	xien1	xian1	赣			5259		
氚	tsʰon1	con1	chuan1	赣			5487		
氟	fɨt7	fet6	fu2	赣			4081		
氟	fuʔ7	fuk6	fu2	赣			5632		
氡	tuŋ1	dung1	dong1	赣			5955		
氦	hai6	hai5	hai4	赣			5717		
氩	ŋa5	nga4	ya4	赣			4108		
氪	kʰiet7	kiet6	ke4	赣			4876		
氰	tɕʰin2	qin2	qing2	赣			5190		
氵	sui3	sui3	shui5	赣			4101		
氶	tsɛn3	zen3	zheng3	赣			5938		
氶	tɕin3	jin3	zheng3	赣			5719		
氽	tʰen3	ten3	tun3	赣			5686		
氽	tʰun3	tun3	tun3	赣			4374		
氿	kui3	gui3	gui3	赣			4487		
汃	pin1	bin1	bin1	赣			4306		
汃	pʰat7	pat6	bin1	赣			4698		
汅	mien3	mien3	mian3	赣			5789		
汋	tsʰɔʔ7	cok6	zhuo2	赣			4636		
汍	fon5	fon4	wan2	赣			4048		
汏	tʰai6	tai5	da4	赣			4324		
汏	tʰat7	tat6	da4	赣			5395		
汒	mɔŋ5	mong4	mang2	赣			4414		
汒	uɔŋ6	wong5	mang2	赣			4307		
汓	tɕʰiu2	qiu2	qiu2	赣			4694		
汘	tɕʰien1	qien1	qian1	赣			5990		
汚	u1	wu1	wu1	赣			4822		
汥	tsɿ1	zi1	zhi1	赣			5182		
汦	tsɿ1	zi1	zhi3	赣			5508		
汦	tsɿ3	zi3	zhi3	赣			4737		
汧	tɕʰien1	qien1	qian1	赣			4342		
汧	tɕʰien3	qien3	qian1	赣			5666		
汫	tɕʰin6	qin5	jing3	赣			5768		
汮	tɕyn1	jyun1	jun1	赣			5382		
汱	tɕyon3	jyuon3	quan3	赣			4786		
汳	fan5	fan4	bian4	赣			4279		
汸	fɔŋ1	fong1	fang1	赣			4405		
汻	hɔŋ3	hong3	hu3	赣			4206		
沇	yon3	yuon3	yan3	赣			4556		
沋	iu5	yiu4	you2	赣			4340		
沑	leu3	leu3	nv4	赣			4778		
沑	ȵiuʔ7	niuk6	nv4	赣			5221		
沜	pʰon3	pon3	pan4	赣			5008		
沝	tsui3	zui3	zhui3	赣			5481		
沞	tsat7	zat6	za1	赣			5322		
沬	mi6	mi5	mei4	赣			5115		
沬	ui6	wui5	mei4	赣			5866		
沲	tʰo2	to2	tuo2	赣			5777		
沲	tʰo6	to5	tuo2	赣			4754		
沴	li6	li5	li4	赣			4494		
沶	i5	yi4	yi2	赣			5820		
沺	tʰien2	tien2	tian2	赣			5259		
泂	kuen3	gun3	jiong3	赣			4075		
泂	tɕiɔŋ3	jiong3	jiong3	赣			4731		
泆	tʰiet8	tiet7	yi4	赣			4480		
泆	it7	yit6	yi4	赣			4327		
泈	tsuŋ1	zung1	zhong1	赣			4375		
泋	fɨi5	fei4	hui4	赣			4188		
泋	fɨi5	fei4	hui4	赣			4062		
泎	tsʰet8	cet7	ze2	赣			5189		
泏	tsuʔ7	zuk6	zhu2	赣			4436		
泏	kʰut7	kut6	zhu2	赣			4183		
泑	iu1	yiu1	you1	赣			5476		
泑	iu3	yiu3	you1	赣			4603		
泒	ku1	gu1	gu1	赣			4905		
泙	pʰin2	pin2	ping2	赣			4206		
泤	sɿ6	si5	si4	赣			4134		
泦	tɕiuʔ7	jiuk6	ju2	赣			5602		
泧	yot7	yuot6	sa4	赣			4018		
泬	ɕyot7	xyuot6	jue2	赣			5555		
泭	fu1	fu1	fu2	赣			5425		
泭	fu5	fu4	fu2	赣			4707		
泶	hɔʔ7	hok6	xue2	赣			5774		
泿	ŋien5	ngien4	yin2	赣			5314		
泿	ȵin5	nin4	yin2	赣			5087		
洅	tsui3	zui3	zai4	赣			4171		
洈	kui3	gui3	wei2	赣			5794		
洈	ui5	wui4	wei2	赣			4579		
洊	tɕʰien6	qien5	jian4	赣			5576		
洍	sɿ6	si5	si4	赣			4531		
洍	i5	yi4	si4	赣			4582		
洏	ɵ5	o4	er2	赣			4021		
洐	hen2	hen2	xing2	赣			5379		
洓	tɕʰit7	qit6	se4	赣			4585		
洔	tsɿ3	zi3	zhi3	赣			5024		
洔	tsʰɿ6	ci5	zhi3	赣			4868		
洕	in6	yin5	yin4	赣			5965		
洘	kʰau3	kau3	kao3	赣			5291		
洝	ŋon5	ngon4	an4	赣			4389		
洟	tʰi3	ti3	ti4	赣			4751		
洟	i5	yi4	ti4	赣			5610		
洦	pʰet7	pet6	po4	赣			5397		
洦	met7	met6	po4	赣			5492		
洬	suʔ7	suk6	su4	赣			5344		
洭	kʰuɔŋ1	kuong1	kuang1	赣			5342		
洸	kuɔŋ1	guong1	guang1	赣			5437		
洸	uɔŋ1	wong1	guang1	赣			5289		
洿	fu6	fu5	wu1	赣			5658		
洿	u1	wu1	wu1	赣			5489		
浖	lot7	lot6	lie4	赣			5199		
浘	ui3	wui3	wei3	赣			4456		
浛	hon6	hon5	han2	赣			5003		
浝	mɔŋ5	mong4	mang2	赣			4129		
浟	iu5	yiu4	you2	赣			4506		
浠	ɕi1	xi1	xi1	赣			5626		
浢	tʰeu6	teu5	dou4	赣			4713		
浤	fen5	fen4	hong2	赣			4124		
浧	in6	yin5	ying3	赣			5937		
浨	lan3	lan3	lan3	赣			5627		
浬	li3	li3	li3	赣			5506		
浭	kien1	gien1	geng1	赣			4717		
浰	lien6	lien5	lian4	赣			4678		
浵	tʰuŋ2	tung2	tong2	赣			4441		
浺	tsʰuŋ1	cung1	chong1	赣			4325		
浻	uen3	wun3	jiong3	赣			5890		
浻	uŋ3	wung3	jiong3	赣			4839		
浽	sui1	sui1	sui1	赣			5452		
浾	tsa1	za1	cheng1	赣			5298		
涀	tɕʰien3	qien3	xian4	赣			5252		
涀	ɕien6	xien5	xian4	赣			5754		
涃	kʰun3	kun3	kun4	赣			5928		
涊	ȵien3	nien3	nian3	赣			4826		
涊	ȵin3	nin3	nian3	赣			5151		
涍	hau1	hau1	xiao4	赣			4619		
涍	hau3	hau3	xiao4	赣			5913		
涏	tʰien6	tien5	ting3	赣			4021		
涏	tʰin6	tin5	ting3	赣			4045		
涐	ŋo5	ngo4	e2	赣			5419		
涒	tʰɛn1	ten1	tun1	赣			5412		
涒	tʰun1	tun1	tun1	赣			4305		
涖	li6	li5	li4	赣			4982		
涚	sui5	sui4	shui4	赣			5959		
涬	ɕin6	xin5	xing4	赣			4961		
涳	kʰuŋ1	kung1	kong1	赣			4225		
涴	uo5	wo4	wo4	赣			5934		
涶	tʰo1	to1	tuo1	赣			5116		
涶	tʰo3	to3	tuo1	赣			4863		
涷	tuŋ1	dung1	dong1	赣			5676		
涷	tuŋ5	dung4	dong1	赣			4851		
涹	uo1	wo1	wo1	赣			4960		
涺	tɕy1	jyu1	ju1	赣			4310		
涻	sa5	sa4	she4	赣			4634		
涾	tʰat8	tat7	ta4	赣			5971		
淁	tɕʰiet7	qiet6	qie4	赣			5639		
淂	tet7	det6	de2	赣			5189		
淃	tɕʰyon6	qyuon5	juan4	赣			5166		
淈	het8	het7	gu3	赣			5997		
淈	kut7	gut6	gu3	赣			4347		
淊	ien6	yen5	yan1	赣			5300		
淓	fɔŋ1	fong1	fang1	赣			4223		
淔	tsʰət7	cet6	zhi2	赣			5608		
淔	tɕʰit7	qit6	zhi2	赣			5846		
淕	liuʔ7	liuk6	lu4	赣			5288		
淛	tsɿ5	zi4	zhe4	赣			4334		
淛	tɕi5	ji4	zhe4	赣			4255		
淜	pʰin2	pin2	ping2	赣			4800		
淟	tʰien3	tien3	tian3	赣			4634		
淢	ɕyt7	xyut6	yu4	赣			4289		
淢	yt7	yut6	yu4	赣			5851		
淧	mit7	mit6	mi4	赣			4498		
淭	tɕʰy2	qyu2	qu2	赣			5582		
淯	yt7	yut6	yu4	赣			5818		
淰	ȵien5	nien4	nian3	赣			4804		
淲	pʰieu2	pieu2	biao1	赣			5848		
淴	ut7	wut6	hu1	赣			4980		
淼	mieu3	mieu3	miao3	赣			4733		
渒	pi1	bi1	pai4	赣			4174		
渒	pʰi3	pi3	pai4	赣			5758		
渜	lon3	lon3	nuan3	赣			5486		
渜	lon6	lon5	nuan3	赣			5143		
渟	tʰin2	tin2	ting2	赣			4706		
渧	ti5	di4	di4	赣			4618		
渨	ui1	wui1	wei1	赣			5771		
渰	ien3	yen3	yan3	赣			4987		
渱	fuŋ5	fung4	hong2	赣			4184		
渳	mit7	mit6	mi3	赣			219375	泯	
渶	in1	yin1	ying1	赣			5147		
渷	yon3	yuon3	yan3	赣			4122		
渹	fen1	fen1	hong1	赣			4949		
渻	sen3	sen3	sheng3	赣			5864		
渻	ɕin3	xin3	sheng3	赣			5551		
渼	mi3	mi3	mei3	赣			4083		
渽	tsai1	zai1	zai1	赣			5724		
渿	lai6	lai5	nai4	赣			5676		
湀	kʰui6	kui5	gui3	赣			4790		
湁	tsʰət7	cet6	chi4	赣			5128		
湁	tɕʰit7	qit6	chi4	赣			4170		
湂	ŋɔʔ7	ngok6	e4	赣			4527		
湅	lien6	lien5	lian4	赣			5799		
湆	tɕʰit7	qit6	qi4	赣			124562	冻	
湌	tsʰan1	can1	can1	赣			4761		
湐	pet7	bet6	mo4	赣			4822		
湑	ɕy1	xyu1	xu1	赣			4717		
湑	ɕy3	xyu3	xu1	赣			5042		
湒	tɕit7	jit6	ji2	赣			4660		
湓	pʰen2	pen2	pen2	赣			5406		
湕	tɕien3	jien3	jian3	赣			5125		
湠	tʰan3	tan3	tan4	赣			4300		
湡	ȵy5	nyu4	yu2	赣			5076		
湢	pit7	bit6	bi4	赣			4688		
湣	min3	min3	min3	赣			5750		
湩	tuŋ5	dung4	dong4	赣			5392		
湪	tʰon3	ton3	tuan4	赣			4422		
湱	fet7	fet6	huo4	赣			4682		
湳	lan3	lan3	nan3	赣			4260		
湴	pʰan6	pan5	ban4	赣			5321		
湼	ȵiet7	niet6	nie4	赣			5128		
湽	tsɿ1	zi1	zi1	赣			4136		
溎	ien5	yen4	yan4	赣			5614		
溑	so3	so3	suo3	赣			4540		
溒	yon5	yuon4	yuan2	赣			4248		
溓	lien3	lien3	lian2	赣			4124		
溓	lien5	lien4	lian2	赣			5877		
溔	ieu3	yeu3	yao3	赣			5120		
溗	sɨn5	sen4	cheng2	赣			4012		
溗	ɕin5	xin4	cheng2	赣			5536		
溞	sau1	sau1	sao1	赣			5890		
溣	lɨn6	len5	lun4	赣			4700		
溣	lun6	lun5	lun4	赣			4051		
溨	tsʰai2	cai2	zai1	赣			5691		
溩	u3	wu3	wu4	赣			4888		
溭	tsʰet8	cet7	ze2	赣			4072		
溰	ȵi5	ni4	ai2	赣			4691		
溲	seu1	seu1	sou1	赣			5931		
溲	seu3	seu3	sou1	赣			4265		
溴	ɕiu5	xiu4	xiu4	赣			5781		
溵	in1	yin1	yin1	赣			5319		
溹	set7	set6	suo4	赣			5252		
溹	sɔʔ7	sok6	suo4	赣			5276		
溻	tʰat7	tat6	ta1	赣			4183		
溾	uai1	wai1	ai1	赣			4607		
溾	fɨi6	fei5	ai1	赣			5729		
溾	fɨi6	fei5	ai1	赣			4827		
滀	tsʰuʔ7	cuk6	chu4	赣			5282		
滆	het8	het7	ge2	赣			4190		
滈	hau6	hau5	hao4	赣			5049		
滈	hɔʔ7	hok6	hao4	赣			4831		
滉	fɔŋ6	fong5	huang4	赣			4961		
滐	tɕʰiet8	qiet7	jie2	赣			4240		
滒	ko1	go1	ge1	赣			4590		
滣	sun5	sun4	chun2	赣			5157		老1
滭	pit7	bit6	bi4	赣			4480		
滰	tɕʰiɔŋ6	qiong5	jiang4	赣			5218		
滱	kieu5	gieu4	kou4	赣			5206		
滱	kʰieu1	kieu1	kou4	赣			4922		
滵	mit7	mit6	mi4	赣			5610		
滶	ŋau5	ngau4	ao2	赣			5494		
滽	iuŋ5	yung4	yong1	赣			5949		
漅	tɕieu3	jieu3	chao2	赣			5449		
漌	tɕin3	jin3	jin3	赣			4186		
漐	tsʰət7	cet6	zhi2	赣			4719		
漐	tɕʰit7	qit6	zhi2	赣			4758		
漑	kai5	gai4	gai4	赣			4266		
漘	sun5	sun4	chun2	赣			4761		
漙	tʰon2	ton2	tuan2	赣			4049		
漞	mit7	mit6	mi4	赣			5618		
漦	tsʰɿ2	ci2	chi2	赣			5307		
漧	kon1	gon1	gan1	赣			5040		
漨	fuŋ5	fung4	feng2	赣			4013		
漮	kʰɔŋ1	kong1	kang1	赣			4505		
漰	pʰen1	pen1	peng1	赣			5735		
漷	fet7	fet6	huo3	赣			4149		
漷	kʰuɔʔ7	kuok6	huo3	赣			4689		
漹	ien5	yen4	yan1	赣			4123		
漺	tsʰɔŋ3	cong3	shuang3	赣			4114		
漺	sɔŋ3	song3	shuang3	赣			5190		
漻	lieu5	lieu4	liao2	赣			4833		
漼	tsʰui3	cui3	cui3	赣			4771		
潆	in5	yin4	ying2	赣			5367		
潆	iuŋ5	yung4	ying2	赣			4779		
潇	ɕieu1	xieu1	xiao1	赣			4910		
潎	pʰi3	pi3	pi4	赣			5390		
潎	pʰiet7	piet6	pi4	赣			5302		
潐	tɕieu5	jieu4	jiao4	赣			4120		
潒	tʰɔŋ6	tong5	dang4	赣			4221		
潒	ɕiɔŋ6	xiong5	dang4	赣			4551		
潓	fɨi6	fei5	hui4	赣			4600		
潓	fɨi6	fei5	hui4	赣			5435		
潗	tɕit7	jit6	ji2	赣			5084		
潝	ɕit7	xit6	xi1	赣			5575		
潠	sun5	sun4	xun4	赣			5832		
潧	tsen1	zen1	zhen1	赣			4408		
潨	tsuŋ1	zung1	cong2	赣			4655		
潨	tsʰuŋ2	cung2	cong2	赣			5849		
潩	i6	yi5	yi4	赣			4150		
潩	it7	yit6	yi4	赣			5093		
潪	tsɿ5	zi4	zhe4	赣			4316		
潫	uan1	wan1	wan1	赣			4907		
潫	yon1	yuon1	wan1	赣			4123		
潬	tʰan6	tan5	shan4	赣			5351		
潶	het7	het6	hei1	赣			5487		
潽	pʰu1	pu1	pu1	赣			5522		
潾	lan5	lan4	lin2	赣			4077		
潾	lin5	lin4	lin2	赣			4120		
澁	set7	set6	se4	赣			4539		
澂	tsʰen2	cen2	cheng2	赣			5077		
澂	tɕʰin2	qin2	cheng2	赣			5777		
澋	fen6	fen5	hong4	赣			4159		
澋	tɕʰin3	qin3	hong4	赣			4494		
澒	fuŋ6	fung5	hong4	赣			4206		
澓	fuʔ8	fuk7	fu2	赣			5736		
澞	ȵy5	nyu4	yu2	赣			4115		
澟	lin3	lin3	lin3	赣			5538		
澣	fon6	fon5	huan4	赣			4963		
澨	sɿ6	si5	shi4	赣			5966		
澨	ɕi6	xi5	shi4	赣			5868		
澪	lin5	lin4	ling2	赣			4989		
澭	iuŋ1	yung1	yong1	赣			4473		
澰	lien3	lien3	lian4	赣			4624		
澲	ȵiet7	niet6	ye4	赣			4295		
澺	it7	yit6	yi4	赣			5149		
澻	sui6	sui5	sui4	赣			4129		
澽	tɕy5	jyu4	ju4	赣			4422		
澽	tɕʰy6	qyu5	ju4	赣			4560		
濅	tɕin5	jin4	jin4	赣			5992		
濇	set7	set6	se4	赣			4298		
濈	tset7	zet6	ji2	赣			4231		
濊	ui5	wui4	hui4	赣			4037		
濋	tsʰu3	cu3	chu3	赣			4283		
濌	tʰat7	tat6	ta4	赣			5517		
濎	tin3	din3	ding3	赣			4561		
濓	lien5	lien4	lian2	赣			4176		
濔	mi3	mi3	mi3	赣			5940		
濗	mit7	mit6	mi4	赣			5670		
濙	in5	yin4	ying2	赣			5297		
濙	iuŋ5	yung4	ying2	赣			5591		
濢	tsui3	zui3	cui4	赣			5629		
濢	tsʰui3	cui3	cui4	赣			4017		
濥	in3	yin3	yin3	赣			4380		
濥	in6	yin5	yin3	赣			5390		
濨	tsʰɿ2	ci2	ci2	赣			5995		
濩	fu6	fu5	huo4	赣			5312		
濩	fɔʔ8	fok7	huo4	赣			5407		
濬	ɕyn5	xyun4	jun4	赣			5256		
濲	kuʔ7	guk6	gu3	赣			5139		
濵	pin1	bin1	bin1	赣			5307		
濽	tsan5	zan4	zan4	赣			6000		
瀀	iu1	yiu1	you1	赣			5092		
瀁	iɔŋ3	yong3	yang4	赣			4264		
瀁	iɔŋ6	yong5	yang4	赣			4139		
瀄	tset7	zet6	zhi4	赣			4087		
瀈	fɨi1	fei1	hui1	赣			4867		
瀈	fɨi1	fei1	hui1	赣			5558		
瀎	mot7	mot6	mo4	赣			4507		
瀎	miet7	miet6	mo4	赣			4369		
瀔	kuʔ7	guk6	gu3	赣			4495		
瀖	fɔʔ7	fok6	huo4	赣			4717		
瀗	ɕien5	xien4	xian4	赣			5543		
瀙	tɕʰin3	qin3	qin4	赣			5496		
瀜	iuŋ5	yung4	rong2	赣			5372		
瀡	sui5	sui4	sui3	赣			4313		
瀢	tʰui6	tui5	wei3	赣			5775		
瀢	ui3	wui3	wei3	赣			5093		
瀤	fai5	fai4	huai2	赣			5687		
瀤	uai1	wai1	huai2	赣			5173		
瀥	hɔʔ7	hok6	xue4	赣			5960		
瀱	tɕi5	ji4	ji4	赣			5001		
瀳	tɕien1	jien1	jian4	赣			4210		
瀳	tɕʰien6	qien5	jian4	赣			4092		
瀴	in5	yin4	ying2	赣			5958		
瀶	lin5	lin4	lin2	赣			4120		
瀷	it7	yit6	yi4	赣			4779		
瀸	tɕien1	jien1	jian1	赣			4498		
瀺	tsʰan6	can5	chan2	赣			5478		
瀼	lɔŋ5	long4	rang2	赣			4983		
瀿	fan5	fan4	fan2	赣			5425		
灂	tsʰɔʔ7	cok6	zhuo2	赣			5839		
灂	tsʰɔʔ8	cok7	zhuo2	赣			4819		
灈	tɕʰy2	qyu2	qu2	赣			4117		
灉	iuŋ1	yung1	yong1	赣			5007		
灉	iuŋ5	yung4	yong1	赣			5816		
灊	tɕʰien2	qien2	qian2	赣			5748		
灋	fat7	fat6	fa3	赣			4782		
灓	lon5	lon4	luan2	赣			5213		
灓	lon6	lon5	luan2	赣			5250		
灛	tsʰen3	cen3	chan3	赣			4018		
灢	lɔŋ3	long3	nang3	赣			5296		
灢	lɔŋ6	long5	nang3	赣			5809		
灥	tsʰon1	con1	xun2	赣			4630		
灥	ɕyn5	xyun4	xun2	赣			5111		
灨	kon3	gon3	gan4	赣			4163		
灨	kon5	gon4	gan4	赣			4177		
灪	yt7	yut6	yu4	赣			4228		
灬	fo3	fo3	biao1	赣			4891		
灮	kuɔŋ1	guong1	guang1	赣			4537		
灱	hau1	hau1	xiao1	赣			4644		
灺	ɕia6	xia5	xie4	赣			4730		
炁	tɕʰi3	qi3	qi4	赣			5724		
炂	tsuŋ1	zung1	zhong1	赣			4395		
炈	yt7	yut6	yi4	赣			5701		
炓	lieu6	lieu5	liao4	赣			4732		
炘	ɕin1	xin1	xin1	赣			5616		
炘	ɕin5	xin4	xin1	赣			4263		
炝	tɕʰiɔŋ3	qiong3	qiang4	赣			5454		
炠	hat8	hat7	xia2	赣			5173		
炢	tsʰuʔ8	cuk7	zhu2	赣			4939		
炤	tseu5	zeu4	zhao4	赣			4464		
炥	fɨt8	fet7	fu2	赣			5004		
炥	fuʔ8	fuk7	fu2	赣			5086		
炦	pʰot8	pot7	ba2	赣			5629		
炪	tsot7	zot6	zhuo1	赣			4623		
炪	tsʰuʔ7	cuk6	zhuo1	赣			4056		
炰	pʰau2	pau2	pao2	赣			5037		
炴	fon6	fon5	yang3	赣			5686		
炵	tʰuŋ1	tung1	tong1	赣			5088		
炵	tʰuŋ2	tung2	tong1	赣			4344		
炶	hon2	hon2	shan3	赣			4357		
炻	sɛt8	set7	shi2	赣			5356		
烀	fu1	fu1	hu1	赣			5851		
烄	kau3	gau3	jiao3	赣			4028		
烄	kau5	gau4	jiao3	赣			4798		
烋	ɕiu1	xiu1	xiu1	赣			5565		
烑	ieu5	yeu4	yao2	赣			5296		
烒	sɛt7	set6	shi4	赣			5461		
烒	ɕit7	xit6	shi4	赣			4418		
烓	tɕʰiuŋ3	qiung3	wei1	赣			5594		
烔	tʰuŋ2	tung2	tong2	赣			5881		
烖	tsai1	zai1	zai1	赣			5418		
烗	kʰai3	kai3	kai4	赣			4574		
烚	hat8	hat7	xia2	赣			4863		
烠	fɨi5	fei4	hui2	赣			5954		
烠	fɨi5	fei4	hui2	赣			4434		
烩	fɨi6	fei5	hui4	赣			4567		
烩	fɨi6	fei5	hui4	赣			4946		
烯	ɕi1	xi1	xi1	赣			5058		
烰	feu5	feu4	fu2	赣			4780		
烳	pʰu3	pu3	pu3	赣			5773		
烷	uon5	won4	wan2	赣			5060		
烼	ɕyt7	xyut6	xu4	赣			4670		
烾	tsʰət7	cet6	chi4	赣			4333		
烾	tɕʰit7	qit6	chi4	赣			4060		
焀	fuʔ8	fuk7	hu2	赣			5967		
焁	ɕi1	xi1	xi1	赣			5177		
焃	fet7	fet6	he4	赣			4208		
焄	ɕyn1	xyun1	xun1	赣			5019		
焅	kʰuʔ7	kuk6	ku4	赣			4900		
焆	tɕyon1	jyuon1	juan1	赣			4424		
焇	ɕieu1	xieu1	xiao1	赣			4736		
焎	ɕiet7	xiet6	xie4	赣			4626		
焐	u6	wu5	wu4	赣			5223		
焓	hon2	hon2	han2	赣			4787		
焗	tɕʰiuʔ7	qiuk6	ju2	赣			5757		
焗	tɕʰiuʔ8	qiuk7	ju2	赣			4251		
焞	sun5	sun4	tun1	赣			5673		老1
焟	ɕit7	xit6	xi1	赣			5649		
焠	tsʰui3	cui3	cui4	赣			4925		
焢	fuŋ1	fung1	hong1	赣			5099		
焥	uot7	wot6	wo4	赣			4801		
焪	kʰuŋ1	kung1	qiong2	赣			5293		
焪	kʰuŋ3	kung3	qiong2	赣			5663		
焫	lot7	lot6	ruo4	赣			5936		
焭	tɕʰiuŋ2	qiung2	qiong2	赣			4950		
焮	ɕin5	xin4	xin4	赣			5901		
焲	it7	yit6	yi4	赣			5670		
焴	yt7	yut6	yu4	赣			5962		
焷	pi1	bi1	pi2	赣			4329		
焷	pʰi2	pi2	pi2	赣			5127		
焸	ku3	gu3	xiong4	赣			5390		
煁	tsʰen2	cen2	chen2	赣			5884		
煁	tɕʰin2	qin2	chen2	赣			5031		
煆	ha1	ha1	xia1	赣			5153		
煆	ha3	ha3	xia1	赣			5574		
煋	ɕin1	xin1	xing1	赣			5650		
煑	tɕy3	jyu3	zhu3	赣			4922		
煓	tʰon1	ton1	tuan1	赣			5039		
煔	tʰien3	tien3	shan3	赣			5284		
煕	ɕi1	xi1	xi1	赣			5455		
煖	lon3	lon3	nuan3	赣			4998		
煖	ɕyon1	xyuon1	nuan3	赣			4339		
煗	lon3	lon3	nuan3	赣			5765		
煚	tɕyn3	jyun3	jiong3	赣			5116		
煛	kuen3	gun3	jiong3	赣			5984		
煛	tɕiɔŋ3	jiong3	jiong3	赣			5213		
煝	mi6	mi5	mei4	赣			4274		
煟	ui6	wui5	wei4	赣			4403		
煣	leu3	leu3	rou2	赣			5143		
煣	leu6	leu5	rou2	赣			5434		
煪	tɕʰiu2	qiu2	qiu2	赣			5990		
煲	pau1	bau1	bao1	赣			4063		
煴	yn1	yun1	yun1	赣			5012		
煸	pien1	bien1	bian1	赣			5467		
煹	kieu5	gieu4	gou4	赣			5885		
煻	tʰɔŋ2	tong2	tang2	赣			4159		
煼	tsʰau3	cau3	chao3	赣			5931		
煾	ŋien1	ngien1	en1	赣			4574		
熁	ɕiet7	xiet6	xie2	赣			4245		
熆	hot8	hot7	he2	赣			5893		
熇	kʰau3	kau3	he4	赣			4826		
熑	lien5	lien4	lian2	赣			5263		
熛	pieu1	bieu1	biao1	赣			5260		
熜	tsʰuŋ1	cung1	cong1	赣			4841		
熝	ŋau1	ngau1	lu4	赣			5789		
熧	tsuŋ1	zung1	zong1	赣			5687		
熩	fu6	fu5	hu4	赣			5708		
熪	i5	yi4	yi2	赣			4732		
熭	ui6	wui5	wei4	赣			5593		
熭	yot7	yuot6	wei4	赣			4532		
熮	lieu6	lieu5	liu3	赣			4286		
熯	hon3	hon3	han4	赣			4957		
熯	len3	len3	han4	赣			4660		
熳	man6	man5	man4	赣			4906		
熳	mon6	mon5	man4	赣			5869		
熵	sɔŋ1	song1	shang1	赣			4349		
熷	tsen1	zen1	zeng1	赣			4035		
熸	tɕien1	jien1	jian1	赣			4806		
熻	ɕit7	xit6	xi1	赣			5771		
熼	it7	yit6	yi4	赣			4788		
熽	ɕieu5	xieu4	xiao4	赣			5193		
燂	tʰan2	tan2	tan2	赣			4077		
燂	tɕʰien2	qien2	tan2	赣			5663		
燄	ien6	yen5	yan4	赣			5185		
燅	tɕʰien2	qien2	xun2	赣			4552		
燋	tɕieu1	jieu1	jiao1	赣			4394		
燋	tɕiɔʔ7	jiok6	jiao1	赣			5451		
燌	fɨn5	fen4	fen2	赣			5651		
燌	fun5	fun4	fen2	赣			4472		
燍	sɿ1	si1	si1	赣			4012		
燐	lin5	lin4	lin2	赣			5538		
燐	lin6	lin5	lin2	赣			5817		
燘	mi3	mi3	mei3	赣			5266		
燘	fɨi3	fei3	mei3	赣			5809		
燘	fɨi3	fei3	mei3	赣			4915		
燚	it7	yit6	yi4	赣			5280		
燡	it7	yit6	yi4	赣			4411		
燣	lan3	lan3	lan2	赣			4498		
燣	lan5	lan4	lan2	赣			4329		
燩	tɕʰit7	qit6	que4	赣			4005		
燩	kʰɔʔ7	kok6	que4	赣			5373		
燫	lien5	lien4	lian2	赣			4464		
燷	lan5	lan4	lan2	赣			4709		
燺	kʰau3	kau3	he4	赣			4890		
燽	tsʰɛu2	ceu2	chou2	赣			4625		
燽	tɕʰiu2	qiu2	chou2	赣			4236		
燿	ieu6	yeu5	yao4	赣			5256		
爀	het7	het6	he4	赣			4153		
爁	lan6	lan5	lan4	赣			4122		
爂	pieu1	bieu1	biao1	赣			4028		
爈	li5	li4	lv4	赣			5067		
爋	ɕyn5	xyun4	xun1	赣			5254		
爌	fɔŋ3	fong3	kuang4	赣			4150		
爌	kʰuɔŋ3	kuong3	kuang4	赣			5080		
爒	lieu3	lieu3	liao3	赣			5048		
爓	tɕʰien2	qien2	yan4	赣			4886		
爓	ien6	yen5	yan4	赣			5502		
爗	iet7	yet6	ye4	赣			5652		
爚	sɔʔ7	sok6	yue4	赣			5006		
爚	iɔʔ7	yok6	yue4	赣			5431		
爞	tʰuŋ2	tung2	chong2	赣			5127		
爞	tsʰuŋ2	cung2	chong2	赣			5591		
爟	kuon5	guon4	guan4	赣			4945		
爣	tʰɔŋ3	tong3	tang3	赣			4815		
爤	lan6	lan5	lan4	赣			4994		
爩	yt7	yut6	yu4	赣			5573		
爯	tsʰen1	cen1	cheng1	赣			5677		
爯	tɕʰin1	qin1	cheng1	赣			5428		
爿	tɕʰiɔŋ2	qiong2	pan2	赣			5244		
牃	tʰiet7	tiet6	die2	赣			5540		
牃	tʰiet8	tiet7	die2	赣			5649		
牄	tɕʰiɔŋ1	qiong1	qiang1	赣			5664		
牉	pʰon3	pon3	pan4	赣			4480		
牋	tɕien1	jien1	jian1	赣			4568		
牎	tsʰɔŋ1	cong1	chuang1	赣			5365		
牏	y5	yu4	yu2	赣			5039		
牐	tsʰat8	cat7	zha2	赣			4441		
牑	pien1	bien1	bian1	赣			5363		
牓	pɔŋ3	bong3	bang3	赣			5039		
牠	tʰa1	ta1	ta1	赣			4254		
牣	ȵin6	nin5	ren4	赣			4281		
牥	fɔŋ1	fong1	fang1	赣			5670		
牨	kɔŋ1	gong1	gang1	赣			5593		
牭	sɿ5	si4	si4	赣			4711		
牮	tɕien5	jien4	jian4	赣			4576		
牰	iu6	yiu5	you4	赣			4867		
牴	ti3	di3	di3	赣			5309		
牷	tɕʰyon2	qyuon2	quan2	赣			4654		
牸	tsʰɿ6	ci5	zi4	赣			4942		
牻	mɔŋ5	mong4	mang2	赣			4807		
牼	hen2	hen2	keng1	赣			5896		
牼	kʰien1	kien1	keng1	赣			5830		
牾	u5	wu4	wu3	赣			5897		
牾	u6	wu5	wu3	赣			5847		
牿	kuʔ7	guk6	gu4	赣			4271		
犂	li5	li4	li2	赣			5293		
犅	kɔŋ1	gong1	gang1	赣			4906		
犆	tsʰɨt8	cet7	zhi2	赣			4249		
犇	pen1	ben1	ben1	赣			4094		
犈	tɕyon5	jyuon4	quan2	赣			5596		
犈	tɕʰyon2	qyuon2	quan2	赣			4020		
犉	lɨn5	len4	chun2	赣			4744		
犉	lun5	lun4	chun2	赣			5281		
犋	tɕʰy6	qyu5	ju4	赣			4178		
犌	ka1	ga1	jia1	赣			5418		
犎	fuŋ1	fung1	feng1	赣			5581		
犏	pʰien1	pien1	pian1	赣			4729		
犐	kʰuo1	kuo1	ke1	赣			5759		
犑	kuet7	guet6	ju2	赣			5714		
犑	tɕiuʔ7	jiuk6	ju2	赣			5310		
犓	tsʰeu1	ceu1	chu2	赣			5617		
犔	ɕi5	xi4	xi4	赣			5181		
犕	pʰi6	pi5	bei4	赣			5450		
犗	kai5	gai4	jie4	赣			5262		
犘	ma5	ma4	ma2	赣			4938		
犙	seu1	seu1	san1	赣			5662		
犙	san1	san1	san1	赣			5080		
犚	ui5	wui4	wei4	赣			4286		
犝	tʰuŋ2	tung2	tong2	赣			5851		
犡	li6	li5	li4	赣			4613		
犡	lai6	lai5	li4	赣			4133		
犣	liet7	liet6	lie4	赣			5362		
犤	pʰi2	pi2	pai2	赣			5129		
犤	pʰai2	pai2	pai2	赣			5185		
犥	pʰieu1	pieu1	piao1	赣			4262		
犥	pʰieu3	pieu3	piao1	赣			5193		
犦	pʰɔʔ7	pok6	bo2	赣			5915		
犩	ui3	wui3	wei2	赣			4435		
犩	ui5	wui4	wei2	赣			4348		
犪	kʰui2	kui2	kui2	赣			4219		
犮	pʰot8	pot7	ba2	赣			4335		
犳	ieu1	yeu1	zhuo2	赣			4875		
犳	tsɔʔ7	zok6	zhuo2	赣			5762		
犸	ma3	ma3	ma4	赣			5579		
犺	kʰɔŋ3	kong3	kang4	赣			5322		
犽	ŋa6	nga5	ya4	赣			4654		
犿	fon1	fon1	huan1	赣			4786		
狊	ɕiuʔ7	xiuk6	ju2	赣			5955		
狋	ȵi5	ni4	yi2	赣			5697		
狋	tɕʰyon2	qyuon2	yi2	赣			5087		
狑	lin5	lin4	ling2	赣			5205		
狓	pʰi1	pi1	pi2	赣			4686		
狔	ȵi3	ni3	ni3	赣			5072		
狕	ŋau3	ngau3	yao3	赣			4361		
狖	iu6	yiu5	you4	赣			5306		
狘	ɕyot7	xyuot6	xue4	赣			5537		
狚	tan3	dan3	dan4	赣			4547		
狟	fon5	fon4	huan2	赣			4109		
狢	hɔʔ8	hok7	he2	赣			5614		
狣	tsʰeu6	ceu5	zhao4	赣			5138		
狤	tɕiet7	jiet6	ji2	赣			5198		
狦	san1	san1	shan1	赣			5509		
狦	san5	san4	shan1	赣			4975		
狧	tʰat7	tat6	ta4	赣			4195		
狵	mɔŋ5	mong4	mang2	赣			4263		
狶	ɕi3	xi3	xi1	赣			4274		
狾	tsɿ5	zi4	zhi4	赣			4253		
狾	tɕi5	ji4	zhi4	赣			5053		
狿	ien5	yen4	yan2	赣			4599		
狿	ien6	yen5	yan2	赣			4288		
猁	li6	li5	li4	赣			5047		
猆	fɨi1	fei1	fei1	赣			5264		
猆	fɨi1	fei1	fei1	赣			4465		
猇	hau1	hau1	xiao1	赣			5563		
猇	hau2	hau2	xiao1	赣			4782		
猈	pʰai2	pai2	bai4	赣			4138		
猈	pʰai6	pai5	bai4	赣			4155		
猋	pieu1	bieu1	biao1	赣			4807		
猍	lai5	lai4	lai2	赣			5933		
猏	tɕien1	jien1	jian1	赣			4842		
猐	tɕʰiɔŋ1	qiong1	qiang1	赣			4038		
猑	kun1	gun1	kun1	赣			5276		
猒	ien1	yen1	yan4	赣			5806		
猒	ien5	yen4	yan4	赣			4110		
猓	kuo3	guo3	guo3	赣			4825		
猘	tɕi5	ji4	zhi4	赣			5057		
猚	lui3	lui3	ya2	赣			4110		
猞	sa1	sa1	she1	赣			5131		
猡	lo5	lo4	luo2	赣			4518		
猣	tsuŋ1	zung1	zong1	赣			4683		
猣	tsuŋ3	zung3	zong1	赣			5193		
猤	kʰui6	kui5	gui4	赣			5216		
猦	fuŋ1	fung1	feng1	赣			5296		
猨	yon5	yuon4	yuan2	赣			5322		
猭	tsʰon1	con1	chuan1	赣			4674		
猭	tsʰon3	con3	chuan1	赣			5195		
猰	ŋat7	ngat6	ya4	赣			4494		
猲	hot7	hot6	xie1	赣			4701		
猲	ɕiet7	xiet6	xie1	赣			4497		
猳	ka1	ga1	jia1	赣			4243		
猵	pien1	bien1	bian1	赣			4699		
猵	pʰən6	pen5	bian1	赣			5340		
猸	mi5	mi4	mei2	赣			4755		
猹	tsʰa2	ca2	cha2	赣			4376		
猺	ieu5	yeu4	yao2	赣			4114		
猼	pɔʔ7	bok6	bo2	赣			4241		
猽	min5	min4	ming2	赣			4587		
獀	seu1	seu1	sou1	赣			5387		
獂	ȵyon5	nyuon4	yuan2	赣			4523		
獆	hau2	hau2	hao2	赣			4729		
獋	hau2	hau2	hao2	赣			4004		
獌	man6	man5	man4	赣			5006		
獑	tsʰan2	can2	chan2	赣			5705		
獔	hau2	hau2	hao2	赣			5696		
獖	pʰən6	pen5	ben4	赣			4567		
獗	tɕyot7	jyuot6	jue2	赣			5043		
獘	pʰi6	pi5	bi4	赣			4610		
獚	fɔŋ5	fong4	huang2	赣			4801		
獛	puʔ7	buk6	pu2	赣			5523		
獜	lin5	lin4	lin2	赣			4732		
獝	ɕyt7	xyut6	xu4	赣			5756		
獟	ȵieu6	nieu5	yao4	赣			5678		
獡	sɔʔ7	sok6	shuo4	赣			4569		
獢	ɕieu1	xieu1	xiao1	赣			4423		
獥	ɕit7	xit6	jiao4	赣			5524		
獦	kot7	got6	ge2	赣			5363		
獦	liet7	liet6	ge2	赣			5718		
獧	tɕyon5	jyuon4	juan4	赣			4554		
獳	ɵ5	o4	nou4	赣			4196		
獳	leu5	leu4	nou4	赣			4144		
獶	iu1	yiu1	nao3	赣			5909		
獹	lu5	lu4	lu2	赣			4913		
獽	lɔŋ5	long4	rang2	赣			4751		
獿	lau3	lau3	nao3	赣			5608		
獿	lau5	lau4	nao3	赣			5866		
玂	tɕʰi2	qi2	qi2	赣			4498		
玃	tɕiɔʔ7	jiok6	jue2	赣			4258		
玅	mieu6	mieu5	miao4	赣			4209		
玆	ɕyon5	xyuon4	zi1	赣			5151		
玈	lu5	lu4	lu2	赣			5738		
玊	ɕiuʔ7	xiuk6	su4	赣			4565		
玏	lɛt7	let6	le4	赣			5221		
玐	pat7	bat6	ba1	赣			4963		
玒	kɔŋ1	gong1	hong2	赣			4805		
玒	kuŋ1	gung1	hong2	赣			4340		
玓	tit7	dit6	di4	赣			5271		
玗	y5	yu4	yu2	赣			4052		
玘	tɕʰi3	qi3	qi3	赣			4915		
玞	fu1	fu1	fu1	赣			4605		
玟	mi5	mi4	wen2	赣			4653		
玟	mɨn5	men4	wen2	赣			5763		
玤	pʰɔŋ6	pong5	bang4	赣			5555		
玧	yn3	yun3	men2	赣			5625		
玨	kɔʔ7	gok6	jue2	赣			4100		
玪	kan1	gan1	jian1	赣			5085		
玭	pʰien2	pien2	pin2	赣			5725		
玭	pʰin2	pin2	pin2	赣			5369		
玱	tɕʰiɔŋ1	qiong1	qiang1	赣			4741		
玳	tʰai6	tai5	dai4	赣			4885		
玸	fu5	fu4	fu2	赣			4859		
玹	ɕyon5	xyuon4	xuan2	赣			4756		
玹	ɕyon6	xyuon5	xuan2	赣			4341		
玼	tsʰɿ3	ci3	ci3	赣			5541		
玽	kieu3	gieu3	gou3	赣			5247		
玾	kat7	gat6	jia3	赣			5265		
玿	seu5	seu4	shao2	赣			4456		
珅	sɨn1	sen1	shen1	赣			4637		
珅	ɕin1	xin1	shen1	赣			4153		
珆	i5	yi4	yi2	赣			4205		
珇	tsu3	zu3	zu3	赣			4732		
珋	liu3	liu3	liu3	赣			5490		
珌	pit7	bit6	bi4	赣			4422		
珏	kɔʔ7	gok6	jue2	赣			5504		
珐	fat7	fat6	fa4	赣			5609		
珕	li6	li5	li4	赣			4447		
珖	kuɔŋ1	guong1	guang1	赣			5120		
珛	ɕiu5	xiu4	xiu4	赣			4363		
珝	ɕy3	xyu3	xu3	赣			4965		
珢	ȵin5	nin4	yin2	赣			5875		
珤	pau3	bau3	bao3	赣			5743		
珦	sɔŋ5	song4	xiang4	赣			5588		
珦	ɕiɔŋ5	xiong4	xiang4	赣			4978		
珨	hat8	hat7	xia2	赣			4499		
珪	kui1	gui1	gui1	赣			5006		
珫	tsʰuŋ1	cung1	chong1	赣			4581		
珬	ɕyt7	xyut6	xu4	赣			5925		
珮	pʰi6	pi5	pei4	赣			5245		
珵	tsʰen2	cen2	cheng2	赣			4537		
珵	tɕʰin2	qin2	cheng2	赣			5444		
珷	u3	wu3	wu3	赣			4592		
珸	u5	wu4	wu2	赣			5192		
珹	tsʰen2	cen2	cheng2	赣			4741		
珹	tɕʰin2	qin2	cheng2	赣			4108		
珺	tɕʰyn6	qyun5	jun4	赣			5216		
珿	tsʰuʔ7	cuk6	chu4	赣			4753		
琀	hon6	hon5	han2	赣			5950		
琁	ɕyon5	xyuon4	xuan2	赣			4897		
琂	ȵien5	nien4	yan2	赣			5289		
琄	ɕyon6	xyuon5	xuan4	赣			4635		
琈	feu5	feu4	fu2	赣			5865		
琊	ia5	ya4	ya2	赣			5744		
琍	li6	li5	li2	赣			5547		
琕	pʰien2	pien2	pin2	赣			4258		
琖	tsan3	zan3	zhan3	赣			4638		
琙	yt7	yut6	yu4	赣			5668		
琟	ui5	wui4	wei2	赣			4193		
琠	tien3	dien3	tian3	赣			4177		
琠	tʰien3	tien3	tian3	赣			4279		
琡	tsuʔ7	zuk6	chu4	赣			5909		
琡	tsʰuʔ7	cuk6	chu4	赣			5302		
琩	tsʰɔŋ1	cong1	chang1	赣			4103		
琭	luʔ7	luk6	lu4	赣			4282		
琲	pʰi6	pi5	bei4	赣			4638		
琽	tu3	du3	du3	赣			4250		
瑂	mi5	mi4	mei2	赣			4834		
瑃	tsʰun1	cun1	chun1	赣			4561		
瑅	tʰi2	ti2	ti2	赣			4234		
瑇	tʰai6	tai5	dai4	赣			5593		
瑇	tʰuʔ8	tuk7	dai4	赣			4097		
瑈	leu5	leu4	rou2	赣			4903		
瑉	min5	min4	min2	赣			5035		
瑊	kan1	gan1	jian1	赣			5954		
瑌	ȵyon3	nyuon3	ruan3	赣			5429		
瑎	hai2	hai2	xie2	赣			5968		
瑑	tsʰon6	con5	zhuan4	赣			4702		
瑖	ton5	don4	duan4	赣			5252		
瑘	ia5	ya4	ya2	赣			4527		
瑙	lau3	lau3	nao3	赣			4029		
瑝	fen5	fen4	huang2	赣			4595		
瑝	uɔŋ5	wong4	huang2	赣			4261		
瑠	liu5	liu4	liu2	赣			5748		
瑦	u1	wu1	wu3	赣			5503		
瑦	u3	wu3	wu3	赣			5654		
瑧	tɕin1	jin1	zhen1	赣			5067		
瑨	tɕin5	jin4	jin4	赣			4582		
瑫	tʰau1	tau1	tao1	赣			4091		
瑬	liu5	liu4	liu2	赣			4312		
瑮	lit7	lit6	li4	赣			4243		
瑯	lɔŋ5	long4	lang2	赣			5930		
瑱	tsen5	zen4	zhen4	赣			5503		
瑳	tsʰo1	co1	cuo1	赣			5295		
瑳	tsʰo3	co3	cuo1	赣			4942		
瑵	tsau3	zau3	zhao3	赣			4925		
瑷	ŋai5	ngai4	ai4	赣			4068		
瑹	ɕy1	xyu1	shu1	赣			4272		
瑼	tson1	zon1	zhuan1	赣			5232		
璁	tsʰuŋ1	cung1	cong1	赣			4388		
璂	tɕʰi2	qi2	qi2	赣			5868		
璄	in3	yin3	jing3	赣			4147		
璅	tsau3	zau3	suo3	赣			5153		
璈	ŋau5	ngau4	ao2	赣			5680		
璏	tsʰɿ6	ci5	wei4	赣			5705		
璑	u5	wu4	wu2	赣			4429		
璒	ten1	den1	deng1	赣			5137		
璖	tɕʰy2	qyu2	qu2	赣			4899		
璙	lieu6	lieu5	liao2	赣			4816		
璚	tɕʰiuŋ2	qiung2	qiong2	赣			4072		
璛	ɕiuʔ7	xiuk6	su4	赣			5166		
璥	tɕin3	jin3	jing3	赣			5236		
璬	tɕieu3	jieu3	jiao3	赣			4931		
璭	kun5	gun4	gun4	赣			4381		
璱	set7	set6	se4	赣			4479		
璲	sui6	sui5	sui4	赣			4059		
璷	li5	li4	lu2	赣			4626		
璹	ɕiu6	xiu5	shu2	赣			5638		
璺	uen6	wun5	wen4	赣			4264		
瓁	uot7	wot6	wo4	赣			5285		
瓃	lui5	lui4	lei2	赣			4480		
瓈	li5	li4	li2	赣			5701		
瓉	tsʰan6	can5	zan4	赣			5313		
瓌	kui1	gui1	gui1	赣			4496		
瓐	lu5	lu4	lu2	赣			5959		
瓖	ɕiɔŋ1	xiong1	xiang1	赣			5499		
瓗	ui6	wui5	qiong2	赣			5264		
瓝	pʰɔʔ7	pok6	bo2	赣			5181		
瓝	pʰɔʔ8	pok7	bo2	赣			4491		
瓟	pʰau2	pau2	bo2	赣			4065		
瓡	tset7	zet6	zhi2	赣			5028		
瓡	tɕit7	jit6	zhi2	赣			5472		
瓪	pan3	ban3	ban3	赣			5549		
瓪	pon3	bon3	ban3	赣			4341		
瓬	fɔŋ3	fong3	fang3	赣			5764		
瓭	tan3	dan3	dan3	赣			5581		
瓳	fu5	fu4	hu2	赣			5042		
瓵	i5	yi4	yi2	赣			5794		
瓹	tɕyon5	jyuon4	juan1	赣			4132		
瓺	tsʰɔŋ2	cong2	chang2	赣			5001		
瓺	tsʰɔŋ6	cong5	chang2	赣			4794		
瓽	tɔŋ3	dong3	dang4	赣			4534		
瓽	tɔŋ5	dong4	dang4	赣			4509		
甀	tsʰui2	cui2	zhui4	赣			4083		
甀	tsʰui6	cui5	zhui4	赣			4782		
甂	pien1	bien1	bian1	赣			5355		
甃	tseu5	zeu4	zhou4	赣			5916		
甈	tɕʰi3	qi3	qi4	赣			4876		
甈	ȵi6	ni5	qi4	赣			4259		
甉	han2	han2	xian2	赣			4167		
甉	han6	han5	xian2	赣			4348		
甊	leu3	leu3	lou3	赣			5520		
甋	tit7	dit6	di4	赣			5635		
甎	tson1	zon1	zhuan1	赣			5193		
甐	lin6	lin5	lin4	赣			5924		
甒	u3	wu3	wu3	赣			4438		
甔	tan1	dan1	dan1	赣			5966		
甔	tan5	dan4	dan1	赣			4390		
甖	in1	yin1	ying1	赣			5395		
甗	ȵien5	nien4	yan3	赣			5399		
甙	tʰai6	tai5	dai4	赣			5042		
甝	hon2	hon2	han2	赣			5450		
甞	sɔŋ5	song4	chang2	赣			4298		
甡	sen1	sen1	shen1	赣			5839		
甤	lui5	lui4	rui2	赣			4342		
甪	luʔ7	luk6	lu4	赣			5086		
甭	pʰuŋ2	pung2	beng2	赣			4645		
甶	fɨt7	fet6	fu2	赣			5996		
甶	fuʔ7	fuk6	fu2	赣			4514		
甹	iu5	yiu4	ping1	赣			5655		
甹	pʰin1	pin1	ping1	赣			4922		
甿	men5	men4	meng2	赣			4939		
畁	tɕʰi2	qi2	bi4	赣			4576		
畁	tɕʰi6	qi5	bi4	赣			4570		
畂	liu6	liu5	liu4	赣			5429		
畇	yn5	yun4	yun2	赣			4623		
畊	pʰen2	pen2	geng1	赣			4975		
畐	pʰɛt7	pet6	fu2	赣			4019		
畐	fuʔ8	fuk7	fu2	赣			5475		
畕	tɕiɔŋ1	jiong1	jiang1	赣			5433		
畖	ua1	wa1	wa1	赣			4270		
畞	meu3	meu3	mu3	赣			4529		
畟	tsʰet7	cet6	ce4	赣			5786		
畟	tɕit7	jit6	ce4	赣			5498		
畣	tat7	dat6	da2	赣			4352		
畤	tsʰɿ6	ci5	zhi4	赣			5764		
畧	liɔʔ7	liok6	lve4	赣			5598		
畬	y5	yu4	she1	赣			5227		
畬	sa1	sa1	she1	赣			5047		
畮	mu3	mu3	mu3	赣			5242		
畲	sa1	sa1	she1	赣			4554		
畷	tsui5	zui4	zhui4	赣			4468		
畷	tsot7	zot6	zhui4	赣			4000		
畺	tɕiɔŋ1	jiong1	jiang1	赣			4310		
畾	lui5	lui4	lei2	赣			5475		
疀	tsʰat7	cat6	cha1	赣			4504		
疁	liu5	liu4	liu2	赣			5751		
疄	lin5	lin4	lin4	赣			5015		
疄	lin6	lin5	lin4	赣			5861		
疈	pʰɛt7	pet6	pi4	赣			4963		
疋	su1	su1	pi3	赣			5514		
疌	tɕʰiet8	qiet7	jie2	赣			5297		
疍	tʰan6	tan5	dan4	赣			5558		
疎	su1	su1	shu1	赣			4281		
疎	su5	su4	shu1	赣			4796		
疐	tsɿ5	zi4	zhi4	赣			4519		
疐	ti5	di4	zhi4	赣			5459		
疒	tsʰɔŋ2	cong2	ne4	赣			4739		
疒	lɛt7	let6	ne4	赣			4857		
疕	pi3	bi3	bi3	赣			5316		
疕	pʰi3	pi3	bi3	赣			4540		
疘	kuŋ1	gung1	gang1	赣			5987		
疛	tseu3	zeu3	zhou3	赣			5539		
疦	tɕyot7	jyuot6	jue2	赣			4079		
疦	ɕyot7	xyuot6	jue2	赣			5972		
疧	tɕʰi2	qi2	qi2	赣			5499		
疶	ɕiet7	xiet6	xue1	赣			4020		
疷	tsɿ1	zi1	zhi1	赣			4032		
疻	tsɿ1	zi1	zhi3	赣			4279		
痀	tɕy1	jyu1	ju1	赣			5439		
痁	sen1	sen1	shan1	赣			4485		
痁	tien5	dien4	shan1	赣			5386		
痆	lat7	lat6	nie4	赣			4174		
痋	tʰuŋ2	tung2	teng2	赣			4780		
痌	tʰuŋ1	tung1	tong1	赣			5587		
痎	kai1	gai1	jie1	赣			5532		
痏	ui3	wui3	wei3	赣			4800		
痑	to5	do4	tan1	赣			5479		
痓	tsʰɿ3	ci3	chi4	赣			4761		
痖	ŋa3	nga3	ya3	赣			5110		
痗	mi6	mi5	mei4	赣			5885		
痗	fɨi3	fei3	mei4	赣			5329		
痗	fɨi3	fei3	mei4	赣			5596		
痝	mɔŋ5	mong4	mang2	赣			5491		
痟	ɕieu1	xieu1	xiao1	赣			5993		
痡	pʰu1	pu1	fu1	赣			4525		
痡	fu1	fu1	fu1	赣			5733		
痥	tʰot8	tot7	duo2	赣			5684		
痦	u6	wu5	wu4	赣			4316		
痬	it7	yit6	yi4	赣			5185		
痯	kuon3	guon3	guan3	赣			4794		
痯	kuon5	guon4	guan3	赣			4740		
痳	lin5	lin4	lin2	赣			4347		
痵	kʰui6	kui5	ji4	赣			4595		
痶	tʰien3	tien3	tian3	赣			4512		
痸	tsʰɿ3	ci3	chi4	赣			5479		
痸	tɕʰi3	qi3	chi4	赣			5312		
痺	pi1	bi1	bi4	赣			4570		
痺	pi5	bi4	bi4	赣			4423		
瘇	suŋ6	sung5	zhong3	赣			5744		
瘉	y3	yu3	yu4	赣			5865		
瘉	y5	yu4	yu4	赣			4161		
瘎	tsʰen2	cen2	chen2	赣			4766		
瘎	tɕʰin2	qin2	chen2	赣			5818		
瘏	tʰu2	tu2	tu2	赣			4463		
瘐	y3	yu3	yu3	赣			4762		
瘐	y5	yu4	yu3	赣			5658		
瘑	kuo1	guo1	guo1	赣			4681		
瘒	uen5	wun4	wen2	赣			5685		
瘖	in1	yin1	yin1	赣			5777		
瘚	tɕyot7	jyuot6	jue2	赣			4136		
瘜	ɕit7	xit6	xi1	赣			4667		
瘝	kuan1	guan1	guan1	赣			5156		
瘣	fɨi6	fei5	hui4	赣			4889		
瘣	fɨi6	fei5	hui4	赣			4955		
瘨	tien1	dien1	dian1	赣			4629		
瘯	tsʰuʔ7	cuk6	cu4	赣			4002		
瘶	seu5	seu4	sou4	赣			4106		
瘹	tieu5	dieu4	diao4	赣			4003		
瘽	tɕʰin2	qin2	qin2	赣			5788		
瘽	tɕʰin6	qin5	qin2	赣			5474		
癄	tsau5	zau4	qiao2	赣			5309		
癄	tɕieu5	jieu4	qiao2	赣			5031		
癈	fɨi5	fei4	fei4	赣			5318		
癈	fɨi5	fei4	fei4	赣			4043		
癊	in5	yin4	yin4	赣			5956		
癍	pan1	ban1	ban1	赣			4432		
癏	kuan1	guan1	guan1	赣			4803		
癑	luŋ6	lung5	nong4	赣			5886		
癓	ui5	wui4	wei2	赣			5951		
癗	lui3	lui3	lei3	赣			4588		
癙	ɕy3	xyu3	shu3	赣			5762		
癛	lin3	lin3	lin3	赣			4731		
癜	tien5	dien4	dian4	赣			5679		
癠	tɕi3	ji3	ji4	赣			4339		
癨	fɔʔ7	fok6	huo4	赣			5452		
癶	pot7	bot6	bo1	赣			4796		
癹	pʰot8	pot7	ba2	赣			5874		
皀	tɕit7	jit6	ji2	赣			4556		
皃	mau6	mau5	mao4	赣			4134		
皃	mɔʔ7	mok6	mao4	赣			5623		
皉	tɕʰi3	qi3	ci3	赣			5041		
皏	pʰen3	pen3	peng3	赣			5938		
皓	hau6	hau5	hao4	赣			5276		
皔	hon6	hon5	han4	赣			5390		
皕	pit7	bit6	bi4	赣			4953		
皙	ɕit7	xit6	xi1	赣			5891		
皛	ɕieu6	xieu5	xiao3	赣			5623		
皛	pʰet7	pet6	xiao3	赣			4890		
皝	fɔŋ6	fong5	huang4	赣			4532		
皠	tsʰui3	cui3	cui3	赣			5767		
皢	ɕieu3	xieu3	xiao3	赣			4280		
皣	iet7	yet6	ye4	赣			5830		
皦	tɕieu3	jieu3	jiao3	赣			5415		
皪	lit7	lit6	li4	赣			4890		
皫	pʰieu3	pieu3	piao3	赣			4466		
皭	tɕieu5	jieu4	jiao4	赣			5066		
皭	tɕʰiɔʔ8	qiok7	jiao4	赣			5076		
皯	kon3	gon3	gan3	赣			4592		
皵	tɕʰit7	qit6	que4	赣			5793		
皵	tɕʰiɔʔ7	qiok6	que4	赣			5259		
皷	ku3	gu3	gu3	赣			5759		
皻	tsa1	za1	zha1	赣			5221		
皽	tseu1	zeu1	zhao1	赣			5558		
皽	tsen3	zen3	zhao1	赣			4732		
皾	tʰuʔ8	tuk7	du2	赣			4935		
盄	tseu1	zeu1	zhao1	赣			4437		
盋	pot7	bot6	bo1	赣			5382		
盌	uon3	won3	wan3	赣			4737		
盓	u1	wu1	yu1	赣			4891		
盝	luʔ7	luk6	lu4	赣			4471		
盠	li3	li3	li2	赣			5834		
盠	li5	li4	li2	赣			5863		
盩	tsɛu1	zeu1	zhou1	赣			5002		
盩	tɕiu1	jiu1	zhou1	赣			5834		
盭	liet7	liet6	li4	赣			5808		
盰	kon5	gon4	gan4	赣			5786		
盵	tɕʰi3	qi3	qi4	赣			5814		
盷	ɕyon5	xyuon4	tian2	赣			4402		
盻	ɕi6	xi5	xi4	赣			5480		
盿	mɨn5	men4	min2	赣			4733		
眂	sɿ5	si4	shi4	赣			4123		
眂	sɿ6	si5	shi4	赣			5627		
眅	pʰan1	pan1	pan1	赣			4587		
眅	pʰan3	pan3	pan1	赣			4962		
眎	sɿ6	si5	shi4	赣			4762		
眐	tsɨn1	zen1	zheng1	赣			5934		
眐	tɕin1	jin1	zheng1	赣			4186		
眑	ŋau1	ngau1	yao3	赣			5777		
眑	iu3	yiu3	yao3	赣			5390		
眒	sɨn5	sen4	shen1	赣			5173		
眓	fot7	fot6	huo4	赣			4088		
眔	tʰat8	tat7	da4	赣			5409		
眕	tsɛn3	zen3	zhen3	赣			5526		
眕	tɕin3	jin3	zhen3	赣			4595		
眗	tɕy1	jyu1	ju1	赣			4108		
眗	tɕʰy2	qyu2	ju1	赣			5553		
眛	mi6	mi5	mei4	赣			4035		
眜	mi6	mi5	mo4	赣			4259		
眜	mot7	mot6	mo4	赣			4017		
眡	sɿ6	si5	shi4	赣			5999		
眡	ti1	di1	shi4	赣			5905		
眣	tsʰət7	cet6	die2	赣			5735		
眧	tsʰeu3	ceu3	chao3	赣			5904		
眫	pʰon3	pon3	mi3	赣			5129		
眬	luŋ5	lung4	long2	赣			4143		
眮	tʰuŋ2	tung2	tong2	赣			4156		
眮	tʰuŋ6	tung5	tong2	赣			5000		
眱	i5	yi4	di4	赣			5983		
眲	ɵ6	o5	ne4	赣			5499		
眲	lɛt7	let6	ne4	赣			4970		
眳	min3	min3	ming2	赣			5920		
眴	ɕyn1	xyun1	xuan4	赣			5637		
眹	tsʰen6	cen5	zhen4	赣			4873		
眹	tɕʰin6	qin5	zhen4	赣			5851		
眻	iɔŋ5	yong4	yang2	赣			4718		
眻	iɔŋ6	yong5	yang2	赣			4137		
眽	met7	met6	mo4	赣			5514		
睂	mi5	mi4	mei2	赣			4617		
睅	fan6	fan5	han4	赣			5143		
睆	fan6	fan5	huan4	赣			5366		
睈	tsʰen3	cen3	cheng3	赣			4459		
睈	tɕʰin3	qin3	cheng3	赣			5699		
睉	tsʰo2	co2	cuo2	赣			5531		
睊	tɕyon1	jyuon1	juan4	赣			4556		
睊	tɕyon5	jyuon4	juan4	赣			5798		
睋	ŋo5	ngo4	e2	赣			4303		
睎	ɕi1	xi1	xi1	赣			4591		
睒	tʰan3	tan3	shan3	赣			5318		
睒	sen3	sen3	shan3	赣			5697		
睔	len3	len3	gun4	赣			5364		
睕	uon5	won4	wan3	赣			4580		
睗	sɛt7	set6	shi4	赣			4708		
睗	ɕit7	xit6	shi4	赣			4670		
睘	tɕʰiuŋ2	qiung2	qiong2	赣			4978		
睟	sui5	sui4	sui4	赣			5129		
睠	tɕyon5	jyuon4	juan4	赣			5266		
睩	luʔ7	luk6	lu4	赣			5798		
睪	ȵiet7	niet6	yi4	赣			5665		
睪	it7	yit6	yi4	赣			4267		
睰	mat7	mat6	ma4	赣			4691		
睲	ɕin3	xin3	xing3	赣			4263		
睲	ɕin5	xin4	xing3	赣			4950		
睴	fun6	fun5	gun4	赣			5158		
睵	tsai1	zai1	zai1	赣			5560		
睵	tsʰai1	cai1	zai1	赣			5413		
睺	heu2	heu2	hou2	赣			4705		
睺	heu6	heu5	hou2	赣			5949		
睼	tʰien3	tien3	tian4	赣			4723		
睾	kau1	gau1	gao1	赣			4763		
瞁	ɕiuʔ7	xiuk6	xu4	赣			5526		
瞂	fat8	fat7	fa2	赣			5464		
瞅	tsʰeu3	ceu3	chou3	赣			5429		
瞆	kui5	gui4	kui4	赣			4175		
瞆	ui6	wui5	kui4	赣			5909		
瞇	mi3	mi3	mi1	赣			5244		
瞉	kieu5	gieu4	kou4	赣			5156		
瞋	tsʰen1	cen1	chen1	赣			4696		
瞋	tɕʰin1	qin1	chen1	赣			4139		
瞐	mɔʔ7	mok6	mo4	赣			4352		
瞕	tsɔŋ5	zong4	zhang4	赣			5099		
瞖	i5	yi4	yi4	赣			4274		
瞗	tieu1	dieu1	diao1	赣			5227		
瞙	mɔʔ7	mok6	mo4	赣			4163		
瞚	sun5	sun4	shun4	赣			5446		
瞡	kui5	gui4	gui1	赣			4378		
瞦	ɕi1	xi1	xi1	赣			4324		
瞨	pʰuʔ8	puk7	pu2	赣			4051		
瞫	tʰan6	tan5	shen3	赣			4996		
瞯	han2	han2	xian2	赣			4303		
瞱	iet7	yet6	ye4	赣			4154		
瞲	ɕyot7	xyuot6	xu4	赣			4438		
瞴	u3	wu3	mou2	赣			4723		
瞴	u5	wu4	mou2	赣			5522		
瞺	ui5	wui4	hui4	赣			5751		
矀	mi5	mi4	mei2	赣			5681		
矀	ui5	wui4	mei2	赣			4051		
矅	ieu6	yeu5	yao4	赣			5525		
矆	ɕiɔʔ7	xiok6	huo4	赣			4681		
矊	mien5	mien4	mian2	赣			4727		
矌	kʰuɔŋ3	kuong3	kuang4	赣			4272		
矎	ɕyon1	xyuon1	xuan1	赣			4420		
矎	ɕyn5	xyun4	xuan1	赣			4517		
矏	mien5	mien4	mian2	赣			5586		
矐	fɔʔ7	fok6	huo4	赣			5728		
矐	hɔʔ7	hok6	huo4	赣			5362		
矔	kuan5	guan4	guan4	赣			4873		
矔	kuon5	guon4	guan4	赣			5053		
矕	man3	man3	man3	赣			5311		
矖	sɿ3	si3	xi3	赣			4387		
矖	li5	li4	xi3	赣			4636		
矘	tʰɔŋ3	tong3	tang3	赣			5738		
矞	yt7	yut6	yu4	赣			5707		
矟	sɔʔ7	sok6	shuo4	赣			5678		
矠	tsʰet7	cet6	ze2	赣			5310		
矠	tsʰet8	cet7	ze2	赣			5694		
矤	sɨn3	sen3	shen3	赣			5065		
矤	ɕin3	xin3	shen3	赣			5755		
矦	heu2	heu2	hou2	赣			5211		
矨	ȵin3	nin3	ying3	赣			5658		
矪	tsɛu1	zeu1	zhou1	赣			5714		
矪	tɕiu1	jiu1	zhou1	赣			4638		
矰	tsen1	zen1	zeng1	赣			5250		
矲	pʰai6	pai5	ba4	赣			4441		
矴	tin5	din4	ding4	赣			5202		
矹	ut7	wut6	wu4	赣			4913		
矺	tʰɔʔ7	tok6	zhe2	赣			5775		
矼	kɔŋ1	gong1	gang1	赣			4272		
矽	ɕit7	xit6	xi4	赣			4914		
砅	li6	li5	li4	赣			4543		
砈	ŋiet7	ngiet6	e3	赣			4591		
砊	kʰien1	kien1	kang1	赣			4196		
砊	kʰɔŋ3	kong3	kang1	赣			4720		
砎	kai5	gai4	jie4	赣			5998		
砏	fɨn1	fen1	bin1	赣			5914		
砐	ŋot7	ngot6	e4	赣			4401		
砒	pʰi1	pi1	pi1	赣			5809		
砘	tʰɨn6	ten5	dun4	赣			5152		
砘	tʰun6	tun5	dun4	赣			4713		
砜	fuŋ1	fung1	feng1	赣			5487		
砠	tɕʰy1	qyu1	ju1	赣			5021		
砡	ȵiuʔ7	niuk6	yu4	赣			4935		
砢	lo3	lo3	ke1	赣			5597		
砦	tsʰai6	cai5	zhai4	赣			4475		
砩	fɨi5	fei4	fu2	赣			5225		
砩	fɨi5	fei4	fu2	赣			5188		
砫	tɕy3	jyu3	zhu4	赣			4816		
砬	lɛt7	let6	la2	赣			4256		
砯	pʰin1	pin1	ping1	赣			4878		
砱	lin5	lin4	ling2	赣			5138		
砳	lɛt7	let6	le4	赣			4947		
砷	sɨn1	sen1	shen1	赣			5147		
砷	ɕin1	xin1	shen1	赣			4951		
砹	ŋai5	ngai4	ai4	赣			5716		
砼	tʰuŋ2	tung2	tong2	赣			5567		
硂	tɕʰyon1	qyuon1	quan2	赣			5204		
硇	lau5	lau4	nao2	赣			4858		
硈	kʰat7	kat6	qia4	赣			5792		
硉	lɛt7	let6	lu4	赣			4365		
硉	luʔ7	luk6	lu4	赣			5871		
硊	ui3	wui3	wei3	赣			4713		
硋	ŋai6	ngai5	ai4	赣			4457		
硍	han6	han5	xian4	赣			5304		
硏	ȵien5	nien4	yan2	赣			4200		
硒	ɕi1	xi1	xi1	赣			4187		
硚	tɕʰieu2	qieu2	qiao2	赣			4790		
硞	kʰɔʔ7	kok6	que4	赣			4755		
硞	kʰuʔ7	kuk6	que4	赣			5016		
硟	tsʰen3	cen3	chan4	赣			5118		
硟	ɕien1	xien1	chan4	赣			4403		
硠	lɔŋ5	long4	lang2	赣			4831		
硦	lɔʔ7	lok6	luo4	赣			4293		
硩	tsʰet7	cet6	che4	赣			4126		
硩	tʰɛt7	tet6	che4	赣			5849		
硰	sa1	sa1	sha1	赣			5933		
硰	tsʰo3	co3	sha1	赣			4994		
硱	tɕʰin1	qin1	kun3	赣			5283		
硱	kʰun3	kun3	kun3	赣			5602		
硹	suŋ1	sung1	song1	赣			5534		
硻	kʰien1	kien1	keng1	赣			4405		
硾	tsʰui6	cui5	zhui4	赣			4527		
硿	kʰuŋ1	kung1	kong1	赣			4057		
碁	tɕʰi2	qi2	qi2	赣			5818		
碆	po1	bo1	bo1	赣			4650		
碆	pʰo2	po2	bo1	赣			4243		
碇	tʰin6	tin5	ding4	赣			5843		
碈	min5	min4	min2	赣			5554		
碏	tɕʰiɔʔ7	qiok6	que4	赣			5150		
碔	u3	wu3	wu3	赣			4056		
碖	lɨn6	len5	lun3	赣			4040		
碝	lon3	lon3	ruan3	赣			5774		
碝	ȵyon3	nyuon3	ruan3	赣			4090		
碞	ŋan5	ngan4	yan2	赣			5713		
碞	ȵin5	nin4	yan2	赣			4943		
碢	tʰo2	to2	tuo2	赣			4861		
碨	uai1	wai1	wei4	赣			4794		
碨	ui3	wui3	wei4	赣			4421		
碪	tsɨn1	zen1	zhen1	赣			4321		
碫	ton5	don4	duan4	赣			5169		
碬	ha2	ha2	xia2	赣			5197		
碯	lau3	lau3	nao3	赣			5458		
碲	ti5	di4	di4	赣			4579		
碻	kʰɔʔ7	kok6	que4	赣			5202		
磃	sɿ1	si1	si1	赣			5794		
磄	tʰɔŋ2	tong2	tang2	赣			5602		
磆	fat8	fat7	hua2	赣			4905		
磇	pʰi1	pi1	pi1	赣			4206		
磈	kʰui3	kui3	wei3	赣			5097		
磈	ui3	wui3	wei3	赣			4989		
磌	tsɨn1	zen1	tian2	赣			4553		
磍	kat7	gat6	xia2	赣			4576		
磍	kʰat7	kat6	xia2	赣			4327		
磎	tɕʰi1	qi1	xi1	赣			4863		
磒	yn3	yun3	yun3	赣			5966		
磓	tui1	dui1	dui1	赣			4360		
磖	lat7	lat6	la2	赣			4312		
磝	ŋau5	ngau4	ao2	赣			5795		
磟	luʔ7	luk6	liu4	赣			4183		
磟	liuʔ7	liuk6	liu4	赣			4135		
磡	kʰon3	kon3	kan4	赣			4163		
磢	tsʰɔŋ3	cong3	chuang3	赣			5743		
磤	in3	yin3	yin3	赣			4808		
磥	lui3	lui3	lei3	赣			5285		
磩	tɕʰit7	qit6	qi4	赣			5843		
磫	tsuŋ1	zung1	zong1	赣			4034		
磭	tsʰɔʔ7	cok6	chuo4	赣			5141		
磰	sen6	sen5	shan4	赣			4863		
磳	tsen1	zen1	zeng1	赣			5615		
磳	tsʰen2	cen2	zeng1	赣			5918		
磶	ɕit7	xit6	xi4	赣			4988		
磹	tʰien6	tien5	tan2	赣			5661		
磻	pʰon2	pon2	pan2	赣			5262		
磼	tsʰat8	cat7	za2	赣			4939		
磿	lit7	lit6	li4	赣			4600		
礅	tɨn1	den1	dun1	赣			4681		
礅	tun1	dun1	dun1	赣			4016		
礉	kʰau1	kau1	he2	赣			5873		
礉	kʰau3	kau3	he2	赣			4898		
礊	fet7	fet6	ke4	赣			4930		
礊	kʰiet7	kiet6	ke4	赣			5813		
礏	ŋot7	ngot6	ye4	赣			5791		
礘	ŋot7	ngot6	e4	赣			5168		
礛	kan1	gan1	jian1	赣			4976		
礜	y6	yu5	yu4	赣			4681		
礞	muŋ5	mung4	meng2	赣			5417		
礠	tsʰɿ2	ci2	ci2	赣			5997		
礡	pʰɔʔ8	pok7	bo2	赣			4812		
礣	mat7	mat6	ma4	赣			5286		
礥	ɕien5	xien4	xian2	赣			5031		
礥	in5	yin4	xian2	赣			4009		
礧	lui3	lui3	lei2	赣			5683		
礩	tset7	zet6	zhi4	赣			4218		
礹	ŋan5	ngan4	yan2	赣			5000		
礹	ȵien3	nien3	yan2	赣			4802		
礻	sɿ6	si5	shi4	赣			5290		
礽	len1	len1	reng2	赣			4186		
礿	iɔʔ7	yok6	yue4	赣			4908		
祂	tʰa1	ta1	ta1	赣			5822		
祅	ieu1	yeu1	yao1	赣			4547		
祅	ɕien1	xien1	yao1	赣			5763		
祇	tɕʰi2	qi2	qi2	赣			4832		
祊	pen1	ben1	beng1	赣			5104		
祋	tui5	dui4	dui4	赣			5772		
祋	tot7	dot6	dui4	赣			4055		
祏	sɛt8	set7	shi2	赣			5601		
祔	fu6	fu5	fu4	赣			5427		
祘	son5	son4	suan4	赣			4087		
祡	tsʰai2	cai2	chai2	赣			5682		
祣	li3	li3	lv3	赣			4555		
祤	ɕy3	xyu3	yu3	赣			5413		
祤	y3	yu3	yu3	赣			4486		
祦	u5	wu4	wu2	赣			4697		
祩	tɕy5	jyu4	zhu4	赣			4055		
祪	kui3	gui3	gui3	赣			4369		
祫	hat8	hat7	xia2	赣			4538		
祰	kʰau3	kau3	gao4	赣			4401		
祰	kuʔ7	guk6	gao4	赣			4272		
祳	sen6	sen5	shen4	赣			5128		
祳	ɕin6	xin5	shen4	赣			5308		
祴	kai1	gai1	gai1	赣			4246		
祽	tsui5	zui4	zui4	赣			4615		
禂	tau3	dau3	dao3	赣			5889		
禋	in1	yin1	yin1	赣			5711		
禓	sɔŋ1	song1	yang2	赣			4276		
禓	iɔŋ5	yong4	yang2	赣			4034		
禔	sɿ5	si4	zhi1	赣			4213		
禖	mi5	mi4	mei2	赣			5744		
禗	sɿ1	si1	si1	赣			5840		
禘	tʰi6	ti5	di4	赣			4785		
禛	tsɨn1	zen1	zhen1	赣			5973		
禛	tɕin1	jin1	zhen1	赣			4292		
禜	in5	yin4	yong3	赣			4310		
禠	sɿ1	si1	si1	赣			4383		
禥	tɕʰi2	qi2	qi2	赣			5258		
禨	tɕi1	ji1	ji1	赣			5365		
禨	tɕi5	ji4	ji1	赣			4513		
禩	sɿ6	si5	si4	赣			4790		
禫	tʰan6	tan5	dan4	赣			4650		
禬	fɨi6	fei5	gui4	赣			5651		
禬	fɨi6	fei5	gui4	赣			5868		
禬	kui5	gui4	gui4	赣			4400		
禲	li6	li5	li4	赣			4127		
禴	iɔʔ7	yok6	yue4	赣			4616		
禶	tsʰan6	can5	zan4	赣			4836		
禷	lui6	lui5	lei4	赣			5679		
禸	leu3	leu3	rou2	赣			4232		
禸	ȵiu3	niu3	rou2	赣			4038		
禼	ɕiet7	xiet6	xie4	赣			4638		
秄	tsɿ3	zi3	zi3	赣			4131		
秅	tu5	du4	cha2	赣			5127		
秅	tsʰa2	ca2	cha2	赣			5435		
秊	ȵien5	nien4	nian2	赣			4783		
秌	tɕʰiu1	qiu1	qiu1	赣			5114		
秎	fɨn6	fen5	fen4	赣			4871		
秎	fun6	fun5	fen4	赣			5271		
秏	fɨi3	fei3	hao4	赣			4841		
秏	fɨi3	fei3	hao4	赣			4382		
秏	hau3	hau3	hao4	赣			5051		
秔	kien1	gien1	jing1	赣			4578		
秛	pʰi1	pi1	pi1	赣			5973		
秛	pʰi3	pi3	pi1	赣			4143		
秜	li5	li4	ni2	赣			5819		
秝	lit7	lit6	li4	赣			5061		
秞	iu5	yiu4	you2	赣			5688		
秠	pʰi1	pi1	pi1	赣			4455		
秢	lin5	lin4	ling2	赣			4374		
秨	tsʰɔʔ7	cok6	zuo2	赣			5152		
秪	tsɿ1	zi1	zhi1	赣			5792		
秬	tɕʰy6	qyu5	ju4	赣			5579		
秲	tsʰɿ6	ci5	zhi4	赣			4812		
秲	sɿ6	si5	zhi4	赣			5303		
秳	uot8	wot7	huo2	赣			4276		
秷	tset7	zet6	zhi4	赣			4732		
秷	tɕit7	jit6	zhi4	赣			5940		
秼	tɕy1	jyu1	zhu1	赣			4927		
秿	pu1	bu1	fu4	赣			5681		
稄	tset7	zet6	xun4	赣			5658		
稇	kʰun3	kun3	kun3	赣			5060		
稉	kien1	gien1	jing1	赣			4309		
稊	tʰi2	ti2	ti2	赣			4175		
稌	tɕʰy2	qyu2	tu2	赣			5790		
稑	liuʔ7	liuk6	lu4	赣			4379		
稒	ku5	gu4	gu4	赣			5467		
稕	tsun5	zun4	zhun4	赣			5299		
稘	tɕi1	ji1	ji1	赣			5360		
稙	tset7	zet6	zhi1	赣			5336		
稙	tɕit7	jit6	zhi1	赣			5217		
稛	kʰun3	kun3	kun3	赣			5048		
稡	tsuʔ7	zuk6	zui4	赣			4121		
稧	ɕi6	xi5	xi4	赣			4119		
稫	pʰɛt7	pet6	pi4	赣			4428		
稬	lo6	lo5	nuo4	赣			4382		
稭	kai1	gai1	jie1	赣			5024		
稭	kat7	gat6	jie1	赣			5109		
稯	tsuŋ1	zung1	zong1	赣			4618		
稰	ɕy1	xyu1	xu3	赣			5741		
稰	ɕy3	xyu3	xu3	赣			4637		
稴	ɕien5	xien4	xian2	赣			5267		
稵	tsɿ1	zi1	zi1	赣			5464		
稵	tɕiu1	jiu1	zi1	赣			5821		
稶	yt7	yut6	yu4	赣			5760		
稸	tsʰuʔ7	cuk6	xu4	赣			4281		
稸	ɕiuʔ7	xiuk6	xu4	赣			5537		
稹	tsɨn1	zen1	zhen3	赣			5618		
稺	tsʰɿ6	ci5	zhi4	赣			5754		
稾	kau3	gau3	gao3	赣			4399		
稾	kʰau3	kau3	gao3	赣			5149		
穁	luŋ5	lung4	rong2	赣			4995		
穅	kʰɔŋ1	kong1	kang1	赣			4442		
穊	tɕi5	ji4	ji4	赣			4804		
穋	liuʔ7	liuk6	lu4	赣			5866		
穕	tɕʰiet7	qiet6	qie4	赣			4285		
穖	tɕi3	ji3	ji3	赣			4616		
穘	hau1	hau1	xiao1	赣			5846		
穙	pʰuʔ8	puk7	pu2	赣			4464		
穚	tɕieu1	jieu1	jiao1	赣			4413		
穛	tsɔʔ7	zok6	zhuo1	赣			5866		
穜	tʰuŋ2	tung2	zhong3	赣			4139		
穜	tsʰuŋ2	cung2	zhong3	赣			4000		
穞	li3	li3	lv3	赣			4520		
穟	sui6	sui5	sui4	赣			4835		
穤	lo6	lo5	nuo4	赣			5010		
穥	y6	yu5	yu4	赣			5056		
穧	tɕi5	ji4	ji4	赣			4759		
穧	tɕʰi6	qi5	ji4	赣			5695		
穨	tʰui2	tui2	tui2	赣			5941		
穬	kuen3	gun3	kuang4	赣			4741		
穬	kuɔŋ3	guong3	kuang4	赣			5111		
穱	tsɔʔ7	zok6	zhuo1	赣			4866		
穲	li5	li4	li2	赣			4795		
穳	tsʰan6	can5	cuan2	赣			4387		
穳	tsʰon2	con2	cuan2	赣			5927		
穵	ŋat7	ngat6	wa1	赣			4448		
穵	uat7	wat6	wa1	赣			4822		
穼	sen1	sen1	shen1	赣			4616		
穽	tɕʰin6	qin5	jing3	赣			5369		
窂	lau5	lau4	lao2	赣			4109		
窆	pien5	bien4	bian3	赣			4508		
窇	pʰɔʔ7	pok6	bao2	赣			4483		
窇	pʰɔʔ8	pok7	bao2	赣			5470		
窉	pin3	bin3	bing3	赣			4133		
窊	ua1	wa1	wa1	赣			5286		
窊	ua5	wa4	wa1	赣			5720		
窋	tsuʔ7	zuk6	zhu2	赣			4341		
窌	pʰau3	pau3	jiao4	赣			5527		
窎	tieu3	dieu3	diao4	赣			4596		
窐	fɨi5	fei4	gui1	赣			5101		
窐	fɨi5	fei4	gui1	赣			5670		
窐	kui1	gui1	gui1	赣			4923		
窓	tsʰɔŋ1	cong1	chuang1	赣			4168		
窔	ieu5	yeu4	yao4	赣			4010		
窙	hau1	hau1	xiao1	赣			5994		
窞	tʰan6	tan5	dan4	赣			5215		
窡	tsot7	zot6	zhuo2	赣			5005		
窫	ŋat7	ngat6	ya4	赣			4330		
窰	ieu5	yeu4	yao2	赣			4195		
窱	tʰieu3	tieu3	tiao3	赣			4227		
窴	tʰien2	tien2	tian2	赣			4708		
窴	tʰien6	tien5	tian2	赣			5610		
窹	u6	wu5	wu4	赣			4731		
窾	kʰuon3	kuon3	kuan3	赣			5317		
竀	tsʰen1	cen1	cheng1	赣			5810		
竀	tɕʰin1	qin1	cheng1	赣			4108		
竁	tsʰui3	cui3	cui4	赣			5887		
竁	tsʰon3	con3	cui4	赣			5393		
竂	lieu5	lieu4	liao2	赣			4726		
竉	luŋ3	lung3	long3	赣			4590		
竒	tɕi1	ji1	qi2	赣			5891		
竒	tɕʰi2	qi2	qi2	赣			5493		
竘	tɕʰy3	qyu3	qu3	赣			5800		
竘	kʰieu3	kieu3	qu3	赣			5584		
竛	lin5	lin4	ling2	赣			5804		
竝	pʰən6	pen5	bing4	赣			5273		
竢	sɿ6	si5	si4	赣			4597		
竩	ȵi6	ni5	yi4	赣			5456		
竫	tɕʰin6	qin5	jing4	赣			4934		
竮	pʰin1	pin1	ping1	赣			5191		
竮	pʰin2	pin2	ping1	赣			4161		
竲	tsen1	zen1	ceng2	赣			4686		
竲	tsʰen2	cen2	ceng2	赣			5258		
竳	ten1	den1	deng1	赣			5354		
竴	tɕʰyn1	qyun1	cun1	赣			4535		
竵	fai1	fai1	wai1	赣			5222		
竷	kʰon3	kon3	kan3	赣			5858		
竻	lit7	lit6	le4	赣			4309		
笅	hau2	hau2	jiao3	赣			5083		
笇	son5	son4	suan4	赣			5987		
笉	tɕʰin3	qin3	qin3	赣			4091		
笍	lui6	lui5	zhui4	赣			4865		
笐	kɔŋ1	gong1	hang2	赣			5300		
笐	hɔŋ6	hong5	hang2	赣			5085		
笒	tsʰen2	cen2	cen2	赣			5279		
笒	tɕʰin6	qin5	cen2	赣			4979		
笓	pʰi2	pi2	bi4	赣			4645		
笗	tuŋ1	dung1	dong1	赣			5773		
笘	tiet7	diet6	shan1	赣			4848		
笚	tat7	dat6	da1	赣			5197		
笚	hat8	hat7	da1	赣			5824		
笝	lat7	lat6	na4	赣			5519		
笡	tɕʰia3	qia3	qie4	赣			4915		
笢	min3	min3	min3	赣			5751		
笢	min5	min4	min3	赣			5352		
笧	tsʰet7	cet6	ce4	赣			4509		
笭	lin3	lin3	ling2	赣			4634		
笭	lin5	lin4	ling2	赣			4794		
笯	lu5	lu4	nu2	赣			5951		
笰	fɨt7	fet6	fu2	赣			4761		
笰	fuʔ7	fuk6	fu2	赣			4138		
笲	pʰien6	pien5	fan2	赣			4945		
笴	ko3	go3	gan3	赣			4628		
笴	kon3	gon3	gan3	赣			5139		
笵	fan6	fan5	fan4	赣			4682		
笸	pʰo3	po3	po3	赣			5563		
笿	lɔʔ7	lok6	luo4	赣			5654		
筀	kui3	gui3	gui4	赣			5656		
筄	ieu6	yeu5	yao4	赣			4012		
筇	tɕʰiuŋ2	qiung2	qiong2	赣			5240		
筈	kuɔʔ7	guok6	kuo4	赣			5580		
筈	kʰuot7	kuot6	kuo4	赣			4585		
筊	kau3	gau3	xiao2	赣			5403		
筊	hau2	hau2	xiao2	赣			4971		
筕	hen2	hen2	hang2	赣			5302		
筕	hɔŋ2	hong2	hang2	赣			5388		
筘	kieu5	gieu4	kou4	赣			4853		
筟	fu1	fu1	fu1	赣			4181		
筡	tʰu2	tu2	tu2	赣			4065		
筡	tɕʰy1	qyu1	tu2	赣			5398		
筢	pʰa2	pa2	pa2	赣			5192		
筣	li5	li4	li2	赣			5789		
筤	lɔŋ5	long4	lang2	赣			5511		
筥	tɕy3	jyu3	ju3	赣			4711		
筦	kuon3	guon3	guan3	赣			5559		
筨	hon2	hon2	han2	赣			5262		
筩	tʰuŋ2	tung2	tong2	赣			5374		
筬	tsʰen2	cen2	cheng2	赣			4071		
筬	tɕʰin2	qin2	cheng2	赣			5945		
筭	son5	son4	suan4	赣			5529		
筯	tɕʰy6	qyu5	zhu4	赣			4691		
筰	tsʰɔʔ7	cok6	zuo2	赣			5693		
筰	tsʰɔʔ8	cok7	zuo2	赣			5531		
筳	tʰin2	tin2	ting2	赣			4285		
筻	kien5	gien4	gang4	赣			5621		
筿	ɕieu3	xieu3	xiao3	赣			4920		
箁	pʰeu3	peu3	pou2	赣			4145		
箃	tseu1	zeu1	zou1	赣			30225		
箄	pi1	bi1	bi3	赣			4062		
箉	kuai3	guai3	guai3	赣			5934		
箊	y1	yu1	yu1	赣			4329		
箑	sat7	sat6	sha4	赣			5255		
箒	tseu3	zeu3	zhou3	赣			5139		
箒	tɕiu3	jiu3	zhou3	赣			5656		
箖	lin5	lin4	lin2	赣			5591		
箘	tɕyn3	jyun3	jun4	赣			5490		
箙	fuʔ8	fuk7	fu2	赣			5916		
箛	ku1	gu1	gu1	赣			5724		
箝	tɕʰien2	qien2	qian2	赣			5922		
箟	tɕʰyn1	qyun1	jun4	赣			4214		
箠	tsui1	zui1	chui2	赣			4257		
箠	tsui3	zui3	chui2	赣			5769		
箢	yon3	yuon3	yuan1	赣			4077		
箯	pien1	bien1	bian1	赣			4378		
箯	pʰien2	pien2	bian1	赣			4759		
箰	ɕyn3	xyun3	sun3	赣			4109		
箲	ɕien3	xien3	xian3	赣			4550		
箳	pin3	bin3	ping2	赣			4183		
箳	pʰin2	pin2	ping2	赣			5018		
箵	ɕin3	xin3	xing1	赣			5777		
箶	fu5	fu4	hu2	赣			4972		
箷	i5	yi4	yi2	赣			5201		
箹	ŋau5	ngau4	yue1	赣			4966		
箹	ŋɔʔ7	ngok6	yue1	赣			4773		
箽	tuŋ3	dung3	dong3	赣			5989		
箾	ɕieu1	xieu1	shuo4	赣			4724		
箾	sɔʔ7	sok6	shuo4	赣			4068		
箿	tɕʰit8	qit7	ji2	赣			5721		
篂	ɕin1	xin1	xing1	赣			5733		
篃	mi6	mi5	mei4	赣			4415		
篅	tsʰui2	cui2	chuan2	赣			5200		
篅	tsʰon2	con2	chuan2	赣			4903		
篈	fuŋ1	fung1	feng1	赣			4113		
篍	tɕʰiu1	qiu1	qiu1	赣			5373		
篎	mieu3	mieu3	miao3	赣			4285		
篎	mieu6	mieu5	miao3	赣			4390		
篕	hot8	hot7	he2	赣			5568		
篖	tʰɔŋ2	tong2	tang2	赣			5911		
篜	tsɨn1	zen1	zheng1	赣			4100		
篜	tɕin1	jin1	zheng1	赣			4881		
篞	ȵiet7	niet6	nie4	赣			5404		
篟	tɕʰien3	qien3	qian4	赣			4789		
篣	pʰen2	pen2	peng2	赣			5460		
篣	pʰɔŋ2	pong2	peng2	赣			5495		
篧	tsʰɔʔ8	cok7	zhuo2	赣			4836		
篨	tɕʰy2	qyu2	chu2	赣			4879		
篬	tɕʰiɔŋ1	qiong1	qiang1	赣			4249		
篯	tɕien5	jien4	jian1	赣			5483		
篰	pʰu6	pu5	bu4	赣			4980		
篲	sui6	sui5	hui4	赣			4251		
篴	tsʰuʔ8	cuk7	di2	赣			5350		
篹	son3	son3	zhuan4	赣			5461		
篻	pʰieu3	pieu3	piao3	赣			5170		
篻	mieu5	mieu4	piao3	赣			4390		
篽	ȵy3	nyu3	yu4	赣			5880		
篿	tʰon2	ton2	tuan2	赣			4110		
篿	tson1	zon1	tuan2	赣			4495		
簁	sɿ1	si1	shai1	赣			5536		
簁	sɿ3	si3	shai1	赣			5903		
簄	fu6	fu5	hu4	赣			5118		
簅	san3	san3	chan3	赣			4965		
簆	kieu5	gieu4	kou4	赣			5730		
簌	suʔ7	suk6	su4	赣			4402		
簎	tsʰɔʔ7	cok6	ce4	赣			4097		
簖	tʰon6	ton5	duan4	赣			5370		
簙	pɔʔ7	bok6	bo2	赣			5078		
簜	tʰɔŋ1	tong1	dang4	赣			4822		
簜	tʰɔŋ6	tong5	dang4	赣			4833		
簝	lau5	lau4	liao2	赣			5321		
簝	lieu5	lieu4	liao2	赣			4276		
簥	tɕieu1	jieu1	jiao1	赣			5463		
簨	ɕyn3	xyun3	sun3	赣			5457		
簩	lau5	lau4	lao2	赣			5359		
簬	lu6	lu5	lu4	赣			5081		
簭	sɿ6	si5	shi4	赣			5159		
簭	ɕi6	xi5	shi4	赣			5456		
簳	kon3	gon3	gan3	赣			5847		
簵	lu6	lu5	lu4	赣			4581		
簶	luʔ7	luk6	lu4	赣			4164		
簺	sai5	sai4	sai4	赣			4499		
簻	kuo1	guo1	zhua1	赣			5146		
籈	tsɨn1	zen1	zhen1	赣			4775		
籉	tʰai2	tai2	tai2	赣			5705		
籊	tʰit7	tit6	ti4	赣			4281		
籊	tʰit8	tit7	ti4	赣			5811		
籐	tʰen2	ten2	teng2	赣			4011		
籑	tsʰon6	con5	zhuan4	赣			4924		
籓	fan1	fan1	fan1	赣			4143		
籗	kʰuɔʔ7	kuok6	zhuo2	赣			5401		
籚	lu5	lu4	lu2	赣			5871		
籝	in5	yin4	ying2	赣			4268		
籞	ȵy3	nyu3	yu4	赣			4388		
籢	lien5	lien4	lian2	赣			4826		
籣	lan5	lan4	lan2	赣			4893		
籥	iɔʔ7	yok6	yue4	赣			4994		
籦	tsuŋ1	zung1	zhong1	赣			5262		
籧	tɕʰy2	qyu2	qu2	赣			4467		
籨	lien5	lien4	lian2	赣			5260		
籫	tson3	zon3	zuan3	赣			4092		
籭	sɿ1	si1	si1	赣			5514		
籭	sai1	sai1	si1	赣			4609		
籰	uot7	wot6	yue4	赣			5388		
籸	sen1	sen1	shen1	赣			4454		
籹	ȵy3	nyu3	nv3	赣			4344		
籺	ɕiet8	xiet7	he2	赣			4522		
粄	pon3	bon3	ban3	赣			5908		
粈	leu3	leu3	rou2	赣			5677		
粊	pi5	bi4	bi4	赣			5768		
粑	pa1	ba1	ba1	赣			5577		
粔	tɕʰy6	qyu5	ju4	赣			4157		
粖	mot7	mot6	mo4	赣			5169		
粖	miet7	miet6	mo4	赣			4923		
粢	tsɿ1	zi1	zi1	赣			4677		
粦	lin5	lin4	lin2	赣			5613		
粦	lin6	lin5	lin2	赣			4359		
粧	tsɔŋ1	zong1	zhuang1	赣			4198		
粯	han6	han5	xian4	赣			4889		
粰	feu5	feu4	fu2	赣			5466		
粺	pʰai6	pai5	bai4	赣			4128		
粻	tsɔŋ1	zong1	zhang1	赣			5862		
粿	kuo3	guo3	guo3	赣			4515		
糂	san3	san3	san3	赣			5194		
糄	pien3	bien3	bian3	赣			5689		
糌	tsan1	zan1	zan1	赣			5914		
糏	ɕiet7	xiet6	xie4	赣			5924		
糒	pʰi6	pi5	bei4	赣			5248		
糓	kuʔ7	guk6	gu3	赣			4447		
糔	sau3	sau3	xiu3	赣			5188		
糔	ɕiu3	xiu3	xiu3	赣			4733		
糛	tʰɔŋ2	tong2	tang2	赣			5596		
糣	san3	san3	san3	赣			4376		
糤	san3	san3	san3	赣			5718		
糦	tsʰɿ3	ci3	xi1	赣			5217		
糨	tɕʰiɔŋ6	qiong5	jiang4	赣			5257		
糪	pet7	bet6	bo4	赣			4905		
糪	pʰet7	pet6	bo4	赣			5099		
糫	fan5	fan4	huan2	赣			5940		
糬	ɕy6	xyu5	shu3	赣			5219		
糱	ȵiet7	niet6	nie4	赣			5368		
糳	tsɔʔ7	zok6	zuo4	赣			5417		
糷	lan6	lan5	lan4	赣			4871		
糸	mit7	mit6	mi4	赣			4911		
紑	fu1	fu1	fou2	赣			4624		
紨	fu1	fu1	fu1	赣			4226		
紩	tsʰɨt8	cet7	zhi4	赣			5156		
紩	tɕʰit8	qit7	zhi4	赣			5056		
紭	fen5	fen4	hong2	赣			5002		
紴	pʰi3	pi3	bo1	赣			4666		
紴	po1	bo1	bo1	赣			5100		
紷	lin5	lin4	ling2	赣			5663		
紻	iɔŋ3	yong3	yang3	赣			4622		
紽	tʰo2	to2	tuo2	赣			5397		
紾	tsen3	zen3	zhen3	赣			4386		
紾	tsɨn3	zen3	zhen3	赣			4093		
紾	tɕin3	jin3	zhen3	赣			4712		
絇	tɕy5	jyu4	qu2	赣			4409		
絇	tɕʰy2	qyu2	qu2	赣			4223		
絏	ɕiet7	xiet6	xie4	赣			5381		
絑	tɕy1	jyu1	zhu1	赣			5344		
絓	kua5	gua4	gua4	赣			4995		
絓	kʰua1	kua1	gua4	赣			4332		
絘	tsʰɿ3	ci3	ci4	赣			5875		
絜	tɕiet7	jiet6	jie2	赣			5942		
絜	ɕiet8	xiet7	jie2	赣			5689		
絟	tɕʰyon1	qyuon1	quan2	赣			4052		
絟	tɕʰyot7	qyuot6	quan2	赣			5049		
絠	kai3	gai3	gai3	赣			4324		
絣	pen1	ben1	beng1	赣			4157		
絩	tʰieu3	tieu3	tiao4	赣			4977		
絫	lui3	lui3	lei3	赣			5112		
絬	ɕiet7	xiet6	xie4	赣			5801		
絭	tɕʰyon3	qyuon3	juan4	赣			4883		
絯	kai1	gai1	gai1	赣			4187		
絯	hai6	hai5	gai1	赣			5030		
絸	tɕien3	jien3	jian3	赣			5989		
絻	mon5	mon4	mian3	赣			4777		
絽	li3	li3	lv3	赣			5383		
絿	tɕʰiu2	qiu2	qiu2	赣			5911		
綅	tɕin1	jin1	qin1	赣			5045		
綊	ɕiet8	xiet7	xie2	赣			5574		
綍	fɨt7	fet6	fu2	赣			5693		
綍	fuʔ7	fuk6	fu2	赣			4411		
綤	seu6	seu5	shao4	赣			4760		
綨	tɕʰi2	qi2	qi2	赣			5893		
綷	tsui5	zui4	cui4	赣			5865		
綼	pit7	bit6	bi4	赣			4903		
綼	pʰet8	pet7	bi4	赣			4470		
緀	tɕʰi1	qi1	qi1	赣			4579		
緀	tɕʰi3	qi3	qi1	赣			5903		
緁	tɕʰiet7	qiet6	qie4	赣			5809		
緂	tʰan1	tan1	tian2	赣			4295		
緅	tɕy5	jyu4	zou1	赣			5745		
緅	tseu1	zeu1	zou1	赣			4358		
緆	ɕit7	xit6	xi1	赣			4640		
緈	ɕin6	xin5	xing4	赣			5911		
緉	liɔŋ3	liong3	liang3	赣			4050		
緉	liɔŋ6	liong5	liang3	赣			4150		
緌	lui5	lui4	rui2	赣			4998		
緎	ɕyt7	xyut6	yu4	赣			5521		
緎	yt7	yut6	yu4	赣			4870		
緐	fan5	fan4	fan2	赣			4679		
緛	lon3	lon3	ruan3	赣			4179		
緛	ȵyon3	nyuon3	ruan3	赣			5997		
緜	mien5	mien4	mian2	赣			5587		
緢	mieu5	mieu4	miao2	赣			4799		
緥	pau3	bau3	bao3	赣			5300		
緧	tɕʰiu1	qiu1	qiu1	赣			5206		
緫	tsuŋ3	zung3	cong1	赣			5072		
緭	ui6	wui5	wei4	赣			4001		
緵	tsuŋ1	zung1	zong1	赣			4998		
緵	tsuŋ5	zung4	zong1	赣			5025		
緺	kua1	gua1	gua1	赣			5269		
緺	kuo1	guo1	gua1	赣			5962		
緾	tsʰen2	cen2	chan2	赣			5436		
縁	yon5	yuon4	yuan2	赣			4256		
縁	yon6	yuon5	yuan2	赣			4942		
縆	kien1	gien1	geng1	赣			5341		
縆	kien5	gien4	geng1	赣			5764		
縌	ȵit7	nit6	ni4	赣			4056		
縏	pʰon2	pon2	pan2	赣			4346		
縒	tsʰɔʔ7	cok6	ci1	赣			4119		
縓	tɕʰyon1	qyuon1	quan2	赣			4141		
縓	tɕʰyon3	qyuon3	quan2	赣			4788		
縖	hat8	hat7	xia2	赣			4790		
縚	tʰau1	tau1	tao1	赣			5313		
縜	yn5	yun4	yun2	赣			4653		
縠	fuʔ8	fuk7	hu2	赣			4384		
縡	tsai3	zai3	zai4	赣			5814		
縡	tsai5	zai4	zai4	赣			4096		
縢	tʰen2	ten2	teng2	赣			4600		
縪	pit7	bit6	bi4	赣			4755		
縼	ɕyon6	xyuon5	xuan4	赣			4410		
縿	san1	san1	shan1	赣			5586		
繀	sui5	sui4	sui4	赣			4436		
繎	len5	len4	ran2	赣			5915		
繑	tɕʰieu1	qieu1	qiao1	赣			5410		
繖	san3	san3	san3	赣			4192		
繖	san5	san4	san3	赣			4457		
繗	lin5	lin4	lin2	赣			4633		
繘	tɕyt7	jyut6	yu4	赣			4551		
繘	yt7	yut6	yu4	赣			4067		
繙	fan1	fan1	fan1	赣			5261		
繙	fan5	fan4	fan1	赣			4508		
繛	tsʰɔʔ7	cok6	chuo4	赣			5157		
繜	tsun1	zun1	zun1	赣			4316		
繠	lui3	lui3	rui3	赣			4061		
繣	fa6	fa5	hua4	赣			4601		
繣	fet7	fet6	hua4	赣			4604		
繤	tson3	zon3	zuan3	赣			5151		
繦	tɕiɔŋ3	jiong3	qiang3	赣			5479		
繱	tsʰuŋ1	cung1	cong1	赣			5902		
繲	kai5	gai4	xie4	赣			4596		
繴	pʰet8	pet7	bi4	赣			5711		
繴	pit7	bit6	bi4	赣			5064		
繵	tʰan6	tan5	dan4	赣			5051		
纀	puʔ7	buk6	pu2	赣			4665		
纅	iɔʔ7	yok6	yao4	赣			5296		
纉	tson3	zon3	zuan3	赣			4301		
纋	iu1	yiu1	you1	赣			5777		
纑	lu5	lu4	lu2	赣			5818		
纝	lui5	lui4	lei2	赣			5819		
纮	fen5	fen4	hong2	赣			5647		
纼	tsʰen6	cen5	zhen4	赣			5595		
纼	tɕʰin6	qin5	zhen4	赣			4952		
绐	tʰai6	tai5	dai4	赣			4277		
绖	tʰiet8	tiet7	die2	赣			5632		
缈	mieu3	mieu3	miao3	赣			5346		
缊	uen1	wun1	yun1	赣			5526		
缋	kʰui3	kui3	hui4	赣			4873		
缍	to3	do3	duo3	赣			5705		
缞	tsʰui1	cui1	cui1	赣			4785		
缧	lui5	lui4	lei2	赣			4232		
缹	feu3	feu3	fou3	赣			4731		
缻	hɔŋ2	hong2	fou3	赣			4024		
缾	pʰin2	pin2	ping2	赣			4121		
缿	hɔŋ6	hong5	xiang4	赣			5215		
罇	tsun1	zun1	zun1	赣			5150		
罊	tɕʰi3	qi3	qi4	赣			5413		
罊	kʰiet7	kiet6	qi4	赣			5898		
罋	uŋ5	wung4	weng4	赣			4246		
罋	iuŋ1	yung1	weng4	赣			5606		
罍	lui5	lui4	lei2	赣			5417		
罏	lu5	lu4	lu2	赣			4310		
罛	ku1	gu1	gu1	赣			5892		
罜	tɕy5	jyu4	zhu3	赣			5143		
罜	tʰuʔ8	tuk7	zhu3	赣			5007		
罝	tɕia1	jia1	ju1	赣			4658		
罞	mau5	mau4	mao2	赣			5220		
罞	muŋ5	mung4	mao2	赣			5219		
罠	min5	min4	min2	赣			5086		
罡	kɔŋ1	gong1	gang1	赣			4649		
罣	kua5	gua4	gua4	赣			5128		
罣	kui3	gui3	gua4	赣			4820		
罤	tʰi2	ti2	ti2	赣			5192		
罥	tɕyon3	jyuon3	juan4	赣			4183		
罥	tɕyon5	jyuon4	juan4	赣			4516		
罦	fu1	fu1	fu2	赣			4760		
罦	feu5	feu4	fu2	赣			4716		
罧	sen5	sen4	shen4	赣			5300		
罧	ɕin3	xin3	shen4	赣			4886		
罬	tsot7	zot6	zhuo2	赣			5646		
罬	tɕyot7	jyuot6	zhuo2	赣			4802		
罭	yt7	yut6	yu4	赣			4412		
罳	sɿ1	si1	si1	赣			5884		
罶	liu3	liu3	liu3	赣			5296		
罺	tsau1	zau1	chao2	赣			5849		
罻	ui5	wui4	wei4	赣			5409		
罼	pit7	bit6	bi4	赣			5266		
罿	tʰuŋ2	tung2	chong1	赣			4172		
罿	tsʰuŋ1	cung1	chong1	赣			5968		
羂	tɕyon3	jyuon3	juan4	赣			4032		
羃	mit7	mit6	mi4	赣			5997		
羇	tɕi1	ji1	ji1	赣			5964		
羉	lon5	lon4	luan2	赣			5649		
羍	tʰat7	tat6	da2	赣			4171		
羒	fɨn5	fen4	fen2	赣			5783		
羒	fun5	fun4	fen2	赣			4513		
羓	pa1	ba1	ba1	赣			4023		
羕	iɔŋ6	yong5	yang4	赣			5691		
羖	ku3	gu3	gu3	赣			4599		
羛	ȵi6	ni5	yi4	赣			4191		
羛	ɕi1	xi1	yi4	赣			4008		
羜	tɕʰy6	qyu5	zhu4	赣			4948		
羠	sɿ6	si5	yi2	赣			5961		
羠	i5	yi4	yi2	赣			5795		
羧	so1	so1	suo1	赣			4786		
羫	kʰɔŋ1	kong1	qiang1	赣			4187		
羬	ŋan5	ngan4	qian2	赣			5864		
羬	tɕʰien2	qien2	qian2	赣			4079		
羭	y5	yu4	yu2	赣			4994		
羰	tʰɔŋ1	tong1	tang1	赣			5949		
羱	uon5	won4	yuan2	赣			4806		
羱	ȵyon5	nyuon4	yuan2	赣			4168		
羳	fan5	fan4	fan2	赣			4837		
羴	han1	han1	shan1	赣			4548		
羷	lien3	lien3	lian3	赣			5737		
羺	leu5	leu4	nou2	赣			4847		
羻	tɕʰiɔŋ3	qiong3	qiang4	赣			4882		
羾	kuŋ5	gung4	gong4	赣			5055		
翀	tsʰuŋ2	cung2	chong1	赣			4139		
翃	fen5	fen4	hong2	赣			4468		
翄	sɿ5	si4	chi4	赣			4106		
翄	tɕʰi2	qi2	chi4	赣			5710		
翇	fɨt7	fet6	fu2	赣			5956		
翇	fuʔ7	fuk6	fu2	赣			5542		
翈	hat8	hat7	xia2	赣			4413		
翉	pʰen3	pen3	ben3	赣			4345		
翍	pʰi1	pi1	pi1	赣			4588		
翏	lieu5	lieu4	liu4	赣			5531		
翏	liu6	liu5	liu4	赣			5551		
翐	tsʰɨt8	cet7	zhi4	赣			4607		
翐	tɕʰit8	qit7	zhi4	赣			4392		
翑	tɕʰy2	qyu2	qu2	赣			4012		
翓	ɕiet8	xiet7	xie2	赣			5459		
翖	ɕit7	xit6	xi1	赣			4064		
翛	ɕieu1	xieu1	xiao1	赣			4275		
翛	suʔ7	suk6	xiao1	赣			4813		
翜	sat7	sat6	sha4	赣			5880		
翜	set7	set6	sha4	赣			4910		
翢	tʰau1	tau1	dao4	赣			4713		
翢	tʰau2	tau2	dao4	赣			4594		
翣	sat7	sat6	sha4	赣			4226		
翧	ɕyon1	xyuon1	xuan1	赣			5424		
翨	sɿ5	si4	chi4	赣			4474		
翨	tɕi5	ji4	chi4	赣			5873		
翪	tsuŋ1	zung1	zong1	赣			5865		
翪	tsuŋ3	zung3	zong1	赣			5379		
翭	heu2	heu2	hou2	赣			5550		
翱	ŋau5	ngau4	ao2	赣			5179		
翲	pʰieu1	pieu1	piao1	赣			4022		
翲	pʰieu3	pieu3	piao1	赣			5040		
翴	lien5	lien4	lian2	赣			5588		
翵	tɕʰy2	qyu2	hou2	赣			5745		
翵	heu2	heu2	hou2	赣			4040		
翶	ŋau5	ngau4	ao2	赣			5629		
翷	lin5	lin4	lin2	赣			4731		
翺	ŋau5	ngau4	ao2	赣			5930		
翾	ɕyon1	xyuon1	xuan1	赣			5362		
翿	tʰau2	tau2	dao4	赣			4252		
翿	tʰau6	tau5	dao4	赣			5780		
耇	kieu3	gieu3	gou3	赣			5382		
耎	lon3	lon3	ruan3	赣			5415		
耎	ȵyon3	nyuon3	ruan3	赣			4649		
耏	ɵ5	o4	nai4	赣			4993		
耏	lai6	lai5	nai4	赣			5125		
耑	ton1	don1	duan1	赣			4894		
耚	pʰi1	pi1	pi1	赣			4451		
耡	tsʰu2	cu2	chu2	赣			4106		
耡	tsʰu6	cu5	chu2	赣			4704		
耢	lau6	lau5	lao4	赣			5483		
耣	len3	len3	lun3	赣			5864		
耣	lun3	lun3	lun3	赣			4357		
耤	tɕʰit8	qit7	ji2	赣			5895		
耥	tʰɔŋ3	tong3	tang1	赣			4790		
耪	pʰɔŋ3	pong3	pang3	赣			5869		
耫	tsʰat8	cat7	zha2	赣			5557		
耫	tsʰet8	cet7	zha2	赣			5134		
耱	mo6	mo5	mo4	赣			5386		
耴	tset7	zet6	yi4	赣			5348		
耴	ȵit7	nit6	yi4	赣			5737		
耺	yn5	yun4	yun2	赣			4294		
耾	fen5	fen4	hong2	赣			5702		
聅	tʰan2	tan2	che4	赣			5732		
聅	tsʰet7	cet6	che4	赣			5823		
聉	tsot7	zot6	wa4	赣			4245		
聎	tʰieu1	tieu1	tiao1	赣			4207		
聐	ŋat7	ngat6	ya4	赣			4282		
聑	tiet7	diet6	tie1	赣			5595		
聙	tɕin1	jin1	jing1	赣			4399		
聝	kuet7	guet6	guo2	赣			4576		
聤	tʰin2	tin2	ting2	赣			4327		
聥	tɕy3	jyu3	ju3	赣			5527		
聥	y3	yu3	ju3	赣			4288		
聦	tsʰuŋ1	cung1	cong1	赣			4801		
聧	kʰui1	kui1	kui1	赣			4721		
聭	kui5	gui4	kui4	赣			4523		
聮	lien5	lien4	lian2	赣			4556		
聸	tan1	dan1	dan1	赣			5998		
肀	yt7	yut6	yu4	赣			4151		
肁	tsʰeu6	ceu5	zhao4	赣			4153		
肂	sɿ5	si4	si4	赣			5575		
肇	tsʰeu6	ceu5	zhao4	赣			5319		
肈	tsʰeu6	ceu5	zhao4	赣			4614		
肊	it7	yit6	yi4	赣			4391		
肍	tɕʰiu2	qiu2	qiu2	赣			5768		
肎	kʰien3	kien3	ken3	赣			5641		
肑	tit7	dit6	bo2	赣			5853		
肑	pɔʔ7	bok6	bo2	赣			4698		
肒	fon6	fon5	huan4	赣			4291		
肔	i3	yi3	chi3	赣			5485		
肕	ȵin6	nin5	ren4	赣			5337		
肗	ɵ3	o3	ru3	赣			4189		
肙	yon5	yuon4	yuan4	赣			4039		
肜	iuŋ5	yung4	rong2	赣			4895		
肟	u5	wu4	wo4	赣			4483		
肣	hon2	hon2	han2	赣			5029		
肣	hon6	hon5	han2	赣			5887		
肦	fɨn5	fen4	fen2	赣			5798		
肧	pʰi1	pi1	pei1	赣			5837		
肬	iu5	yiu4	you2	赣			4067		
肰	len5	len4	ran2	赣			5892		
肶	pʰi2	pi2	pi2	赣			5906		
肸	ɕit7	xit6	xi1	赣			4241		
肼	tɕin3	jin3	jing3	赣			4147		
肽	tʰai3	tai3	tai4	赣			4788		
胅	tʰiet8	tiet7	die2	赣			4280		
胇	pʰet8	pet7	fei4	赣			5293		
胈	pʰot8	pot7	ba2	赣			4378		
胉	pʰɔʔ7	pok6	bo2	赣			4975		
胏	tsɿ3	zi3	zi3	赣			5285		
胐	pʰi3	pi3	fei3	赣			4568		
胐	kʰut7	kut6	fei3	赣			5495		
胑	tsɿ1	zi1	zhi1	赣			5752		
胓	pʰin2	pin2	ping2	赣			5565		
胔	tsʰɿ6	ci5	zi4	赣			4773		
胕	fu6	fu5	fu3	赣			4246		
胘	ɕyon5	xyuon4	xian2	赣			4061		
胘	ɕien5	xien4	xian2	赣			4904		
胟	mu3	mu3	mu3	赣			5864		
胠	tɕʰiet7	qiet6	qu1	赣			4882		
胦	ŋɔŋ1	ngong1	yang1	赣			4303		
胦	iɔŋ1	yong1	yang1	赣			5289		
胨	tuŋ5	dung4	dong4	赣			4192		
胩	kʰa3	ka3	ka3	赣			5758		
胬	lu3	lu3	nu3	赣			5354		
胮	pʰɔŋ1	pong1	pang1	赣			4314		
胮	pʰɔŋ2	pong2	pang1	赣			5559		
胵	tsʰɿ1	ci1	chi1	赣			5358		
胷	ɕiuŋ1	xiung1	xiong1	赣			4116		
胹	ɵ5	o4	er2	赣			4593		
胻	hɔŋ2	hong2	heng2	赣			4564		
胾	tsɿ5	zi4	zi4	赣			4326		
胿	ɕi5	xi4	gui1	赣			5250		
胿	kui1	gui1	gui1	赣			4430		
脀	tsɨn1	zen1	cheng2	赣			5707		
脀	tɕin1	jin1	cheng2	赣			4582		
脁	tsʰeu3	ceu3	tiao3	赣			5979		
脃	tsʰui3	cui3	cui4	赣			4220		
脄	mi5	mi4	mei2	赣			4050		
脎	sat7	sat6	sa4	赣			5273		
脒	mi3	mi3	mi3	赣			4733		
脙	tɕʰiu2	qiu2	xiu1	赣			4390		
脙	ɕiu1	xiu1	xiu1	赣			5388		
脝	hen1	hen1	heng1	赣			5990		
脟	lon3	lon3	lie4	赣			5275		
脟	lot7	lot6	lie4	赣			4208		
脠	tsʰen1	cen1	shan1	赣			5882		
脠	sen1	sen1	shan1	赣			5365		
脡	tʰin3	tin3	ting3	赣			4699		
脢	mi5	mi4	mei2	赣			4779		
脢	mi6	mi5	mei2	赣			4247		
脤	sen6	sen5	shen4	赣			5764		
脤	ɕin6	xin5	shen4	赣			4358		
脦	tʰet7	tet6	de5	赣			5734		
脧	tsui1	zui1	juan1	赣			4932		
脪	tsʰɿ1	ci1	xin4	赣			5846		
脪	ɕin5	xin4	xin4	赣			5638		
脮	lui3	lui3	nei3	赣			4099		
脰	tʰeu6	teu5	dou4	赣			4799		
脲	ȵieu6	nieu5	niao4	赣			5874		
脼	liɔŋ3	liong3	liang3	赣			4559		
脽	tsʰui2	cui2	shui2	赣			5482		
腃	kʰui3	kui3	kui4	赣			5688		
腄	tsʰui2	cui2	chui2	赣			4989		
腅	tʰan6	tan5	dan4	赣			5711		
腈	tɕin1	jin1	jing1	赣			5964		
腍	len3	len3	ren4	赣			4637		
腍	ȵin3	nin3	ren4	赣			4602		
腏	tsot7	zot6	chuo4	赣			5539		
腘	kuet7	guet6	guo2	赣			4134		
腙	tsuŋ1	zung1	zong1	赣			4584		
腚	tʰin6	tin5	ding4	赣			5486		
腛	ŋɔʔ7	ngok6	wo4	赣			4144		
腜	mi5	mi4	mei2	赣			4925		
腝	ȵyon3	nyuon3	ni2	赣			4429		
腣	ti1	di1	di4	赣			5579		
腣	ti5	di4	di4	赣			5603		
腤	ŋon1	ngon1	an1	赣			4602		
腨	tsʰon6	con5	shuan4	赣			5003		
腬	leu5	leu4	rou2	赣			4809		
腬	ȵiu6	niu5	rou2	赣			4959		
腯	tʰet8	tet7	tu2	赣			5630		
腯	tʰut8	tut7	tu2	赣			5093		
腲	ui3	wui3	wei3	赣			5777		
腶	ton5	don4	duan4	赣			4215		
腷	pʰet8	pet7	bi4	赣			4786		
膁	tɕʰien3	qien3	qian3	赣			5996		
膆	su5	su4	su4	赣			4257		
膇	tsʰui6	cui5	zhui4	赣			5432		
膉	it7	yit6	yi4	赣			4144		
膋	lieu5	lieu4	liao2	赣			5003		
膌	tɕʰit8	qit7	ji2	赣			5991		
膍	pʰi2	pi2	pi2	赣			5200		
膎	hai2	hai2	xie2	赣			4404		
膒	ŋieu1	ngieu1	ou1	赣			4733		
膗	tsʰui2	cui2	chuai2	赣			4984		
膟	lɛt7	let6	lv4	赣			5632		
膡	in6	yin5	ying4	赣			5786		
膣	tset7	zet6	zhi4	赣			5266		
膣	tɕit7	jit6	zhi4	赣			5764		
膫	lieu5	lieu4	liao2	赣			4792		
膫	lieu6	lieu5	liao2	赣			5410		
膬	tsʰui3	cui3	cui4	赣			4196		
膬	tɕʰyot7	qyuot6	cui4	赣			5293		
膭	kui1	gui1	gui1	赣			5440		
膭	kʰui3	kui3	gui1	赣			4499		
膮	ɕieu1	xieu1	xiao1	赣			4097		
膮	ɕieu3	xieu3	xiao1	赣			4669		
膯	tʰen1	ten1	teng1	赣			5427		
膰	fan5	fan4	fan2	赣			5448		
膲	tɕieu1	jieu1	jiao1	赣			4876		
膴	u5	wu4	hu1	赣			5619		
膷	ɕiɔŋ1	xiong1	xiang1	赣			4483		
膼	tsa5	za4	zhua1	赣			5113		
臁	lien5	lien4	lian2	赣			4022		
臃	iuŋ1	yung1	yong1	赣			4450		
臃	iuŋ3	yung3	yong1	赣			4087		
臄	tɕʰiɔʔ8	qiok7	jue2	赣			5707		
臅	tsʰuʔ7	cuk6	chu4	赣			5482		
臇	tsui1	zui1	juan3	赣			4845		
臇	tɕyon3	jyuon3	juan3	赣			5192		
臈	lat7	lat6	la4	赣			5620		
臎	tsui3	zui3	cui4	赣			5232		
臎	tsʰui3	cui3	cui4	赣			4463		
臐	ɕyn1	xyun1	xun1	赣			5487		
臐	ɕyn5	xyun4	xun1	赣			5403		
臒	uot7	wot6	wo4	赣			5472		
臔	ɕien6	xien5	xian4	赣			4684		
臕	pieu1	bieu1	biao1	赣			5992		
臛	fuʔ7	fuk6	huo4	赣			5377		
臝	lo3	lo3	luo3	赣			5884		
臞	tɕʰy2	qyu2	qu2	赣			5257		
臞	tɕʰy6	qyu5	qu2	赣			5027		
臡	lo5	lo4	ni2	赣			4931		
臤	ɕien5	xien4	qian1	赣			5348		
臦	kuɔŋ5	guong4	guang4	赣			4479		
臩	tɕyn3	jyun3	guang3	赣			5230		
臩	kuɔŋ3	guong3	guang3	赣			4667		
臮	tɕʰi6	qi5	ji4	赣			5650		
臯	kau1	gau1	gao1	赣			5584		
臱	mien5	mien4	mian2	赣			5587		
臲	ȵiet7	niet6	nie4	赣			5773		
臶	tɕʰien6	qien5	jian4	赣			5935		
臶	tsʰun6	cun5	jian4	赣			5099		
臸	tsɿ1	zi1	zhi1	赣			4429		
臸	ȵit7	nit6	zhi1	赣			4414		
臽	han6	han5	xian4	赣			5553		
臽	kʰon3	kon3	xian4	赣			5735		
臿	tsʰat7	cat6	cha1	赣			4693		
舁	y5	yu4	yu2	赣			5397		
舋	ɕin5	xin4	xin4	赣			5349		
舎	sa3	sa3	she4	赣			4446		
舎	sa5	sa4	she4	赣			5662		
舑	tʰan1	tan1	tan1	赣			4481		
舑	len5	len4	tan1	赣			4101		
舓	sɿ6	si5	shi4	赣			4364		
舕	tʰan3	tan3	tan4	赣			4807		
舖	pʰu3	pu3	pu4	赣			5305		
舚	tʰien1	tien1	tian4	赣			4261		
舚	tʰien3	tien3	tian4	赣			5331		
舝	hat8	hat7	xia2	赣			5820		
舠	tau1	dau1	dao1	赣			5390		
舡	hɔŋ1	hong1	chuan2	赣			4312		
舢	san1	san1	shan1	赣			5416		
舥	pʰa1	pa1	pa1	赣			4120		
舨	pan3	ban3	ban3	赣			5857		
舩	son5	son4	chuan2	赣			4699		
舭	pi3	bi3	bi3	赣			5647		
舯	tsuŋ1	zung1	zhong1	赣			5147		
舲	lin5	lin4	ling2	赣			4594		
舺	hat8	hat7	xia2	赣			5928		
舼	tɕʰiuŋ2	qiung2	qiong2	赣			4597		
舽	pʰɔŋ2	pong2	pang2	赣			5033		
舾	ɕi1	xi1	xi1	赣			4289		
艀	feu5	feu4	fu2	赣			5805		
艁	tsʰau3	cau3	zao4	赣			4972		
艁	tsʰau6	cau5	zao4	赣			5189		
艃	li5	li4	li2	赣			4658		
艄	sau1	sau1	shao1	赣			4775		
艅	y5	yu4	yu2	赣			5107		
艆	lɔŋ5	long4	lang2	赣			5811		
艉	ui3	wui3	wei3	赣			4877		
艎	fɔŋ5	fong4	huang2	赣			4372		
艏	seu3	seu3	shou3	赣			4251		
艏	ɕiu3	xiu3	shou3	赣			5088		
艐	kai5	gai4	ke4	赣			4156		
艑	pʰien6	pien5	bian4	赣			5935		
艒	met7	met6	mu4	赣			5311		
艒	muʔ7	muk6	mu4	赣			4266		
艓	tʰiet8	tiet7	die2	赣			4302		
艖	tsʰa1	ca1	cha1	赣			5364		
艖	tsʰo2	co2	cha1	赣			4883		
艗	ȵit7	nit6	yi4	赣			5327		
艛	leu5	leu4	lou2	赣			4424		
艜	tai5	dai4	dai4	赣			4601		
艞	ieu6	yeu5	yao4	赣			4336		
艬	tsʰan2	can2	chan2	赣			5985		
艬	tsʰan6	can5	chan2	赣			5658		
艭	sɔŋ1	song1	shuang1	赣			4271		
艵	pʰin1	pin1	ping1	赣			5456		
艶	ien6	yen5	yan4	赣			4669		
艸	tsʰau3	cau3	cao3	赣			4080		
艹	tsʰau3	cau3	cao3	赣			4468		
艻	lɛt7	let6	le4	赣			5960		
艼	tʰin1	tin1	ting1	赣			4370		
艼	tʰin3	tin3	ting1	赣			4117		
芀	tʰieu2	tieu2	tiao2	赣			5800		
芁	kau1	gau1	jiao1	赣			4605		
芃	pʰuŋ2	pung2	peng2	赣			5447		
芃	fuŋ5	fung4	peng2	赣			5859		
芅	it7	yit6	yi4	赣			5194		
芆	tsʰai1	cai1	chai1	赣			5588		
芇	mien3	mien3	mian2	赣			5922		
芐	fu6	fu5	hu4	赣			5235		
芐	ha6	ha5	hu4	赣			4027		
芓	tsʰɿ6	ci5	zi4	赣			4834		
芔	fɨi5	fei4	hui4	赣			5486		
芔	fɨi5	fei4	hui4	赣			4983		
芘	pʰi2	pi2	pi2	赣			4601		
芘	pʰi6	pi5	pi2	赣			5735		
芚	tʰɨn2	ten2	tun2	赣			4181		
芚	tʰun2	tun2	tun2	赣			4996		
芛	ui3	wui3	wei3	赣			4470		
芛	yt7	yut6	wei3	赣			4610		
芣	feu5	feu4	fu2	赣			5222		
芤	kʰieu1	kieu1	kou1	赣			4677		
芧	tɕʰy6	qyu5	xu4	赣			5351		
芵	tɕyot7	jyuot6	jue2	赣			5486		
芺	ŋau3	ngau3	ao3	赣			5682		
芺	ieu3	yeu3	ao3	赣			4819		
芿	lɨn6	len5	reng4	赣			5064		
苀	kɔŋ1	gong1	hang2	赣			4333		
苀	hɔŋ2	hong2	hang2	赣			5796		
苄	pʰien6	pien5	bian4	赣			4365		
苊	ŋiet7	ngiet6	e4	赣			5683		
苖	tʰit8	tit7	di2	赣			4837		
苖	tsʰuʔ7	cuk6	di2	赣			5442		
苙	lit7	lit6	li4	赣			4842		
苝	pʰi6	pi5	bei4	赣			5835		
苠	min5	min4	min2	赣			4393		
苢	i3	yi3	yi3	赣			5123		
苤	pʰi1	pi1	pie3	赣			4752		
苧	lin5	lin4	ning2	赣			4818		
苨	ȵi3	ni3	ni3	赣			4938		
苪	pin3	bin3	bing3	赣			4169		
苬	tɕʰiu2	qiu2	xiu2	赣			5780		
苭	ieu3	yeu3	yao3	赣			4953		
苮	ɕien1	xien1	xian1	赣			4050		
苰	fen5	fen4	hong2	赣			4175		
苳	tuŋ1	dung1	dong1	赣			5126		
苵	tʰiet8	tiet7	die2	赣			5762		
苶	lit7	lit6	nie2	赣			4187		
苶	ȵiet7	niet6	nie2	赣			4692		
苸	fu1	fu1	hu1	赣			4553		
苺	meu6	meu5	mei2	赣			4423		
苽	ku1	gu1	gu1	赣			4705		
苾	pʰiet8	piet7	bi4	赣			4598		
苾	pʰet8	pet7	bi4	赣			5129		
茇	pot7	bot6	ba2	赣			5909		
茇	pʰot8	pot7	ba2	赣			5861		
茋	tsɿ3	zi3	zhi3	赣			4253		
茋	tɕi3	ji3	zhi3	赣			5339		
茌	tsʰɿ2	ci2	chi2	赣			4399		
茍	tɕit7	jit6	ji4	赣			5757		
茖	kiet7	giet6	ge2	赣			4740		
茙	luŋ5	lung4	rong2	赣			5939		
茙	iuŋ5	yung4	rong2	赣			4795		
茚	in5	yin4	yin4	赣			5628		
茞	sɨn5	sen4	chen2	赣			4248		
茞	ɕin5	xin4	chen2	赣			5776		
茠	hau1	hau1	hao1	赣			4427		
茡	tsʰɿ6	ci5	zi4	赣			5710		
茢	liet7	liet6	lie4	赣			5677		
茤	to1	do1	ji4	赣			5112		
茥	kui1	gui1	gui1	赣			4565		
茥	kʰui1	kui1	gui1	赣			4048		
茩	kieu3	gieu3	gou4	赣			5162		
茪	kuɔŋ1	guong1	guang1	赣			5037		
茮	tɕieu1	jieu1	jiao1	赣			4269		
茰	y5	yu4	yu2	赣			4492		
茷	fat8	fat7	fa2	赣			4380		
茺	tsʰuŋ1	cung1	chong1	赣			4795		
茻	mɔŋ3	mong3	mang3	赣			4465		
茼	tʰuŋ2	tung2	tong2	赣			4069		
茿	tsuʔ7	zuk6	zhu2	赣			5166		
荁	fon5	fon4	huan2	赣			4936		
荂	fu1	fu1	fu1	赣			5879		
荂	ɕy1	xyu1	fu1	赣			5491		
荄	kai1	gai1	gai1	赣			4961		
荅	tat7	dat6	da1	赣			4295		
荈	tsʰon3	con3	chuan3	赣			5859		
荌	ŋon5	ngon4	an4	赣			5541		
荍	tɕʰieu2	qieu2	qiao2	赣			5020		
荎	tsʰɿ2	ci2	chi2	赣			4783		
荎	tʰiet8	tiet7	chi2	赣			5778		
荓	pʰin2	pin2	ping2	赣			4375		
荖	lau3	lau3	lao3	赣			5743		
荝	tset7	zet6	ce4	赣			4635		
荝	tsʰet8	cet7	ce4	赣			4658		
荮	tsʰɛu6	ceu5	zhou4	赣			5404		
荮	tɕʰiu6	qiu5	zhou4	赣			4307		
荰	tʰu6	tu5	du4	赣			5262		
荲	tsʰət7	cet6	li2	赣			4956		
荵	ȵin3	nin3	ren3	赣			5889		
荶	ȵin5	nin4	yin2	赣			5422		
荹	pʰu2	pu2	bu4	赣			5307		
荹	pʰu6	pu5	bu4	赣			4613		
荺	yn3	yun3	yun3	赣			5046		
荺	yn5	yun4	yun3	赣			5944		
荾	sui1	sui1	sui1	赣			5369		
莁	u5	wu4	wu2	赣			4988		
莂	piet7	biet6	bie2	赣			5096		
莃	ɕi1	xi1	xi1	赣			5447		
莈	mɛt7	met6	mo4	赣			5397		
莋	tsʰɔʔ7	cok6	zuo2	赣			4972		
莋	tsʰɔʔ8	cok7	zuo2	赣			5733		
莌	tʰot7	tot6	tuo1	赣			5495		
莌	tʰot8	tot7	tuo1	赣			4154		
莍	tɕʰiu2	qiu2	qiu2	赣			4854		
莏	so1	so1	suo1	赣			5111		
莐	tsʰen2	cen2	chen2	赣			4466		
莐	tɕʰin2	qin2	chen2	赣			4773		
莑	fuŋ1	fung1	peng2	赣			5124		
莔	men5	men4	meng2	赣			4964		
莔	ɕit7	xit6	meng2	赣			5052		
莕	hen6	hen5	xing4	赣			5425		
莚	ien5	yen4	yan2	赣			4507		
莚	ien6	yen5	yan2	赣			4728		
莟	hon6	hon5	han4	赣			5296		
莡	tsʰɔʔ7	cok6	cuo4	赣			5995		
莣	uɔŋ5	wong4	wang2	赣			4958		
莤	suʔ7	suk6	su4	赣			4861		
莥	ȵiu3	niu3	niu3	赣			5327		
莦	sau1	sau1	shao1	赣			5124		
莦	ɕieu1	xieu1	shao1	赣			4799		
莬	uen6	wun5	wen4	赣			5806		
莰	kʰon3	kon3	kan3	赣			4126		
莿	tsʰɿ3	ci3	ci4	赣			5737		
菄	tuŋ1	dung1	dong1	赣			5523		
菆	tseu1	zeu1	zou1	赣			4899		
菈	lat7	lat6	la1	赣			5181		
菉	liuʔ7	liuk6	lu4	赣			5340		
菋	ui6	wui5	wei4	赣			4417		
菍	ȵiet7	niet6	nie4	赣			5512		
菎	kun1	gun1	kun1	赣			4663		
菐	pʰuʔ8	puk7	pu2	赣			4271		
菐	fuʔ7	fuk6	pu2	赣			5045		
菑	tsɿ1	zi1	zai1	赣			5375		
菒	kau3	gau3	gao3	赣			4774		
菓	kuo3	guo3	guo3	赣			4393		
菗	tsʰɛu2	ceu2	chou2	赣			5944		
菗	tɕʰiu2	qiu2	chou2	赣			4859		
菙	sui6	sui5	chui2	赣			4691		
菣	tɕʰien3	qien3	qin4	赣			4500		
菣	tɕʰin3	qin3	qin4	赣			5797		
菤	tɕyon3	jyuon3	juan3	赣			4546		
菦	tɕin3	jin3	qin2	赣			5843		
菨	tɕiet7	jiet6	jie1	赣			4018		
菪	tʰɔŋ6	tong5	dang4	赣			4283		
菬	tseu3	zeu3	qiao2	赣			5355		
菬	tɕʰieu2	qieu2	qiao2	赣			4404		
菭	tsʰɿ2	ci2	tai2	赣			5763		
菭	tʰai2	tai2	tai2	赣			5018		
菳	tɕʰin1	qin1	qin2	赣			4404		
菵	uɔŋ3	wong3	wang3	赣			4999		
菶	puŋ3	bung3	beng3	赣			5560		
菶	pʰuŋ6	pung5	beng3	赣			5440		
菺	tɕien1	jien1	jian1	赣			4599		
菻	lin3	lin3	lin3	赣			5173		
菾	tʰien2	tien2	tian2	赣			5610		
菿	tau5	dau4	dao4	赣			4829		
菿	tsɔʔ7	zok6	dao4	赣			5839		
萀	fu3	fu3	hu3	赣			5268		
萆	sɿ3	si3	bi4	赣			4978		
萆	pʰet8	pet7	bi4	赣			5483		
萈	fon5	fon4	huan2	赣			4506		
萉	fɨi6	fei5	fei4	赣			4217		
萉	fɨi6	fei5	fei4	赣			5745		
萐	sat7	sat6	sha4	赣			5657		
萒	tɕʰyon6	qyuon5	yan3	赣			5509		
萒	yon3	yuon3	yan3	赣			5683		
萘	lai6	lai5	nai4	赣			4987		
萚	tʰɔʔ7	tok6	tuo4	赣			4738		
萜	tʰiet7	tiet6	tie1	赣			4492		
萣	tʰin6	tin5	ding4	赣			5851		
萪	kʰuo1	kuo1	ke1	赣			5609		
萫	ɕiɔŋ5	xiong4	xiang4	赣			5858		
萭	tɕy3	jyu3	yu3	赣			5434		
萭	y3	yu3	yu3	赣			4206		
萮	y5	yu4	yu2	赣			4413		
萯	fu6	fu5	fu4	赣			4910		
萰	lien6	lien5	lian4	赣			5408		
萳	lan3	lan3	nan3	赣			5880		
萹	pien3	bien3	bian3	赣			4890		
萺	muʔ7	muk6	mao4	赣			4316		
萿	kuɔʔ7	guok6	kuo4	赣			5195		
葀	kuɔʔ7	guok6	kuo4	赣			5386		
葃	tsʰɔʔ7	cok6	zuo4	赣			5957		
葇	leu3	leu3	rou2	赣			4445		
葇	leu5	leu4	rou2	赣			4280		
葋	tɕʰy2	qyu2	qu2	赣			5564		
葌	kan1	gan1	jian1	赣			4238		
葍	fuʔ7	fuk6	fu2	赣			4647		
葎	lɛt7	let6	lv4	赣			5752		
葏	tɕien1	jien1	jing1	赣			4872		
葔	heu2	heu2	hou2	赣			4890		
葘	tsɿ1	zi1	zi1	赣			5785		
葙	ɕiɔŋ1	xiong1	xiang1	赣			5418		
葜	kʰat7	kat6	qia1	赣			4732		
葞	mi3	mi3	mi3	赣			5798		
葟	fɔŋ5	fong4	huang2	赣			4381		
葥	tɕien5	jien4	jian4	赣			5454		
葨	ui1	wui1	wei1	赣			5561		
葰	sui1	sui1	sui1	赣			4492		
葲	tɕʰyon2	qyuon2	quan2	赣			5299		
葴	tsɨn1	zen1	zhen1	赣			4983		
葴	tɕin1	jin1	zhen1	赣			5519		
葹	sɿ1	si1	shi1	赣			5593		
葻	lan5	lan4	lan2	赣			4926		
葼	tsuŋ1	zung1	zong1	赣			4274		
葽	ieu3	yeu3	yao1	赣			4070		
葾	yon1	yuon1	yuan1	赣			4302		
葿	mi5	mi4	mei2	赣			5542		
蒀	yn1	yun1	yun1	赣			4382		
蒈	kʰai3	kai3	kai3	赣			4866		
蒎	pʰai3	pai3	pai4	赣			4419		
蒏	in6	yin5	you5	赣			4403		
蒏	ɕyn5	xyun4	you5	赣			4380		
蒒	sɿ1	si1	shi1	赣			4116		
蒖	tsɨn1	zen1	zhen1	赣			4975		
蒖	tɕin1	jin1	zhen1	赣			5191		
蒘	ɵ5	o4	ru2	赣			5123		
蒚	het8	het7	li4	赣			5483		
蒚	lit7	lit6	li4	赣			5310		
蒛	tɕʰyot7	qyuot6	que1	赣			5457		
蒝	ȵyon5	nyuon4	yuan2	赣			4294		
蒠	ɕit7	xit6	xi1	赣			4563		
蒢	tɕʰy2	qyu2	chu2	赣			4981		
蒤	tʰu2	tu2	tu2	赣			5329		
蒥	liu5	liu4	liu2	赣			4616		
蒨	tɕʰien3	qien3	qian4	赣			5734		
蒩	tsu1	zu1	zu1	赣			4248		
蒪	pʰɔʔ7	pok6	po4	赣			4858		
蒫	tsʰo2	co2	cuo2	赣			5164		
蒬	yon1	yuon1	yuan1	赣			4008		
蒮	yt7	yut6	yu4	赣			5754		
蒱	pʰu2	pu2	pu2	赣			5753		
蒳	lat7	lat6	na4	赣			5885		
蒵	ɕi5	xi4	xi2	赣			5078		
蒵	ɕi6	xi5	xi2	赣			5177		
蒻	lɔʔ7	lok6	ruo4	赣			4266		
蒽	ŋien1	ngien1	en1	赣			4919		
蓈	lɔŋ5	long4	lang2	赣			4951		
蓎	tʰɔŋ2	tong2	tang2	赣			4122		
蓏	lo3	lo3	luo3	赣			5066		
蓒	ɕien1	xien1	xuan1	赣			5439		
蓘	kun3	gun3	gun3	赣			4573		
蓨	tʰit7	tit6	tiao2	赣			4545		
蓩	mau3	mau3	mao3	赣			5132		
蓩	muʔ7	muk6	mao3	赣			5275		
蓪	tʰuŋ1	tung1	tong1	赣			5713		
蓫	tsʰuʔ8	cuk7	chu4	赣			5074		
蓰	sɿ3	si3	xi3	赣			4240		
蓰	ɕi3	xi3	xi3	赣			4281		
蓱	pʰin2	pin2	ping2	赣			4567		
蓲	ŋieu1	ngieu1	qiu1	赣			4399		
蓶	ui3	wui3	wei2	赣			4687		
蓶	ui5	wui4	wei2	赣			4862		
蓷	tʰui1	tui1	tui1	赣			4474		
蓷	tsʰui1	cui1	tui1	赣			5021		
蓸	tsʰau2	cau2	cao2	赣			4692		
蓺	ȵi6	ni5	yi4	赣			4523		
蓻	tɕit7	jit6	zi2	赣			4391		
蓾	lu3	lu3	lu3	赣			5161		
蔀	pʰu3	pu3	bu4	赣			4879		
蔀	pʰu6	pu5	bu4	赣			5156		
蔁	tsɔŋ1	zong1	zhang1	赣			5819		
蔂	lui5	lui4	lei2	赣			4793		
蔆	lin5	lin4	ling2	赣			5577		
蔇	tɕi5	ji4	ji4	赣			5596		
蔈	pieu1	bieu1	biao1	赣			4795		
蔊	hon3	hon3	han3	赣			4738		
蔋	tʰit8	tit7	di2	赣			4001		
蔍	luʔ7	luk6	lu4	赣			5114		
蔎	set7	set6	she4	赣			4861		
蔏	sɔŋ1	song1	shang1	赣			4575		
蔕	ti5	di4	di4	赣			4328		
蔖	tsʰu3	cu3	cuo2	赣			5264		
蔖	tsʰo2	co2	cuo2	赣			4076		
蔛	fuʔ8	fuk7	hu2	赣			4739		
蔜	ŋau5	ngau4	ao2	赣			5859		
蔝	mi3	mi3	mi3	赣			5171		
蔠	tsuŋ1	zung1	zhong1	赣			4914		
蔢	pʰo2	po2	po2	赣			5643		
蔤	mit7	mit6	mi4	赣			5272		
蔧	sui6	sui5	hui4	赣			5040		
蔨	tɕʰyon6	qyuon5	juan4	赣			4800		
蔨	tɕʰyn6	qyun5	juan4	赣			4400		
蔩	ien3	yen3	yin2	赣			4554		
蔩	in5	yin4	yin2	赣			4534		
蔪	tɕʰien6	qien5	jian4	赣			5371		
蔮	kui5	gui4	guo2	赣			5466		
蔱	sɿ5	si4	sha1	赣			4797		
蔱	sat7	sat6	sha1	赣			4153		
蔲	kʰieu3	kieu3	kou4	赣			4265		
蔾	li5	li4	li2	赣			5919		
蕀	tɕit7	jit6	ji2	赣			4243		
蕂	sɨn5	sen4	sheng4	赣			5876		
蕂	ɕin5	xin4	sheng4	赣			4259		
蕄	men5	men4	meng2	赣			5676		
蕅	ŋieu3	ngieu3	ou3	赣			4442		
蕇	tien3	dien3	dian3	赣			5525		
蕍	y5	yu4	yu2	赣			5956		
蕑	kan1	gan1	jian1	赣			4060		
蕗	lu6	lu5	lu4	赣			4718		
蕛	tʰi2	ti2	ti2	赣			5559		
蕠	ɵ5	o4	ru2	赣			4073		
蕡	fɨn5	fen4	fen2	赣			5893		
蕡	fun5	fun4	fen2	赣			5205		
蕣	sun5	sun4	shun4	赣			5761		
蕦	ɕy1	xyu1	xu1	赣			4015		
蕧	fuʔ7	fuk6	fu4	赣			5547		
蕧	fuʔ8	fuk7	fu4	赣			5955		
蕫	tuŋ3	dung3	dong3	赣			4753		
蕫	tʰuŋ2	tung2	dong3	赣			5756		
蕬	sɿ1	si1	si1	赣			4969		
蕮	ɕit7	xit6	xi4	赣			5254		
蕵	sun1	sun1	sun1	赣			5570		
蕶	lin5	lin4	ling2	赣			4080		
蕸	ha2	ha2	xia2	赣			5592		
蕼	sɿ5	si4	si4	赣			5305		
薁	yt7	yut6	yu4	赣			4330		
薂	ɕit7	xit6	xi2	赣			5564		
薂	ɕit8	xit7	xi2	赣			5048		
薃	hau6	hau5	hao4	赣			5656		
薉	ui5	wui4	hui4	赣			5402		
薋	tsʰɿ2	ci2	ci2	赣			5505		
薍	uan6	wan5	wan4	赣			4475		
薒	tsʰan3	can3	can4	赣			4233		
薓	sen1	sen1	shen1	赣			4313		
薕	lien5	lien4	lian2	赣			4548		
薖	kʰuo1	kuo1	ke1	赣			4901		
薙	tʰi3	ti3	ti4	赣			5942		
薚	tʰɔŋ1	tong1	tang1	赣			5673		
薞	sun1	sun1	sun1	赣			4125		
薠	fan5	fan4	fan2	赣			5678		
薡	tin3	din3	ding3	赣			5460		
薢	kai3	gai3	xie4	赣			5121		
薧	kʰau3	kau3	hao1	赣			5707		
薧	hau1	hau1	hao1	赣			4909		
薫	ɕyn1	xyun1	xun1	赣			5787		
薫	ɕyn5	xyun4	xun1	赣			4466		
薱	tʰui6	tui5	dui4	赣			4393		
薲	pʰin2	pin2	pin2	赣			4651		
薶	mai5	mai4	mai2	赣			5435		
薷	ɵ3	o3	ru2	赣			4938		
薷	ɵ5	o4	ru2	赣			4855		
薸	pʰieu2	pieu2	piao2	赣			5491		
薻	tsau3	zau3	zao3	赣			5792		
薽	tsɨn1	zen1	zhen1	赣			4200		
薾	ȵi3	ni3	er3	赣			5689		
薿	ȵi3	ni3	ni3	赣			4119		
薿	ȵit7	nit6	ni3	赣			4687		
藂	tsʰuŋ2	cung2	cong2	赣			5297		
藃	hau3	hau3	xiao1	赣			5892		
藄	tɕʰi2	qi2	qi2	赣			4453		
藅	fat8	fat7	fa2	赣			5624		
藆	tɕien3	jien3	jian3	赣			4735		
藇	y3	yu3	xu4	赣			4456		
藈	kʰui1	kui1	kui2	赣			5118		
藊	pien3	bien3	bian3	赣			4910		
藋	tʰieu6	tieu5	diao4	赣			5739		
藑	tɕʰiuŋ2	qiung2	qiong2	赣			4785		
藒	tɕʰiet7	qiet6	qie4	赣			5118		
藖	han2	han2	xian2	赣			5759		
藖	han6	han5	xian2	赣			4387		
藗	suʔ7	suk6	su4	赣			5457		
藘	li5	li4	lv2	赣			4200		
藙	ȵi6	ni5	yi4	赣			4965		
藚	ɕiuʔ8	xiuk7	xu4	赣			5683		
藞	la3	la3	la3	赣			5618		
藟	lui3	lui3	lei3	赣			5766		
藣	pi1	bi1	bei1	赣			5448		
藣	pi5	bi4	bei1	赣			5016		
藨	pieu1	bieu1	biao1	赣			5101		
藫	tʰan2	tan2	tan2	赣			5103		
藬	tʰui1	tui1	tui1	赣			5202		
藮	tɕʰieu2	qieu2	qiao2	赣			4122		
藳	kau3	gau3	gao3	赣			4943		
藸	tɕy1	jyu1	chu2	赣			5491		
藸	tɕʰy2	qyu2	chu2	赣			4887		
藾	lai6	lai5	lai4	赣			4977		
蘂	lui3	lui3	rui3	赣			4216		
蘈	tʰui2	tui2	tui2	赣			5513		
蘉	mɔŋ5	mong4	meng2	赣			5943		
蘌	ȵy3	nyu3	yu3	赣			4676		
蘗	pet7	bet6	bo4	赣			5160		
蘙	i5	yi4	yi4	赣			5621		
蘛	yt7	yut6	yu2	赣			4759		
蘜	tɕiuʔ7	jiuk6	ju2	赣			4722		
蘠	tɕʰiɔŋ2	qiong2	qiang2	赣			4863		
蘡	in1	yin1	ying1	赣			5825		
蘣	tʰeu3	teu3	tou3	赣			5887		
蘤	ui3	wui3	hua1	赣			5799		
蘥	iɔʔ7	yok6	yue4	赣			4306		
蘦	lin5	lin4	ling2	赣			5726		
蘨	ieu5	yeu4	yao2	赣			5740		
蘨	iu5	yiu4	yao2	赣			5109		
蘪	mi5	mi4	mei2	赣			5106		
蘫	lan5	lan4	han4	赣			5954		
蘫	hon3	hon3	han4	赣			5596		
蘬	kʰui1	kui1	kui1	赣			5831		
蘬	kʰui3	kui3	kui1	赣			4045		
蘮	tɕi5	ji4	ji4	赣			4616		
蘱	lui6	lui5	lei4	赣			5718		
蘳	fa6	fa5	hui1	赣			5780		
蘳	fɨi1	fei1	hui1	赣			4431		
蘳	fɨi1	fei1	hui1	赣			5887		
蘴	fuŋ1	fung1	feng1	赣			4667		
蘹	fai5	fai4	huai2	赣			5956		
蘻	tɕi5	ji4	ji4	赣			4403		
蘽	lui3	lui3	lei3	赣			4488		
蘾	fai6	fai5	huai4	赣			4568		
虂	lu6	lu5	lu4	赣			4469		
虃	tɕien1	jien1	jian1	赣			5920		
虇	tɕʰyon3	qyuon3	quan3	赣			4402		
虈	ɕieu1	xieu1	xiao1	赣			4798		
虋	mɨn5	men4	men2	赣			5918		
虌	piet7	biet6	bie1	赣			5218		
虍	fu1	fu1	hu1	赣			4326		
虒	sɿ1	si1	si1	赣			5218		
虓	hau1	hau1	xiao1	赣			5083		
虖	fu1	fu1	hu1	赣			5354		
虘	tsʰo2	co2	cuo2	赣			4164		
虙	fuʔ8	fuk7	fu2	赣			4070		
虡	tɕʰy6	qyu5	ju4	赣			4032		
虣	pʰau6	pau5	bao4	赣			4575		
虤	ŋan5	ngan4	yan2	赣			4525		
虥	tsʰan6	can5	zhan4	赣			4630		
虨	pin1	bin1	bin1	赣			5215		
虩	set7	set6	xi4	赣			4184		
虩	ɕit7	xit6	xi4	赣			5594		
虪	suʔ7	suk6	shu4	赣			4810		
虴	tset7	zet6	zhe2	赣			5378		
虵	ia3	ya3	she2	赣			4562		
虶	y1	yu1	yu1	赣			4507		
虷	hon2	hon2	han2	赣			4393		
虸	tsɿ3	zi3	zi3	赣			4261		
虻	men5	men4	meng2	赣			4132		
蚃	ɕiɔŋ3	xiong3	xiang3	赣			5794		
蚃	ɕiɔŋ5	xiong4	xiang3	赣			5747		
蚄	fɔŋ1	fong1	fang1	赣			4155		
蚅	ŋiet7	ngiet6	e4	赣			4946		
蚆	pa1	ba1	ba1	赣			5477		
蚆	pʰa1	pa1	ba1	赣			4730		
蚇	tsʰət7	cet6	chi3	赣			4075		
蚇	tɕʰit7	qit6	chi3	赣			4601		
蚈	tɕʰien1	qien1	qian1	赣			4762		
蚋	lui6	lui5	rui4	赣			5574		
蚏	yot7	yuot6	yue4	赣			4581		
蚑	tɕʰi2	qi2	qi2	赣			4492		
蚑	tɕʰi3	qi3	qi2	赣			5984		
蚖	uon5	won4	yuan2	赣			5789		
蚖	ȵyon5	nyuon4	yuan2	赣			4957		
蚗	tɕyot7	jyuot6	jue2	赣			5317		
蚘	fɨi5	fei4	hui2	赣			5643		
蚘	fɨi5	fei4	hui2	赣			4557		
蚚	tɕʰi2	qi2	qi2	赣			4471		
蚚	fɨi6	fei5	qi2	赣			4836		
蚚	fɨi6	fei5	qi2	赣			4427		
蚞	muʔ7	muk6	mu4	赣			4143		
蚟	uɔŋ5	wong4	wang2	赣			5853		
蚡	fɨn5	fen4	fen2	赣			4487		
蚢	kʰɔŋ3	kong3	hang2	赣			4837		
蚥	fu3	fu3	fu4	赣			5527		
蚥	fu6	fu5	fu4	赣			5540		
蚧	kai5	gai4	jie4	赣			5135		
蚭	ȵi5	ni4	ni2	赣			5740		
蚲	pʰin2	pin2	ping2	赣			5450		
蚳	tsʰɿ2	ci2	chi2	赣			5353		
蚵	kʰo3	ko3	he2	赣			5764		
蚵	ho2	ho2	he2	赣			5266		
蚹	fu6	fu5	fu4	赣			5946		
蚼	tɕʰy2	qyu2	gou3	赣			4495		
蚼	heu3	heu3	gou3	赣			5277		
蚿	ɕien5	xien4	xian2	赣			4457		
蛁	tieu1	dieu1	diao1	赣			5998		
蛂	pʰiet8	piet7	bie2	赣			4829		
蛃	pin3	bin3	bing3	赣			5492		
蛅	len5	len4	zhan1	赣			4203		
蛈	tʰiet7	tiet6	tie3	赣			4920		
蛒	kiet7	giet6	ge2	赣			5550		
蛓	tsʰɿ3	ci3	ci4	赣			4889		
蛕	fɨi3	fei3	hui2	赣			4595		
蛕	fɨi5	fei4	hui2	赣			4282		
蛕	fɨi3	fei3	hui2	赣			4569		
蛕	fɨi5	fei4	hui2	赣			4721		
蛖	mɔŋ5	mong4	mang2	赣			5358		
蛚	liet7	liet6	lie4	赣			5616		
蛜	i1	yi1	yi1	赣			5182		
蛝	han2	han2	xian2	赣			5790		
蛡	it7	yit6	yi4	赣			5056		
蛢	pʰin2	pin2	ping2	赣			4423		
蛣	tɕʰit7	qit6	qi1	赣			4016		
蛦	i5	yi4	yi2	赣			5005		
蛧	uɔŋ3	wong3	wang3	赣			5112		
蛨	met7	met6	mo4	赣			5903		
蛪	tɕʰiet7	qiet6	qie4	赣			5782		
蛫	kui3	gui3	gui3	赣			4198		
蛬	kuŋ3	gung3	qiong2	赣			4751		
蛬	tɕʰiuŋ2	qiung2	qiong2	赣			5031		
蛵	ɕin1	xin1	xing1	赣			5701		
蛶	lot7	lot6	jie4	赣			4047		
蛷	tɕʰiu2	qiu2	qiu2	赣			5507		
蜁	ɕyon5	xyuon4	xuan2	赣			5855		
蜅	pʰu2	pu2	fu3	赣			5461		
蜅	fu3	fu3	fu3	赣			4081		
蜋	lɔŋ5	long4	lang2	赣			5542		
蜋	liɔŋ5	liong4	lang2	赣			4952		
蜏	ɕiu5	xiu4	you3	赣			4841		
蜐	tɕiet7	jiet6	jie2	赣			5539		
蜑	tʰan6	tan5	dan4	赣			4307		
蜙	suŋ1	sung1	song1	赣			5098		
蜛	tɕy1	jyu1	ju1	赣			5431		
蜝	tɕʰi2	qi2	qi2	赣			5428		
蜞	tɕʰi2	qi2	qi2	赣			4929		
蜟	yt7	yut6	yu4	赣			4555		
蜠	tɕʰyn1	qyun1	jun4	赣			4187		
蜠	tɕʰyn6	qyun5	jun4	赣			4182		
蜤	sɿ1	si1	si1	赣			5800		
蜦	lɨn5	len4	lun2	赣			4244		
蜧	li6	li5	li4	赣			5701		
蜨	ɕiet7	xiet6	die2	赣			5243		
蜪	tʰau1	tau1	tao2	赣			4927		
蜪	tʰau2	tau2	tao2	赣			5256		
蜫	kun1	gun1	kun1	赣			5742		
蜬	kon1	gon1	han2	赣			4065		
蜬	hon2	hon2	han2	赣			5783		
蜭	hon6	hon5	han4	赣			4727		
蜯	pʰɔŋ6	pong5	bang4	赣			5995		
蜰	fɨi3	fei3	fei2	赣			4502		
蜰	fɨi5	fei4	fei2	赣			5874		
蜰	fɨi3	fei3	fei2	赣			5081		
蜰	fɨi5	fei4	fei2	赣			5453		
蜲	ui1	wui1	wei1	赣			5103		
蜲	ui3	wui3	wei1	赣			5384		
蜸	tɕʰien3	qien3	qian3	赣			4347		
蜹	lui6	lui5	rui4	赣			5292		
蜺	ȵi5	ni4	ni2	赣			10725		
蜺	ȵiet7	niet6	ni2	赣			9088		
蜼	ui6	wui5	wei4	赣			4835		
蜽	liɔŋ3	liong3	liang3	赣			4623		
蝁	ŋɔʔ7	ngok6	e4	赣			4513		
蝂	pan3	ban3	ban3	赣			5255		
蝃	ti5	di4	di4	赣			5605		
蝃	tsot7	zot6	di4	赣			4100		
蝆	mi3	mi3	yang3	赣			4707		
蝆	iɔŋ3	yong3	yang3	赣			5029		
蝍	tɕiet7	jiet6	jie2	赣			4839		
蝍	tɕit7	jit6	jie2	赣			5776		
蝑	ɕy1	xyu1	xu1	赣			4743		
蝑	ɕia5	xia4	xu1	赣			5051		
蝒	mien5	mien4	mian2	赣			5178		
蝔	kai1	gai1	jie1	赣			4235		
蝔	hai2	hai2	jie1	赣			5827		
蝖	ɕyon1	xyuon1	xuan1	赣			5968		
蝘	ien3	yen3	yan3	赣			4203		
蝚	leu5	leu4	rou2	赣			4820		
蝛	ui1	wui1	wei1	赣			4512		
蝜	fu6	fu5	fu4	赣			5207		
蝝	yon5	yuon4	yuan2	赣			5630		
蝞	mi6	mi5	mei4	赣			5560		
蝡	ȵyon3	nyuon3	ru2	赣			5990		
蝩	tsʰuŋ2	cung2	chong2	赣			5947		
蝪	tʰɔŋ1	tong1	tang1	赣			5488		
蝬	tsuŋ1	zung1	zong1	赣			5172		
蝭	ti5	di4	ti2	赣			5904		
蝭	tʰi2	ti2	ti2	赣			4003		
蝯	yon5	yuon4	yuan2	赣			5073		
蝱	men5	men4	meng2	赣			4916		
蝲	lat7	lat6	la4	赣			4327		
蝳	tʰuʔ8	tuk7	du2	赣			4905		
蝷	lit7	lit6	li4	赣			4862		
蝹	ŋau3	ngau3	yun1	赣			5424		
蝹	yn1	yun1	yun1	赣			5254		
蝻	lan3	lan3	nan3	赣			4819		
蝽	tsʰun1	cun1	chun1	赣			4224		
螀	tɕiɔŋ1	jiong1	jiang1	赣			4001		
螅	ɕit7	xit6	xi1	赣			5454		
螆	tsʰɿ3	ci3	ci4	赣			4774		
螇	tɕʰi1	qi1	xi1	赣			5478		
螇	ɕi5	xi4	xi1	赣			5785		
螈	ȵyon5	nyuon4	yuan2	赣			4450		
螉	uŋ1	wung1	weng1	赣			4852		
螌	pan1	ban1	ban1	赣			5764		
螐	u1	wu1	wu1	赣			4559		
螒	hon6	hon5	han4	赣			4235		
螔	sɿ1	si1	yi2	赣			5948		
螔	i5	yi4	yi2	赣			4426		
螕	pi1	bi1	bi1	赣			4437		
螖	fat8	fat7	hua2	赣			4480		
螘	ȵi3	ni3	yi3	赣			4058		
螘	ȵi6	ni5	yi3	赣			5453		
螙	tu5	du4	du4	赣			5104		
螚	lai6	lai5	nai4	赣			4689		
螜	fuʔ8	fuk7	hu2	赣			4808		
螝	kui1	gui1	gui1	赣			5153		
螡	uen5	wun4	wen2	赣			4769		
螨	mon3	mon3	man3	赣			5300		
螪	sɔŋ1	song1	shang1	赣			4887		
螰	luʔ7	luk6	lu4	赣			5027		
螱	ui5	wui4	wei4	赣			5610		
螲	tset7	zet6	zhi4	赣			5204		
螲	tɕit7	jit6	zhi4	赣			5958		
螶	tɕʰy2	qyu2	qu2	赣			5399		
螷	pʰi2	pi2	pi2	赣			4199		
螷	pʰin6	pin5	pi2	赣			4019		
螸	y5	yu4	yu2	赣			4788		
螹	tɕʰien2	qien2	jian4	赣			4006		
螹	tɕʰien6	qien5	jian4	赣			4452		
螾	in3	yin3	yin3	赣			5167		
螾	in5	yin4	yin3	赣			4595		
蟁	uen5	wun4	wen2	赣			4676		
蟃	uan6	wan5	wan4	赣			4850		
蟅	tsa5	za4	zhe4	赣			5040		
蟉	liu5	liu4	liu2	赣			5392		
蟌	tsʰuŋ1	cung1	cong1	赣			5743		
蟍	li5	li4	li2	赣			4337		
蟏	ɕieu1	xieu1	xiao1	赣			4084		
蟑	tsɔŋ1	zong1	zhang1	赣			4897		
蟓	sɔŋ5	song4	xiang4	赣			5569		
蟓	ɕiɔŋ6	xiong5	xiang4	赣			4484		
蟗	tɕʰiu1	qiu1	qiu1	赣			4116		
蟙	tset7	zet6	zhi2	赣			5313		
蟙	tɕit7	jit6	zhi2	赣			4231		
蟚	pʰen2	pen2	peng2	赣			5738		
蟛	pʰen2	pen2	peng2	赣			5689		
蟝	tɕʰy2	qyu2	qu2	赣			4084		
蟟	lieu5	lieu4	liao2	赣			5049		
蟡	kui3	gui3	gui3	赣			5660		
蟡	ui1	wui1	gui3	赣			4649		
蟤	tson1	zon1	zhuan1	赣			4601		
蟦	fɨi5	fei4	fei2	赣			5471		
蟦	fɨi6	fei5	fei2	赣			5341		
蟦	fɨi5	fei4	fei2	赣			4754		
蟦	fɨi6	fei5	fei2	赣			4779		
蟧	lau5	lau4	lao2	赣			5450		
蟧	lieu5	lieu4	lao2	赣			4787		
蟨	tɕyot7	jyuot6	jue2	赣			5276		
蟩	tɕyot7	jyuot6	jue2	赣			5032		
蟫	tʰan2	tan2	yin2	赣			4676		
蟫	in5	yin4	yin2	赣			5876		
蟭	tɕieu1	jieu1	jiao1	赣			5968		
蟮	sen6	sen5	shan4	赣			5535		
蟰	ɕieu1	xieu1	xiao1	赣			5652		
蟰	ɕiuʔ7	xiuk6	xiao1	赣			4542		
蟴	sɿ1	si1	si1	赣			4422		
蟷	tɔŋ1	dong1	dang1	赣			4509		
蟺	sen6	sen5	shan4	赣			5101		
蟼	tɕin1	jin1	jing3	赣			5439		
蟿	tɕʰi3	qi3	qi4	赣			5020		
蠇	li6	li5	li4	赣			4171		
蠈	tsʰet8	cet7	zei2	赣			5565		
蠉	ɕyon1	xyuon1	xuan1	赣			4302		
蠉	ɕyon3	xyuon3	xuan1	赣			5046		
蠌	tsʰet8	cet7	ze2	赣			4346		
蠎	mɔŋ3	mong3	mang3	赣			5976		
蠒	tɕien3	jien3	jian3	赣			5197		
蠗	tsʰɔʔ7	cok6	zhuo2	赣			4206		
蠗	tsʰɔʔ8	cok7	zhuo2	赣			5663		
蠚	tsʰɔʔ7	cok6	he1	赣			4887		
蠚	hɔʔ7	hok6	he1	赣			5585		
蠛	miet7	miet6	mie4	赣			4829		
蠜	fan5	fan4	fan2	赣			4852		
蠞	tɕʰiet8	qiet7	jie2	赣			5795		
蠥	ȵiet7	niet6	nie4	赣			5139		
蠩	tɕy1	jyu1	zhu1	赣			4570		
蠪	luŋ5	lung4	long2	赣			5113		
蠭	fuŋ1	fung1	feng1	赣			5184		
蠮	iet7	yet6	ye1	赣			5699		
蠯	pʰi2	pi2	pi2	赣			5915		
蠰	lɔŋ3	long3	nang2	赣			5492		
蠵	fɨi5	fei4	xi1	赣			4066		
蠵	fɨi5	fei4	xi1	赣			5563		
蠵	ui5	wui4	xi1	赣			4633		
蠷	tɕʰy2	qyu2	qu2	赣			5813		
蠸	tɕʰyon2	qyuon2	quan2	赣			5725		
蠼	tɕʰy2	qyu2	qu2	赣			4202		
蠼	tɕiɔʔ7	jiok6	qu2	赣			4899		
蠽	tɕiet7	jiet6	jie2	赣			5792		
衁	fɔŋ1	fong1	huang1	赣			5388		
衃	pʰi1	pi1	pei1	赣			4232		
衇	met7	met6	mai4	赣			4600		
衈	ɵ6	o5	er4	赣			4998		
衋	ɕit7	xit6	xi4	赣			5343		
衎	kʰon3	kon3	kan4	赣			5835		
衒	ɕyon6	xyuon5	xuan4	赣			5365		
衖	hɔŋ6	hong5	xiang4	赣			5434		
衞	ui6	wui5	wei4	赣			5815		
衟	tʰau6	tau5	dao4	赣			4372		
衤	i1	yi1	yi1	赣			4074		
衦	kon3	gon3	gan3	赣			4774		
衪	i3	yi3	yi2	赣			5649		
衪	i5	yi4	yi2	赣			4493		
衭	fu1	fu1	fu1	赣			5860		
衯	fɨn1	fen1	fen1	赣			5917		
衯	fun1	fun1	fen1	赣			5941		
衱	tɕiet7	jiet6	jie2	赣			5716		
衱	tɕʰiet8	qiet7	jie2	赣			4881		
衳	tsuŋ1	zung1	zhong1	赣			4333		
衴	tan3	dan3	dan3	赣			4322		
衵	ȵit7	nit6	yi4	赣			5757		
衸	kai5	gai4	jie4	赣			4458		
衸	hai6	hai5	jie4	赣			4655		
衹	tsɿ1	zi1	zhi3	赣			5309		
衹	tɕʰi2	qi2	zhi3	赣			4391		
衺	ɕia5	xia4	xie2	赣			5905		
衼	tsɿ1	zi1	zhi1	赣			5894		
袀	tɕyn1	jyun1	jun1	赣			4593		
袉	tʰo2	to2	tuo2	赣			4040		
袊	lin3	lin3	ling3	赣			5733		
袌	pʰau2	pau2	bao4	赣			5728		
袌	pʰau6	pau5	bao4	赣			5573		
袎	ŋau5	ngau4	yao4	赣			4411		
袏	tso5	zo4	zuo4	赣			4752		
袑	seu6	seu5	shao4	赣			5041		
袓	tɕʰy6	qyu5	ju4	赣			4660		
袓	tɕia1	jia1	ju4	赣			5108		
袔	ho6	ho5	he4	赣			4412		
袕	ɕyot8	xyuot7	xue2	赣			4380		
袕	sut8	sut7	xue2	赣			4234		
袚	fɨi5	fei4	bo1	赣			5807		
袚	fɨi5	fei4	bo1	赣			4872		
袚	pot7	bot6	bo1	赣			4275		
袛	ti1	di1	di1	赣			5991		
袝	fu6	fu5	fu4	赣			5558		
袠	tsʰɿt8	cit7	zhi4	赣			5518		
袠	tɕʰit8	qit7	zhi4	赣			5982		
袡	len5	len4	ran2	赣			5093		
袣	i6	yi5	yi4	赣			4045		
袥	tʰɔʔ7	tok6	tuo1	赣			4565		
袦	lot7	lot6	na4	赣			4952		
袨	ɕyon6	xyuon5	xuan4	赣			5013		
袲	tsʰɿ3	ci3	chi3	赣			4727		
袳	tsʰɿ3	ci3	chi3	赣			4838		
袴	kʰu3	ku3	ku4	赣			4447		
袵	len3	len3	ren4	赣			4921		
袵	ȵin3	nin3	ren4	赣			5477		
袷	kat7	gat6	jia2	赣			4080		
袷	tɕiet7	jiet6	jia2	赣			5643		
袸	tɕʰien6	qien5	jian4	赣			5323		
袸	tsʰun2	cun2	jian4	赣			4192		
袹	met7	met6	bo2	赣			4728		
袺	kat7	gat6	jie2	赣			4368		
袺	tɕiet7	jiet6	jie2	赣			5172		
袽	ȵy5	nyu4	ru2	赣			4414		
袾	tɕy1	jyu1	zhu1	赣			4690		
袾	tɕʰy1	qyu1	zhu1	赣			4953		
袿	kui1	gui1	gui1	赣			5411		
裀	in1	yin1	yin1	赣			5933		
裋	ɕy6	xyu5	shu4	赣			5996		
裌	kat7	gat6	jia2	赣			4925		
裍	kʰun3	kun3	kun3	赣			5553		
裓	kiet7	giet6	ge2	赣			4349		
裖	tsɛn3	zen3	zhen3	赣			4580		
裖	tɕin3	jin3	zhen3	赣			4335		
裗	liu5	liu4	liu2	赣			4975		
裛	iet7	yet6	yi4	赣			5364		
裛	it7	yit6	yi4	赣			5645		
裞	tʰui3	tui3	shui4	赣			5049		
裞	sui5	sui4	shui4	赣			5541		
裠	tɕʰyn2	qyun2	qun2	赣			4935		
裢	lien5	lien4	lian2	赣			5655		
裣	lien5	lien4	lian3	赣			5679		
裧	tʰan3	tan3	chan1	赣			5504		
裪	tʰau2	tau2	tao2	赣			5985		
裫	yon5	yuon4	yuan4	赣			4000		
裮	tsʰɔŋ1	cong1	chang1	赣			4912		
裯	tsʰɛu2	ceu2	chou2	赣			4731		
裲	liɔŋ3	liong3	liang3	赣			4998		
裶	fɨi1	fei1	fei1	赣			5795		
裶	fɨi1	fei1	fei1	赣			5513		
裷	tɕʰyon3	qyuon3	yuan1	赣			4138		
裷	yon1	yuon1	yuan1	赣			4143		
裺	ien3	yen3	yan3	赣			5803		
裺	ien5	yen4	yan3	赣			5500		
裻	tuʔ7	duk6	du2	赣			5776		
裻	suʔ7	suk6	du2	赣			4207		
褆	sɿ6	si5	ti2	赣			4466		
褈	tsʰuŋ1	cung1	chong2	赣			4490		
褈	tsʰuŋ2	cung2	chong2	赣			5565		
褉	ɕiet7	xiet6	xie4	赣			5863		
褋	tʰiet8	tiet7	die2	赣			5262		
褍	to3	do3	duan1	赣			4319		
褍	ton1	don1	duan1	赣			4846		
褎	iu6	yiu5	xiu4	赣			4458		
褑	yon6	yuon5	yuan4	赣			5113		
褔	fu5	fu4	fu4	赣			5369		
褕	y5	yu4	yu2	赣			5217		
褕	ieu5	yeu4	yu2	赣			5094		
褖	tʰon3	ton3	tuan4	赣			4611		
褗	ien3	yen3	yan3	赣			5561		
褗	ien5	yen4	yan3	赣			5748		
褞	yn3	yun3	yun3	赣			4941		
褠	kieu1	gieu1	gou1	赣			4671		
褢	fai5	fai4	huai2	赣			4421		
褣	iuŋ5	yung4	rong2	赣			5912		
褧	kʰuen3	kun3	jiong3	赣			4241		
褧	tɕʰiuŋ3	qiung3	jiong3	赣			4026		
褨	so3	so3	suo3	赣			5727		
褭	ȵieu3	nieu3	niao3	赣			5381		
褮	in5	yin4	ying1	赣			5976		
褱	fai5	fai4	huai2	赣			4343		
褵	li5	li4	li2	赣			5554		
褷	sɿ1	si1	shi1	赣			5537		
褹	ȵi6	ni5	yi4	赣			4218		
褹	lai6	lai5	yi4	赣			5032		
褺	tʰiet8	tiet7	die1	赣			4426		
褽	ui5	wui4	wei4	赣			4597		
褾	pieu3	bieu3	biao3	赣			5536		
褿	tsʰau2	cau2	cao2	赣			5006		
襃	pau1	bau1	bao1	赣			4292		
襆	puʔ7	buk6	fu2	赣			5370		
襆	fuʔ8	fuk7	fu2	赣			4813		
襈	tsʰon6	con5	zhuan4	赣			5566		
襈	tɕʰyon6	qyuon5	zhuan4	赣			4119		
襊	tsʰui3	cui3	cui4	赣			5777		
襊	tsʰot7	cot6	cui4	赣			5573		
襋	tɕit7	jit6	ji2	赣			5716		
襌	tan1	dan1	dan1	赣			4070		
襎	fan5	fan4	fan2	赣			4582		
襐	ɕiɔŋ6	xiong5	xiang4	赣			4195		
襑	tʰan3	tan3	xin2	赣			5142		
襑	ɕin5	xin4	xin2	赣			5715		
襒	pʰiet8	piet7	bie2	赣			5246		
襚	sui6	sui5	sui4	赣			4246		
襛	luŋ5	lung4	nong2	赣			5695		
襜	tsʰen1	cen1	chan1	赣			5712		
襜	tsʰen3	cen3	chan1	赣			4742		
襡	tʰuʔ8	tuk7	shu3	赣			4769		
襢	tʰan6	tan5	tan3	赣			4580		
襣	pʰi6	pi5	bi4	赣			4695		
襩	suʔ8	suk7	shu3	赣			5008		
襫	sɛt7	set6	shi4	赣			4429		
襫	ɕit7	xit6	shi4	赣			5323		
襭	ɕiet8	xiet7	xie2	赣			5036		
襮	pɔʔ7	bok6	bo2	赣			4094		
襮	puʔ7	buk6	bo2	赣			4437		
襱	luŋ5	lung4	long2	赣			4833		
襳	sen1	sen1	xian1	赣			4803		
襸	tsan5	zan4	zan4	赣			4954		
襸	tsʰon2	con2	zan4	赣			4197		
襹	sɿ1	si1	shi1	赣			5166		
襹	sɿ5	si4	shi1	赣			5668		
襺	tɕien3	jien3	jian3	赣			4490		
襾	ŋa5	nga4	ya4	赣			5205		
襾	ha3	ha3	ya4	赣			5471		
覀	ŋa5	nga4	xi1	赣			5078		
覀	ha3	ha3	xi1	赣			5792		
覂	fuŋ3	fung3	feng3	赣			4987		
覅	mieu6	mieu5	fiao4	赣			4236		
覇	pa5	ba4	ba4	赣			5785		
覒	mau6	mau5	mao4	赣			4634		
覕	pen5	ben4	mie4	赣			4589		
覕	miet7	miet6	mie4	赣			4346		
覗	sɿ1	si1	si4	赣			4408		
覗	sɿ5	si4	si4	赣			4368		
覜	tʰieu3	tieu3	tiao4	赣			5019		
覝	lien5	lien4	lian2	赣			5069		
覞	ieu6	yeu5	yao4	赣			4738		
覢	sen3	sen3	shan3	赣			5303		
覣	ui1	wui1	wei1	赣			4495		
覩	tu3	du3	du3	赣			5757		
覭	min5	min4	ming2	赣			5093		
覭	mit7	mit6	ming2	赣			5042		
覮	pʰən1	pen1	ying2	赣			4100		
覰	tɕʰy3	qyu3	qu1	赣			5369		
覱	tsan5	zan4	zhan4	赣			5464		
覵	kan5	gan4	jian4	赣			4823		
覸	kan5	gan4	jian1	赣			5726		
觃	ien5	yen4	yan4	赣			5138		
觑	tɕʰy3	qyu3	qu4	赣			4866		
觓	tɕʰiu2	qiu2	qiu2	赣			4624		
觔	tɕin1	jin1	jin1	赣			5000		
觕	tsʰuʔ7	cuk6	cu1	赣			4576		
觛	tʰan6	tan5	dan4	赣			5780		
觝	ti3	di3	di3	赣			5502		
觟	fa6	fa5	hua4	赣			4699		
觠	tɕyon5	jyuon4	quan2	赣			4417		
觠	tɕʰyon2	qyuon2	quan2	赣			4657		
觡	kiet7	giet6	ge2	赣			4899		
觢	sɿ6	si5	shi4	赣			4948		
觢	ɕi6	xi5	shi4	赣			4052		
觤	kui3	gui3	gui3	赣			5484		
觩	tɕʰiu2	qiu2	qiu2	赣			4483		
觪	ɕyn1	xyun1	xing1	赣			5981		
觫	suʔ7	suk6	su4	赣			4572		
觬	ȵi3	ni3	ni2	赣			4840		
觬	ȵi5	ni4	ni2	赣			4436		
觭	tɕʰi1	qi1	ji1	赣			4703		
觭	tɕʰi3	qi3	ji1	赣			5523		
觰	tsa1	za1	zha1	赣			4407		
觰	tsa3	za3	zha1	赣			5197		
觵	kuen1	gun1	gong1	赣			4961		
觷	hɔʔ7	hok6	xue2	赣			4173		
觺	ȵi5	ni4	yi2	赣			5854		
觺	ȵit7	nit6	yi2	赣			5108		
觻	lit7	lit6	li4	赣			5949		
觻	luʔ7	luk6	li4	赣			4275		
觼	tɕyot7	jyuot6	jue2	赣			5600		
觿	fɨi1	fei1	xi1	赣			4897		
觿	fɨi5	fei4	xi1	赣			4915		
觿	fɨi1	fei1	xi1	赣			4352		
觿	fɨi5	fei4	xi1	赣			4271		
訅	tɕʰiu2	qiu2	qiu2	赣			5236		
訆	tɕieu3	jieu3	jiao4	赣			5640		
訍	tsʰai3	cai3	chai4	赣			5364		
訔	ȵin5	nin4	yin2	赣			5183		
訙	ɕin5	xin4	xun4	赣			4850		
訚	ȵin5	nin4	yin2	赣			5329		
訠	sɨn3	sen3	shen3	赣			5022		
訠	ɕin3	xin3	shen3	赣			4932		
訡	ȵin5	nin4	yin2	赣			5162		
訦	sen6	sen5	chen2	赣			5196		
訧	iu5	yiu4	you2	赣			4733		
訬	tsʰau1	cau1	chao1	赣			4815		
訬	mieu3	mieu3	chao1	赣			5209		
訮	ɕien1	xien1	yan2	赣			5990		
訰	tsun1	zun1	zhun4	赣			4930		
訰	tsun5	zun4	zhun4	赣			5603		
訵	tsʰɿ1	ci1	chi1	赣			5438		
訵	tsʰɿ3	ci3	chi1	赣			5516		
訷	sɨn1	sen1	shen1	赣			4933		
訷	ɕin1	xin1	shen1	赣			5254		
訹	ɕyt7	xyut6	xu4	赣			5098		
訽	heu3	heu3	gou4	赣			5904		
訽	heu6	heu5	gou4	赣			4923		
訿	tsɿ3	zi3	zi3	赣			5862		
詃	tɕyon3	jyuon3	jian3	赣			4865		
詄	tʰiet8	tiet7	die2	赣			5355		
詅	lin5	lin4	ling2	赣			4920		
詅	lin6	lin5	ling2	赣			4092		
詇	iɔŋ3	yong3	yang4	赣			5191		
詉	la5	la4	nao2	赣			5689		
詍	i6	yi5	yi4	赣			4018		
詜	tʰau1	tau1	tao1	赣			4688		
詟	tset7	zet6	zhe2	赣			4618		
詤	fɔŋ3	fong3	huang3	赣			4691		
詥	hot8	hot7	he2	赣			4145		
詧	tsʰat8	cat7	cha2	赣			4616		
詧	tɕʰiet7	qiet6	cha2	赣			4065		
詨	hau6	hau5	xiao4	赣			4726		
詯	fɨi3	fei3	hui4	赣			4093		
詯	fɨi6	fei5	hui4	赣			5001		
詯	fɨi3	fei3	hui4	赣			5710		
詯	fɨi6	fei5	hui4	赣			4872		
詶	tsʰɛu2	ceu2	zhou4	赣			5119		
詺	min6	min5	ming4	赣			4258		
詻	ŋiet7	ngiet6	e4	赣			5274		
詻	liɔʔ7	liok6	e4	赣			4562		
詽	ŋan5	ngan4	yan2	赣			4121		
詾	ɕiuŋ3	xiung3	xiong1	赣			5109		
誀	ɵ5	o4	er4	赣			5190		
誀	ɵ6	o5	er4	赣			4751		
誃	tsʰɿ2	ci2	yi2	赣			4901		
誃	tsʰɿ3	ci3	yi2	赣			4259		
誎	tɕʰiuʔ7	qiuk6	cu4	赣			5992		
誏	lɔŋ3	long3	lang3	赣			5925		
誐	ŋo5	ngo4	e2	赣			4036		
誔	tʰin6	tin5	ting3	赣			5731		
誖	pʰi6	pi5	bei4	赣			5998		
誗	tsʰen2	cen2	chan2	赣			5739		
誙	kʰien1	kien1	keng1	赣			4393		
誜	sa5	sa4	shua4	赣			5614		
誧	pʰu3	pu3	bu1	赣			4554		
誩	tɕʰin6	qin5	jing4	赣			5903		
誱	tɕʰiet8	qiet7	jie2	赣			5642		
誻	tʰat8	tat7	ta4	赣			5423		
誽	lai5	lai4	ni4	赣			4050		
諀	pʰi3	pi3	pi3	赣			4314		
諅	tɕi1	ji1	ji4	赣			5554		
諅	tɕʰi6	qi5	ji4	赣			5692		
諆	tɕi1	ji1	qi1	赣			5960		
諈	tsui5	zui4	zhui4	赣			4382		
諊	tɕiuʔ7	jiuk6	ju1	赣			4958		
諎	tsʰo3	co3	ze2	赣			4452		
諎	tset7	zet6	ze2	赣			5031		
諐	tɕʰien1	qien1	qian1	赣			5975		
諕	fet7	fet6	hao2	赣			4026		
諠	ɕyon1	xyuon1	xuan1	赣			5176		
諵	lan5	lan4	nan2	赣			5923		
諵	lan6	lan5	nan2	赣			4295		
諹	iɔŋ5	yong4	yang2	赣			5314		
諹	iɔŋ6	yong5	yang2	赣			5582		
諻	fen1	fen1	huang2	赣			5413		
諽	kiet7	giet6	ge2	赣			4358		
諽	kʰiet7	kiet6	ge2	赣			4628		
諿	tɕʰit7	qit6	qi1	赣			5321		
謈	pʰɔʔ7	pok6	po2	赣			4635		
謈	pʰɔʔ8	pok7	po2	赣			5456		
謋	fet7	fet6	huo4	赣			5562		
謌	ko1	go1	ge1	赣			4111		
謍	in5	yin4	ying2	赣			5250		
謑	ha3	ha3	xi3	赣			4783		
謑	hai3	hai3	xi3	赣			4511		
謒	tɕʰiɔŋ1	qiong1	qiang1	赣			5052		
謓	tsʰen1	cen1	chen1	赣			4037		
謓	tɕʰin1	qin1	chen1	赣			4828		
謕	tʰi1	ti1	ti2	赣			5489		
謘	tsʰɿ2	ci2	chi2	赣			5998		
謘	tsʰɿ6	ci5	chi2	赣			5059		
謜	tɕʰyon1	qyuon1	yuan2	赣			5131		
謜	ȵyon5	nyuon4	yuan2	赣			4983		
謞	hɔʔ7	hok6	he4	赣			4296		
謟	tʰau1	tau1	tao1	赣			5836		
謣	y5	yu4	yu2	赣			5308		
謥	tsʰuŋ3	cung3	cong4	赣			4010		
謦	tɕʰin3	qin3	qing3	赣			5368		
謧	li5	li4	li2	赣			5868		
謮	tset7	zet6	ze2	赣			4734		
謲	tsʰan3	can3	can4	赣			5793		
謴	kun5	gun4	gun4	赣			5437		
謵	tsʰet7	cet6	xi2	赣			5054		
謶	tsɔʔ7	zok6	zhuo2	赣			4338		
謷	ŋau5	ngau4	ao2	赣			4354		
謷	ŋau6	ngau5	ao2	赣			4343		
謺	tset7	zet6	zhe2	赣			5113		
謻	i5	yi4	yi2	赣			4628		
謼	fu1	fu1	hu1	赣			5975		
謼	fu5	fu4	hu1	赣			5819		
譀	hon6	hon5	han4	赣			5207		
譄	tsen1	zen1	zeng1	赣			5359		
譈	tʰui6	tui5	dui4	赣			5037		
譌	ŋo5	ngo4	e2	赣			4813		
譍	in5	yin4	ying1	赣			4321		
譐	tsun3	zun3	zun3	赣			5050		
譒	po5	bo4	bo4	赣			5027		
譔	tsʰon6	con5	zhuan4	赣			5661		
譔	tɕʰyon1	qyuon1	zhuan4	赣			4183		
譕	u5	wu4	wu2	赣			4583		
譝	sɨn5	sen4	sheng2	赣			5466		
譝	ɕin5	xin4	sheng2	赣			4190		
譠	tʰan1	tan1	tan2	赣			4003		
譠	tsan1	zan1	tan2	赣			5665		
譡	tɔŋ5	dong4	dang3	赣			5714		
譢	sui5	sui4	sui4	赣			5632		
譣	tɕʰien1	qien1	xian3	赣			4903		
譣	ɕien3	xien3	xian3	赣			4991		
譥	tɕieu3	jieu3	jiao4	赣			4782		
譧	tsʰan6	can5	zhan4	赣			4919		
譩	i1	yi1	yi1	赣			4984		
譩	i3	yi3	yi1	赣			4542		
譮	hai3	hai3	hua4	赣			5661		
譱	sen6	sen5	shan4	赣			5018		
譳	leu6	leu5	nou4	赣			4012		
譶	tʰat8	tat7	ta4	赣			4136		
譻	in1	yin1	ying1	赣			5787		
讁	tset7	zet6	zhe2	赣			4929		
讂	tɕyon5	jyuon4	xuan4	赣			5152		
讂	ɕyon5	xyuon4	xuan4	赣			4657		
讃	tsan5	zan4	zan4	赣			5598		
讄	lui3	lui3	lei3	赣			5668		
讇	tsʰen3	cen3	chan3	赣			5232		
讏	ui6	wui5	wei4	赣			5921		
讑	ieu6	yeu5	yao4	赣			5622		
讗	fɨi5	fei4	xie2	赣			5336		
讗	fɨi5	fei4	xie2	赣			4524		
讗	kuet7	guet6	xie2	赣			4456		
讘	lit7	lit6	nie4	赣			4318		
讙	fon1	fon1	huan1	赣			5917		
讙	ɕyon1	xyuon1	huan1	赣			5628		
讟	tʰuʔ8	tuk7	du2	赣			4464		
讠	ȵien5	nien4	yan2	赣			4867		
讱	ȵin6	nin5	ren4	赣			4557		
讻	ɕiuŋ1	xiung1	xiong1	赣			4978		
诇	ɕiuŋ3	xiung3	xiong4	赣			5533		
诪	tsɛu1	zeu1	zhou1	赣			5790		
诪	tɕiu1	jiu1	zhou1	赣			4353		
谞	ɕy1	xyu1	xu1	赣			4264		
谞	ɕy3	xyu3	xu1	赣			4691		
谫	tɕien3	jien3	jian3	赣			5332		
谸	tɕʰien1	qien1	qian1	赣			5537		
谺	ha1	ha1	xia1	赣			5719		
谻	tɕit7	jit6	ji2	赣			5379		
谼	fuŋ5	fung4	hong2	赣			5360		
谽	hon1	hon1	han1	赣			5230		
谾	hɔŋ1	hong1	hong1	赣			5623		
谾	fuŋ1	fung1	hong1	赣			5299		
谿	tɕʰi1	qi1	xi1	赣			4768		
豂	lieu5	lieu4	liao2	赣			5142		
豃	han3	han3	han3	赣			4100		
豄	tʰuʔ8	tuk7	du2	赣			5943		
豅	luŋ5	lung4	long2	赣			5092		
豊	li3	li3	li3	赣			5847		
豍	pi1	bi1	bi1	赣			5951		
豏	han6	han5	xian4	赣			5678		
豑	tsʰɿt8	cit7	zhi4	赣			4728		
豑	tɕʰit8	qit7	zhi4	赣			4171		
豖	tsʰuʔ7	cuk6	chu4	赣			4979		
豗	fɨi1	fei1	hui1	赣			4226		
豗	fɨi1	fei1	hui1	赣			5037		
豘	tʰɨn2	ten2	tun2	赣			4046		
豘	tʰun2	tun2	tun2	赣			5787		
豙	ȵi6	ni5	yi4	赣			4649		
豜	tɕien1	jien1	jian1	赣			4388		
豜	ȵien6	nien5	jian1	赣			4614		
豝	pa1	ba1	ba1	赣			4744		
豞	heu3	heu3	hou4	赣			4400		
豟	ŋiet7	ngiet6	e4	赣			5561		
豠	tsʰu2	cu2	chu2	赣			4983		
豣	tɕien1	jien1	jian1	赣			5314		
豤	kʰien3	kien3	ken3	赣			4181		
豥	kai1	gai1	gai1	赣			5991		
豥	hai2	hai2	gai1	赣			4071		
豦	tɕy5	jyu4	ju4	赣			5455		
豦	tɕʰy2	qyu2	ju4	赣			5849		
豧	pʰu3	pu3	fu1	赣			5151		
豭	ka1	ga1	jia1	赣			5966		
豮	fɨn5	fen4	fen2	赣			4634		
豮	fun5	fun4	fen2	赣			5354		
豯	ɕi5	xi4	xi1	赣			5589		
豰	fuʔ7	fuk6	bo2	赣			4790		
豱	uen1	wun1	wen1	赣			4736		
豲	fon5	fon4	huan2	赣			5384		
豷	i5	yi4	yi4	赣			4640		
豷	fɨi5	fei4	yi4	赣			5523		
豷	fɨi5	fei4	yi4	赣			5452		
豻	ŋon6	ngon5	an4	赣			4069		
豼	pʰi2	pi2	pi2	赣			4084		
豽	lot7	lot6	na4	赣			5698		
豾	pʰi1	pi1	pi1	赣			4810		
豿	kieu3	gieu3	gou3	赣			5886		
豿	hɔʔ7	hok6	gou3	赣			5235		
貀	lot7	lot6	na4	赣			4436		
貁	iu6	yiu5	you4	赣			4322		
貆	fon5	fon4	huan2	赣			5658		
貈	hɔʔ8	hok7	he2	赣			5023		
貍	li5	li4	li2	赣			4885		
貎	ȵi5	ni4	ni2	赣			4357		
貐	y3	yu3	yu3	赣			4272		
貑	ka1	ga1	jia1	赣			4588		
貒	tʰon1	ton1	tuan1	赣			4947		
貒	tʰon3	ton3	tuan1	赣			4281		
貕	ɕi5	xi4	xi1	赣			4254		
貖	ŋiet7	ngiet6	yi4	赣			5677		
貚	tʰan2	tan2	tan2	赣			5589		
貚	tʰien2	tien2	tan2	赣			4169		
貛	fon1	fon1	huan1	赣			4856		
貜	tɕiɔʔ7	jiok6	jue2	赣			4926		
貜	tɕʰiɔʔ8	qiok7	jue2	赣			4287		
貣	tʰet7	tet6	te4	赣			4040		
貣	tʰet8	tet7	te4	赣			5541		
貤	sɿ6	si5	yi2	赣			5696		
貤	i6	yi5	yi2	赣			4426		
貦	uon6	won5	wan2	赣			4056		
貱	pi5	bi4	bi4	赣			5917		
貹	sen1	sen1	sheng4	赣			4759		
貾	tsʰɿ2	ci2	chi2	赣			5325		
賆	pʰien2	pien2	pian2	赣			5396		
賉	ɕyt7	xyut6	xu4	赣			5316		
賏	in1	yin1	ying1	赣			4234		
賏	in5	yin4	ying1	赣			5277		
賔	pin1	bin1	bin1	赣			4651		
賖	sa1	sa1	she1	赣			4444		
賛	tsan5	zan4	zan4	赣			4675		
賥	sui5	sui4	sui4	赣			5739		
賨	tsʰuŋ2	cung2	cong2	赣			4916		
賮	tɕʰin6	qin5	jin4	赣			5407		
賱	yn3	yun3	yun3	赣			5437		
賲	pau3	bau3	bao3	赣			5738		
賷	tɕi1	ji1	ji1	赣			4735		
賸	sen6	sen5	sheng4	赣			5426		
賹	ŋai5	ngai4	yi4	赣			4012		
賿	lau5	lau4	liao2	赣			4310		
贀	ui6	wui5	yi4	赣			5111		
贁	pʰai6	pai5	bai4	赣			5536		
贆	pieu1	bieu1	biao1	赣			5002		
贎	uan6	wan5	wan4	赣			4305		
贕	tʰuʔ8	tuk7	du2	赣			4753		
贙	ɕyon6	xyuon5	xuan4	赣			4871		
贠	yon5	yuon4	yuan2	赣			4777		
赀	tsɿ1	zi1	zi1	赣			4104		
赆	tɕʰin6	qin5	jin4	赣			5475		
赕	tʰan3	tan3	dan3	赣			4880		
赗	fuŋ3	fung3	feng4	赣			5368		
赥	ɕit7	xit6	xi1	赣			4171		
赨	tʰuŋ2	tung2	tong2	赣			5569		
赩	ɕit7	xit6	xi4	赣			5916		
赮	ha2	ha2	xia2	赣			5395		
赯	tʰɔŋ2	tong2	tang2	赣			5786		
赹	tɕʰiuŋ2	qiung2	qiong2	赣			5232		
赽	tɕyot7	jyuot6	jue2	赣			4935		
赾	tɕʰin3	qin3	qin3	赣			4746		
趀	tsʰɿ1	ci1	ci1	赣			5382		
趃	tʰiet8	tiet7	die2	赣			5064		
趆	ti1	di1	di1	赣			5711		
趆	ti5	di4	di1	赣			4955		
趉	tɕyt7	jyut6	jue2	赣			5296		
趌	tɕit7	jit6	ji2	赣			4628		
趍	tsʰɿ2	ci2	chi2	赣			5534		
趍	tɕʰy1	qyu1	chi2	赣			5132		
趎	tɕʰy2	qyu2	chu2	赣			5900		
趏	kʰat7	kat6	gua1	赣			5367		
趏	kuat7	guat6	gua1	赣			4231		
趒	tʰieu3	tieu3	tiao2	赣			4602		
趔	liet7	liet6	lie4	赣			4962		
趖	so1	so1	suo1	赣			5068		
趗	tsʰuʔ7	cuk6	cu4	赣			4802		
趗	tɕʰiuʔ7	qiuk6	cu4	赣			4486		
趛	ȵin3	nin3	yin3	赣			4886		
趜	tɕiuʔ7	jiuk6	ju2	赣			4223		
趜	tɕʰiuʔ8	qiuk7	ju2	赣			5352		
趝	tɕien5	jien4	jian4	赣			4508		
趞	tɕʰiɔʔ7	qiok6	que4	赣			4688		
趠	tsʰau3	cau3	chuo4	赣			4874		
趠	tsʰɔʔ7	cok6	chuo4	赣			4692		
趡	tsʰui3	cui3	cui3	赣			5843		
趢	luʔ7	luk6	lu4	赣			4274		
趢	liuʔ7	liuk6	lu4	赣			5990		
趥	tɕʰiu1	qiu1	qiu1	赣			4458		
趥	tsʰuŋ3	cung3	qiu1	赣			4714		
趧	tʰi2	ti2	ti2	赣			5079		
趩	tsʰət7	cet6	chi4	赣			5439		
趩	tɕʰit7	qit6	chi4	赣			4198		
趪	fɔŋ5	fong4	huang2	赣			5139		
趫	tɕʰieu1	qieu1	qiao2	赣			5555		
趫	tɕʰieu2	qieu2	qiao2	赣			5447		
趬	tɕʰieu1	qieu1	qiao1	赣			5470		
趬	tɕʰieu3	qieu3	qiao1	赣			4362		
趭	tɕʰieu6	qieu5	jiao4	赣			4434		
趮	tsau5	zau4	zao4	赣			5179		
趯	tʰit7	tit6	ti4	赣			4734		
趹	tɕyot7	jyuot6	jue2	赣			4399		
趽	fɔŋ1	fong1	fang4	赣			4548		
跀	ȵyot7	nyuot6	yue4	赣			5117		
跁	pʰa6	pa5	ba4	赣			5678		
跂	tɕʰi2	qi2	qi2	赣			5249		
跂	tɕʰi3	qi3	qi2	赣			4579		
跇	i6	yi5	yi4	赣			5361		
跈	tʰien6	tien5	nian3	赣			4557		
跈	ȵien3	nien3	nian3	赣			5790		
跉	lin5	lin4	ling2	赣			4884		
跒	kʰa3	ka3	qia3	赣			5473		
跓	tɕʰy6	qyu5	zhu4	赣			5715		
跔	tɕy1	jyu1	ju1	赣			4358		
跙	tɕʰy6	qyu5	ju4	赣			4671		
跜	ȵi5	ni4	ni2	赣			4867		
跠	i5	yi4	yi2	赣			5831		
跢	to5	do4	duo4	赣			5925		
跢	tai5	dai4	duo4	赣			4430		
跦	tɕy1	jyu1	zhu1	赣			5598		
跧	tson1	zon1	quan2	赣			4295		
跧	tɕyn1	jyun1	quan2	赣			4649		
跫	kʰɔŋ1	kong1	qiong2	赣			5499		
跭	hɔŋ2	hong2	xiang2	赣			5280		
跮	tsʰət7	cet6	chi4	赣			5532		
跰	pin5	bin4	pian2	赣			4275		
跰	pʰien2	pien2	pian2	赣			4579		
跱	tsʰɿ6	ci5	zhi4	赣			5360		
跲	kat7	gat6	jia2	赣			5584		
跼	tɕʰiuʔ8	qiuk7	ju2	赣			4878		
跾	suʔ7	suk6	shu1	赣			4798		
踁	tɕʰin6	qin5	jing4	赣			5306		
踂	ȵiet7	niet6	nie4	赣			4299		
踃	ɕieu1	xieu1	xiao1	赣			4046		
踄	pʰɔʔ8	pok7	bu4	赣			4073		
踅	ɕyot8	xyuot7	xue2	赣			4373		
踆	tɕʰyn1	qyun1	cun1	赣			5405		
踇	mu3	mu3	mu3	赣			4605		
踈	su1	su1	shu1	赣			5044		
踈	su5	su4	shu1	赣			4724		
踑	tɕʰi2	qi2	qi2	赣			5751		
踒	uo1	wo1	wo1	赣			5994		
踓	tsʰui3	cui3	wei3	赣			4355		
踓	ui3	wui3	wei3	赣			5187		
踕	tɕʰiet8	qiet7	jie2	赣			5900		
踖	tɕʰiɔʔ7	qiok6	ji2	赣			4213		
踘	tɕiuʔ7	jiuk6	ju1	赣			4566		
踘	tɕʰiuʔ8	qiuk7	ju1	赣			4047		
踚	lɨn5	len4	lun2	赣			4779		
踚	lun5	lun4	lun2	赣			5721		
踛	liuʔ7	liuk6	lu4	赣			4689		
踜	len6	len5	leng4	赣			4621		
踠	yon3	yuon3	wan3	赣			5487		
踡	tɕʰyon2	qyuon2	quan2	赣			4554		
踤	tɕʰyt8	qyut7	zu2	赣			5220		
踥	tɕʰiet7	qiet6	qie4	赣			5333		
踦	tɕi3	ji3	yi3	赣			5421		
踦	tɕʰi1	qi1	yi3	赣			4682		
踧	tʰet8	tet7	cu4	赣			4853		
踧	tɕiuʔ7	jiuk6	cu4	赣			4467		
踳	tsʰun3	cun3	chuan3	赣			4549		
踸	tsʰen3	cen3	chen3	赣			4776		
踸	tɕʰin3	qin3	chen3	赣			4181		
踺	tɕʰien6	qien5	jian4	赣			5886		
踼	tʰɔŋ6	tong5	tang2	赣			4164		
踾	fuʔ7	fuk6	fu2	赣			5760		
蹃	lɔʔ7	lok6	nuo4	赣			5338		
蹎	tien1	dien1	dian1	赣			5452		
蹏	tʰi2	ti2	ti2	赣			5327		
蹖	suŋ1	sung1	chong1	赣			5849		
蹛	tsʰɿ6	ci5	dai4	赣			5447		
蹡	tɕʰiɔŋ1	qiong1	qiang1	赣			5564		
蹡	tɕʰiɔŋ3	qiong3	qiang1	赣			4699		
蹧	tsau1	zau1	zao1	赣			5242		
蹨	len3	len3	nian3	赣			5137		
蹨	ȵien3	nien3	nian3	赣			5785		
蹪	tʰui2	tui2	tui2	赣			4381		
蹮	ɕien1	xien1	xian1	赣			4930		
蹱	tsuŋ1	zung1	zhong1	赣			4246		
蹷	tɕʰyot8	qyuot7	jue2	赣			5794		
蹹	tʰat8	tat7	ta2	赣			4831		
蹿	tsʰon3	con3	cuan1	赣			4434		
躃	pʰet8	pet7	bi4	赣			5858		
躄	pit7	bit6	bi4	赣			5612		
躙	lin6	lin5	lin4	赣			5329		
躛	fai3	fai3	wei4	赣			5920		
躜	tsʰo2	co2	zuan1	赣			5053		
躜	tsʰon2	con2	zuan1	赣			5097		
躟	lɔŋ3	long3	rang2	赣			4800		
躟	lɔŋ5	long4	rang2	赣			5452		
躠	sat7	sat6	sa3	赣			4895		
躢	tʰat8	tat7	ta4	赣			5129		
躣	tɕʰy2	qyu2	qu2	赣			4799		
躤	tɕʰia6	qia5	ji2	赣			5149		
躧	sɿ3	si3	xi3	赣			5078		
躧	sai3	sai3	xi3	赣			4367		
躨	kʰui2	kui2	kui2	赣			4592		
躩	tɕiɔʔ7	jiok6	jue2	赣			5980		
躩	tɕʰiɔʔ7	qiok6	jue2	赣			5806		
躳	kuŋ1	gung1	gong1	赣			4876		
躴	lɔŋ5	long4	lang2	赣			5843		
躶	lo3	lo3	luo3	赣			4324		
躷	ŋai3	ngai3	ai3	赣			5461		
躸	tɕi1	ji1	ji1	赣			4802		
躽	ien3	yen3	yan3	赣			4907		
躽	ien5	yen4	yan3	赣			5007		
軄	tset7	zet6	zhi2	赣			4154		
軄	tɕit7	jit6	zhi2	赣			4251		
軆	tʰi3	ti3	ti3	赣			4130		
軎	sui6	sui5	wei4	赣			5796		
軎	ui6	wui5	wei4	赣			5351		
軐	ɕien5	xien4	xin4	赣			4709		
軓	fan6	fan5	fan4	赣			5944		
軖	kʰuɔŋ2	kuong2	kuang2	赣			4225		
軘	tʰɨn2	ten2	tun2	赣			5588		
軘	tʰun2	tun2	tun2	赣			4655		
軥	kieu1	gieu1	qu2	赣			5166		
軧	ti3	di3	di3	赣			4026		
軩	tʰai6	tai5	dai4	赣			5674		
軪	ŋau1	ngau1	ao1	赣			5902		
軪	ŋau5	ngau4	ao1	赣			4907		
軭	kʰuɔŋ1	kuong1	kuang1	赣			4249		
軭	kʰuɔŋ2	kuong2	kuang1	赣			4912		
軮	ŋɔŋ3	ngong3	yang3	赣			4866		
軱	ku1	gu1	gu1	赣			5963		
軳	pʰau2	pau2	pao2	赣			5008		
軴	tɕy5	jyu4	zhu4	赣			4188		
軵	iuŋ3	yung3	rong3	赣			5398		
軶	ŋiet7	ngiet6	e4	赣			4828		
輀	ɵ5	o4	er2	赣			4043		
輁	kuŋ3	gung3	gong3	赣			5547		
輁	tɕʰiuŋ2	qiung2	gong3	赣			5604		
輂	tɕiuʔ7	jiuk6	ju2	赣			5977		
輆	kʰai3	kai3	kai3	赣			5064		
輍	yt7	yut6	yu4	赣			5525		
輎	sau1	sau1	shao1	赣			4794		
輑	tɕʰyn1	qyun1	yin3	赣			4284		
輘	len5	len4	leng2	赣			5415		
輚	tsʰan6	can5	zhan4	赣			4377		
輠	kuo3	guo3	guo3	赣			5705		
輡	kʰon3	kon3	kan3	赣			5370		
輣	pʰen2	pen2	peng2	赣			4183		
輤	tɕʰien3	qien3	qian4	赣			5342		
輫	pʰi2	pi2	pai2	赣			5959		
輫	pʰai2	pai2	pai2	赣			5395		
輭	lon3	lon3	ruan3	赣			5407		
輭	ȵyon3	nyuon3	ruan3	赣			4162		
輰	iɔŋ5	yong4	yang2	赣			5406		
輱	han2	han2	xian2	赣			5051		
輲	tsʰon2	con2	chuan2	赣			5973		
輴	tsʰun1	cun1	chun1	赣			5334		
輵	kot7	got6	ge2	赣			5745		
輹	fuʔ7	fuk6	fu4	赣			5953		
輹	fuʔ8	fuk7	fu4	赣			5551		
輺	tsɿ1	zi1	zi1	赣			5115		
轃	tsen1	zen1	zhen1	赣			4173		
轃	tɕien1	jien1	zhen1	赣			5324		
轈	tsʰau2	cau2	chao2	赣			4495		
轏	tsʰan6	can5	zhan4	赣			5746		
轑	lau3	lau3	lao3	赣			5985		
轒	fɨn5	fen4	fen2	赣			5487		
轓	fan1	fan1	fan1	赣			4427		
轖	set7	set6	se4	赣			5087		
轘	fan5	fan4	huan2	赣			5431		
轘	fan6	fan5	huan2	赣			5657		
轙	ȵi5	ni4	yi3	赣			5129		
轙	ȵi6	ni5	yi3	赣			4919		
轚	tɕi5	ji4	ji2	赣			5946		
轚	tɕit7	jit6	ji2	赣			5383		
轛	tui5	dui4	zhui4	赣			4334		
轛	tsui5	zui4	zhui4	赣			4001		
轞	han6	han5	jian4	赣			5393		
轥	lin6	lin5	lin4	赣			4905		
轭	ŋiet7	ngiet6	e4	赣			5868		
辝	tsʰɿ2	ci2	ci2	赣			5374		
辠	tsʰui6	cui5	zui4	赣			5390		
辡	pien3	bien3	bian4	赣			4231		
辡	pʰien6	pien5	bian4	赣			4953		
辢	lat7	lat6	la4	赣			4513		
辤	tsʰɿ2	ci2	ci2	赣			4442		
辥	ɕiet7	xiet6	xue1	赣			5633		
辬	pan1	ban1	ban1	赣			5741		
辳	luŋ5	lung4	nong2	赣			5578		
辴	tsʰen3	cen3	chan3	赣			5921		
辵	tsʰɔʔ7	cok6	chuo4	赣			5554		
辶	tsʰɔʔ7	cok6	chuo4	赣			4963		
辸	len1	len1	reng2	赣			4389		
迀	kon1	gon1	gan1	赣			4637		
迆	i3	yi3	yi2	赣			4262		
迆	i5	yi4	yi2	赣			5506		
迊	tsat7	zat6	za1	赣			4944		
迋	kuɔŋ3	guong3	wang4	赣			5236		
迋	uɔŋ6	wong5	wang4	赣			4651		
迍	tsun1	zun1	zhun1	赣			4502		
迒	kɔŋ1	gong1	hang2	赣			4037		
迒	hɔŋ2	hong2	hang2	赣			4242		
迡	ȵi6	ni5	ni4	赣			5133		
迣	tsɿ5	zi4	zhi4	赣			4431		
迣	tɕi5	ji4	zhi4	赣			5275		
迤	i3	yi3	yi2	赣			4543		
迤	i5	yi4	yi2	赣			5022		
迱	tʰo2	to2	tuo2	赣			5683		
迳	tɕin5	jin4	jing4	赣			4677		
迵	tʰuŋ6	tung5	dong4	赣			5302		
迺	lai3	lai3	nai3	赣			4605		
迻	i5	yi4	yi2	赣			4727		
迾	liet7	liet6	lie4	赣			5297		
迿	ɕyon6	xyuon5	xun4	赣			5866		
迿	ɕyn5	xyun4	xun4	赣			4566		
逎	tɕiu1	jiu1	qiu2	赣			5824		
逜	u6	wu5	wu4	赣			4400		
逨	lai5	lai4	lai2	赣			4329		
逨	lai6	lai5	lai2	赣			5600		
逩	pen5	ben4	ben4	赣			5489		
逪	tsʰɔʔ7	cok6	cuo4	赣			4830		
逫	tsuʔ7	zuk6	jue2	赣			4422		
逳	yt7	yut6	yu4	赣			4343		
逴	tsʰɔʔ7	cok6	chuo1	赣			4074		
逷	tʰit7	tit6	ti4	赣			5505		
逺	yon3	yuon3	yuan3	赣			5856		
逺	yon6	yuon5	yuan3	赣			4085		
逽	ȵiɔʔ7	niok6	nuo4	赣			4823		
逿	tʰɔŋ6	tong5	dang4	赣			5535		
遃	ȵien3	nien3	yan3	赣			4678		
遈	sɛt7	set6	shi2	赣			5023		
遉	tsʰen3	cen3	zhen1	赣			5623		
遉	tɕʰin3	qin3	zhen1	赣			4340		
遌	ŋɔʔ7	ngok6	e4	赣			5883		
遚	tsʰeu3	ceu3	chou4	赣			4536		
遝	tʰat8	tat7	ta4	赣			5748		
遟	tsʰɿ2	ci2	chi2	赣			5481		
遟	tɕʰi2	qi2	chi2	赣			4866		
遦	kuon5	guon4	guan4	赣			5131		
遪	tsʰat7	cat6	ca4	赣			5122		
遫	tsʰət7	cet6	chi4	赣			5329		
遫	tɕʰit7	qit6	chi4	赣			4695		
遬	suʔ7	suk6	su4	赣			5860		
遯	tʰɨn6	ten5	dun4	赣			5639		
遯	tʰun6	tun5	dun4	赣			5402		
遰	tʰi6	ti5	di4	赣			5437		
遳	tsʰo1	co1	cuo1	赣			4526		
遶	leu3	leu3	rao4	赣			4252		
遹	yt7	yut6	yu4	赣			4233		
遻	u6	wu5	e4	赣			4949		
遾	sɿ6	si5	shi4	赣			4887		
遾	ɕi6	xi5	shi4	赣			4355		
邅	tsen1	zen1	zhan1	赣			4417		
邅	tsʰen6	cen5	zhan1	赣			4126		
邌	li5	li4	li2	赣			5522		
邍	ȵyon5	nyuon4	yuan2	赣			5042		
邎	iu5	yiu4	yao2	赣			4705		
邔	tɕʰi3	qi3	qi3	赣			5953		
邖	san1	san1	shan1	赣			4043		
邘	y5	yu4	yu2	赣			4962		
邞	fu1	fu1	fu1	赣			4080		
邟	kʰɔŋ3	kong3	kang4	赣			5332		
邠	pin1	bin1	bin1	赣			5125		
邤	ɕin1	xin1	xin1	赣			5834		
邥	sɨn3	sen3	shen3	赣			4976		
邥	ɕin3	xin3	shen3	赣			4421		
邧	ȵyon3	nyuon3	yuan2	赣			5566		
邧	ȵyon5	nyuon4	yuan2	赣			4209		
邨	tʰɨn2	ten2	cun1	赣			4149		
邨	tʰun2	tun2	cun1	赣			5044		
邩	fo3	fo3	huo3	赣			4077		
邭	tɕy5	jyu4	ju4	赣			4090		
邲	pi5	bi4	bi4	赣			5471		
邲	pʰet8	pet7	bi4	赣			4756		
邷	ua3	wa3	wa3	赣			4397		
邼	kʰuɔŋ1	kuong1	kuang1	赣			5592		
邿	sɿ1	si1	shi1	赣			4851		
郀	kʰu1	ku1	ku1	赣			5877		
郂	kai1	gai1	gai1	赣			4370		
郃	kot7	got6	he2	赣			5181		
郃	hot8	hot7	he2	赣			4266		
郄	tɕʰit7	qit6	qie4	赣			5674		
郆	tɕit7	jit6	ji2	赣			5894		
郉	tɕʰien1	qien1	xing2	赣			5572		
郋	ɕi5	xi4	xi2	赣			5765		
郍	la6	la5	nuo2	赣			4724		
郔	ien5	yen4	yan2	赣			5533		
郕	tsʰen2	cen2	cheng2	赣			4033		
郕	tɕʰin2	qin2	cheng2	赣			5286		
郖	teu1	deu1	dou4	赣			5887		
郖	tʰeu6	teu5	dou4	赣			5031		
郘	li3	li3	lv3	赣			5386		
郙	fu1	fu1	fu3	赣			4990		
郙	fu3	fu3	fu3	赣			5126		
郠	kien3	gien3	geng3	赣			4924		
郣	pʰet8	pet7	bo2	赣			5425		
郩	ŋau3	ngau3	xiao2	赣			5018		
郪	tsʰɿ1	ci1	qi1	赣			5661		
郪	tɕʰi1	qi1	qi1	赣			4930		
郮	tsɛu1	zeu1	zhou1	赣			5724		
郮	tɕiu1	jiu1	zhou1	赣			4168		
郰	tseu1	zeu1	zou1	赣			4006		
郱	pʰin2	pin2	ping2	赣			4246		
郳	ȵi5	ni4	ni2	赣			5038		
郷	ɕiɔŋ1	xiong1	xiang1	赣			4375		
郹	kuet7	guet6	ju2	赣			4994		
郹	tɕiuʔ7	jiuk6	ju2	赣			4227		
郺	uŋ3	wung3	yong1	赣			5000		
郺	iuŋ1	yung1	yong1	赣			4981		
郻	tɕʰieu1	qieu1	qiao1	赣			4002		
郼	i1	yi1	yi1	赣			5760		
鄀	lɔʔ7	lok6	ruo4	赣			4602		
鄁	pʰi6	pi5	bei4	赣			5885		
鄃	ɕy1	xyu1	shu1	赣			5236		
鄃	y5	yu4	shu1	赣			4846		
鄅	y3	yu3	yu3	赣			5256		
鄇	heu2	heu2	hou2	赣			4393		
鄇	heu6	heu5	hou2	赣			5715		
鄈	kʰui2	kui2	kui2	赣			5138		
鄋	seu1	seu1	sou1	赣			4805		
鄍	min5	min4	ming2	赣			5704		
鄎	ɕit7	xit6	xi1	赣			4796		
鄏	ȵiuʔ7	niuk6	ru3	赣			5857		
鄐	tsʰuʔ7	cuk6	chu4	赣			5799		
鄐	ɕiuʔ7	xiuk6	chu4	赣			4949		
鄑	tsɿ1	zi1	zi1	赣			4963		
鄓	iet7	yet6	ye4	赣			5292		
鄗	hau6	hau5	hao4	赣			4144		
鄚	mɔʔ7	mok6	mao4	赣			5646		
鄛	tsʰau2	cau2	chao2	赣			4046		
鄜	fu1	fu1	fu1	赣			4254		
鄜	luʔ7	luk6	fu1	赣			4128		
鄝	lieu3	lieu3	liao3	赣			5664		
鄠	fu6	fu5	hu4	赣			5515		
鄡	tɕʰieu1	qieu1	qiao1	赣			4164		
鄦	ɕy3	xyu3	xu3	赣			5488		
鄨	pi5	bi4	bi4	赣			4165		
鄨	piet7	biet6	bi4	赣			4238		
鄪	pi5	bi4	bi4	赣			5766		
鄫	tsʰen2	cen2	zeng1	赣			5831		
鄬	ui3	wui3	wei2	赣			4094		
鄬	ui5	wui4	wei2	赣			5113		
鄮	meu6	meu5	mao4	赣			5962		
鄵	tsʰau3	cau3	cao4	赣			4724		
鄸	muŋ6	mung5	meng2	赣			4255		
鄻	lien3	lien3	lian3	赣			4933		
鄼	tson3	zon3	zan4	赣			4811		
鄽	tsʰen2	cen2	chan2	赣			4381		
鄾	iu1	yiu1	you1	赣			4205		
酀	ien5	yen4	yan4	赣			4641		
酁	tsʰan2	can2	chan2	赣			4113		
酂	tsʰon2	con2	cuo2	赣			4064		
酄	fon1	fon1	huan1	赣			5641		
酅	fɨi5	fei4	xi1	赣			5400		
酅	fɨi5	fei4	xi1	赣			5582		
酓	ien3	yen3	yan3	赣			5969		
酓	ien5	yen4	yan3	赣			5574		
酕	mau5	mau4	mao2	赣			5186		
酖	tan1	dan1	zhen4	赣			4847		
酘	tʰeu6	teu5	dou4	赣			4309		
酚	fɨn1	fen1	fen1	赣			5704		
酚	fun1	fun1	fen1	赣			4173		
酞	tʰai3	tai3	tai4	赣			5639		
酨	tʰai6	tai5	zai4	赣			4718		
酨	tsʰai6	cai5	zai4	赣			5934		
酭	iu6	yiu5	you4	赣			5988		
酯	tsɿ3	zi3	zhi3	赣			5250		
酯	tɕi3	ji3	zhi3	赣			4717		
酰	ɕien1	xien1	xian1	赣			4764		
酳	in6	yin5	yin4	赣			4544		
酶	mi5	mi4	mei2	赣			5653		
酺	pʰu2	pu2	pu2	赣			4232		
醁	liuʔ7	liuk6	lu4	赣			5739		
醂	lan3	lan3	lan3	赣			5804		
醆	tsan3	zan3	zhan3	赣			5723		
醆	tsen3	zen3	zhan3	赣			5506		
醊	tsui5	zui4	zhui4	赣			4597		
醊	tsot7	zot6	zhui4	赣			5692		
醌	kun1	gun1	kun1	赣			4385		
醎	han2	han2	xian2	赣			4259		
醏	sɿ6	si5	du1	赣			4234		
醏	tu1	du1	du1	赣			4610		
醓	tʰan3	tan3	tan3	赣			4864		
醔	tsʰeu1	ceu1	qiu2	赣			4290		
醙	seu1	seu1	sou1	赣			5766		
醙	ɕiu3	xiu3	sou1	赣			5533		
醚	mi5	mi4	mi2	赣			4801		
醛	tɕʰyon2	qyuon2	quan2	赣			4846		
醛	tsʰot7	cot6	quan2	赣			5069		
醝	tsʰo2	co2	cuo1	赣			5828		
醠	ŋɔŋ3	ngong3	ang4	赣			5785		
醠	ŋɔŋ5	ngong4	ang4	赣			5975		
醥	pʰieu3	pieu3	piao3	赣			4432		
醦	san3	san3	chen3	赣			5550		
醦	tsʰen3	cen3	chen3	赣			5115		
醧	y5	yu4	yu4	赣			4497		
醧	ŋieu1	ngieu1	yu4	赣			4000		
醨	li5	li4	li2	赣			5953		
醩	tsau1	zau1	zao1	赣			5834		
醰	tʰan6	tan5	tan2	赣			4299		
醳	it7	yit6	yi4	赣			5034		
醷	i3	yi3	yi4	赣			4204		
醷	it7	yit6	yi4	赣			5856		
醹	ɵ3	o3	ru2	赣			5547		
醹	ɵ5	o4	ru2	赣			5186		
醻	tsʰɛu2	ceu2	chou2	赣			5005		
醻	tɕʰiu2	qiu2	chou2	赣			4757		
醼	ien5	yen4	yan4	赣			4960		
醽	lin5	lin4	ling2	赣			5322		
醿	mi5	mi4	mi2	赣			4662		
釂	tɕieu5	jieu4	jiao4	赣			5434		
釆	pʰan6	pan5	bian4	赣			4102		
釥	tɕʰieu3	qieu3	qiao3	赣			5563		
釪	y5	yu4	hua2	赣			5733		
釫	u1	wu1	hua2	赣			4081		
釫	fa5	fa4	hua2	赣			5166		
釬	hon6	hon5	han4	赣			4109		
釭	kɔŋ1	gong1	gang1	赣			5370		
釭	kuŋ1	gung1	gang1	赣			5649		
釱	tʰi6	ti5	di4	赣			4071		
釱	tʰai6	tai5	di4	赣			5691		
鈂	tsʰen2	cen2	chen2	赣			5328		
鈂	tɕʰin2	qin2	chen2	赣			4373		
鈌	tɕyot7	jyuot6	jue2	赣			5495		
鈏	in3	yin3	yin3	赣			4699		
鈏	in6	yin5	yin3	赣			4409		
鈙	tɕʰin6	qin5	qin2	赣			4245		
鈚	pʰi1	pi1	pi1	赣			5774		
鈚	pʰi2	pi2	pi1	赣			4120		
鈜	fen5	fen4	hong2	赣			4096		
鈭	tsɿ1	zi1	zi1	赣			4603		
鈭	tsʰɿ1	ci1	zi1	赣			4775		
鈱	min5	min4	min2	赣			4455		
鈵	pen5	ben4	bing3	赣			5787		
鈶	sɿ6	si5	si4	赣			5863		
鈼	tsʰɔʔ7	cok6	zuo2	赣			4216		
鈼	tsʰɔʔ8	cok7	zuo2	赣			4416		
鉌	fo5	fo4	he2	赣			5093		
鉎	ɕin1	xin1	sheng1	赣			4130		
鉏	tsʰu2	cu2	chu2	赣			5124		
鉏	tsʰu6	cu5	chu2	赣			4589		
鉐	sɛt8	set7	shi2	赣			4549		
鉒	tɕy5	jyu4	zhu4	赣			5327		
鉖	tʰuŋ2	tung2	tong2	赣			4519		
鉜	feu5	feu4	fu2	赣			5158		
鉟	pʰi1	pi1	pi1	赣			5305		
鉟	pʰi2	pi2	pi1	赣			4099		
鉣	tɕiet7	jiet6	jie2	赣			4464		
鉲	kʰa3	ka3	ka3	赣			5802		
鉵	tʰuŋ2	tung2	tong2	赣			5778		
鉹	tsʰɿ3	ci3	chi3	赣			5754		
鉹	i5	yi4	chi3	赣			5825		
鉼	pin3	bin3	bing3	赣			4723		
銆	met7	met6	mo4	赣			5630		
銇	lui6	lui5	lei4	赣			5201		
銉	yt7	yut6	yu4	赣			5442		
銋	lɨn5	len4	ren2	赣			4466		
銐	tɕʰi6	qi5	chi4	赣			5291		
銕	tʰi2	ti2	tie3	赣			5955		
銕	tʰiet7	tiet6	tie3	赣			4640		
銗	heu2	heu2	xiang4	赣			4029		
銙	kʰua3	kua3	kua3	赣			4324		
銲	hon6	hon5	han4	赣			5061		
銴	lui6	lui5	shi4	赣			4762		
銵	kʰien1	kien1	keng1	赣			4389		
銿	iuŋ5	yung4	zhong1	赣			5124		
鋀	tʰeu1	teu1	tou1	赣			4043		
鋊	yt7	yut6	yu4	赣			5271		
鋋	sen5	sen4	chan2	赣			5196		
鋋	ien5	yen4	chan2	赣			4950		
鋑	tɕyon1	jyuon1	cuan1	赣			5167		
鋖	sɿ1	si1	si1	赣			4433		
鋘	u5	wu4	hua2	赣			5542		
鋘	fa5	fa4	hua2	赣			5832		
鋚	tʰieu2	tieu2	tiao2	赣			5231		
鋜	tsʰɔʔ7	cok6	zhuo2	赣			5359		
鋜	tsʰɔʔ8	cok7	zhuo2	赣			4051		
鋞	ɕin5	xin4	xing2	赣			4617		
鋞	ɕin6	xin5	xing2	赣			5165		
鋡	hon2	hon2	han2	赣			4765		
鋧	ɕien6	xien5	xian4	赣			5544		
鋻	tɕien1	jien1	jian4	赣			5716		
鋻	tɕien5	jien4	jian4	赣			5099		
鋽	tʰieu3	tieu3	diao4	赣			4155		
鋿	tsʰɔŋ2	cong2	chang2	赣			5058		
錊	tsuʔ7	zuk6	zui4	赣			4758		
錍	pi1	bi1	pi1	赣			4571		
錍	pʰi1	pi1	pi1	赣			4119		
錎	han6	han5	xian4	赣			5392		
錎	kʰon3	kon3	xian4	赣			5312		
錑	lui6	lui5	lei4	赣			5672		
錔	tʰat7	tat6	ta4	赣			5146		
錖	tuʔ7	duk6	du2	赣			5189		
錣	tsui5	zui4	zhui4	赣			5181		
錣	tsot7	zot6	zhui4	赣			5359		
錧	kuon3	guon3	guan3	赣			4862		
錧	kuon5	guon4	guan3	赣			4550		
錪	tien3	dien3	tian3	赣			5928		
錪	tʰien3	tien3	tian3	赣			5379		
錭	tʰau2	tau2	tao2	赣			5359		
鍎	tʰet8	tet7	tu2	赣			4837		
鍎	tʰut8	tut7	tu2	赣			5165		
鍏	ui3	wui3	wei2	赣			5004		
鍏	ui5	wui4	wei2	赣			5971		
鍑	fu5	fu4	fu4	赣			4975		
鍑	fuʔ7	fuk6	fu4	赣			5741		
鍖	tsʰen3	cen3	chen3	赣			5021		
鍖	tɕʰin3	qin3	chen3	赣			5604		
鍙	fuʔ7	fuk6	hu4	赣			5658		
鍜	ha2	ha2	xia2	赣			4881		
鍝	ȵy5	nyu4	yu2	赣			5516		
鍡	ui3	wui3	wei3	赣			5227		
鍦	sɿ1	si1	shi1	赣			4115		
鍧	fen1	fen1	hong1	赣			4557		
鍨	kʰui2	kui2	kui2	赣			5519		
鍫	tɕʰieu1	qieu1	qiao1	赣			4225		
鍯	tsʰuŋ1	cung1	cong1	赣			5356		
鍱	iɛt8	yet7	ye4	赣			4429		
鍲	min5	min4	min2	赣			4266		
鍴	ton1	don1	duan1	赣			5931		
鍻	tɕiet7	jiet6	jie2	赣			4716		
鍿	tsɿ1	zi1	zi1	赣			5461		
鎁	ia5	ya4	ye2	赣			5581		
鎋	hat8	hat7	xia2	赣			5546		
鎎	ɕi3	xi3	kai4	赣			4242		
鎏	liu5	liu4	liu2	赣			5801		
鎐	tsuʔ7	zuk6	yao2	赣			5526		
鎒	leu6	leu5	nou4	赣			4012		
鎕	tʰɔŋ2	tong2	tang2	赣			4595		
鎗	tsʰen1	cen1	qiang1	赣			5294		
鎜	pʰon2	pon2	pan2	赣			4670		
鏀	lu3	lu3	lu3	赣			4171		
鏂	ŋieu1	ngieu1	ou1	赣			5345		
鏋	mon3	mon3	man3	赣			5351		
鏎	pit7	bit6	bi4	赣			5220		
鏓	tsʰuŋ1	cung1	zong3	赣			4068		
鏔	i5	yi4	yi2	赣			4089		
鏕	luʔ7	luk6	lu4	赣			4894		
鏳	tsʰen2	cen2	cheng1	赣			5235		
鏶	tɕʰiet7	qiet6	ji2	赣			5658		
鏶	tɕʰit8	qit7	ji2	赣			4957		
鏸	fɨi6	fei5	hui4	赣			4333		
鏸	fɨi6	fei5	hui4	赣			5096		
鐁	sɿ1	si1	si1	赣			4636		
鐅	pʰiet7	piet6	pie3	赣			4150		
鐆	sui6	sui5	sui4	赣			5007		
鐉	tɕʰyon1	qyuon1	quan1	赣			4866		
鐕	tsan1	zan1	zan1	赣			4432		
鐖	tɕi1	ji1	ji1	赣			5071		
鐗	kan5	gan4	jian3	赣			5632		
鐬	fɨi3	fei3	hui4	赣			4228		
鐬	fɨi3	fei3	hui4	赣			5767		
鐰	tsʰau2	cau2	qiao1	赣			5400		
鐰	tɕʰieu1	qieu1	qiao1	赣			5833		
鐴	pit7	bit6	bi4	赣			5416		
鐹	kuo3	guo3	guo3	赣			4684		
鐹	kuo5	guo4	guo3	赣			5388		
鐻	tɕy5	jyu4	ju4	赣			4341		
鐾	pʰi6	pi5	bei4	赣			5394		
鑈	ȵi3	ni3	nie4	赣			5301		
鑈	ȵiet7	niet6	nie4	赣			4308		
鑋	tɕʰin1	qin1	qing1	赣			4066		
鑋	tɕʰin3	qin3	qing1	赣			5481		
鑏	len5	len4	ning2	赣			5700		
鑐	ɕy1	xyu1	xu1	赣			4358		
鑗	li5	li4	li2	赣			5337		
鑘	lui5	lui4	lei2	赣			4759		
鑚	tson1	zon1	zuan4	赣			5983		
鑚	tson5	zon4	zuan4	赣			4641		
鑛	kuen3	gun3	kuang4	赣			4963		
鑛	kuɔŋ3	guong3	kuang4	赣			4050		
鑢	li6	li5	lv4	赣			4849		
鑩	ŋɔʔ7	ngok6	e4	赣			5082		
鑫	ɕin1	xin1	xin1	赣			5449		
鑮	pɔʔ7	bok6	bo2	赣			5058		
鑮	pʰɔʔ8	pok7	bo2	赣			4414		
鑯	tɕien1	jien1	jian1	赣			4099		
鑳	tɕʰien6	qien5	jian4	赣			4719		
鑵	kuon5	guon4	guan4	赣			5363		
鑺	tɕʰy2	qyu2	qu2	赣			5809		
钀	ȵiet7	niet6	nie4	赣			5810		
钃	tsuʔ7	zuk6	zhu2	赣			4570		
钅	tɕin1	jin1	jin1	赣			5084		
钆	kat7	gat6	ga2	赣			5405		
钇	it7	yit6	yi3	赣			4381		
钋	pʰɔʔ7	pok6	po1	赣			5018		
钍	tʰu3	tu3	tu3	赣			5625		
钎	tɕʰien1	qien1	qian1	赣			5649		
钑	sat7	sat6	sa4	赣			4059		
钑	set7	set6	sa4	赣			5655		
钔	mɨn5	men4	men2	赣			4650		
钕	ȵy3	nyu3	nv3	赣			5948		
钖	iɔŋ5	yong4	yang2	赣			5170		
钚	fɨt7	fet6	bu4	赣			5568		
钚	fuʔ7	fuk6	bu4	赣			5337		
钛	tʰai3	tai3	tai4	赣			4381		
钪	kʰɔŋ3	kong3	kang4	赣			5412		
钬	fo3	fo3	huo3	赣			5595		
钰	ȵiuʔ7	niuk6	yu4	赣			5856		
钶	ŋo1	ngo1	ke1	赣			5379		
钷	pʰo3	po3	po3	赣			4759		
钸	pu1	bu1	bu1	赣			5570		
钼	muʔ7	muk6	mu4	赣			4465		
钽	tʰan3	tan3	tan3	赣			5533		
铀	iu5	yiu4	you2	赣			5632		
铂	pʰɔʔ8	pok7	bo2	赣			5338		
铈	sɿ6	si5	shi4	赣			5953		
铌	ȵi5	ni4	ni2	赣			5482		
铏	ɕin5	xin4	xing2	赣			4534		
铑	lau3	lau3	lao3	赣			4511		
铒	ɵ3	o3	er3	赣			4787		
铓	uɔŋ5	wong4	mang2	赣			5780		
铔	ŋa1	nga1	ya1	赣			5842		
铕	iu3	yiu3	you3	赣			5601		
铖	tsʰen2	cen2	cheng2	赣			5218		
铖	tɕʰin2	qin2	cheng2	赣			4324		
铘	ia5	ya4	ye2	赣			5975		
铞	tieu5	dieu4	diao4	赣			5352		
铟	in1	yin1	yin1	赣			4888		
铥	tiu1	diu1	diu1	赣			4200		
铦	kuɔʔ7	guok6	xian1	赣			5597		
铯	set7	set6	se4	赣			5564		
铱	i1	yi1	yi1	赣			4167		
铷	ɵ5	o4	ru2	赣			5666		
铹	lau5	lau4	lao2	赣			4585		
铼	lai5	lai4	lai2	赣			4694		
铽	tʰet7	tet6	te4	赣			4889		
锂	li3	li3	li3	赣			5264		
锆	kau5	gau4	gao4	赣			5334		
锇	ŋo5	ngo4	e2	赣			5371		
锍	liu3	liu3	liu3	赣			4623		
锏	kan5	gan4	jian3	赣			5561		
锕	ŋo1	ngo1	a1	赣			5894		
锖	tɕʰiɔŋ1	qiong1	qiang1	赣			5147		
锘	lɔʔ7	lok6	nuo4	赣			5980		
锛	pen1	ben1	ben1	赣			4833		
锝	tet7	det6	de2	赣			4710		
锞	kuo3	guo3	ke4	赣			5633		
锠	tsʰɔŋ1	cong1	chang1	赣			4209		
锩	tɕyon3	jyuon3	juan3	赣			4983		
锪	fɨt7	fet6	huo1	赣			5793		
锪	fuʔ7	fuk6	huo1	赣			5097		
锫	pʰi2	pi2	pei2	赣			4330		
锶	sɿ1	si1	si1	赣			5877		
锼	seu1	seu1	sou1	赣			5474		
锿	ŋai1	ngai1	ai1	赣			4993		
镁	mi3	mi3	mei3	赣			5116		
镄	fɨi5	fei4	fei4	赣			5132		
镄	fɨi5	fei4	fei4	赣			4275		
镎	lai6	lai5	na2	赣			4295		
镓	ka1	ga1	jia1	赣			4008		
镕	iuŋ5	yung4	rong2	赣			4736		
镙	lo5	lo4	luo2	赣			4344		
镚	puŋ5	bung4	beng4	赣			4120		
镟	ɕyon6	xyuon5	xuan4	赣			4834		
镥	lu3	lu3	lu3	赣			5813		
镨	pʰu3	pu3	pu3	赣			5496		
镮	fan5	fan4	huan2	赣			5516		
镱	i5	yi4	yi4	赣			5067		
镲	tsʰat8	cat7	cha3	赣			5083		
镺	ŋau3	ngau3	ao3	赣			5020		
镺	ŋau5	ngau4	ao3	赣			4198		
镻	tʰiet8	tiet7	die2	赣			4918		
镽	lieu3	lieu3	liao3	赣			4915		
镾	mi5	mi4	mi2	赣			5652		
閇	pi5	bi4	bi4	赣			5431		
閙	lau6	lau5	nao4	赣			4611		
閛	pʰen1	pen1	peng1	赣			5860		
閜	ha3	ha3	xia3	赣			4778		
閟	pi5	bi4	bi4	赣			5374		
閠	lɨn6	len5	run4	赣			5561		
閠	lun6	lun5	run4	赣			4779		
関	kuan1	guan1	guan1	赣			5670		
閧	hɔŋ6	hong5	hong4	赣			4564		
閧	fuŋ6	fung5	hong4	赣			4997		
閰	tɕiuʔ7	jiuk6	ju2	赣			5593		
閷	sai5	sai4	shai4	赣			4370		
闄	ieu3	yeu3	yao3	赣			4146		
闅	mɨn5	men4	wen2	赣			4949		
闅	uen5	wun4	wen2	赣			5074		
闘	teu5	deu4	dou4	赣			4345		
闙	tɕʰi3	qi3	qi3	赣			4480		
闚	kʰui1	kui1	kui1	赣			5493		
闛	tʰɔŋ1	tong1	tang2	赣			5972		
闛	tʰɔŋ2	tong2	tang2	赣			5620		
闟	ɕit7	xit6	xi4	赣			4953		
闣	tɔŋ5	dong4	dang4	赣			5992		
闫	ien5	yen4	yan2	赣			5326		
闬	hon6	hon5	han4	赣			5768		
阌	uen5	wun4	wen2	赣			5055		
阓	fɨi6	fei5	hui4	赣			4685		
阓	fɨi6	fei5	hui4	赣			5779		
阛	fan5	fan4	huan2	赣			5604		
阝	fu6	fu5	fu4	赣			4884		
阞	lɛt7	let6	le4	赣			5182		
阠	ɕin5	xin4	xin4	赣			5494		
阢	ui5	wui4	wu4	赣			4600		
阢	ut7	wut6	wu4	赣			4890		
阤	tsʰɿ6	ci5	zhi4	赣			5909		
阤	sɿ3	si3	zhi4	赣			5973		
阧	teu3	deu3	dou3	赣			4433		
阨	ŋiet7	ngiet6	e4	赣			4924		
阬	kʰien1	kien1	keng1	赣			4099		
阬	kʰɔŋ3	kong3	keng1	赣			4729		
阯	tsɿ3	zi3	zhi3	赣			4923		
阰	pʰi2	pi2	pi2	赣			4271		
阸	ŋai5	ngai4	e4	赣			4460		
阸	ŋiet7	ngiet6	e4	赣			5826		
阹	tɕʰy1	qyu1	qu1	赣			4686		
阺	tsʰɿ2	ci2	di3	赣			4371		
阾	lin3	lin3	ling3	赣			4315		
阾	lin5	lin4	ling3	赣			4968		
陊	tsʰɿ6	ci5	duo4	赣			5342		
陊	tʰo6	to5	duo4	赣			5976		
陎	ɕy5	xyu4	shu1	赣			4649		
陑	ɵ5	o4	er2	赣			4108		
陒	kui3	gui3	gui3	赣			5157		
陓	y1	yu1	yu1	赣			5910		
陖	ɕyn5	xyun4	jun4	赣			4393		
陗	tɕʰieu3	qieu3	qiao4	赣			4529		
陙	sun5	sun4	chun2	赣			4013		
陚	fu5	fu4	fu4	赣			4079		
陜	hat8	hat7	xia2	赣			5241		
陠	pu1	bu1	pu1	赣			4297		
陠	pʰu1	pu1	pu1	赣			5372		
陫	fɨi6	fei5	fei4	赣			5219		
陫	fɨi6	fei5	fei4	赣			4302		
陭	i1	yi1	yi4	赣			4858		
陭	i5	yi4	yi4	赣			4307		
陮	tʰui6	tui5	dui4	赣			4719		
陯	lɨn5	len4	lun2	赣			4854		
陯	lun5	lun4	lun2	赣			4684		
陻	in1	yin1	yin1	赣			4769		
陼	tɕy3	jyu3	zhu3	赣			4795		
陾	ɵ5	o4	reng2	赣			4499		
陾	leu3	leu3	reng2	赣			4331		
陿	hat8	hat7	xia2	赣			5531		
隂	in1	yin1	yin1	赣			4977		
隃	y5	yu4	shu4	赣			4033		
隄	ti1	di1	di1	赣			5627		
隄	tʰi2	ti2	di1	赣			5167		
隇	ui1	wui1	wei1	赣			5120		
隌	ŋon3	ngon3	an3	赣			4343		
隌	in1	yin1	an3	赣			4667		
隒	ȵien3	nien3	yan3	赣			4849		
隓	fɨi1	fei1	hui1	赣			4862		
隓	fɨi1	fei1	hui1	赣			5669		
隖	u3	wu3	wu4	赣			5351		
隚	tʰɔŋ2	tong2	tang2	赣			4015		
隝	tieu3	dieu3	dao3	赣			4645		
隥	ten5	den4	deng4	赣			4798		
隩	ŋau5	ngau4	ao4	赣			5531		
隩	yt7	yut6	ao4	赣			5226		
隵	ɕi1	xi1	xi1	赣			4395		
隷	li6	li5	li4	赣			4859		
隹	tsui1	zui1	zhui1	赣			5280		
隺	fuʔ8	fuk7	hu2	赣			5494		
隿	it7	yit6	yi4	赣			4230		
雂	tɕʰien2	qien2	qin2	赣			5106		
雃	ŋon5	ngon4	qian1	赣			4000		
雃	tɕʰien1	qien1	qian1	赣			4475		
雊	kieu5	gieu4	gou4	赣			4525		
雐	fu1	fu1	hu1	赣			4527		
雑	tsʰot8	cot7	za2	赣			5775		
雓	y5	yu4	yu2	赣			5136		
雔	tsʰɛu2	ceu2	chou2	赣			5258		
雔	tɕʰiu2	qiu2	chou2	赣			5351		
雗	hon6	hon5	han4	赣			5116		
雘	uot7	wot6	wo4	赣			5985		
雚	fon5	fon4	guan4	赣			4112		
雚	kuon5	guon4	guan4	赣			5283		
雝	iuŋ1	yung1	yong1	赣			4238		
雟	fɨi5	fei4	xi1	赣			5429		
雟	fɨi5	fei4	xi1	赣			5491		
雥	tsʰat8	cat7	za2	赣			4404		
雭	set7	set6	se4	赣			4498		
雰	fɨn1	fen1	fen1	赣			5788		
雰	fun1	fun1	fen1	赣			5940		
雱	pʰɔŋ1	pong1	pang1	赣			5091		
雴	tsʰət7	cet6	chi4	赣			4058		
雴	tɕʰit7	qit6	chi4	赣			5628		
雺	meu5	meu4	wu4	赣			5190		
霂	muʔ7	muk6	mu4	赣			5613		
霃	tsʰen2	cen2	chen2	赣			4056		
霃	tɕʰin2	qin2	chen2	赣			5490		
霅	tset7	zet6	zha4	赣			4758		
霋	tɕʰi1	qi1	qi1	赣			5540		
霔	tɕy5	jyu4	zhu4	赣			4429		
霙	in1	yin1	ying1	赣			5284		
霙	iɔŋ1	yong1	ying1	赣			4497		
霚	u6	wu5	wu4	赣			4072		
霚	muŋ5	mung4	wu4	赣			4185		
霛	lin5	lin4	ling2	赣			5650		
霝	lin5	lin4	ling2	赣			4357		
霠	in1	yin1	yin1	赣			4330		
霡	met7	met6	mai4	赣			4888		
霤	liu6	liu5	liu4	赣			4518		
霥	muŋ5	mung4	meng4	赣			5781		
霦	pin1	bin1	bin1	赣			5850		
霩	fɔʔ7	fok6	kuo4	赣			5176		
霫	ɕit7	xit6	xi2	赣			5628		
霫	ɕit8	xit7	xi2	赣			4693		
霱	yt7	yut6	yu4	赣			4062		
霳	luŋ5	lung4	long2	赣			4184		
霵	tset7	zet6	ji2	赣			5321		
霶	pʰɔŋ1	pong1	pang1	赣			5618		
霿	muŋ5	mung4	meng2	赣			4924		
霿	muŋ6	mung5	meng2	赣			5942		
靀	muŋ5	mung4	meng2	赣			5169		
靁	lui5	lui4	lei2	赣			4480		
靃	sui3	sui3	huo4	赣			5354		
靃	fɔʔ7	fok6	huo4	赣			4773		
靅	fɨi5	fei4	fei4	赣			4126		
靅	fɨi5	fei4	fei4	赣			4346		
靐	pʰən6	pen5	bing4	赣			5288		
靗	tsʰen3	cen3	cheng1	赣			4239		
靗	tɕʰin3	qin3	cheng1	赣			5081		
靘	tɕʰin1	qin1	qing4	赣			5810		
靘	tɕʰin3	qin3	qing4	赣			4015		
靛	tʰien6	tien5	dian4	赣			5117		
靤	pʰau6	pau5	bao4	赣			4643		
靫	tsʰa1	ca1	cha2	赣			4358		
靫	tsʰai1	cai1	cha2	赣			4205		
靬	tɕien1	jien1	qian2	赣			5303		
靮	tit7	dit6	di2	赣			4311		
靯	tʰu6	tu5	du4	赣			4690		
靷	in3	yin3	yin3	赣			4644		
靷	in6	yin5	yin3	赣			5463		
靻	tsu3	zu3	zu3	赣			4652		
靾	i6	yi5	yi4	赣			5286		
鞀	tʰau2	tau2	tao2	赣			5357		
鞂	kat7	gat6	jie1	赣			4958		
鞃	fen5	fen4	hong2	赣			4707		
鞄	pʰau6	pau5	pao2	赣			5643		
鞇	in1	yin1	yin1	赣			5830		
鞈	kat7	gat6	ge2	赣			4437		
鞈	kot7	got6	ge2	赣			5696		
鞉	tʰau2	tau2	tao2	赣			4109		
鞌	ŋon1	ngon1	an1	赣			4332		
鞎	hen2	hen2	hen2	赣			5055		
鞑	tʰat7	tat6	da2	赣			4487		
鞓	tʰin1	tin1	ting1	赣			5776		
鞔	mon5	mon4	man2	赣			5938		
鞕	ȵin6	nin5	ying4	赣			4324		
鞙	tɕyon1	jyuon1	xuan4	赣			4494		
鞙	ɕyon6	xyuon5	xuan4	赣			5062		
鞚	kʰuŋ3	kung3	kong4	赣			5139		
鞜	tʰat7	tat6	ta4	赣			5922		
鞞	pi1	bi1	bing3	赣			5672		
鞟	kʰuɔʔ7	kuok6	kuo4	赣			4669		
鞢	tsʰat8	cat7	xie4	赣			5693		
鞢	ɕiet7	xiet6	xie4	赣			4683		
鞤	pɔŋ1	bong1	bang1	赣			5887		
鞥	ŋot7	ngot6	eng1	赣			5092		
鞪	meu5	meu4	mu4	赣			4024		
鞪	muʔ7	muk6	mu4	赣			5940		
鞬	tɕien1	jien1	jian1	赣			5675		
鞮	ti1	di1	di1	赣			5261		
鞳	tʰat7	tat6	ta4	赣			5745		
鞵	hai2	hai2	xie2	赣			4191		
鞶	pʰon2	pon2	pan2	赣			5341		
鞹	kʰuɔʔ7	kuok6	kuo4	赣			5825		
鞻	leu5	leu4	lou2	赣			5249		
鞼	kui1	gui1	gui4	赣			4134		
鞼	kʰui6	kui5	gui4	赣			4576		
鞿	tɕi1	ji1	ji1	赣			5795		
韄	fu6	fu5	hu4	赣			5295		
韅	ɕien3	xien3	xian3	赣			4450		
韅	ɕien5	xien4	xian3	赣			5811		
韇	tʰuʔ8	tuk7	du2	赣			5289		
韈	uat7	wat6	wa4	赣			5537		
韎	mai6	mai5	mei4	赣			5156		
韎	mot7	mot6	mei4	赣			5785		
韏	tɕʰyon3	qyuon3	quan4	赣			4158		
韐	kat7	gat6	ge2	赣			4202		
韐	kot7	got6	ge2	赣			4341		
韒	ɕieu5	xieu4	qiao4	赣			4495		
韔	tsʰɔŋ3	cong3	chang4	赣			4265		
韖	leu3	leu3	rou3	赣			4281		
韗	ɕyon5	xyuon4	yun4	赣			4525		
韗	yn6	yun5	yun4	赣			5119		
韘	set7	set6	she4	赣			4765		
韘	ɕiet7	xiet6	she4	赣			5003		
韡	ui3	wui3	wei3	赣			4704		
韢	tsʰui3	cui3	sui4	赣			4172		
韣	tʰuʔ8	tuk7	du2	赣			5897		
韤	uat7	wat6	wa4	赣			5883		
韰	hai6	hai5	xie4	赣			4278		
韱	ɕien1	xien1	xian1	赣			5977		
韴	tsʰat8	cat7	za2	赣			5750		
韸	pʰuŋ2	pung2	peng2	赣			4122		
韹	uɔŋ5	wong4	huang2	赣			5487		
韺	in1	yin1	ying1	赣			4907		
韽	ŋan5	ngan4	an1	赣			4368		
韽	ŋon1	ngon1	an1	赣			4177		
韾	in1	yin1	yin1	赣			4273		
頀	fu6	fu5	hu4	赣			4309		
頄	tɕʰiu2	qiu2	kui2	赣			4180		
頋	ku5	gu4	e3	赣			4975		
頕	tan1	dan1	dan1	赣			5056		
頖	pʰon3	pon3	pan4	赣			4759		
頛	lui3	lui3	lei4	赣			4193		
頝	kʰau1	kau1	qiao1	赣			5386		
頞	ŋot7	ngot6	e4	赣			5779		
頟	ŋiet7	ngiet6	e2	赣			4622		
頢	fat8	fat7	kuo4	赣			4770		
頢	kuɔʔ7	guok6	kuo4	赣			4173		
頧	tui1	dui1	dui3	赣			5169		
頧	tui3	dui3	dui3	赣			4220		
頨	y3	yu3	yu3	赣			4561		
頨	ɕyon1	xyuon1	yu3	赣			5972		
頩	pʰin1	pin1	ping1	赣			5574		
頩	pʰin3	pin3	ping1	赣			4301		
頪	lui6	lui5	lei4	赣			5505		
頯	kui3	gui3	kui2	赣			5259		
頯	kʰui2	kui2	kui2	赣			5732		
頶	fuʔ8	fuk7	hu2	赣			4383		
頾	tsɿ1	zi1	zi1	赣			4492		
頿	tsɿ1	zi1	zi1	赣			4104		
顀	tsʰui2	cui2	chui2	赣			5285		
顁	tin5	din4	ding4	赣			4596		
顄	hon2	hon2	han4	赣			5935		
顄	hon6	hon5	han4	赣			5347		
顇	tsʰui6	cui5	cui4	赣			4772		
顈	ɕien6	xien5	xuan3	赣			5926		
顋	sai1	sai1	sai1	赣			4939		
顐	fun5	fun4	wen4	赣			5827		
顑	ŋan6	ngan5	kan3	赣			5603		
顑	kʰon3	kon3	kan3	赣			5802		
顖	ɕin5	xin4	xin4	赣			5907		
顚	tien1	dien1	dian1	赣			5657		
顚	tʰien3	tien3	dian1	赣			4390		
顝	kʰut7	kut6	kui1	赣			5520		
顟	lau5	lau4	lao2	赣			4779		
顠	pʰieu3	pieu3	piao3	赣			4112		
顠	pʰieu6	pieu5	piao3	赣			5137		
顡	ȵi6	ni5	wai4	赣			4166		
顡	ui3	wui3	wai4	赣			4529		
顤	ȵieu5	nieu4	yao2	赣			4416		
顦	tɕʰieu2	qieu2	qiao2	赣			4919		
顩	ȵien3	nien3	yan3	赣			5529		
顪	fɨi3	fei3	hui4	赣			5737		
顪	fɨi3	fei3	hui4	赣			5583		
顮	pin1	bin1	bin1	赣			4278		
顲	lan3	lan3	lan3	赣			5932		
颎	kuen3	gun3	jiong3	赣			4433		
颎	tɕiɔŋ3	jiong3	jiong3	赣			4956		
颒	fɨi3	fei3	hui4	赣			5642		
颒	fɨi3	fei3	hui4	赣			4459		
颣	lui6	lui5	lei4	赣			5190		
颫	fu5	fu4	fu2	赣			5863		
颬	ha1	ha1	xia1	赣			4060		
颲	liet7	liet6	lie4	赣			4702		
颵	sau1	sau1	shao1	赣			5258		
颽	kʰai3	kai3	kai3	赣			5336		
颿	fan5	fan4	fan1	赣			5410		
颿	fan6	fan5	fan1	赣			4916		
飁	ɕit8	xit7	xi2	赣			4644		
飂	liu5	liu4	liu4	赣			4163		
飂	liu6	liu5	liu4	赣			4518		
飉	lieu5	lieu4	liao2	赣			4555		
飊	pieu1	bieu1	biao1	赣			4574		
飌	fuŋ1	fung1	feng1	赣			5814		
飍	ɕiu1	xiu1	xiu1	赣			5279		
飏	iɔŋ5	yong4	yang2	赣			4456		
飏	iɔŋ6	yong5	yang2	赣			4567		
飓	tɕʰy6	qyu5	ju4	赣			4605		
飕	seu1	seu1	sou1	赣			4019		
飖	ieu5	yeu4	yao2	赣			5863		
飙	pieu1	bieu1	biao1	赣			9685		
飜	fan1	fan1	fan1	赣			4226		
飡	tsʰan1	can1	can1	赣			4037		
飤	sɿ6	si5	si4	赣			5088		
飬	tɕyon5	jyuon4	juan4	赣			5526		
飬	tɕʰyon3	qyuon3	juan4	赣			5325		
飰	fan6	fan5	fan4	赣			5101		
飳	tʰeu3	teu3	tou3	赣			5443		
飷	tɕia3	jia3	jie3	赣			5278		
飺	tsʰɿ2	ci2	ci2	赣			5884		
飻	tʰiet7	tiet6	tie4	赣			4839		
餀	hai3	hai3	hai4	赣			5038		
餁	len3	len3	ren4	赣			4623		
餁	ȵin3	nin3	ren4	赣			4447		
餂	tʰien3	tien3	tian3	赣			4290		
餆	ieu5	yeu4	yao2	赣			4563		
餟	tsui5	zui4	zhui4	赣			4226		
餟	tsot7	zot6	zhui4	赣			4580		
餣	iet7	yet6	ye4	赣			5854		
餤	tʰan2	tan2	tan2	赣			5911		
餥	fɨi1	fei1	fei1	赣			5900		
餥	fɨi3	fei3	fei1	赣			5803		
餥	fɨi1	fei1	fei1	赣			4048		
餥	fɨi3	fei3	fei1	赣			5721		
餩	ŋiet7	ngiet6	e4	赣			4365		
餯	fɨi3	fei3	hui4	赣			5972		
餯	fɨi3	fei3	hui4	赣			4394		
餲	hot8	hot7	ai4	赣			5881		
餴	fɨn1	fen1	fen1	赣			5661		
餴	fun1	fun1	fen1	赣			5845		
餹	tʰɔŋ2	tong2	tang2	赣			5433		
餻	kau1	gau1	gao1	赣			5395		
餽	kui5	gui4	kui4	赣			5081		
餽	kʰui6	kui5	kui4	赣			5591		
饆	pit7	bit6	bi4	赣			5159		
饇	y5	yu4	yu4	赣			5818		
饍	sen6	sen5	shan4	赣			4597		
饎	tsʰɿ3	ci3	chi4	赣			5331		
饐	i5	yi4	yi4	赣			4903		
饖	ui5	wui4	wei4	赣			4548		
饙	fɨn1	fen1	fen1	赣			4831		
饙	fun1	fun1	fen1	赣			4974		
饛	muŋ5	mung4	meng2	赣			5285		
饡	tsan5	zan4	zan4	赣			4805		
饣	sɛt8	set7	shi2	赣			5236		
饣	ɕit8	xit7	shi2	赣			4505		
饤	tin5	din4	ding4	赣			4213		
饦	tʰɔʔ7	tok6	tuo1	赣			5779		
饹	lɔʔ7	lok6	le5	赣			4742		
饾	tʰeu6	teu5	dou4	赣			4576		
馂	tɕyn5	jyun4	jun4	赣			5168		
馃	kuo3	guo3	guo3	赣			4376		
馇	tsʰa1	ca1	cha1	赣			5970		
馎	pɔʔ7	bok6	bo2	赣			4566		
馐	ɕiu1	xiu1	xiu1	赣			4813		
馕	lɔŋ5	long4	nang2	赣			4359		
馚	fɨn5	fen4	fen2	赣			4977		
馚	fun5	fun4	fen2	赣			5542		
馛	pʰot8	pot7	bo2	赣			5354		
馝	pʰiet8	piet7	bi4	赣			4262		
馝	pʰet8	pet7	bi4	赣			4838		
馞	pʰɛt7	pet6	bo2	赣			5567		
馞	pʰet8	pet7	bo2	赣			4429		
馠	hon1	hon1	han1	赣			5191		
馡	fɨi1	fei1	fei1	赣			4802		
馡	fɨi1	fei1	fei1	赣			4945		
馣	ŋon1	ngon1	an1	赣			5397		
馤	ŋai5	ngai4	ai4	赣			4804		
馦	ɕien1	xien1	xian1	赣			5708		
馧	yn1	yun1	yun1	赣			4731		
馧	ut7	wut6	yun1	赣			4726		
馩	fɨn5	fen4	fen2	赣			5560		
馩	fun5	fun4	fen2	赣			4142		
馰	tit7	dit6	di2	赣			5965		
馲	tʰɔʔ7	tok6	zhe2	赣			5716		
馵	tɕy5	jyu4	zhu4	赣			5261		
馶	tsɿ1	zi1	zhi1	赣			5830		
馺	sat7	sat6	sa4	赣			5231		
馻	yon3	yuon3	yun3	赣			4335		
馻	yn3	yun3	yun3	赣			5558		
馾	tan5	dan4	dan4	赣			4827		
駂	pau3	bau3	bao3	赣			5779		
駄	tʰo6	to5	tuo2	赣			5098		
駏	tɕʰy6	qyu5	ju4	赣			4529		
駖	lin5	lin4	ling2	赣			4631		
駗	tsɛn3	zen3	zhen3	赣			4007		
駜	pʰet8	pet7	bi4	赣			5461		
駣	tsʰeu6	ceu5	tao2	赣			4072		
駥	luŋ5	lung4	rong2	赣			5008		
駥	iuŋ5	yung4	rong2	赣			5628		
駬	ɵ3	o3	er3	赣			4536		
駮	pɔʔ7	bok6	bo2	赣			5106		
駴	hai6	hai5	hai4	赣			5984		
駵	liu5	liu4	liu2	赣			4103		
駷	seu3	seu3	song3	赣			5171		
駷	suŋ3	sung3	song3	赣			5931		
駹	mɔŋ5	mong4	mang2	赣			4727		
駺	lɔŋ5	long4	lang2	赣			5703		
駽	ɕyon1	xyuon1	xuan1	赣			5745		
駽	ɕyon5	xyuon4	xuan1	赣			5555		
駾	tʰui3	tui3	tui4	赣			4421		
騀	ŋo3	ngo3	e3	赣			4308		
騇	sa3	sa3	she4	赣			4211		
騇	sa5	sa4	she4	赣			4647		
騋	lai5	lai4	lai2	赣			5837		
騕	ieu3	yeu3	yao3	赣			5749		
騗	pʰien3	pien3	pian4	赣			5152		
騘	tsʰuŋ1	cung1	cong1	赣			5296		
騛	fɨi1	fei1	fei1	赣			4802		
騛	fɨi1	fei1	fei1	赣			5974		
騢	ha2	ha2	xia2	赣			4432		
騣	tsuŋ1	zung1	zong1	赣			5041		
騥	leu5	leu4	rou2	赣			5306		
騩	kui1	gui1	gui1	赣			5903		
騩	kui5	gui4	gui1	赣			5836		
騬	sɨn5	sen4	cheng2	赣			4918		
騬	ɕin5	xin4	cheng2	赣			5857		
騯	pʰɔŋ2	pong2	peng2	赣			5304		
騲	tsʰau3	cau3	cao3	赣			4256		
騺	tsɿ5	zi4	zhi4	赣			5459		
騽	ɕit8	xit7	xi2	赣			4078		
騽	it7	yit6	xi2	赣			5714		
驈	sut8	sut7	yu4	赣			5636		
驈	yt7	yut6	yu4	赣			4858		
驉	ɕy1	xyu1	xu1	赣			4978		
驒	tʰan2	tan2	tuo2	赣			5896		
驔	tʰien6	tien5	dian4	赣			4862		
驖	tʰiet7	tiet6	tie3	赣			5441		
驖	tʰiet8	tiet7	tie3	赣			5280		
驘	lo5	lo4	luo2	赣			4169		
驜	ȵiet7	niet6	ye4	赣			4219		
驠	ien1	yen1	yan4	赣			5668		
驠	ien5	yen4	yan4	赣			5605		
驡	tsɔŋ3	zong3	long2	赣			4982		
驡	luŋ5	lung4	long2	赣			5043		
驧	tɕʰiuʔ8	qiuk7	ju2	赣			5878		
驩	fon1	fon1	huan1	赣			5063		
驲	ȵit7	nit6	ri4	赣			4399		
骃	in1	yin1	yin1	赣			5410		
骉	pieu1	bieu1	biao1	赣			4630		
骒	kuo5	guo4	ke4	赣			5674		
骒	kʰuo3	kuo3	ke4	赣			5221		
骕	ɕiuʔ7	xiuk6	su4	赣			5564		
骟	sen5	sen4	shan4	赣			5891		
骢	tsʰuŋ1	cung1	cong1	赣			4246		
骣	tsʰan6	can5	chan3	赣			4621		
骦	sɔŋ1	song1	shuang1	赣			5281		
骫	ui3	wui3	wei3	赣			5570		
骬	y5	yu4	yu2	赣			4732		
骭	han6	han5	gan4	赣			4403		
骭	kon5	gon4	gan4	赣			4606		
骱	kat7	gat6	jie4	赣			4480		
骱	hot8	hot7	jie4	赣			5371		
骲	pʰau6	pau5	bao4	赣			4733		
骳	mie3	mie3	bei4	赣			4308		
骴	tsʰɿ2	ci2	ci1	赣			4299		
骴	tsʰɿ6	ci5	ci1	赣			5237		
骷	kʰu1	ku1	ku1	赣			4321		
骹	kʰau1	kau1	qiao1	赣			5951		
骹	kʰot7	kot6	qiao1	赣			4534		
骻	kʰua3	kua3	kua4	赣			5910		
骽	tʰui3	tui3	tui3	赣			5731		
骾	kien3	gien3	geng3	赣			5942		
骿	pʰien2	pien2	pian2	赣			4202		
髃	ȵy5	nyu4	yu2	赣			4594		
髃	ŋieu3	ngieu3	yu2	赣			4315		
髆	pɔʔ7	bok6	bo2	赣			5030		
髇	hau1	hau1	xiao1	赣			5710		
髈	pʰɔŋ2	pong2	bang3	赣			5475		
髈	pʰɔŋ3	pong3	bang3	赣			4253		
髉	pɔʔ7	bok6	bo2	赣			5674		
髊	tsʰɿ6	ci5	ci1	赣			5701		
髎	lieu5	lieu4	liao2	赣			4056		
髗	lu5	lu4	lu2	赣			5336		
髙	kau1	gau1	gao1	赣			5355		
髝	lau5	lau4	lao2	赣			4761		
髝	lau6	lau5	lao2	赣			5045		
髞	sau5	sau4	sao4	赣			5169		
髟	pieu1	bieu1	biao1	赣			5077		
髟	san1	san1	biao1	赣			4452		
髢	tʰi6	ti5	di2	赣			4546		
髣	fɔŋ3	fong3	fang3	赣			4605		
髤	ɕiu1	xiu1	xiu1	赣			5405		
髧	tʰan6	tan5	dan4	赣			5776		
髬	pʰi1	pi1	pi1	赣			5829		
髭	tsɿ1	zi1	zi1	赣			5741		
髲	pʰi6	pi5	bi4	赣			5901		
髳	muŋ5	mung4	mao2	赣			4249		
髴	fuʔ7	fuk6	fu2	赣			4585		
髵	ɵ5	o4	er2	赣			5297		
髶	ɵ6	o5	rong2	赣			4003		
髷	tɕʰiuʔ7	qiuk6	qu1	赣			4565		
髸	kuŋ1	gung1	gong1	赣			4544		
髹	ɕiu1	xiu1	xiu1	赣			4307		
髺	kuɔʔ7	guok6	kuo4	赣			5152		
髼	pʰuŋ2	pung2	peng2	赣			5264		
髽	tsa1	za1	zhua1	赣			4946		
髾	sau1	sau1	shao1	赣			5929		
髾	sau3	sau3	shao1	赣			4323		
髿	sa1	sa1	suo1	赣			5862		
髿	so1	so1	suo1	赣			5305		
鬀	tʰi3	ti3	ti4	赣			4182		
鬀	tʰi6	ti5	ti4	赣			4447		
鬁	li6	li5	li4	赣			4735		
鬄	ɕit7	xit6	di2	赣			5430		
鬅	pʰen2	pen2	peng2	赣			4098		
鬇	tsʰen2	cen2	zheng1	赣			5240		
鬉	tsuŋ1	zung1	zong1	赣			5256		
鬊	sun5	sun4	shun4	赣			4388		
鬋	tɕien5	jien4	jian3	赣			4670		
鬌	tsʰui2	cui2	tuo3	赣			5280		
鬎	lat7	lat6	la4	赣			5291		
鬑	lien5	lien4	lian2	赣			4048		
鬒	tsɛn3	zen3	zhen3	赣			5140		
鬒	tɕin3	jin3	zhen3	赣			4021		
鬕	ma6	ma5	ma4	赣			5450		
鬗	uan6	wan5	man2	赣			4030		
鬗	mon5	mon4	man2	赣			5513		
鬘	man5	man4	man2	赣			5376		
鬙	sen1	sen1	seng1	赣			5292		
鬛	liet7	liet6	lie4	赣			5623		
鬜	kʰan1	kan1	qian1	赣			4635		
鬜	kʰat7	kat6	qian1	赣			4768		
鬞	lɔŋ5	long4	nang2	赣			4262		
鬡	len5	len4	ning2	赣			5204		
鬤	len5	len4	rang2	赣			4490		
鬤	lɔŋ5	long4	rang2	赣			4687		
鬭	teu5	deu4	dou4	赣			4641		
鬳	ȵien6	nien5	yan4	赣			4859		
鬴	fu6	fu5	fu3	赣			4611		
鬵	ɕin5	xin4	qin2	赣			5074		
鬷	tsuŋ1	zung1	zong1	赣			5026		
鬷	tsuŋ3	zung3	zong1	赣			4764		
鬽	mi6	mi5	mei4	赣			5418		
鬾	tɕʰi2	qi2	ji4	赣			5934		
鬾	tɕʰi6	qi5	ji4	赣			5533		
魊	yt7	yut6	yu4	赣			4901		
魋	tʰui2	tui2	tui2	赣			4550		
魌	tɕʰi1	qi1	qi1	赣			4183		
魖	ɕy1	xyu1	xu1	赣			4001		
魗	tɕʰiu3	qiu3	chou3	赣			5454		
魝	tɕiet7	jiet6	jie2	赣			5086		
魠	tʰɔʔ7	tok6	tuo1	赣			5688		
魡	tit7	dit6	diao4	赣			4684		
魤	ŋo5	ngo4	e2	赣			5464		
魧	kɔŋ1	gong1	hang2	赣			4522		
魧	hɔŋ2	hong2	hang2	赣			5813		
魪	kai5	gai4	jie4	赣			5007		
魫	sɨn3	sen3	shen3	赣			5751		
魫	ɕin3	xin3	shen3	赣			5713		
魬	pʰan6	pan5	ban3	赣			5720		
魮	pʰi2	pi2	pi2	赣			5812		
魱	fu5	fu4	hu2	赣			5010		
魳	tsat7	zat6	za1	赣			5603		
魶	lat7	lat6	na4	赣			5656		
魼	tɕʰy1	qyu1	qu1	赣			5263		
魼	tʰat7	tat6	qu1	赣			5646		
魾	pʰi1	pi1	pi1	赣			4342		
魾	pʰi2	pi2	pi1	赣			4377		
魿	lin5	lin4	ling2	赣			5483		
魿	tɕʰin2	qin2	ling2	赣			5605		
鮂	tɕiu1	jiu1	qiu2	赣			4065		
鮂	tɕʰiu2	qiu2	qiu2	赣			4492		
鮇	ui6	wui5	wei4	赣			5324		
鮏	ɕin1	xin1	xing1	赣			4202		
鮛	suʔ7	suk6	shu1	赣			5722		
鮢	tɕy1	jyu1	zhu1	赣			4164		
鮥	lɔʔ7	lok6	luo4	赣			4139		
鮧	tʰi2	ti2	ti3	赣			4002		
鮧	i5	yi4	ti3	赣			5706		
鮩	pʰin6	pin5	bing4	赣			5903		
鮬	pʰu6	pu5	ku1	赣			5413		
鮬	kʰu1	ku1	ku1	赣			4941		
鮷	tʰi2	ti2	ti2	赣			4941		
鮹	sau1	sau1	shao1	赣			5429		
鮹	ɕieu1	xieu1	shao1	赣			5812		
鮾	lui3	lui3	nei3	赣			5862		
鯃	u5	wu4	wu2	赣			4168		
鯅	sen1	sen1	shan1	赣			5685		
鯈	tsʰɛu2	ceu2	tiao2	赣			4478		
鯈	tɕʰiu2	qiu2	tiao2	赣			5813		
鯜	tɕiet7	jiet6	qie4	赣			4143		
鯜	tɕʰiet7	qiet6	qie4	赣			5381		
鯟	tuŋ1	dung1	dong1	赣			4465		
鯠	lai5	lai4	lai2	赣			5125		
鯥	liuʔ7	liuk6	lu4	赣			4202		
鯩	lɨn5	len4	lun2	赣			4092		
鯩	lun5	lun4	lun2	赣			5938		
鯸	heu2	heu2	hou2	赣			4098		
鯹	ɕin1	xin1	xing1	赣			4614		
鯼	tsuŋ1	zung1	zong1	赣			5129		
鯼	tsuŋ5	zung4	zong1	赣			4107		
鰀	fon6	fon5	huan4	赣			4429		
鰄	ui1	wui1	wei1	赣			4144		
鰅	ȵy5	nyu4	yu2	赣			5336		
鰇	leu5	leu4	rou2	赣			4443		
鰝	hau6	hau5	hao4	赣			4344		
鰝	hɔʔ7	hok6	hao4	赣			5032		
鰞	u1	wu1	wu1	赣			4883		
鰡	liu5	liu4	liu2	赣			4839		
鰢	ma3	ma3	ma3	赣			5746		
鰪	ŋot7	ngot6	e2	赣			4549		
鰬	tɕʰien2	qien2	qian2	赣			4977		
鰴	fɨi1	fei1	hui1	赣			5356		
鰴	fɨi1	fei1	hui1	赣			5218		
鰸	tɕʰy1	qyu1	qu1	赣			4669		
鰿	tsʰet8	cet7	ji4	赣			5700		
鰿	tɕit7	jit6	ji4	赣			5600		
鱁	tsʰuʔ8	cuk7	zhu2	赣			4703		
鱌	ɕiɔŋ6	xiong5	xiang4	赣			5217		
鱍	pot7	bot6	bo1	赣			4932		
鱍	pʰot7	pot6	bo1	赣			5087		
鱎	tɕieu3	jieu3	jiao3	赣			5843		
鱏	ɕin5	xin4	xun2	赣			5567		
鱏	in5	yin4	xun2	赣			4858		
鱐	ɕiuʔ7	xiuk6	su4	赣			5393		
鱑	fɔŋ5	fong4	huang2	赣			4873		
鱓	sen6	sen5	shan4	赣			4160		
鱕	fan1	fan1	fan1	赣			4881		
鱡	tsʰet8	cet7	zei2	赣			5670		
鱦	in6	yin5	ying4	赣			4244		
鱬	ɵ5	o4	ru2	赣			5921		
鱴	miet7	miet6	mie4	赣			4929		
鱵	tsɨn1	zen1	zhen1	赣			5839		
鱵	tɕin1	jin1	zhen1	赣			5817		
鱹	kuon5	guon4	guan4	赣			4453		
鱻	ɕien1	xien1	xian1	赣			5143		
鱿	iu5	yiu4	you2	赣			4902		
鲀	tʰɨn2	ten2	tun2	赣			5328		
鲀	tʰun2	tun2	tun2	赣			5210		
鲄	ho2	ho2	he2	赣			5495		
鲅	pot7	bot6	ba4	赣			5880		
鲆	pʰin2	pin2	ping2	赣			4645		
鲒	tɕʰit8	qit7	jie2	赣			4657		
鲕	ɵ5	o4	er2	赣			4601		
鲕	ȵiuʔ7	niuk6	er2	赣			5433		
鲖	tʰuŋ2	tung2	tong2	赣			5507		
鲗	tsʰet8	cet7	zei2	赣			5036		
鲘	heu6	heu5	hou4	赣			4966		
鲟	ɕin5	xin4	xun2	赣			5299		
鲺	set7	set6	shi1	赣			5032		
鳇	fɔŋ5	fong4	huang2	赣			4687		
鳋	sau1	sau1	sao1	赣			4957		
鳒	han2	han2	jian1	赣			5775		
鳒	tɕien1	jien1	jian1	赣			4440		
鳓	lɛt7	let6	le4	赣			5648		
鳕	ɕyot7	xyuot6	xue3	赣			4696		
鳛	ɕit8	xit7	xi2	赣			5899		
鳠	fet8	fet7	hu4	赣			4305		
鳣	tsen1	zen1	zhan1	赣			4549		
鳦	it7	yit6	yi3	赣			5915		
鳨	lit7	lit6	li4	赣			4051		
鳪	puʔ7	buk6	bu2	赣			4291		
鳫	ŋan6	ngan5	yan4	赣			4425		
鳭	tsau1	zau1	diao1	赣			4970		
鳱	kon1	gon1	gan1	赣			4678		
鳹	tɕʰien2	qien2	qin2	赣			5026		
鳺	fu1	fu1	fu1	赣			4981		
鳻	fɨn5	fen4	ban1	赣			5340		
鳿	ȵiuʔ7	niuk6	yu4	赣			4124		
鴂	tɕyot7	jyuot6	jue2	赣			5329		
鴈	ŋan6	ngan5	yan4	赣			5397		
鴊	tsen5	zen4	zheng4	赣			5415		
鴋	fɔŋ1	fong1	fang1	赣			5895		
鴋	fɔŋ5	fong4	fang1	赣			4481		
鴏	tʰit8	tit7	dai4	赣			5225		
鴓	miet7	miet6	mie4	赣			4050		
鴘	pien3	bien3	bian3	赣			4084		
鴘	pʰien3	pien3	bian3	赣			5935		
鴚	ko1	go1	ge1	赣			4748		
鴠	tan5	dan4	dan4	赣			5876		
鴢	ŋau3	ngau3	yao3	赣			5422		
鴢	ieu3	yeu3	yao3	赣			4935		
鴤	tsuŋ1	zung1	zhong1	赣			4724		
鴪	yt7	yut6	yu4	赣			4506		
鴭	tui1	dui1	dui1	赣			5044		
鴱	ŋai6	ngai5	ai4	赣			4507		
鴶	kat7	gat6	jia2	赣			5816		
鴸	tɕy1	jyu1	zhu1	赣			5230		
鴹	iɔŋ5	yong4	yang2	赣			4878		
鴺	tʰi2	ti2	ti2	赣			4603		
鴺	i5	yi4	ti2	赣			5494		
鴾	meu5	meu4	mou2	赣			4518		
鵀	lɨn6	len5	ren2	赣			4393		
鵄	tsʰɿ1	ci1	chi1	赣			4745		
鵅	kiet7	giet6	luo4	赣			5696		
鵅	lɔʔ7	lok6	luo4	赣			5386		
鵋	tɕʰi6	qi5	ji4	赣			4227		
鵌	tʰu2	tu2	tu2	赣			4661		
鵌	y5	yu4	tu2	赣			5733		
鵎	tʰo3	to3	tuo3	赣			5224		
鵔	ɕyn5	xyun4	jun4	赣			5717		
鵕	ɕyn5	xyun4	jun4	赣			4289		
鵖	tɕiet7	jiet6	bi1	赣			5955		
鵖	pit7	bit6	bi1	赣			4237		
鵗	ɕi1	xi1	xi1	赣			4527		
鵛	tɕin1	jin1	jing1	赣			4487		
鵣	lai6	lai5	lai4	赣			4215		
鵨	ɕy1	xyu1	shu1	赣			4552		
鵱	liuʔ7	liuk6	lu4	赣			4303		
鵳	tɕien1	jien1	jian1	赣			4167		
鵴	tɕiuʔ7	jiuk6	ju2	赣			5237		
鵴	tɕʰiuʔ8	qiuk7	ju2	赣			4710		
鵵	tʰu3	tu3	tu4	赣			4944		
鵶	ŋa1	nga1	ya1	赣			5108		
鵸	tɕʰi2	qi2	qi2	赣			4077		
鵹	li5	li4	li2	赣			4782		
鵺	ia6	ya5	ye4	赣			4647		
鵻	tsui1	zui1	zhui1	赣			5912		
鵻	ɕyn3	xyun3	zhui1	赣			4213		
鵼	kʰuŋ1	kung1	kong1	赣			5019		
鵽	tot7	dot6	duo4	赣			5802		
鵽	tsot7	zot6	duo4	赣			4353		
鶁	tɕin1	jin1	jing1	赣			4965		
鶂	ȵit7	nit6	yi4	赣			4813		
鶅	tsɿ1	zi1	zi1	赣			4919		
鶅	tsɿ5	zi4	zi1	赣			4306		
鶆	lai5	lai4	lai2	赣			5571		
鶈	tɕʰi1	qi1	qi1	赣			4598		
鶋	tɕy1	jyu1	ju1	赣			4565		
鶔	leu5	leu4	rou2	赣			4013		
鶙	tʰi2	ti2	ti2	赣			5837		
鶛	kai1	gai1	jie1	赣			4477		
鶜	mau5	mau4	mao2	赣			4488		
鶝	pʰet8	pet7	fu2	赣			4783		
鶝	fuʔ7	fuk6	fu2	赣			5196		
鶞	tsʰun1	cun1	chun1	赣			4826		
鶟	tʰet8	tet7	tu2	赣			5573		
鶟	tʰut8	tut7	tu2	赣			4495		
鶢	yon5	yuon4	yuan2	赣			5339		
鶤	kun1	gun1	kun1	赣			5277		
鶤	yn6	yun5	kun1	赣			4607		
鶧	in1	yin1	ying1	赣			4223		
鶵	tsʰu2	cu2	chu2	赣			5530		
鶶	tʰɔŋ2	tong2	tang2	赣			4856		
鶷	hat8	hat7	xia2	赣			4351		
鶾	hon2	hon2	han4	赣			4267		
鷃	ŋan5	ngan4	yan4	赣			5315		
鷆	tʰien2	tien2	tian2	赣			4867		
鷇	kieu5	gieu4	kou4	赣			4130		
鷈	tʰi1	ti1	ti1	赣			4037		
鷌	ma3	ma3	ma3	赣			4550		
鷏	tʰien2	tien2	tian2	赣			5390		
鷒	tʰon2	ton2	tuan2	赣			4239		
鷒	tson1	zon1	tuan2	赣			4239		
鷕	ieu3	yeu3	yao3	赣			5560		
鷘	tsʰət7	cet6	chi4	赣			4423		
鷘	tɕʰit7	qit6	chi4	赣			5453		
鷜	li5	li4	lv2	赣			5853		
鷜	leu5	leu4	lv2	赣			4296		
鷝	pit7	bit6	bi4	赣			4557		
鷝	pʰɛt7	pet6	bi4	赣			5862		
鷞	sɔŋ1	song1	shuang1	赣			4104		
鷞	sɔŋ3	song3	shuang1	赣			5839		
鷡	u5	wu4	wu2	赣			4476		
鷢	tɕʰyot8	qyuot7	jue2	赣			5706		
鷧	i5	yi4	yi4	赣			5176		
鷮	tɕieu1	jieu1	jiao1	赣			4475		
鷮	tɕʰieu2	qieu2	jiao1	赣			5294		
鷰	ien5	yen4	yan4	赣			4693		
鷱	kau1	gau1	gao1	赣			4947		
鷵	tʰu2	tu2	tu2	赣			5282		
鷶	mai3	mai3	mai3	赣			5197		
鷾	i5	yi4	yi4	赣			5575		
鸀	tsʰɔʔ8	cok7	chu3	赣			5272		
鸁	lo5	lo4	luo2	赣			4215		
鸃	ȵi5	ni4	yi2	赣			5577		
鸄	tɕit7	jit6	ji1	赣			4486		
鸅	tsʰet8	cet7	ze2	赣			5245		
鸆	ȵy5	nyu4	yu2	赣			4139		
鸈	ȵiet7	niet6	ye4	赣			5129		
鸉	iɔŋ5	yong4	yang2	赣			5886		
鸍	sɿ1	si1	mi2	赣			4186		
鸍	mi5	mi4	mi2	赣			5967		
鸎	in1	yin1	ying1	赣			4193		
鸐	tsʰɔʔ7	cok6	di2	赣			5778		
鸐	tsʰɔʔ8	cok7	di2	赣			4888		
鸒	y5	yu4	yu4	赣			4643		
鸒	y6	yu5	yu4	赣			4729		
鸓	lui5	lui4	lei3	赣			5917		
鸙	iɔʔ7	yok6	yue4	赣			5015		
鸜	tɕʰy2	qyu2	qu2	赣			5164		
鸧	tsʰɔŋ1	cong1	cang1	赣			5753		
鸧	tɕʰiɔŋ1	qiong1	cang1	赣			5932		
鸴	hɔʔ7	hok6	xue2	赣			4437		
鹋	mieu5	mieu4	miao2	赣			5963		
鹌	ŋon1	ngon1	an1	赣			4685		
鹍	kun1	gun1	kun1	赣			5592		
鹒	kien1	gien1	geng1	赣			5481		
鹓	yon1	yuon1	yuan1	赣			5468		
鹔	ɕiuʔ7	xiuk6	su4	赣			4753		
鹖	hot8	hot7	he2	赣			4811		
鹙	tɕʰiu1	qiu1	qiu1	赣			5218		
鹚	tsɿ1	zi1	ci2	赣			5887		
鹚	tsʰɿ2	ci2	ci2	赣			5883		
鹟	uŋ1	wung1	weng1	赣			5248		
鹡	tɕit7	jit6	ji2	赣			5985		
鹢	ȵit7	nit6	yi4	赣			4184		
鹥	i1	yi1	yi1	赣			5894		
鹯	tsen1	zen1	zhan1	赣			5528		
鹴	sɔŋ1	song1	shuang1	赣			4035		
鹷	lin5	lin4	ling2	赣			5714		
鹾	tsʰo2	co2	cuo2	赣			4971		
麀	iu1	yiu1	you1	赣			4572		
麁	tsʰu1	cu1	cu1	赣			5713		
麃	pʰau2	pau2	pao2	赣			4415		
麃	pʰieu3	pieu3	pao2	赣			4561		
麅	pʰau2	pau2	pao2	赣			4080		
麆	tsʰu6	cu5	zhu4	赣			4315		
麉	tɕien1	jien1	jian1	赣			5962		
麊	mi5	mi4	mi2	赣			4681		
麌	u5	wu4	yu3	赣			4000		
麌	ȵy3	nyu3	yu3	赣			5482		
麎	sɨn5	sen4	chen2	赣			4176		
麎	ɕin5	xin4	chen2	赣			4110		
麏	tɕyn1	jyun1	jun1	赣			5470		
麐	lin5	lin4	lin2	赣			4993		
麐	lin6	lin5	lin2	赣			5038		
麑	ȵi5	ni4	ni2	赣			4636		
麔	tɕʰiu6	qiu5	jiu4	赣			4262		
麕	tɕyn1	jyun1	jun1	赣			5749		
麖	tɕin1	jin1	jing1	赣			4685		
麙	ŋan5	ngan4	xian2	赣			5768		
麚	ka1	ga1	jia1	赣			5807		
麛	mi5	mi4	mi2	赣			5681		
麜	lit7	lit6	li4	赣			4198		
麞	tsɔŋ1	zong1	zhang1	赣			5515		
麠	tɕin1	jin1	jing1	赣			4749		
麡	tɕʰi2	qi2	qi2	赣			5553		
麢	lin5	lin4	ling2	赣			5175		
麤	tsʰu1	cu1	cu1	赣			4797		
麧	het8	het7	he2	赣			4693		
麭	pʰau3	pau3	pao4	赣			4349		
麮	tɕʰy3	qyu3	qu4	赣			4347		
麰	meu5	meu4	mou2	赣			4706		
麱	fu1	fu1	fu1	赣			4472		
黀	tseu1	zeu1	zou1	赣			5531		
黁	lɨn5	len4	nun2	赣			4397		
黁	lun5	lun4	nun2	赣			4475		
黂	fɨi6	fei5	fen2	赣			4061		
黂	fɨi6	fei5	fen2	赣			5676		
黅	tɕin1	jin1	jin1	赣			5148		
黈	tʰeu3	teu3	tou3	赣			5929		
黊	fa6	fa5	hua4	赣			4393		
黊	fɨi5	fei4	hua4	赣			5511		
黊	fɨi5	fei4	hua4	赣			5330		
黐	tsʰɿ1	ci1	chi1	赣			5993		
黐	li5	li4	chi1	赣			4975		
黒	het7	het6	hei1	赣			5063		
黓	it7	yit6	yi4	赣			5115		
黕	tan3	dan3	dan3	赣			4068		
黖	ɕi5	xi4	xi4	赣			4490		
黗	tʰɛn1	ten1	tun1	赣			4899		
黚	tɕʰien2	qien2	qian2	赣			5393		
黡	ien3	yen3	yan3	赣			4986		
黤	ŋan3	ngan3	yan3	赣			4410		
黤	ŋon3	ngon3	yan3	赣			4665		
黦	yot7	yuot6	yue4	赣			5078		
黪	tsʰan3	can3	can3	赣			4295		
黫	ŋan1	ngan1	yan1	赣			5253		
黬	kan1	gan1	yan2	赣			5871		
黬	ŋan5	ngan4	yan2	赣			4855		
黭	ŋon3	ngon3	yan3	赣			4475		
黮	tʰan3	tan3	dan3	赣			5601		
黮	tʰan6	tan5	dan3	赣			5711		
黰	tsɛn3	zen3	zhen3	赣			4621		
黱	tʰai6	tai5	dai4	赣			5288		
黳	i1	yi1	yi1	赣			5601		
黸	lu5	lu4	lu2	赣			4069		
黺	fɨn3	fen3	fen3	赣			4225		
黺	fun3	fun3	fen3	赣			4803		
鼀	tɕʰiuʔ7	qiuk6	cu4	赣			4115		
鼁	tɕʰy3	qyu3	qu4	赣			5564		
鼃	ua1	wa1	wa1	赣			4719		
鼃	fai5	fai4	wa1	赣			4323		
鼄	tɕy1	jyu1	zhu1	赣			4913		
鼅	tsɿ1	zi1	zhi1	赣			5589		
鼆	men3	men3	meng2	赣			4440		
鼈	piet7	biet6	bie1	赣			4474		
鼊	pit7	bit6	bi4	赣			5952		
鼌	tsʰeu2	ceu2	chao2	赣			5765		
鼏	mit7	mit6	mi4	赣			5093		
鼔	ku3	gu3	gu3	赣			5747		
鼖	fɨn5	fen4	fen2	赣			4276		
鼖	fun5	fun4	fen2	赣			4308		
鼘	yon1	yuon1	yuan1	赣			4389		
鼘	in1	yin1	yuan1	赣			5323		
鼚	tsʰɔŋ1	cong1	chang1	赣			5293		
鼛	kau1	gau1	gao1	赣			4751		
鼜	tsʰau3	cau3	qi4	赣			5530		
鼜	tɕʰit7	qit6	qi4	赣			4084		
鼞	tʰɔŋ1	tong1	tang1	赣			4238		
鼟	tʰen1	ten1	teng1	赣			5455		
鼣	fɨi6	fei5	fei4	赣			4474		
鼣	fɨi6	fei5	fei4	赣			4615		
鼤	uen5	wun4	wen2	赣			5631		
鼤	uen6	wun5	wen2	赣			4042		
鼥	pʰot8	pot7	ba2	赣			4454		
鼧	tʰo1	to1	tuo2	赣			5155		
鼧	tʰo2	to2	tuo2	赣			4442		
鼨	tsuŋ1	zung1	zhong1	赣			4089		
鼪	sen1	sen1	sheng1	赣			5689		
鼭	sɿ5	si4	shi2	赣			5386		
鼮	tʰin2	tin2	ting2	赣			4128		
鼲	fɨn5	fen4	hun2	赣			5293		
鼲	fun5	fun4	hun2	赣			5163		
鼳	kuet7	guet6	ju2	赣			4836		
鼳	tɕiuʔ7	jiuk6	ju2	赣			5250		
鼵	tʰet8	tet7	tu1	赣			5665		
鼵	tʰut8	tut7	tu1	赣			4169		
鼶	sɿ1	si1	si1	赣			4965		
鼶	tʰi2	ti2	si1	赣			5943		
鼸	ɕien6	xien5	xian4	赣			4187		
鼽	fɨi1	fei1	qiu2	赣			4855		
鼽	fɨi1	fei1	qiu2	赣			5778		
鼽	tɕʰiu2	qiu2	qiu2	赣			4374		
鼿	fɨi1	fei1	wu4	赣			4251		
鼿	fɨi1	fei1	wu4	赣			5086		
鼿	ut7	wut6	wu4	赣			4866		
齂	hai3	hai3	xie4	赣			4999		
齂	mat7	mat6	xie4	赣			4709		
齃	ŋot7	ngot6	e4	赣			5189		
齄	tsa1	za1	zha1	赣			5148		
齅	ɕiu5	xiu4	xiu4	赣			4562		
齇	tsa1	za1	zha1	赣			5017		
齈	luŋ6	lung5	nong4	赣			4465		
齌	tɕʰi6	qi5	ji4	赣			5755		
齍	tsɿ1	zi1	zi1	赣			4000		
齖	ŋa5	nga4	ya2	赣			5506		
齖	ŋa6	nga5	ya2	赣			5916		
齚	tsʰet8	cet7	ze2	赣			5746		
齛	ɕiet7	xiet6	xie4	赣			4443		
齝	tsʰɿ1	ci1	chi1	赣			4642		
齝	sɿ1	si1	chi1	赣			5571		
齞	ȵien3	nien3	yan3	赣			5834		
齤	tɕʰyon2	qyuon2	quan2	赣			4388		
齨	tɕʰiu6	qiu5	jiu4	赣			4353		
齫	kʰun3	kun3	yun3	赣			5979		
齫	ȵyn3	nyun3	yun3	赣			4072		
齱	tseu1	zeu1	zou1	赣			5721		
齱	tsʰɔʔ7	cok6	zou1	赣			5327		
齳	ȵyn3	nyun3	yun3	赣			5408		
齵	ȵy5	nyu4	ou2	赣			4422		
齵	ŋieu5	ngieu4	ou2	赣			4092		
齸	it7	yit6	yi4	赣			5363		
齹	tsʰɿ2	ci2	ci1	赣			5291		
齹	tsʰo2	co2	ci1	赣			5399		
齺	tsʰɔʔ7	cok6	zou1	赣			4440		
齺	tsʰɔʔ8	cok7	zou1	赣			4126		
齻	tien1	dien1	dian1	赣			5072		
齽	tɕʰin6	qin5	jin4	赣			5962		
龂	ȵin3	nin3	yin2	赣			5544		
龂	ȵin5	nin4	yin2	赣			4860		
龅	pʰau2	pau2	bao1	赣			4809		
龆	tʰieu2	tieu2	tiao2	赣			5873		
龏	kuŋ5	gung4	gong1	赣			4738		
龏	ŋɔʔ7	ngok6	gong1	赣			5312		
龖	tʰat8	tat7	da2	赣			5691		
龗	lin5	lin4	ling2	赣			4037		
龡	tsʰui1	cui1	chui1	赣			5680		
龢	fo5	fo4	he2	赣			4995		
龣	kɔʔ7	gok6	jue2	赣			4358		
龣	luʔ7	luk6	jue2	赣			4936		
龤	hai2	hai2	xie2	赣			5482		
𠀐	kʰui6	kui5	𠀐5	赣			1318		
𠀒	fu5	fu4	𠀒5	赣			1878		
𠀔	tɕyt7	jyut6	jue2	赣			1763		
𠀘	tʰien1	tien1	𠀘5	赣			1399		
𠀽	lɛt7	let6	lu4	赣			1984		
𠀽	luʔ7	luk6	lu4	赣			1802		
𠁁	tʰeu6	teu5	dou4	赣			1265		
𠁥	kua3	gua3	ga3	赣			1081		
𠁥	kuai3	guai3	ga3	赣			1131		
𠁫	tɕʰiu1	qiu1	𠁫5	赣			1472		
𠁭	tɕʰi2	qi2	qi2	赣			1515		
𠂄	fon1	fon1	huan1	赣			1296		
𠂆	i6	yi5	yi4	赣			1681		
𠂇	tso3	zo3	zuo3	赣			1518		
𠂔	tsɿ3	zi3	zi3	赣			1913		
𠂕	sɿ3	si3	𠂕5	赣			1411		
𠂞	fu5	fu4	𠂞5	赣			1668		
𠂢	pʰai3	pai3	pai4	赣			1172		
𠂤	tui1	dui1	dui1	赣			1498		
𠂬	ŋo3	ngo3	𠂬5	赣			1018		
𠂬	ŋo5	ngo4	𠂬5	赣			1644		
𠂷	hen2	hen2	𠂷5	赣			1231		
𠂹	tsʰui2	cui2	𠂹5	赣			1442		
𠂼	tʰien6	tien5	𠂼5	赣			1321		
𠃊	in3	yin3	yin3	赣			1727		
𠃚	tɕiu1	jiu1	𠃚5	赣			1797		
𠃸	i5	yi4	𠃸5	赣			1150		
𠃾	kui1	gui1	𠃾5	赣			1302		
𠄅	ȵiet7	niet6	ye4	赣			1047		
𠄈	lɨn6	len5	𠄈5	赣			1002		
𠄌	tɕyot7	jyuot6	jue2	赣			1303		
𠄏	tieu3	dieu3	diao3	赣			1601		
𠄔	ɕieu6	xieu5	𠄔5	赣			1589		
𠄖	lɨn5	len4	ling2	赣			1922		
𠅞	sɨn5	sen4	𠅞5	赣			1495		
𠅞	ɕin5	xin4	𠅞5	赣			1907		
𠅬	pau1	bau1	bao1	赣			1679		
𠆎	ui5	wui4	𠆎5	赣			1437		
𠆩	fan5	fan4	fan4	赣			1994		
𠆲	ȵien3	nien3	yan3	赣			1945		
𠆴	lau6	lau5	𠆴5	赣			1250		
𠆵	ȵi5	ni4	ni2	赣			1416		
𠆺	ɕyon5	xyuon4	𠆺5	赣			1513		
𠇗	kʰua1	kua1	kua1	赣			1369		
𠇱	mot7	mot6	mo4	赣			1955		
𠇹	tɕin5	jin4	𠇹5	赣			1812		
𠈇	ɕiuʔ7	xiuk6	𠈇5	赣			1021		
𠈈	tsʰɿ3	ci3	𠈈5	赣			1097		
𠈈	sɿ3	si3	𠈈5	赣			1035		
𠈋	luŋ5	lung4	𠈋5	赣			1564		
𠈋	iuŋ5	yung4	𠈋5	赣			1272		
𠈱	so1	so1	suo1	赣			1525		
𠈵	mɔŋ5	mong4	mang3	赣			1724		
𠈺	pʰi6	pi5	bi4	赣			1892		
𠉂	tʰat7	tat6	ta4	赣			1034		
𠉗	lo6	lo5	luo4	赣			1159		
𠉤	tʰat8	tat7	da2	赣			1835		
𠉦	ɕiuʔ7	xiuk6	𠉦5	赣			1639		
𠉫	kuɔŋ5	guong4	𠉫5	赣			1961		
𠊧	pʰen6	pen5	bing4	赣			1349		
𠊩	tsʰan6	can5	zhuan4	赣			1460		
𠊪	ɕy6	xyu5	shu4	赣			1593		
𠊬	tɕʰit7	qit6	jue2	赣			1765		
𠊬	tɕʰiɔʔ8	qiok7	jue2	赣			1701		
𠊯	seu3	seu3	𠊯5	赣			1081		
𠊰	kua3	gua3	gua3	赣			1868		
𠊷	tsʰɿ6	ci5	zhi4	赣			1962		
𠊾	kʰui2	kui2	kui2	赣			1839		
𠊾	kʰui6	kui5	kui2	赣			1914		
𠋆	tsʰen3	cen3	chen4	赣			1465		
𠋆	tɕʰin3	qin3	chen4	赣			1035		
𠋢	seu3	seu3	sou3	赣			1591		
𠋧	tɕʰia1	qia1	qie1	赣			1768		
𠋧	tɕʰie1	qie1	qie1	赣			1394		
𠋩	fuʔ7	fuk6	fu4	赣			1325		
𠋫	heu6	heu5	𠋫5	赣			1732		
𠋬	kuet7	guet6	ju2	赣			1705		
𠋬	tɕiuʔ7	jiuk6	ju2	赣			1340		
𠋺	sau1	sau1	sao1	赣			1109		
𠌖	tɕʰiuŋ2	qiung2	qiong2	赣			1377		
𠌪	tʰau1	tau1	chou1	赣			1211		
𠌭	sut7	sut6	shuai4	赣			1544		
𠌮	tsa1	za1	zhe1	赣			1989		
𠌰	kai5	gai4	gai4	赣			1090		
𠌶	ɕy1	xyu1	𠌶5	赣			1823		
𠌶	y5	yu4	𠌶5	赣			1220		
𠍀	tuŋ1	dung1	𠍀5	赣			1766		
𠍜	tsʰɿ6	ci5	zhi4	赣			1924		
𠍵	iɔŋ6	yong5	yang4	赣			1892		
𠍹	tsat7	zat6	zha2	赣			1517		
𠎝	tɕʰien1	qien1	𠎝5	赣			1092		
𠎷	sat7	sat6	sa4	赣			1048		
𠏀	kʰuo1	kuo1	ke1	赣			1275		
𠏃	ye1	yue1	yue1	赣			1883		
𠏤	kuɔŋ3	guong3	guang3	赣			1655		
𠏭	tsʰuŋ6	cung5	zong4	赣			1650		
𠏮	tui5	dui4	dui4	赣			1708		
𠐀	i5	yi4	yi2	赣			1198		
𠐋	pʰau1	pau1	liao2	赣			1999		
𠐋	lau5	lau4	liao2	赣			1492		
𠐌	pi3	bi3	bi3	赣			1299		
𠐤	kui1	gui1	𠐤5	赣			1393		
𠐩	tsʰan3	can3	chan3	赣			1627		
𠐻	tɕien3	jien3	jian3	赣			1049		
𠐻	tɕʰien6	qien5	jian3	赣			1225		
𠐼	lɨn6	len5	lin4	赣			1551		
𠐽	kui5	gui4	gui4	赣			1167		
𠐽	kʰui2	kui2	gui4	赣			1281		
𠐾	tɕʰi1	qi1	qi1	赣			1735		
𠐿	fen1	fen1	hong1	赣			1532		
𠑅	tsen1	zen1	zheng1	赣			1231		
𠑗	ɕien1	xien1	𠑗5	赣			1077		
𠑘	tien1	dien1	dian1	赣			1150		
𠑟	pien1	bien1	bian1	赣			1375		
𠒂	ku3	gu3	𠒂5	赣			1065		
𠒃	sɿ6	si5	𠒃5	赣			1047		
𠒅	sɿ6	si5	𠒅5	赣			1020		
𠒆	ɵ5	o4	𠒆5	赣			1428		
𠒜	ȵyon3	nyuon3	yuan3	赣			1584		
𠒢	uon5	won4	wan2	赣			1002		
𠓋	it7	yit6	yi4	赣			1284		
𠓗	fu5	fu4	fu4	赣			1312		
𠓗	pʰet7	pet6	fu4	赣			1346		
𠓛	tɕʰit7	qit6	𠓛5	赣			1683		
𠓛	tɕʰit8	qit7	𠓛5	赣			1168		
𠓜	liɔŋ3	liong3	liang3	赣			1941		
𠓭	lan3	lan3	lan3	赣			1859		
𠔙	tuŋ1	dung1	𠔙5	赣			1539		
𠔯	pan1	ban1	ban1	赣			1854		
𠔺	kʰan1	kan1	qian1	赣			1366		
𠔼	mau3	mau3	mao3	赣			1252		
𠔼	meu6	meu5	mao3	赣			1872		
𠕋	tsʰet7	cet6	𠕋5	赣			1555		
𠕓	kʰɔʔ7	kok6	𠕓5	赣			1552		
𠕣	kʰat7	kat6	qia4	赣			1705		
𠕦	y6	yu5	yu4	赣			1091		
𠖶	tɕʰin3	qin3	qin4	赣			1630		
𠖷	kuen3	gun3	jiong3	赣			1038		
𠖷	tɕiɔŋ3	jiong3	jiong3	赣			1158		
𠗂	hɔʔ8	hok7	he4	赣			1540		
𠗉	hat8	hat7	xie2	赣			1063		
𠗨	tsʰat8	cat7	die2	赣			1959		
𠗨	tʰiet8	tiet7	die2	赣			1658		
𠗲	lɨn5	len4	𠗲5	赣			1791		
𠗴	hon2	hon2	han2	赣			1956		
𠗺	i5	yi4	yi2	赣			1314		
𠘂	seu1	seu1	sou1	赣			1810		
𠘧	ɕy5	xyu4	shu1	赣			1115		
𠘯	leu3	leu3	𠘯5	赣			1517		
𠘯	ȵiu3	niu3	𠘯5	赣			1776		
𠘱	tsɛn3	zen3	zhen3	赣			1887		
𠘱	tɕin3	jin3	zhen3	赣			1913		
𠙶	ŋieu3	ngieu3	ou3	赣			1273		
𠚜	tʰau1	tau1	tao1	赣			1885		
𠚡	tʰau1	tau1	𠚡5	赣			1409		
𠚥	tieu1	dieu1	diao1	赣			1732		
𠛂	tsʰɔŋ1	cong1	𠛂5	赣			1104		
𠛅	kʰieu1	kieu1	kou1	赣			1735		
𠛅	ŋieu1	ngieu1	kou1	赣			1618		
𠛉	kʰat7	kat6	𠛉5	赣			1403		
𠛎	kieu1	gieu1	gou1	赣			1312		
𠛐	tsɿ5	zi4	𠛐5	赣			1396		
𠛐	tɕi5	ji4	𠛐5	赣			1594		
𠛑	ɕien5	xien4	xian2	赣			1027		
𠛮	tɕʰyon1	qyuon1	quan1	赣			1848		
𠛱	tsat7	zat6	lie4	赣			1354		
𠛱	liet7	liet6	lie4	赣			1952		
𠛺	fu3	fu3	𠛺5	赣			1579		
𠜂	san1	san1	𠜂5	赣			1878		
𠜓	tʰɛt7	tet6	𠜓5	赣			1840		
𠜖	lot7	lot6	luo1	赣			1755		
𠜙	pu5	bu4	bu4	赣			1330		
𠜱	pʰi1	pi1	pi1	赣			1201		
𠜲	ŋa1	nga1	ya1	赣			1624		
𠜵	kat7	gat6	gua1	赣			1244		
𠜶	lau3	lau3	𠜶5	赣			1427		
𠜻	fet7	fet6	𠜻5	赣			1281		
𠜾	kui5	gui4	jue2	赣			1527		
𠜾	tɕyt7	jyut6	jue2	赣			1808		
𠝃	yon1	yuon1	𠝃5	赣			1358		
𠝟	in3	yin3	ying3	赣			1233		
𠝤	tsʰuŋ1	cung1	chong1	赣			1031		
𠝥	kʰui1	kui1	𠝥5	赣			1476		
𠞂	ɕi1	xi1	𠞂5	赣			1835		
𠞇	pʰi3	pi3	𠞇5	赣			1206		
𠞈	tat7	dat6	da1	赣			1457		
𠞉	lit7	lit6	li4	赣			1273		
𠞊	tsʰa1	ca1	cha1	赣			1861		
𠞊	tsʰai1	cai1	cha1	赣			1971		
𠞩	tsʰet7	cet6	chi4	赣			1615		
𠞩	sut7	sut6	chi4	赣			1187		
𠞭	leu5	leu4	lou2	赣			1857		
𠞭	leu6	leu5	lou2	赣			1724		
𠞮	tsʰɔŋ3	cong3	chuang3	赣			1707		
𠞰	tɕieu3	jieu3	jiao3	赣			1613		
𠞱	tɕʰin6	qin5	jin4	赣			1926		
𠟂	tsʰen3	cen3	ceng4	赣			1435		
𠟃	tsun3	zun3	zun3	赣			1951		
𠟉	tsen3	zen3	zhan3	赣			1998		
𠟌	fu3	fu3	fu3	赣			1729		
𠟍	tsʰuŋ1	cung1	chong1	赣			1693		
𠟎	ŋɔʔ7	ngok6	𠟎5	赣			1378		
𠟪	tɕʰiet7	qiet6	ye4	赣			1867		
𠟪	ȵiet7	niet6	ye4	赣			1476		
𠟭	tset7	zet6	𠟭5	赣			1850		
𠟯	tɕieu3	jieu3	𠟯5	赣			1628		
𠟴	tsʰɿ3	ci3	𠟴5	赣			1340		
𠟻	tset7	zet6	ze2	赣			1417		
𠟼	fan5	fan4	huan2	赣			1681		
𠟽	kuat7	guat6	𠟽5	赣			1511		
𠟿	tɕieu3	jieu3	𠟿5	赣			1956		
𠠃	tɕʰien1	qien1	qian1	赣			1576		
𠠌	liet7	liet6	𠠌5	赣			1623		
𠠍	li5	li4	𠠍5	赣			1791		
𠠗	liet7	liet6	lie4	赣			1233		
𠠜	in1	yin1	ying1	赣			1472		
𠠫	li6	li5	𠠫5	赣			1866		
𠠳	tɕiu1	jiu1	jiu1	赣			1956		
𠠵	fan5	fan4	li4	赣			1342		
𠡂	pʰet8	pet7	bi4	赣			1013		
𠡃	tso5	zo4	𠡃5	赣			1368		
𠡝	ȵit7	nit6	yi4	赣			1739		
𠡠	lai6	lai5	𠡠5	赣			1865		
𠢅	tɕʰien2	qien2	𠢅5	赣			1887		
𠢆	hat8	hat7	xia2	赣			1482		
𠢈	tɕy3	jyu3	𠢈5	赣			1317		
𠢓	mɔʔ7	mok6	mo4	赣			1121		
𠢕	hau2	hau2	hao2	赣			1538		
𠢠	lit7	lit6	li4	赣			1500		
𠢤	tɕyot7	jyuot6	jue2	赣			1921		
𠢲	kʰai3	kai3	kai3	赣			1236		
𠢳	set7	set6	se4	赣			1625		
𠣊	li6	li5	lv4	赣			1603		
𠣑	ŋau1	ngau1	yao1	赣			1718		
𠣙	ɕyn5	xyun4	𠣙5	赣			1860		
𠣟	tɕʰyn1	qyun1	𠣟5	赣			1873		
𠣤	ɕyn3	xyun3	𠣤5	赣			1103		
𠣨	ȵi5	ni4	𠣨5	赣			1457		
𠣪	tɕʰy2	qyu2	qu2	赣			1390		
𠣫	seu6	seu5	shao4	赣			1559		
𠣬	ɕyn3	xyun3	sun3	赣			1348		
𠣵	pʰet8	pet7	𠣵5	赣			1316		
𠣾	pʰet7	pet6	fu4	赣			1636		
𠣿	tɕiu5	jiu4	jiu4	赣			1484		
𠤄	tɕʰiuʔ7	qiuk6	ju1	赣			1138		
𠤄	tɕʰiuʔ8	qiuk7	ju1	赣			1610		
𠤈	fuŋ6	fung5	𠤈5	赣			1026		
𠤎	fa5	fa4	hua4	赣			1785		
𠤏	pau3	bau3	bao3	赣			1843		
𠤦	lon3	lon3	ruan3	赣			1820		
𠤦	ȵyon3	nyuon3	ruan3	赣			1639		
𠤼	tʰieu2	tieu2	diao4	赣			1184		
𠥐	tsʰɔŋ1	cong1	cang1	赣			1146		
𠥗	kui3	gui3	𠥗5	赣			1352		
𠥙	tɕʰyon1	qyuon1	quan2	赣			1580		
𠥜	ŋot7	ngot6	e4	赣			1060		
𠥦	it7	yit6	yi4	赣			1598		
𠥴	hon2	hon2	han2	赣			1200		
𠥸	tʰi1	ti1	𠥸5	赣			1744		
𠦂	tʰau1	tau1	𠦂5	赣			1101		
𠦃	sat7	sat6	sa4	赣			1815		
𠦄	sat7	sat6	𠦄5	赣			1306		
𠦎	tʰau1	tau1	qin4	赣			1350		
𠦒	pon1	bon1	ban1	赣			1283		
𠦒	pit7	bit6	ban1	赣			1630		
𠦪	ɕyt7	xyut6	hu1	赣			1177		
𠦫	tɕʰit7	qit6	ji2	赣			1122		
𠦫	tɕʰit8	qit7	ji2	赣			1546		
𠦬	kuai1	guai1	guai1	赣			1665		
𠧙	seu6	seu5	shao4	赣			1992		
𠧚	tsʰət7	cet6	chi4	赣			1223		
𠧚	tɕʰit7	qit6	chi4	赣			1922		
𠧞	tsʰeu6	ceu5	𠧞5	赣			1197		
𠧧	ɕi1	xi1	𠧧5	赣			1105		
𠧩	fɨi3	fei3	hui4	赣			1897		
𠧩	fɨi3	fei3	hui4	赣			1352		
𠧪	ɕi1	xi1	tiao2	赣			1908		
𠧪	tʰieu2	tieu2	tiao2	赣			1164		
𠧴	iu5	yiu4	you2	赣			1448		
𠧵	tsʰət7	cet6	chi4	赣			1816		
𠧵	tɕʰit7	qit6	chi4	赣			1164		
𠧷	iu5	yiu4	𠧷5	赣			1895		
𠨎	tsʰon6	con5	zhuan4	赣			1045		
𠨜	ut7	wut6	𠨜5	赣			1680		
𠨧	tɕʰien1	qien1	𠨧5	赣			1639		
𠨮	tset7	zet6	𠨮5	赣			1790		
𠨲	iɔʔ7	yok6	yue4	赣			1681		
𠨴	kai5	gai4	𠨴5	赣			1862		
𠩁	tʰuŋ2	tung2	𠩁5	赣			1818		
𠩂	tɕʰiet7	qiet6	qie4	赣			1701		
𠩃	iɔʔ7	yok6	𠩃5	赣			1938		
𠩄	su3	su3	suo3	赣			1422		
𠩗	i5	yi4	yi2	赣			1512		
𠩘	kat7	gat6	xia2	赣			1503		
𠩧	kʰot7	kot6	ke4	赣			1531		
𠩫	ȵit7	nit6	yi4	赣			1711		
𠩬	li5	li4	𠩬5	赣			1744		
𠩰	tui1	dui1	𠩰5	赣			1444		
𠩺	ɕi1	xi1	xi1	赣			1595		
𠪙	sɿ3	si3	xi3	赣			1832		
𠪚	kʰon3	kon3	yin2	赣			1135		
𠪮	tset7	zet6	pi4	赣			1687		
𠪮	tɕit7	jit6	pi4	赣			1473		
𠪻	fu6	fu5	fu4	赣			1716		
𠫓	tʰɛt7	tet6	tu1	赣			1097		
𠫓	tʰut7	tut6	tu1	赣			1691		
𠬈	pi3	bi3	bi3	赣			1434		
𠬛	mɛt7	met6	mo4	赣			1857		
𠬝	ȵien3	nien3	fu2	赣			1724		
𠬝	tɕiet7	jiet6	fu2	赣			1771		
𠬢	tʰau1	tau1	tao1	赣			1365		
𠬨	tɕiet7	jiet6	𠬨5	赣			1032		
𠬪	pʰieu6	pieu5	biao4	赣			1801		
𠭇	meu3	meu3	𠭇5	赣			1715		
𠭖	kon3	gon3	𠭖5	赣			1002		
𠭥	tsui5	zui4	sui4	赣			1904		
𠭥	sui5	sui4	sui4	赣			1448		
𠭰	li5	li4	li2	赣			1814		
𠭴	tsot7	zot6	zhuo1	赣			1997		
𠭴	tsuʔ7	zuk6	zhuo1	赣			1866		
𠮊	tet7	det6	de2	赣			1365		
𠮟	tsʰət7	cet6	chi4	赣			1058		
𠮟	tɕʰit7	qit6	chi4	赣			1434		
𠮯	tɕi3	ji3	ji3	赣			1047		
𠯋	i3	yi3	yi3	赣			1950		
𠯑	fat8	fat7	gua1	赣			1759		
𠯔	pʰɛt7	pet6	pi4	赣			1222		
𠯗	tsat7	zat6	za1	赣			1530		
𠯘	pon5	bon4	ban4	赣			1080		
𠯙	tɕiet7	jiet6	jie2	赣			1470		
𠯟	ɕien6	xien5	xian4	赣			1753		
𠯠	fɨi1	fei1	hui1	赣			1933		
𠯠	fɨi1	fei1	hui1	赣			1670		
𠰉	tsʰeu1	ceu1	chao1	赣			1085		
𠰒	ia3	ya3	𠰒5	赣			1943		
𠰱	tset7	zet6	𠰱5	赣			1578		
𠰷	lu5	lu4	𠰷5	赣			1529		
𠱘	ȵit7	nit6	ni4	赣			1714		
𠱝	iet7	yet6	ye4	赣			1027		
𠱞	tsʰat7	cat6	ran3	赣			1633		
𠱠	lɨn5	len4	ling2	赣			1735		
𠱡	sai5	sai4	sa4	赣			1329		
𠱡	sat7	sat6	sa4	赣			1694		
𠱥	ŋot7	ngot6	e4	赣			1985		
𠲎	fat8	fat7	fa5	赣			1749		
𠲗	ŋot7	ngot6	𠲗5	赣			1948		
𠲮	tɕin5	jin4	jing4	赣			1126		
𠲳	sɨn1	sen1	𠲳5	赣			1958		
𠲳	ɕin1	xin1	𠲳5	赣			1877		
𠲷	tiet7	diet6	die2	赣			1499		
𠳃	fuŋ6	fung5	hong4	赣			1722		
𠳊	kʰo1	ko1	he1	赣			1582		
𠳋	tɕʰien3	qien3	qian3	赣			1523		
𠳌	kʰa3	ka3	qia4	赣			1087		
𠳲	ɕy3	xyu3	𠳲5	赣			1436		
𠴦	tɕy5	jyu4	zhu4	赣			1807		
𠴨	kuan1	guan1	guan1	赣			1159		
𠴪	sot7	sot6	𠴪5	赣			1834		
𠴫	tɕiuʔ7	jiuk6	ji4	赣			1098		
𠴱	fu5	fu4	hu2	赣			1168		
𠴺	ua1	wa1	wa1	赣			1303		
𠵭	iet7	yet6	se4	赣			1543		
𠵾	fet8	fet7	huo4	赣			1313		
𠶷	it7	yit6	yi4	赣			1438		
𠶸	tɕʰit7	qit6	jue2	赣			1109		
𠶸	tɕʰiɔʔ8	qiok7	jue2	赣			1309		
𠷂	tʰai6	tai5	dai4	赣			1677		
𠷈	lɛt7	let6	lv4	赣			1868		
𠷎	tsʰɛu2	ceu2	chou2	赣			1874		
𠷎	tɕʰiu2	qiu2	chou2	赣			1051		
𠷏	fɨi3	fei3	wo1	赣			1178		
𠷏	fɨi3	fei3	wo1	赣			1739		
𠷏	ui3	wui3	wo1	赣			1982		
𠷑	pʰot7	pot6	po1	赣			1990		
𠷓	ɕin1	xin1	xin1	赣			1034		
𠷔	sɔŋ5	song4	𠷔5	赣			1647		
𠷞	ku1	gu1	gu1	赣			1596		
𠷾	ɕyt7	xyut6	𠷾5	赣			1379		
𠸶	sɔŋ1	song1	𠸶5	赣			1824		
𠸶	sɔŋ5	song4	𠸶5	赣			1119		
𠸹	yt7	yut6	yu2	赣			1913		
𠹀	sun5	sun4	xun4	赣			1103		
𠹈	lo5	lo4	nuo2	赣			1089		
𠹊	tsʰau3	cau3	cao3	赣			1215		
𠹋	tɕʰit8	qit7	ji2	赣			1735		
𠹑	ȵieu6	nieu5	yao4	赣			1657		
𠹝	ŋieu5	ngieu4	chou2	赣			1505		
𠺛	tʰau6	tau5	𠺛5	赣			1854		
𠻚	mu5	mu4	mo2	赣			1206		
𠻛	seu3	seu3	𠻛5	赣			1605		
𠻜	sui5	sui4	shui4	赣			1136		
𠻜	sot7	sot6	shui4	赣			1705		
𠻡	lo3	lo3	luo3	赣			1228		
𠻤	in3	yin3	yan3	赣			1876		
𠽧	tʰiet8	tiet7	𠽧5	赣			1150		
𠽶	tsʰui3	cui3	chuai4	赣			1438		
𠽽	len5	len4	𠽽5	赣			1834		
𠿈	tsau1	zau1	jiu1	赣			1548		
𠿈	tseu1	zeu1	jiu1	赣			1607		
𠿊	tɕʰit7	qit6	𠿊5	赣			1280		
𠿍	tien5	dien4	𠿍5	赣			1798		
𠿎	fai1	fai1	𠿎5	赣			1002		
𠿒	hot7	hot6	𠿒5	赣			1756		
𠿓	sat7	sat6	sa4	赣			1921		
𠿝	tsʰu1	cu1	chu1	赣			1972		
𠿟	ŋɔʔ7	ngok6	wo4	赣			1691		
𠿠	tset7	zet6	ji2	赣			1467		
𠿡	tsot7	zot6	zhuo2	赣			1501		
𡀾	ŋot7	ngot6	e4	赣			1282		
𡀿	li6	li5	lv4	赣			1551		
𡁆	lɔʔ7	lok6	luo4	赣			1265		
𡁋	uen3	wun3	wen3	赣			1237		
𡁑	fai1	fai1	hua1	赣			1943		
𡂏	liet7	liet6	lie4	赣			1973		
𡂐	tsʰan6	can5	𡂐5	赣			1552		
𡂐	tsʰat8	cat7	𡂐5	赣			1834		
𡂒	tset7	zet6	zhi4	赣			1175		
𡂒	tɕit7	jit6	zhi4	赣			1862		
𡂕	lau3	lau3	lao3	赣			1767		
𡂖	lai6	lai5	lai4	赣			1120		
𡂟	pʰau6	pau5	bao4	赣			1781		
𡂣	tset7	zet6	zhi2	赣			1496		
𡂣	tɕit7	jit6	zhi2	赣			1106		
𡂩	liet7	liet6	lie4	赣			1769		
𡃡	luŋ5	lung4	long2	赣			1605		
𡄑	tɕien1	jien1	jian1	赣			1576		
𡄑	tɕien5	jien4	jian1	赣			1126		
𡄴	fet8	fet7	huo4	赣			1571		
𡅡	ŋɔʔ7	ngok6	e4	赣			1002		
𡅽	fon5	fon4	𡅽5	赣			1379		
𡅽	hon3	hon3	𡅽5	赣			1296		
𡆑	ŋan5	ngan4	𡆑5	赣			1028		
𡇈	tʰɔŋ6	tong5	dang4	赣			1663		
𡇓	tiet7	diet6	die2	赣			1370		
𡇠	tset7	zet6	zhe2	赣			1057		
𡇰	tson3	zon3	zhuan3	赣			1960		
𡇱	kʰɔʔ7	kok6	que4	赣			1392		
𡇶	hot8	hot7	he2	赣			1421		
𡇼	ŋat7	ngat6	ya4	赣			1182		
𡈋	kʰun3	kun3	𡈋5	赣			1237		
𡈋	tɕʰyn1	qyun1	𡈋5	赣			1337		
𡈗	mɔʔ7	mok6	mo4	赣			1780		
𡈣	ɕyon1	xyuon1	xuan1	赣			1556		
𡈼	tʰin3	tin3	ting3	赣			1577		
𡉚	fuŋ1	fung1	huang2	赣			1236		
𡊁	it7	yit6	yi4	赣			1411		
𡊄	fɨn1	fen1	fen4	赣			1645		
𡊄	fun1	fun1	fen4	赣			1378		
𡊅	fɨn5	fen4	fen4	赣			1561		
𡊅	fun5	fun4	fen4	赣			1485		
𡊉	mot7	mot6	mo4	赣			1538		
𡊞	pʰin6	pin5	ping2	赣			1148		
𡊫	iuŋ3	yung3	rong3	赣			1768		
𡊻	liet7	liet6	lie4	赣			1695		
𡋡	yon5	yuon4	𡋡5	赣			1948		
𡋤	tɕʰin6	qin5	𡋤5	赣			1847		
𡋯	pʰet8	pet7	bo2	赣			1704		
𡋲	tsʰo6	co5	𡋲5	赣			1343		
𡌦	fɨi6	fei5	fei4	赣			1557		
𡌦	fɨi6	fei5	fei4	赣			1806		
𡌨	pʰi2	pi2	𡌨5	赣			1886		
𡌪	kuai5	guai4	guai4	赣			1782		
𡌲	kui1	gui1	gui1	赣			1311		
𡍖	tʰai6	tai5	𡍖5	赣			1790		
𡍤	ȵiet7	niet6	nie4	赣			1602		
𡍦	fan5	fan4	huan2	赣			1728		
𡍨	tʰu6	tu5	du4	赣			1961		
𡍩	tsʰet7	cet6	𡍩5	赣			1966		
𡍪	tsʰet7	cet6	qi4	赣			1898		
𡍫	tsʰet7	cet6	ce4	赣			1274		
𡍮	tsʰui2	cui2	chui2	赣			1956		
𡎯	fai6	fai5	𡎯5	赣			1788		
𡎰	tsʰɿ2	ci2	𡎰5	赣			1596		
𡎸	tɕin3	jin3	𡎸5	赣			1990		
𡎺	tsuʔ7	zuk6	zhu2	赣			1983		
𡎻	tsʰan2	can2	chan2	赣			1134		
𡏩	tui1	dui1	dui1	赣			1156		
𡏮	tsʰau2	cau2	chao2	赣			1836		
𡏳	tɕin3	jin3	𡏳5	赣			1459		
𡐔	in5	yin4	yin2	赣			1640		
𡐞	piet7	biet6	bie1	赣			1628		
𡐠	kʰui1	kui1	kui1	赣			1713		
𡐤	tɕʰiet7	qiet6	qie4	赣			1514		
𡐨	ia3	ya3	𡐨5	赣			1519		
𡑈	tui3	dui3	dui3	赣			1371		
𡑜	lɨn5	len4	𡑜5	赣			1110		
𡑟	uo1	wo1	wo1	赣			1150		
𡑣	kʰut7	kut6	ku1	赣			1189		
𡑧	hat8	hat7	𡑧5	赣			1992		
𡑧	kʰut7	kut6	𡑧5	赣			1134		
𡒄	lan3	lan3	lan3	赣			1635		
𡒊	y6	yu5	yu4	赣			1796		
𡒓	hon3	hon3	xian4	赣			1597		
𡓐	ŋɔʔ7	ngok6	𡓐5	赣			1850		
𡔇	lui6	lui5	lei4	赣			1015		
𡔞	uɔŋ3	wong3	wang3	赣			1912		
𡔢	tɕiet7	jiet6	𡔢5	赣			1839		
𡔢	tɕʰiet7	qiet6	𡔢5	赣			1474		
𡔣	tɕiet7	jiet6	jie2	赣			1368		
𡔣	tɕʰiet7	qiet6	jie2	赣			1411		
𡕒	kʰua3	kua3	kua4	赣			1622		
𡕡	pʰuʔ8	puk7	𡕡5	赣			1230		
𡕢	uan3	wan3	mian3	赣			1208		
𡕢	mien3	mien3	mian3	赣			1637		
𡕥	ɕyt7	xyut6	𡕥5	赣			1419		
𡕬	hɔŋ6	hong5	𡕬5	赣			1746		
𡕮	lɨn5	len4	ling2	赣			1543		
𡕮	tɕit7	jit6	ling2	赣			1498		
𡖓	tan1	dan1	dan1	赣			1025		
𡖓	tan3	dan3	dan1	赣			1855		
𡖔	lo5	lo4	nuo2	赣			1104		
𡖯	suʔ7	suk6	su4	赣			1479		
𡖶	met7	met6	𡖶5	赣			1972		
𡖿	fo6	fo5	𡖿5	赣			1366		
𡗞	ɕi5	xi4	xi1	赣			1695		
𡗥	sun5	sun4	chun2	赣			1037		
𡗷	ku1	gu1	gu1	赣			1138		
𡗹	fan5	fan4	fan4	赣			1155		
𡗻	fɨt7	fet6	𡗻5	赣			1817		
𡗻	fuʔ7	fuk6	𡗻5	赣			1477		
𡘌	tsʰɿ3	ci3	𡘌5	赣			1023		
𡘌	hai3	hai3	𡘌5	赣			1574		
𡘐	ɕi5	xi4	xi4	赣			1175		
𡘐	ɕiet7	xiet6	xi4	赣			1805		
𡘴	piet7	biet6	bie1	赣			1737		
𡘷	tʰau3	tau3	𡘷5	赣			1044		
𡘸	tɕien3	jien3	𡘸5	赣			1300		
𡙁	sɔŋ3	song3	𡙁5	赣			1192		
𡙜	tʰot8	tot7	𡙜5	赣			1686		
𡙮	tsʰɨt8	cet7	𡙮5	赣			1377		
𡙮	tɕʰit8	qit7	𡙮5	赣			1007		
𡙳	tɕiuʔ7	jiuk6	𡙳5	赣			1151		
𡙷	ien5	yen4	𡙷5	赣			1950		
𡚁	pʰi6	pi5	bi4	赣			1896		
𡚊	fon1	fon1	huan1	赣			1877		
𡚠	tɕiɔʔ7	jiok6	jue2	赣			1637		
𡚠	tɕʰiɔʔ8	qiok7	jue2	赣			1656		
𡚤	pʰi6	pi5	𡚤5	赣			1098		
𡚮	tɕiu3	jiu3	jiu3	赣			1705		
𡚰	tɕiu3	jiu3	𡚰5	赣			1830		
𡚼	tsʰɿ3	ci3	shi2	赣			1882		
𡚽	hau3	hau3	hao4	赣			1576		
𡛗	pi5	bi4	bi4	赣			1550		
𡛟	yot7	yuot6	yue4	赣			1472		
𡛷	tsɿ3	zi3	𡛷5	赣			1020		
𡜂	fu6	fu5	hu4	赣			1420		
𡜉	len3	len3	ran3	赣			1933		
𡜊	feu3	feu3	fou3	赣			1803		
𡜜	san1	san1	𡜜5	赣			1191		
𡝐	tsʰa2	ca2	cha2	赣			1620		
𡝙	tsʰa2	ca2	cha2	赣			1748		
𡝠	mi5	mi4	mi2	赣			1309		
𡝡	mi5	mi4	𡝡5	赣			1191		
𡝤	li5	li4	𡝤5	赣			1607		
𡝤	leu5	leu4	𡝤5	赣			1063		
𡝦	leu3	leu3	nou3	赣			1122		
𡝫	tsʰen1	cen1	chan1	赣			1008		
𡝫	sen1	sen1	chan1	赣			1786		
𡞋	tsʰan1	can1	𡞋5	赣			1079		
𡞘	ɕiet7	xiet6	xie4	赣			1990		
𡞞	sen3	sen3	sheng3	赣			1528		
𡞟	pʰon6	pon5	pan4	赣			1883		
𡞢	kʰiet7	kiet6	ke4	赣			1447		
𡞣	han6	han5	xian4	赣			1059		
𡞦	tɕʰiuŋ2	qiung2	qiong2	赣			1700		
𡞱	li3	li3	𡞱5	赣			1026		
𡟨	sen3	sen3	shan3	赣			1075		
𡟰	yon1	yuon1	𡟰5	赣			1180		
𡠆	kieu5	gieu4	kou4	赣			1490		
𡠖	hau6	hau5	hao4	赣			1584		
𡠗	tset7	zet6	zhi4	赣			1526		
𡠚	pit7	bit6	bi4	赣			1061		
𡠜	met7	met6	mo2	赣			1284		
𡠟	tsɔʔ7	zok6	𡠟5	赣			1934		
𡠟	tsuʔ7	zuk6	𡠟5	赣			1949		
𡠼	seu1	seu1	sou1	赣			1545		
𡡂	iɔŋ6	yong5	yang4	赣			1887		
𡡉	mo5	mo4	mo2	赣			1563		
𡡏	sau1	sau1	shao1	赣			1010		
𡡏	sau3	sau3	shao1	赣			1510		
𡡐	puʔ7	buk6	bu3	赣			1266		
𡡕	yot7	yuot6	yue1	赣			1979		
𡡗	lon3	lon3	luan3	赣			1224		
𡢑	tsuʔ7	zuk6	𡢑5	赣			1652		
𡢕	fɨi3	fei3	hui3	赣			1422		
𡢕	fɨi3	fei3	hui3	赣			1843		
𡢖	tɕʰi3	qi3	qi4	赣			1769		
𡢖	kʰai3	kai3	qi4	赣			1597		
𡣊	hon6	hon5	𡣊5	赣			1179		
𡣔	hon6	hon5	han4	赣			1992		
𡣪	sɛt7	set6	shi4	赣			1888		
𡣪	ɕit7	xit6	shi4	赣			1549		
𡣫	met7	met6	𡣫5	赣			1947		
𡣬	yon1	yuon1	yuan1	赣			1198		
𡤉	pʰen2	pen2	𡤉5	赣			1852		
𡤙	lat7	lat6	na4	赣			1060		
𡤫	kʰa1	ka1	qia1	赣			1892		
𡤬	uot7	wot6	𡤬5	赣			1371		
𡤯	lui5	lui4	𡤯5	赣			1353		
𡥀	pau3	bau3	𡥀5	赣			1055		
𡥆	hau3	hau3	hao3	赣			1425		
𡥈	kau5	gau4	jiao4	赣			1856		
𡦄	feu5	feu4	fu2	赣			1039		
𡦗	ɵ6	o5	𡦗5	赣			1588		
𡦳	hau3	hau3	xiao4	赣			1411		
𡦼	iuŋ3	yung3	rong3	赣			1787		
𡧋	pʰen2	pen2	𡧋5	赣			1183		
𡧍	mien6	mien5	mian4	赣			1489		
𡧘	tɕʰit7	qit6	𡧘5	赣			1945		
𡧘	tɕʰit8	qit7	𡧘5	赣			1967		
𡧮	ieu1	yeu1	𡧮5	赣			1199		
𡧮	ieu3	yeu3	𡧮5	赣			1533		
𡧯	tɕʰit7	qit6	𡧯5	赣			1059		
𡧯	tɕʰit8	qit7	𡧯5	赣			1240		
𡧽	fɔŋ3	fong3	huang3	赣			1231		
𡨀	tsʰa2	ca2	cha2	赣			1877		
𡨃	tɕʰiu2	qiu2	𡨃5	赣			1431		
𡨢	tɕy1	jyu1	ju1	赣			1359		
𡨥	kieu5	gieu4	𡨥5	赣			1062		
𡨾	ien1	yen1	𡨾5	赣			1378		
𡩁	tɕʰin1	qin1	𡩁5	赣			1168		
𡩆	tʰo2	to2	tuo2	赣			1348		
𡩇	tɕʰieu1	qieu1	qiao1	赣			1037		
𡩡	set7	set6	suo3	赣			1055		
𡩩	mɔŋ5	mong4	mang2	赣			1313		
𡩻	tɕin3	jin3	𡩻5	赣			1936		
𡪁	ŋon5	ngon4	an2	赣			1112		
𡪄	tɕy3	jyu3	𡪄5	赣			1141		
𡪔	tɕʰin1	qin1	𡪔5	赣			1460		
𡪛	pen1	ben1	𡪛5	赣			1365		
𡪢	tɕʰin3	qin3	𡪢5	赣			1199		
𡪶	hon1	hon1	𡪶5	赣			1241		
𡫀	tɕit7	jit6	ji1	赣			1955		
𡫏	tɕin5	jin4	𡫏5	赣			1715		
𡫬	tɕiuʔ7	jiuk6	ju1	赣			1668		
𡫺	fu1	fu1	fu1	赣			1056		
𡫼	set7	set6	𡫼5	赣			1179		
𡫽	y5	yu4	ru3	赣			1749		
𡬄	kʰui6	kui5	ji4	赣			1408		
𡬍	mi3	mi3	mi2	赣			1085		
𡬓	tɕʰin3	qin3	yi2	赣			1582		
𡬖	hon1	hon1	han1	赣			1547		
𡬙	sen5	sen4	seng4	赣			1577		
𡬲	tʰau6	tau5	bian3	赣			1120		
𡬹	tʰau6	tau5	𡬹5	赣			1455		
𡭊	tui5	dui4	𡭊5	赣			1324		
𡭐	tsʰon6	con5	shuan4	赣			1830		
𡭪	pʰien6	pien5	𡭪5	赣			1388		
𡭴	tɕʰit7	qit6	𡭴5	赣			1840		
𡭾	leu3	leu3	nou3	赣			1621		
𡮞	tset7	zet6	zhi4	赣			1921		
𡮞	tɕit7	jit6	zhi4	赣			1720		
𡯄	lit7	lit6	li4	赣			1943		
𡯋	kon1	gon1	gan1	赣			1758		
𡯱	ȵyon3	nyuon3	yuan3	赣			1552		
𡯵	tʰui3	tui3	tui3	赣			1329		
𡰄	tʰi2	ti2	𡰄5	赣			1726		
𡰅	fɨt8	fet7	hu2	赣			1459		
𡰅	fuʔ8	fuk7	hu2	赣			1711		
𡰖	ti1	di1	di1	赣			1931		
𡰖	tʰi2	ti2	di1	赣			1787		
𡰝	kʰuan2	kuan2	quan2	赣			1936		
𡰝	tson1	zon1	quan2	赣			1959		
𡰟	lui5	lui4	𡰟5	赣			1677		
𡰠	lui5	lui4	lei2	赣			1529		
𡰢	fɨi5	fei4	xie2	赣			1479		
𡰢	fɨi5	fei4	xie2	赣			1377		
𡰥	i5	yi4	ren2	赣			1702		
𡰪	tuʔ7	duk6	du1	赣			1320		
𡰾	tsʰɿ1	ci1	ci1	赣			1161		
𡱂	tʰɨn2	ten2	𡱂5	赣			1553		
𡱏	fa6	fa5	𡱏5	赣			1142		
𡱐	i5	yi4	yi2	赣			1968		
𡱣	ɕy6	xyu5	xu4	赣			1125		
𡱣	y6	yu5	xu4	赣			1047		
𡱥	tsui1	zui1	𡱥5	赣			1203		
𡱺	tɕʰy2	qyu2	qu2	赣			1580		
𡱼	kʰuo3	kuo3	ke4	赣			1389		
𡱿	it7	yit6	𡱿5	赣			1350		
𡲁	ɕy6	xyu5	𡲁5	赣			1071		
𡲃	uʔ7	wuk6	𡲃5	赣			1503		
𡲕	tʰi3	ti3	ti4	赣			1347		
𡲗	tɕʰyt8	qyut7	jue2	赣			1297		
𡲣	kɔŋ5	gong4	jiang4	赣			1329		
𡲬	tɕʰyt8	qyut7	𡲬5	赣			1338		
𡳅	tɕʰi3	qi3	𡳅5	赣			1024		
𡳆	tɕʰy1	qyu1	qu1	赣			1763		
𡳋	tsan5	zan4	𡳋5	赣			1646		
𡳠	tsʰɿ1	ci1	𡳠5	赣			1659		
𡳭	tsʰɿ3	ci3	chi3	赣			1082		
𡳸	lit7	lit6	li4	赣			1444		
𡴀	fuŋ1	fung1	𡴀5	赣			1944		
𡴆	liuʔ7	liuk6	lu4	赣			1757		
𡴊	kʰɔʔ7	kok6	𡴊5	赣			1148		
𡴎	ȵiet7	niet6	nie4	赣			1853		
𡴘	hen2	hen2	𡴘5	赣			1248		
𡴛	tʰuʔ8	tuk7	𡴛5	赣			1064		
𡴞	yn3	yun3	𡴞5	赣			1937		
𡴥	tsʰɿ1	ci1	𡴥5	赣			1383		
𡴺	tɕiet7	jiet6	𡴺5	赣			1983		
𡵙	ŋɔŋ6	ngong5	ang4	赣			1103		
𡶅	pʰo1	po1	𡶅5	赣			1728		
𡶇	mɛt7	met6	𡶇5	赣			1368		
𡶎	ui6	wui5	wei4	赣			1296		
𡶒	fɨt8	fet7	𡶒5	赣			1106		
𡶒	fuʔ8	fuk7	𡶒5	赣			1833		
𡶫	ȵiet7	niet6	nie4	赣			1864		
𡶴	san3	san3	chan3	赣			1240		
𡷘	pʰiet8	piet7	bie2	赣			1489		
𡷛	hon6	hon5	han4	赣			1626		
𡷡	yon1	yuon1	yuan1	赣			1703		
𡷥	kʰuʔ7	kuk6	gao4	赣			1312		
𡷨	kʰien1	kien1	keng1	赣			1255		
𡸂	tʰu1	tu1	tu1	赣			1252		
𡸓	tɕʰiɔŋ1	qiong1	𡸓5	赣			1632		
𡸔	fɨi5	fei4	xie2	赣			1771		
𡸔	fɨi5	fei4	xie2	赣			1044		
𡸜	tsʰɨt8	cet7	zhi2	赣			1931		
𡸜	tɕʰit8	qit7	zhi2	赣			1313		
𡸦	tsʰet8	cet7	ze2	赣			1036		
𡸨	tɕy1	jyu1	ju1	赣			1632		
𡹆	tʰuʔ8	tuk7	𡹆5	赣			1627		
𡹮	ien3	yen3	𡹮5	赣			1767		
𡹴	sen6	sen5	𡹴5	赣			1135		
𡹴	ɕin6	xin5	𡹴5	赣			1220		
𡹼	ŋon6	ngon5	an4	赣			1411		
𡺃	tɕʰiɔŋ1	qiong1	𡺃5	赣			1058		
𡺄	tsʰan6	can5	𡺄5	赣			1905		
𡺮	pʰi3	pi3	pi3	赣			1418		
𡺮	pʰi6	pi5	pi3	赣			1679		
𡺲	ɕyn5	xyun4	𡺲5	赣			1604		
𡺵	tsʰai2	cai2	chai2	赣			1404		
𡻚	kʰɔŋ3	kong3	kang3	赣			1287		
𡻝	tsʰau2	cau2	chao2	赣			1333		
𡻝	tɕʰieu2	qieu2	chao2	赣			1070		
𡻞	pit7	bit6	bi4	赣			1939		
𡻠	tɕy5	jyu4	zhu4	赣			1268		
𡻡	hon6	hon5	han4	赣			1808		
𡻭	lui3	lui3	lei3	赣			1121		
𡻮	fu6	fu5	hu4	赣			1915		
𡼄	tʰiet8	tiet7	die2	赣			1161		
𡼊	lui3	lui3	lei3	赣			1722		
𡼗	kau1	gau1	gao1	赣			1407		
𡼿	kʰut7	kut6	ku1	赣			1617		
𡽆	tsɿ5	zi4	zhi4	赣			1502		
𡽐	lieu5	lieu4	𡽐5	赣			1214		
𡽜	ŋon5	ngon4	an2	赣			1254		
𡽠	pʰo3	po3	po3	赣			1674		
𡽧	lau5	lau4	nao2	赣			1426		
𡾅	li6	li5	lv4	赣			1999		
𡾋	lui3	lui3	lei3	赣			1319		
𡾙	ŋɔʔ7	ngok6	e4	赣			1740		
𡾰	tɕien3	jien3	jian3	赣			1595		
𡾰	tɕʰien6	qien5	jian3	赣			1510		
𡿔	lui5	lui4	𡿔5	赣			1473		
𡿦	kʰun1	kun1	𡿦5	赣			1066		
𡿧	tsai1	zai1	zai1	赣			1502		
𡿨	tɕyon3	jyuon3	quan3	赣			1556		
𡿪	liet7	liet6	𡿪5	赣			1514		
𡿪	ȵit7	nit6	𡿪5	赣			1034		
𡿮	tʰɛt7	tet6	𡿮5	赣			1425		
𡿯	yt7	yut6	yu4	赣			1602		
𡿿	fet8	fet7	huo4	赣			1801		
𢀼	feu5	feu4	fu2	赣			1532		
𢁁	tsɔʔ7	zok6	zhuo2	赣			1547		
𢁕	tieu3	dieu3	diao3	赣			1530		
𢁗	kon5	gon4	xian3	赣			1202		
𢁘	san1	san1	san1	赣			1548		
𢁥	fɨn1	fen1	𢁥5	赣			1623		
𢁥	fun1	fun1	𢁥5	赣			1543		
𢁦	pʰi6	pi5	𢁦5	赣			1014		
𢁬	tsau3	zau3	zhao3	赣			1270		
𢁮	tɕʰien2	qien2	qian2	赣			1398		
𢁼	tɕy3	jyu3	zhu3	赣			1973		
𢁾	tsʰeu1	ceu1	chao1	赣			1405		
𢂀	fɨt7	fet6	fu2	赣			1226		
𢂀	fuʔ7	fuk6	fu2	赣			1209		
𢂁	kʰieu1	kieu1	kou1	赣			1331		
𢂃	tsʰɔʔ7	cok6	zuo2	赣			1776		
𢂃	tsʰɔʔ8	cok7	zuo2	赣			1639		
𢂊	ŋau3	ngau3	yao3	赣			1087		
𢂏	pi5	bi4	bei4	赣			1712		
𢂐	ɕiet7	xiet6	xie2	赣			1389		
𢂐	ɕiet8	xiet7	xie2	赣			1218		
𢂑	sɛt7	set6	shi4	赣			1328		
𢂑	ɕit7	xit6	shi4	赣			1412		
𢂤	pʰi6	pi5	po1	赣			1744		
𢂥	li6	li5	𢂥5	赣			1971		
𢂷	kat7	gat6	𢂷5	赣			1134		
𢂷	kot7	got6	𢂷5	赣			1927		
𢂹	mau6	mau5	mao4	赣			1040		
𢂺	tɕʰien3	qien3	qian4	赣			1830		
𢂻	ȵin6	nin5	𢂻5	赣			1957		
𢂼	i6	yi5	yi4	赣			1979		
𢂿	kʰat7	kat6	𢂿5	赣			1304		
𢃀	u5	wu4	wu2	赣			1261		
𢃍	pi1	bi1	bei1	赣			1592		
𢃏	tsʰuŋ2	cung2	cong2	赣			1749		
𢃐	kʰuŋ1	kung1	kong1	赣			1964		
𢃒	tsui5	zui4	𢃒5	赣			1830		
𢃓	tsuŋ3	zung3	𢃓5	赣			1029		
𢃔	tsʰen1	cen1	𢃔5	赣			1791		
𢃕	tʰat7	tat6	ta4	赣			1854		
𢃖	tsʰɛu2	ceu2	𢃖5	赣			1217		
𢃖	tɕʰiu2	qiu2	𢃖5	赣			1912		
𢃗	hon6	hon5	han4	赣			1010		
𢃛	tɕʰi2	qi2	𢃛5	赣			1136		
𢃤	fet7	fet6	𢃤5	赣			1658		
𢃬	tɕien1	jien1	jian1	赣			1933		
𢃭	kun1	gun1	zhong1	赣			1982		
𢃭	tsuŋ3	zung3	zhong1	赣			1462		
𢃮	mien3	mien3	mian3	赣			1163		
𢃳	seu5	seu4	ba3	赣			1453		
𢃴	lat7	lat6	la4	赣			1692		
𢃶	tʰuʔ8	tuk7	𢃶5	赣			1765		
𢄇	kieu5	gieu4	gou3	赣			1368		
𢄋	yn1	yun1	ying1	赣			1335		
𢄏	met7	met6	mo4	赣			1316		
𢄐	muŋ5	mung4	meng2	赣			1129		
𢄐	muŋ6	mung5	meng2	赣			1358		
𢄓	u3	wu3	wu4	赣			1661		
𢄔	tai5	dai4	dai4	赣			1379		
𢄢	tsɿ5	zi4	zhi4	赣			1234		
𢄢	sui5	sui4	zhi4	赣			1652		
𢄳	kʰua3	kua3	kua3	赣			1895		
𢄴	la3	la3	𢄴5	赣			1159		
𢄶	fet7	fet6	hua4	赣			1050		
𢄺	lieu3	lieu3	jiao3	赣			1413		
𢄺	tɕieu3	jieu3	jiao3	赣			1758		
𢄻	san3	san3	𢄻5	赣			1879		
𢄼	ɕy1	xyu1	xu1	赣			1735		
𢅉	mau6	mau5	mao4	赣			1372		
𢅎	tɕieu3	jieu3	jiao3	赣			1148		
𢅫	sui6	sui5	hui4	赣			1620		
𢅮	tɕʰien2	qien2	xian2	赣			1105		
𢅰	het7	het6	he4	赣			1259		
𢅴	men6	men5	𢅴5	赣			1023		
𢅹	iɔʔ7	yok6	yao4	赣			1161		
𢅼	lui5	lui4	nei2	赣			1480		
𢆃	lan6	lan5	𢆃5	赣			1017		
𢆉	len3	len3	ren3	赣			1985		
𢆉	ȵin3	nin3	ren3	赣			1088		
𢆞	tɕien3	jien3	jian3	赣			1262		
𢆶	iu1	yiu1	you1	赣			1073		
𢆷	ieu1	yeu1	yao1	赣			1351		
𢆸	pen1	ben1	beng1	赣			1087		
𢇇	kuan1	guan1	guan1	赣			1983		
𢇌	sɿ3	si3	𢇌5	赣			1555		
𢇓	tɕʰit8	qit7	𢇓5	赣			1935		
𢇘	ȵien3	nien3	yan3	赣			1955		
𢇞	hon6	hon5	han4	赣			1089		
𢇫	fuŋ3	fung3	feng3	赣			1623		
𢇷	pʰot8	pot7	ba2	赣			1917		
𢈉	tʰuŋ2	tung2	tong2	赣			1416		
𢈌	kui5	gui4	𢈌5	赣			1010		
𢈔	y3	yu3	𢈔5	赣			1475		
𢈙	hat8	hat7	xia2	赣			1851		
𢈚	li3	li3	lv3	赣			1984		
𢈠	lat7	lat6	cu4	赣			1200		
𢈹	tui1	dui1	dui1	赣			1496		
𢉙	tɕy5	jyu4	𢉙5	赣			1097		
𢉛	tsuŋ3	zung3	𢉛5	赣			1271		
𢉛	tsʰuŋ1	cung1	𢉛5	赣			1177		
𢉤	ka5	ga4	jia4	赣			1462		
𢉥	ŋot7	ngot6	ye4	赣			1495		
𢉥	iet7	yet6	ye4	赣			1025		
𢊁	tsʰɿ6	ci5	zhi4	赣			1715		
𢊁	tsʰai6	cai5	zhi4	赣			1152		
𢊄	fɨi1	fei1	hui1	赣			1849		
𢊄	fɨi1	fei1	hui1	赣			1763		
𢊕	tsʰuŋ1	cung1	cong1	赣			1475		
𢊖	sɨn5	sen4	shen4	赣			1835		
𢊖	ɕin5	xin4	shen4	赣			1487		
𢊗	mɔʔ7	mok6	mo4	赣			1293		
𢊰	ɕien5	xien4	𢊰5	赣			1377		
𢋅	y5	yu4	yu2	赣			1331		
𢋅	iu5	yiu4	yu2	赣			1976		
𢋇	ieu5	yeu4	yao2	赣			1715		
𢋈	su1	su1	su1	赣			1083		
𢋑	u3	wu3	𢋑5	赣			1280		
𢋒	fɔʔ8	fok7	huo2	赣			1493		
𢋱	tsʰɔʔ7	cok6	𢋱5	赣			1156		
𢋱	tsʰɔʔ8	cok7	𢋱5	赣			1694		
𢌱	y3	yu3	𢌱5	赣			1727		
𢌳	kʰui2	kui2	kui2	赣			1196		
𢌻	yt7	yut6	yu4	赣			1569		
𢌿	pi5	bi4	𢌿5	赣			1418		
𢍁	tɕʰi2	qi2	qi2	赣			1159		
𢍁	tɕʰi6	qi5	qi2	赣			1204		
𢍏	tɕyon5	jyuon4	juan4	赣			1895		
𢍚	ui6	wui5	wei4	赣			1579		
𢎀	it7	yit6	yi4	赣			1490		
𢎘	hon2	hon2	han4	赣			1846		
𢎘	hon6	hon5	han4	赣			1896		
𢎛	tɕiet7	jiet6	𢎛5	赣			1032		
𢎞	fen5	fen4	𢎞5	赣			1753		
𢎢	in3	yin3	𢎢5	赣			1506		
𢎦	ɕy5	xyu4	𢎦5	赣			1509		
𢎰	kʰu1	ku1	𢎰5	赣			1381		
𢎰	u1	wu1	𢎰5	赣			1217		
𢏏	mi5	mi4	𢏏5	赣			1319		
𢏕	tʰuŋ2	tung2	tong2	赣			1273		
𢏗	ȵi6	ni5	yi4	赣			1682		
𢏤	ɕyn5	xyun4	xun4	赣			1248		
𢐀	pʰet8	pet7	𢐀5	赣			1300		
𢐂	tsɿ5	zi4	zhi4	赣			1305		
𢐂	sɿ5	si4	zhi4	赣			1313		
𢐄	yon6	yuon5	yuan4	赣			1161		
𢐲	fan5	fan4	fan2	赣			1676		
𢐸	lu5	lu4	𢐸5	赣			1451		
𢑄	ieu5	yeu4	𢑄5	赣			1307		
𢑆	tɕʰyon2	qyuon2	quan2	赣			1596		
𢑢	fɨt7	fet6	hu1	赣			1709		
𢑢	fuʔ7	fuk6	hu1	赣			1472		
𢑦	seu5	seu4	𢑦5	赣			1578		
𢒔	tsuʔ7	zuk6	chu4	赣			1873		
𢒔	tsʰuʔ7	cuk6	chu4	赣			1965		
𢒞	lan6	lan5	lan4	赣			1505		
𢒫	ɕin5	xin4	𢒫5	赣			1145		
𢓀	it7	yit6	yi4	赣			1753		
𢓈	ɕyn6	xyun5	𢓈5	赣			1175		
𢓕	in5	yin4	yin2	赣			1741		
𢓜	kiet7	giet6	ge2	赣			1021		
𢓠	sen1	sen1	𢓠5	赣			1318		
𢓡	i5	yi4	yi2	赣			1276		
𢓪	sɿ6	si5	𢓪5	赣			1911		
𢓬	hai1	hai1	xie2	赣			1819		
𢓱	fuŋ1	fung1	feng1	赣			1168		
𢓴	tʰui3	tui3	𢓴5	赣			1269		
𢔀	tɕʰin1	qin1	𢔀5	赣			1173		
𢔅	tuŋ1	dung1	dong1	赣			1658		
𢔋	suŋ1	sung1	song1	赣			1502		
𢔌	pi3	bi3	𢔌5	赣			1284		
𢔟	ȵiu3	niu3	rou3	赣			1794		
𢔠	tɕʰit7	qit6	qi4	赣			1371		
𢔡	kʰai1	kai1	kai1	赣			1689		
𢔢	y5	yu4	yu2	赣			1733		
𢔥	yt7	yut6	yu4	赣			1912		
𢔭	tʰi2	ti2	𢔭5	赣			1449		
𢕒	fu6	fu5	𢕒5	赣			1702		
𢕕	san3	san3	san3	赣			1090		
𢕘	tsʰui1	cui1	cui1	赣			1428		
𢕚	tset7	zet6	di2	赣			1147		
𢕚	tɕit7	jit6	di2	赣			1129		
𢕬	sat7	sat6	sa4	赣			1080		
𢕬	tsʰet7	cet6	sa4	赣			1006		
𢕮	tsa5	za4	zha4	赣			1944		
𢕶	iu1	yiu1	𢕶5	赣			1373		
𢖊	pʰin1	pin1	ping1	赣			1195		
𢖒	iu1	yiu1	𢖒5	赣			1165		
𢖔	pau5	bau4	𢖔5	赣			1104		
𢖦	tɕʰiɔʔ7	qiok6	jue2	赣			1385		
𢖫	ȵi6	ni5	yi4	赣			1663		
𢖳	ɕy1	xyu1	xu1	赣			1946		
𢖶	kʰuŋ3	kung3	𢖶5	赣			1344		
𢖺	it7	yit6	yi4	赣			1365		
𢗊	hai3	hai3	xie4	赣			1752		
𢗋	sun5	sun4	𢗋5	赣			1557		
𢗋	tɕʰiuŋ2	qiung2	𢗋5	赣			1959		
𢗒	pʰɔŋ6	pong5	𢗒5	赣			1180		
𢗓	y3	yu3	𢗓5	赣			1904		
𢗓	y5	yu4	𢗓5	赣			1202		
𢗿	mot7	mot6	mo4	赣			1562		
𢘁	ɕien1	xien1	𢘁5	赣			1438		
𢘆	fon5	fon4	𢘆5	赣			1729		
𢘆	hen2	hen2	𢘆5	赣			1381		
𢘇	tan5	dan4	da2	赣			1324		
𢘉	hat8	hat7	xia2	赣			1174		
𢘋	tʰet7	tet6	te4	赣			1472		
𢘌	fen5	fen4	hong2	赣			1870		
𢘍	pʰet8	pet7	bi4	赣			1851		
𢘎	lon3	lon3	𢘎5	赣			1799		
𢘎	ȵyon3	nyuon3	𢘎5	赣			1113		
𢘐	tuŋ1	dung1	𢘐5	赣			1666		
𢘙	luŋ3	lung3	𢘙5	赣			1786		
𢘽	i6	yi5	yi4	赣			1845		
𢘿	so1	so1	suo1	赣			1882		
𢙏	sun5	sun4	𢙏5	赣			1637		
𢙐	lau5	lau4	nao2	赣			1125		
𢙐	luŋ5	lung4	nao2	赣			1163		
𢙒	ɕieu1	xieu1	𢙒5	赣			1339		
𢙓	uai5	wai4	wei4	赣			1880		
𢙓	ui5	wui4	wei4	赣			1684		
𢙣	ŋɔʔ7	ngok6	𢙣5	赣			1542		
𢙱	luŋ6	lung5	long4	赣			1485		
𢙼	ɕin6	xin5	xing4	赣			1362		
𢚃	lot7	lot6	𢚃5	赣			1215		
𢛁	tat7	dat6	da2	赣			1030		
𢛃	tɕʰiu2	qiu2	qiu2	赣			1664		
𢛃	tɕʰiu6	qiu5	qiu2	赣			1595		
𢛆	ɕien5	xien4	xian2	赣			1498		
𢛈	tsʰen1	cen1	𢛈5	赣			1921		
𢛎	pʰiet8	piet7	bie2	赣			1592		
𢛓	lan5	lan4	lan2	赣			1681		
𢛢	hen2	hen2	𢛢5	赣			1119		
𢛯	fet7	fet6	huo4	赣			1686		
𢛳	tet7	det6	𢛳5	赣			1319		
𢜩	kʰan3	kan3	qian1	赣			1465		
𢜩	tɕʰien1	qien1	qian1	赣			1391		
𢜫	ɕin3	xin3	xing3	赣			1596		
𢜬	tʰɔʔ8	tok7	duo2	赣			1243		
𢜭	tɕʰit7	qit6	ji3	赣			1840		
𢜮	mu3	mu3	wu3	赣			1939		
𢜰	ien5	yen4	yan4	赣			1801		
𢜳	tsʰɿ3	ci3	chi4	赣			1928		
𢜳	tɕʰi3	qi3	chi4	赣			1286		
𢜸	lau5	lau4	nao2	赣			1800		
𢜽	kʰui2	kui2	kui2	赣			1888		
𢜽	kʰui6	kui5	kui2	赣			1284		
𢝁	fen1	fen1	hong1	赣			1832		
𢝃	tsɿ5	zi4	𢝃5	赣			1239		
𢝃	tɕi5	ji4	𢝃5	赣			1615		
𢝆	tsʰuŋ6	cung5	zhong4	赣			1239		
𢝇	fet7	fet6	huo4	赣			1969		
𢝰	tsuŋ3	zung3	𢝰5	赣			1951		
𢝹	tʰi3	ti3	ti4	赣			1477		
𢞎	pʰai6	pai5	𢞎5	赣			1888		
𢞏	kʰuŋ1	kung1	qiong2	赣			1256		
𢞐	hai6	hai5	hai4	赣			1348		
𢞒	tʰit7	tit6	qi4	赣			1369		
𢞒	tɕʰit7	qit6	qi4	赣			1264		
𢞗	pʰi1	pi1	pi1	赣			1762		
𢞝	sai5	sai4	𢞝5	赣			1385		
𢞡	hɔŋ3	hong3	xiang3	赣			1613		
𢞣	suʔ7	suk6	shu1	赣			1919		
𢞦	fu5	fu4	fu2	赣			1190		
𢟇	i5	yi4	𢟇5	赣			1514		
𢟡	pʰai6	pai5	𢟡5	赣			1756		
𢟢	li5	li4	li2	赣			1141		
𢟤	li5	li4	li2	赣			1141		
𢟤	li6	li5	li2	赣			1302		
𢟪	ɕi3	xi3	ai4	赣			1023		
𢟪	ŋai5	ngai4	ai4	赣			1870		
𢟮	mon3	mon3	𢟮5	赣			1698		
𢟰	ŋai6	ngai5	ai4	赣			1825		
𢠁	set7	set6	𢠁5	赣			1671		
𢠜	pʰet8	pet7	𢠜5	赣			1052		
𢠳	pʰiet7	piet6	bie1	赣			1815		
𢠵	tsʰɔŋ3	cong3	tang3	赣			1587		
𢠶	fan6	fan5	𢠶5	赣			1280		
𢠽	tʰɔŋ6	tong5	dang4	赣			1249		
𢡍	kiet7	giet6	ge2	赣			2000		
𢡤	kiet7	giet6	𢡤5	赣			1324		
𢡹	suŋ6	sung5	chong4	赣			1433		
𢢐	tsʰɿ3	ci3	𢢐5	赣			1059		
𢢐	tɕʰi3	qi3	𢢐5	赣			1534		
𢢗	tsʰɔʔ7	cok6	zhuo2	赣			1198		
𢢗	tsʰɔʔ8	cok7	zhuo2	赣			1441		
𢢜	ȵiet7	niet6	ye4	赣			1486		
𢢝	sui5	sui4	𢢝5	赣			1609		
𢢞	tɕʰi3	qi3	qi4	赣			1404		
𢣎	tʰon3	ton3	tuan3	赣			1557		
𢣏	ŋai5	ngai4	ai4	赣			1561		
𢣑	pʰien6	pien5	𢣑5	赣			1973		
𢣒	fɨn5	fen4	𢣒5	赣			1630		
𢣒	fun5	fun4	𢣒5	赣			1005		
𢣔	mien5	mien4	mian2	赣			1228		
𢣘	ui6	wui5	wei4	赣			1594		
𢣻	li5	li4	lv2	赣			1359		
𢤁	sau5	sau4	sao4	赣			1767		
𢤂	li5	li4	li2	赣			1069		
𢤆	li6	li5	li4	赣			1854		
𢤇	ȵi6	ni5	𢤇5	赣			1080		
𢤉	tsʰɛu2	ceu2	𢤉5	赣			1035		
𢤉	tɕʰiu2	qiu2	𢤉5	赣			1811		
𢤋	ɕit7	xit6	xi4	赣			1287		
𢤤	tsʰɔŋ6	cong5	zhuang4	赣			1793		
𢤦	tuŋ3	dung3	𢤦5	赣			1819		
𢤬	fɨn6	fen5	𢤬5	赣			1846		
𢤬	fun6	fun5	𢤬5	赣			1381		
𢥎	tɕi1	ji1	𢥎5	赣			1296		
𢥗	li5	li4	𢥗5	赣			1978		
𢥘	fɨi5	fei4	xie2	赣			1543		
𢥘	fɨi5	fei4	xie2	赣			1614		
𢥛	set7	set6	𢥛5	赣			1968		
𢥞	tʰuŋ2	tung2	chong1	赣			1288		
𢥠	sɔŋ1	song1	𢥠5	赣			1625		
𢦅	fuŋ3	fung3	hong3	赣			1337		
𢦏	tsai1	zai1	zai1	赣			1610		
𢦒	tsai1	zai1	zai1	赣			1361		
𢦔	tsai1	zai1	𢦔5	赣			1134		
𢦚	fa6	fa5	hua4	赣			1793		
𢦟	kʰon1	kon1	kan1	赣			1998		
𢦦	luŋ5	lung4	𢦦5	赣			1661		
𢦦	iuŋ5	yung4	𢦦5	赣			1725		
𢦩	tsʰen2	cen2	𢦩5	赣			1816		
𢦩	tɕʰin2	qin2	𢦩5	赣			1492		
𢦭	it7	yit6	𢦭5	赣			1566		
𢦵	mau5	mau4	𢦵5	赣			1768		
𢧀	kon1	gon1	gan1	赣			1837		
𢧖	tsat7	zat6	zha2	赣			1715		
𢧤	tsʰɨt8	cet7	zhi4	赣			1407		
𢧤	tɕʰit8	qit7	zhi4	赣			1302		
𢧧	kiet7	giet6	ge2	赣			1899		
𢧨	tsʰun3	cun3	𢧨5	赣			1239		
𢧳	iuŋ5	yung4	yong1	赣			1793		
𢧴	ŋau5	ngau4	ao2	赣			1170		
𢧵	tɕʰiet8	qiet7	𢧵5	赣			1853		
𢨀	sɛt7	set6	𢨀5	赣			1952		
𢨒	tsʰɿ3	ci3	chi4	赣			1173		
𢨔	uan3	wan3	wan3	赣			1018		
𢨛	ɕi1	xi1	𢨛5	赣			1754		
𢨪	sɿ6	si5	𢨪5	赣			1551		
𢨸	tɕʰy3	qyu3	𢨸5	赣			1604		
𢩭	tsʰun3	cun3	𢩭5	赣			1696		
𢪃	tsʰuʔ7	cuk6	cu4	赣			1692		
𢪇	tɕiɔŋ1	jiong1	jiang1	赣			1968		
𢪍	tɕiet7	jiet6	jie2	赣			1519		
𢪍	tɕit7	jit6	jie2	赣			1605		
𢪎	ɕye1	xyue1	xue1	赣			1733		
𢪏	fɨt8	fet7	hu2	赣			1438		
𢪏	fuʔ8	fuk7	hu2	赣			1931		
𢪒	kuŋ3	gung3	𢪒5	赣			1762		
𢫦	met7	met6	𢫦5	赣			1897		
𢫨	iuŋ3	yung3	rong3	赣			1149		
𢫬	sat7	sat6	sa4	赣			1699		
𢫯	pʰet8	pet7	bo2	赣			1647		
𢫷	lo3	lo3	wo3	赣			1908		
𢬆	tsʰeu1	ceu1	𢬆5	赣			1769		
𢬳	tʰuʔ7	tuk6	tu1	赣			1427		
𢬴	tset7	zet6	zhe2	赣			1433		
𢬴	tiet7	diet6	zhe2	赣			1378		
𢭃	ton3	don3	duan3	赣			1059		
𢭆	tsʰeu1	ceu1	chou1	赣			1187		
𢭆	tɕʰiu1	qiu1	chou1	赣			1906		
𢮁	y3	yu3	yu3	赣			1765		
𢮁	y5	yu4	yu3	赣			1302		
𢮂	tɕien1	jien1	xian2	赣			1979		
𢮂	ɕien5	xien4	xian2	赣			1137		
𢮛	tsʰon6	con5	shuan4	赣			1727		
𢮟	hat8	hat7	𢮟5	赣			1089		
𢮨	tsʰon6	con5	𢮨5	赣			1680		
𢯩	tset7	zet6	ze4	赣			1627		
𢯩	tɕʰit8	qit7	ze4	赣			1101		
𢯮	yt7	yut6	yu4	赣			1426		
𢯱	seu1	seu1	𢯱5	赣			1363		
𢯴	kau3	gau3	jiao3	赣			1753		
𢯸	pʰot7	pot6	𢯸5	赣			1688		
𢯻	yon3	yuon3	𢯻5	赣			1778		
𢯼	in3	yin3	yan3	赣			1876		
𢯼	in6	yin5	yan3	赣			1762		
𢯽	tsʰo3	co3	cuo4	赣			1537		
𢯾	mau6	mau5	mao4	赣			1774		
𢰂	ti5	di4	𢰂5	赣			1366		
𢰂	tʰi6	ti5	𢰂5	赣			1648		
𢰇	ŋai1	ngai1	ai1	赣			1429		
𢱈	ka5	ga4	jia4	赣			1819		
𢱡	so3	so3	suo3	赣			1135		
𢱢	sɔʔ7	sok6	suo3	赣			1897		
𢲵	tsʰau6	cau5	zao4	赣			1893		
𢲸	lu3	lu3	lu3	赣			1720		
𢲼	tʰiet8	tiet7	die2	赣			1748		
𢳁	pʰi6	pi5	fei4	赣			1060		
𢳄	ɕyon6	xyuon5	xuan4	赣			1055		
𢳋	pi3	bi3	bi3	赣			1028		
𢳚	tɕien1	jien1	jian1	赣			1037		
𢴄	tat7	dat6	𢴄5	赣			1678		
𢴧	tsʰɿ6	ci5	zhi4	赣			1761		
𢴩	pit7	bit6	bi4	赣			1032		
𢴮	tɕʰy1	qyu1	qu1	赣			1695		
𢴲	ɕiet7	xiet6	xie2	赣			1886		
𢴲	ɕiet8	xiet7	xie2	赣			1286		
𢴵	ien6	yen5	𢴵5	赣			1478		
𢴶	ȵieu3	nieu3	𢴶5	赣			1594		
𢵈	tɕien3	jien3	jian3	赣			1286		
𢵿	tɕʰieu3	qieu3	𢵿5	赣			1256		
𢶀	tsʰui2	cui2	zhuai4	赣			1661		
𢶃	fan5	fan4	fan2	赣			1299		
𢶆	tɕiet7	jiet6	𢶆5	赣			1089		
𢶇	tɕʰiuŋ2	qiung2	qiong2	赣			1063		
𢶉	pʰet7	pet6	po4	赣			1471		
𢶋	tʰiet7	tiet6	tie3	赣			1930		
𢶍	tsʰat8	cat7	za2	赣			1356		
𢶍	sat7	sat6	za2	赣			1977		
𢶜	iuŋ3	yung3	𢶜5	赣			1511		
𢶡	tɕʰieu3	qieu3	qiao4	赣			1959		
𢶡	tɕʰit7	qit6	qiao4	赣			1232		
𢷎	pai5	bai4	𢷎5	赣			1397		
𢷏	pʰɔʔ7	pok6	𢷏5	赣			1900		
𢷏	pʰɔʔ8	pok7	𢷏5	赣			1838		
𢷐	tsɿ5	zi4	𢷐5	赣			1714		
𢷒	tɕʰiet8	qiet7	𢷒5	赣			1352		
𢷕	mɔʔ7	mok6	miao3	赣			1666		
𢷖	ton3	don3	duan3	赣			1987		
𢷘	tɕien3	jien3	𢷘5	赣			1714		
𢷤	pen5	ben4	𢷤5	赣			1835		
𢷶	liu5	liu4	liu2	赣			1051		
𢷾	set7	set6	suo4	赣			1752		
𢸁	kuŋ3	gung3	gong3	赣			1934		
𢸣	ȵieu3	nieu3	niao3	赣			1370		
𢸧	tɕʰien2	qien2	𢸧5	赣			1571		
𢹍	ɕi1	xi1	xi1	赣			1258		
𢹎	leu3	leu3	𢹎5	赣			1915		
𢹕	tɕien3	jien3	𢹕5	赣			1564		
𢹖	kuaʔ7	guak6	guo2	赣			1570		
𢹰	pʰieu6	pieu5	𢹰5	赣			1453		
𢺃	tɕien3	jien3	𢺃5	赣			1920		
𢺑	lo6	lo5	luo4	赣			1291		
𢺡	tsʰɔʔ7	cok6	zhuo2	赣			1806		
𢺡	tsʰɔʔ8	cok7	zhuo2	赣			1296		
𢺰	lɨn5	len4	ling2	赣			1605		
𢺰	lɨn6	len5	ling2	赣			1723		
𢺵	tɕʰi3	qi3	qi4	赣			1027		
𢺷	tɕʰi2	qi2	qi2	赣			1269		
𢺻	fu5	fu4	𢺻5	赣			1182		
𢻃	sɿ5	si4	𢻃5	赣			1002		
𢻈	tsɿ5	zi4	𢻈5	赣			1515		
𢻚	tɕʰi2	qi2	qi2	赣			1604		
𢻢	lieu3	lieu3	liao3	赣			1027		
𢻥	tsʰau1	cau1	𢻥5	赣			1949		
𢻫	sɿ1	si1	shi1	赣			1449		
𢻬	fu3	fu3	𢻬5	赣			1427		
𢻱	sɿ1	si1	𢻱5	赣			1119		
𢻹	pʰi3	pi3	pi1	赣			1938		
𢻹	pʰi6	pi5	pi1	赣			1531		
𢼂	kau5	gau4	𢼂5	赣			1709		
𢼛	kiet7	giet6	ge2	赣			1489		
𢼛	kuet7	guet6	ge2	赣			1874		
𢼟	uɔŋ3	wong3	wang3	赣			1832		
𢼣	kʰat7	kat6	qia4	赣			1822		
𢼸	ui5	wui4	wei1	赣			1819		
𢼹	pʰu1	pu1	pu1	赣			1497		
𢽃	uɔŋ3	wong3	zhi3	赣			1534		
𢽚	tsɔʔ7	zok6	zhuo2	赣			1843		
𢽝	tsʰan2	can2	chan2	赣			1200		
𢽣	kʰan1	kan1	𢽣5	赣			1913		
𢽤	kon3	gon3	𢽤5	赣			1054		
𢽱	iet7	yet6	𢽱5	赣			1654		
𢽳	san3	san3	𢽳5	赣			1453		
𢽴	tuʔ7	duk6	𢽴5	赣			1134		
𢽻	kau3	gau3	𢽻5	赣			1051		
𢽾	hau6	hau5	xiao4	赣			1657		
𢾁	ui5	wui4	wei2	赣			1094		
𢾇	pʰɛt7	pet6	pi4	赣			1474		
𢾊	tsʰen2	cen2	cheng2	赣			1151		
𢾎	tsʰun3	cun3	chun3	赣			1159		
𢾐	sau3	sau3	shao3	赣			1523		
𢾖	tʰu6	tu5	𢾖5	赣			1127		
𢾫	tsɿ3	zi3	zhi3	赣			1299		
𢾮	tʰuŋ2	tung2	𢾮5	赣			1376		
𢿏	pʰau1	pau1	biao4	赣			1355		
𢿜	mon6	mon5	man4	赣			1898		
𢿢	lon6	lon5	luan4	赣			1175		
𢿣	tɕʰieu1	qieu1	qiao1	赣			1385		
𢿥	po5	bo4	𢿥5	赣			1143		
𢿦	tsʰen2	cen2	cheng2	赣			1849		
𢿨	san3	san3	𢿨5	赣			1128		
𢿨	san5	san4	𢿨5	赣			1609		
𢿱	san5	san4	𢿱5	赣			1529		
𢿻	lan5	lan4	𢿻5	赣			1925		
𢿿	ɕieu3	xieu3	𢿿5	赣			1305		
𣀃	lien5	lien4	lian2	赣			1569		
𣀒	tsʰuŋ6	cung5	zong4	赣			1676		
𣀓	tsʰɛu2	ceu2	chou2	赣			1001		
𣀓	tɕʰiu2	qiu2	chou2	赣			1973		
𣀔	fan5	fan4	chuan4	赣			1353		
𣀗	lai5	lai4	𣀗5	赣			1762		
𣀘	tsʰɛu2	ceu2	𣀘5	赣			1450		
𣀘	tɕʰiu2	qiu2	𣀘5	赣			1990		
𣀣	fɨt8	fet7	fu2	赣			1916		
𣀣	fuʔ8	fuk7	fu2	赣			1883		
𣀤	kuai5	guai4	𣀤5	赣			1158		
𣀧	san3	san3	san4	赣			1393		
𣀧	san5	san4	san4	赣			1614		
𣀩	kuai5	guai4	𣀩5	赣			1398		
𣀮	lɔŋ5	long4	𣀮5	赣			1439		
𣀳	ȵiet7	niet6	nie4	赣			1263		
𣀶	tson1	zon1	zuan1	赣			1004		
𣀷	li3	li3	li3	赣			1345		
𣀷	li5	li4	li3	赣			1263		
𣁗	tʰan3	tan3	tan4	赣			1010		
𣁟	li5	li4	li2	赣			1513		
𣁳	uot7	wot6	wo4	赣			1363		
𣁴	kʰat7	kat6	qia4	赣			1854		
𣂁	tʰieu1	tieu1	tiao1	赣			1813		
𣂁	tɕʰieu1	qieu1	tiao1	赣			1175		
𣂆	pʰen2	pen2	pang1	赣			1887		
𣂆	pʰɔŋ1	pong1	pang1	赣			1171		
𣂉	tit7	dit6	di2	赣			1081		
𣂞	lo3	lo3	luo3	赣			1277		
𣂯	sɿ6	si5	𣂯5	赣			1864		
𣂯	ɕi6	xi5	𣂯5	赣			1599		
𣃁	tsuʔ7	zuk6	𣃁5	赣			1794		
𣃈	tsɔʔ7	zok6	zhuo2	赣			1616		
𣃍	tsʰui3	cui3	cui4	赣			1500		
𣃘	tsʰen3	cen3	chan3	赣			1743		
𣃦	ut7	wut6	𣃦5	赣			1257		
𣃧	ien3	yen3	yan3	赣			1629		
𣃰	ien3	yen3	𣃰5	赣			1402		
𣄉	ien3	yen3	yan3	赣			1780		
𣄉	iet7	yet6	yan3	赣			1678		
𣄝	ȵien6	nien5	yan4	赣			1522		
𣄠	pieu1	bieu1	biao1	赣			1439		
𣄧	ui5	wui4	sui4	赣			1287		
𣄲	kʰui3	kui3	kui3	赣			1702		
𣄴	liɔŋ5	liong4	liang4	赣			1584		
𣄵	liɔŋ6	liong5	𣄵5	赣			1476		
𣄸	fo6	fo5	huo4	赣			1821		
𣅔	tset7	zet6	𣅔5	赣			1375		
𣅕	yt7	yut6	𣅕5	赣			1776		
𣅝	tʰɛt7	tet6	tu1	赣			1603		
𣅝	tʰut7	tut6	tu1	赣			1983		
𣅦	tset7	zet6	𣅦5	赣			1904		
𣅳	tset7	zet6	𣅳5	赣			1854		
𣆖	fɔŋ1	fong1	huang1	赣			1921		
𣆖	fɔŋ3	fong3	huang1	赣			1054		
𣆩	tsʰet7	cet6	𣆩5	赣			1796		
𣇗	sɨn1	sen1	shen1	赣			1532		
𣇗	ɕin1	xin1	shen1	赣			1175		
𣇩	ŋa5	nga4	𣇩5	赣			1664		
𣈡	tʰi3	ti3	ti3	赣			1916		
𣈯	y6	yu5	𣈯5	赣			1113		
𣉘	lai6	lai5	nai4	赣			1478		
𣉘	lit7	lit6	nai4	赣			1596		
𣉻	tsɿ5	zi4	𣉻5	赣			1171		
𣊓	ɕiet7	xiet6	𣊓5	赣			1724		
𣊟	kʰon3	kon3	kan4	赣			1870		
𣊡	ɕien3	xien3	𣊡5	赣			1034		
𣊡	ŋot7	ngot6	𣊡5	赣			1736		
𣋞	ŋai5	ngai4	ai4	赣			1165		
𣋟	mo3	mo3	mo3	赣			1104		
𣋲	liet7	liet6	lie4	赣			1745		
𣌍	ȵiet7	niet6	nie4	赣			1664		
𣌏	tet7	det6	de2	赣			1062		
𣌾	in6	yin5	tong1	赣			1609		
𣍆	tsʰɿ1	ci1	ning2	赣			1599		
𣍆	ȵin5	nin4	ning2	赣			1540		
𣍘	tsʰau2	cau2	𣍘5	赣			1271		
𣍦	fɔŋ3	fong3	kuang4	赣			1717		
𣍰	tɕʰien3	qien3	qian3	赣			1600		
𣎑	kʰun1	kun1	kuan1	赣			1229		
𣎛	tɕyt7	jyut6	ju2	赣			1522		
𣎜	sen6	sen5	𣎜5	赣			1426		
𣎜	ɕin6	xin5	𣎜5	赣			1121		
𣎟	ɕin5	xin4	𣎟5	赣			1004		
𣎲	tʰɔŋ3	tong3	tang3	赣			1017		
𣎳	pʰai3	pai3	pin4	赣			1690		
𣎴	ŋot7	ngot6	dun3	赣			1231		
𣎵	pʰai3	pai3	bei4	赣			1867		
𣎵	pʰen3	pen3	bei4	赣			1060		
𣎼	pau3	bau3	𣎼5	赣			1853		
𣏔	kʰun3	kun3	kun4	赣			1267		
𣏕	pʰai3	pai3	𣏕5	赣			1120		
𣏚	sɿ5	si4	shi2	赣			1367		
𣏜	mien5	mien4	𣏜5	赣			1302		
𣏞	iu5	yiu4	you2	赣			1003		
𣏟	pʰai3	pai3	pai4	赣			1379		
𣐈	sɿ6	si5	𣐈5	赣			1050		
𣐉	tsʰɿ3	ci3	𣐉5	赣			1626		
𣐊	tɕiuʔ7	jiuk6	kao3	赣			1530		
𣐋	yot7	yuot6	yue4	赣			1719		
𣐑	tsʰɿ2	ci2	ci2	赣			1899		
𣐕	tɕin5	jin4	𣐕5	赣			1348		
𣐵	i5	yi4	yi2	赣			1508		
𣐷	kua3	gua3	𣐷5	赣			1115		
𣐾	hau1	hau1	𣐾5	赣			1222		
𣑍	kua3	gua3	𣑍5	赣			1464		
𣒌	kuo1	guo1	𣒌5	赣			1132		
𣓀	tsen1	zen1	zhen1	赣			1810		
𣓁	kʰon1	kon1	𣓁5	赣			1245		
𣓅	kʰan3	kan3	qian3	赣			1577		
𣓈	liɔŋ3	liong3	liang3	赣			1840		
𣓌	tɕʰiu6	qiu5	gao1	赣			1324		
𣓓	ɕyn1	xyun1	𣓓5	赣			1784		
𣓕	ŋieu5	ngieu4	ou4	赣			1085		
𣓗	fɨt7	fet6	hu1	赣			1987		
𣓗	fuʔ7	fuk6	hu1	赣			1260		
𣓧	tson3	zon3	𣓧5	赣			1605		
𣓿	lau6	lau5	𣓿5	赣			1034		
𣔌	tʰieu2	tieu2	𣔌5	赣			1050		
𣔱	sau1	sau1	sou1	赣			1696		
𣔳	tʰɔʔ7	tok6	𣔳5	赣			1079		
𣔴	iu5	yiu4	𣔴5	赣			1925		
𣔺	mau6	mau5	mao4	赣			1486		
𣔺	muʔ7	muk6	mao4	赣			1344		
𣔻	tʰet8	tet7	tu2	赣			1888		
𣔻	tʰut8	tut7	tu2	赣			1771		
𣔾	sui6	sui5	𣔾5	赣			1557		
𣕁	ȵi5	ni4	yi2	赣			1530		
𣕁	i1	yi1	yi2	赣			1753		
𣕄	kuen1	gun1	jiong1	赣			1657		
𣕄	tɕiɔŋ1	jiong1	jiong1	赣			1676		
𣕇	sau5	sau4	xiao1	赣			1693		
𣕍	ɕyn3	xyun3	sun3	赣			1942		
𣖄	tɕʰieu1	qieu1	qiao1	赣			1119		
𣖅	tʰi2	ti2	ti2	赣			1190		
𣖬	tɕʰyot8	qyuot7	jue2	赣			1274		
𣖹	ȵy5	nyu4	ru2	赣			1687		
𣖼	ɕyn1	xyun1	xun2	赣			1649		
𣖾	pʰi6	pi5	bei4	赣			1624		
𣗊	mon5	mon4	𣗊5	赣			1449		
𣗋	tɔŋ3	dong3	dang3	赣			1222		
𣗻	tsʰɨt8	cet7	zhi4	赣			1590		
𣗻	tɕʰit8	qit7	zhi4	赣			1692		
𣘖	tɕien1	jien1	jian1	赣			1437		
𣘘	sen1	sen1	shen1	赣			1971		
𣘟	kʰa1	ka1	qia1	赣			1859		
𣘢	ŋau5	ngau4	𣘢5	赣			1173		
𣘤	tsʰat8	cat7	cha2	赣			1991		
𣘥	pʰi6	pi5	bi4	赣			1078		
𣘧	fu5	fu4	fu1	赣			1356		
𣘨	ŋo3	ngo3	e3	赣			1810		
𣘪	lau5	lau4	lao2	赣			1669		
𣘫	hau2	hau2	hao2	赣			1384		
𣘯	kuen1	gun1	𣘯5	赣			1711		
𣘴	ȵin5	nin4	yin2	赣			1388		
𣘷	tɕien1	jien1	jian1	赣			1333		
𣘻	tʰu2	tu2	cha2	赣			1716		
𣘻	tsʰa2	ca2	cha2	赣			1296		
𣙿	fɨi5	fei4	fei4	赣			1045		
𣙿	fɨi5	fei4	fei4	赣			1926		
𣚃	tɕiet7	jiet6	jie2	赣			1106		
𣚊	ɵ5	o4	𣚊5	赣			1715		
𣚍	it7	yit6	𣚍5	赣			1999		
𣚏	ɕy1	xyu1	xu1	赣			1218		
𣚓	tɕyon5	jyuon4	juan4	赣			1350		
𣚕	iet7	yet6	ye4	赣			1572		
𣚙	tɕien1	jien1	jian1	赣			1829		
𣚚	tsuʔ7	zuk6	𣚚5	赣			1252		
𣚚	suʔ8	suk7	𣚚5	赣			1414		
𣛒	li6	li5	𣛒5	赣			1028		
𣛗	lɔʔ7	lok6	luo4	赣			1826		
𣛱	tʰan6	tan5	dan4	赣			1762		
𣛺	tɕʰit7	qit6	qi1	赣			1018		
𣜄	lo5	lo4	luo2	赣			1461		
𣜣	tɕʰin2	qin2	qin2	赣			1315		
𣜤	so1	so1	𣜤5	赣			1923		
𣜦	tʰau6	tau5	𣜦5	赣			1079		
𣜨	tɕʰyon6	qyuon5	juan4	赣			1636		
𣝁	pʰai3	pai3	pai2	赣			1004		
𣝂	fɨn5	fen4	hun2	赣			1410		
𣝂	fun5	fun4	hun2	赣			1311		
𣝉	tui5	dui4	dui4	赣			1070		
𣝋	tʰat8	tat7	ta4	赣			1800		
𣝍	pʰet8	pet7	bi4	赣			1017		
𣝏	kau5	gau4	gao4	赣			1616		
𣝑	y6	yu5	yu4	赣			1584		
𣝒	sa6	sa5	she4	赣			1967		
𣝗	fɨt8	fet7	hu2	赣			1330		
𣝗	fuʔ8	fuk7	hu2	赣			1196		
𣝞	tsʰau2	cau2	jiao1	赣			1582		
𣞈	pʰieu2	pieu2	𣞈5	赣			1008		
𣞐	ɕia3	xia3	xie3	赣			1982		
𣞑	men5	men4	meng2	赣			1576		
𣞒	fu1	fu1	fu1	赣			1596		
𣞖	tsʰai3	cai3	𣞖5	赣			1175		
𣞙	sɔŋ3	song3	sang3	赣			1914		
𣞟	tsʰen1	cen1	chen1	赣			1858		
𣞤	u3	wu3	𣞤5	赣			1550		
𣞰	lien6	lien5	lian4	赣			1087		
𣞵	sen6	sen5	𣞵5	赣			1967		
𣞵	ɕin6	xin5	𣞵5	赣			1165		
𣞷	suŋ3	sung3	𣞷5	赣			1258		
𣟄	tʰɔʔ7	tok6	tuo4	赣			1602		
𣟉	fai3	fai3	huai4	赣			1984		
𣟌	li6	li5	li4	赣			1967		
𣟗	i5	yi4	𣟗5	赣			1384		
𣟳	ɕyon5	xyuon4	xuan2	赣			1598		
𣟼	tɕʰieu1	qieu1	jiu1	赣			1684		
𣟼	tɕiu1	jiu1	jiu1	赣			1051		
𣟽	lau6	lau5	lao4	赣			1925		
𣠏	tseu1	zeu1	zou1	赣			1492		
𣠚	liu5	liu4	liu2	赣			1934		
𣠞	tset7	zet6	zhe2	赣			1373		
𣠞	tsʰet7	cet6	zhe2	赣			1040		
𣠟	tsʰen2	cen2	𣠟5	赣			1529		
𣠯	son1	son1	𣠯5	赣			1604		
𣠺	tɕʰiet7	qiet6	qie4	赣			1259		
𣠼	lau3	lau3	lao3	赣			1187		
𣡆	sɔŋ3	song3	𣡆5	赣			1036		
𣡌	ŋot7	ngot6	𣡌5	赣			1283		
𣡖	pʰai6	pai5	𣡖5	赣			1235		
𣡞	ien5	yen4	yan2	赣			1035		
𣡠	mien5	mien4	mian2	赣			1272		
𣡶	ien5	yen4	yan2	赣			1710		
𣡷	lɛt7	let6	𣡷5	赣			1430		
𣢂	ɕi1	xi1	xi1	赣			1116		
𣢆	tɕi5	ji4	𣢆5	赣			1551		
𣢉	ua5	wa4	wa1	赣			1846		
𣢑	ɕi1	xi1	xi1	赣			1468		
𣢗	hat7	hat6	xia1	赣			1472		
𣢘	sɨn1	sen1	𣢘5	赣			1158		
𣢘	ɕin1	xin1	𣢘5	赣			1895		
𣢜	iu3	yiu3	you3	赣			1235		
𣢝	ɕin1	xin1	xing4	赣			1294		
𣢠	pʰet8	pet7	bi4	赣			1822		
𣢩	ɕiet7	xiet6	𣢩5	赣			1105		
𣢫	uɔŋ3	wong3	wang3	赣			1625		
𣢰	tɕiuʔ7	jiuk6	zu2	赣			1347		
𣢲	fan1	fan1	qian1	赣			1587		
𣢺	hon1	hon1	han1	赣			1292		
𣣉	ɕit7	xit6	xi4	赣			1294		
𣣋	lɨn5	len4	ling2	赣			1519		
𣣌	tsɿ5	zi4	zi4	赣			1419		
𣣌	tsʰɿ3	ci3	zi4	赣			1553		
𣣏	fɨn1	fen1	hun1	赣			1137		
𣣏	fun1	fun1	hun1	赣			1193		
𣣠	heu6	heu5	hou2	赣			1707		
𣣢	i5	yi4	𣣢5	赣			1639		
𣣲	ɕiet7	xiet6	xie2	赣			1058		
𣣳	ieu5	yeu4	yao2	赣			1364		
𣣸	iu3	yiu3	you3	赣			1312		
𣣹	hot7	hot6	he1	赣			1422		
𣤇	kʰɔʔ7	kok6	que4	赣			1669		
𣤊	lat7	lat6	la1	赣			1365		
𣤋	leu6	leu5	lou4	赣			1816		
𣤌	tsʰui3	cui3	chuai4	赣			1708		
𣤖	tʰi3	ti3	ti4	赣			1635		
𣤦	ieu6	yeu5	𣤦5	赣			1795		
𣤴	ɕi1	xi1	xi1	赣			1714		
𣤵	in3	yin3	ying3	赣			1172		
𣤶	tɕiuʔ7	jiuk6	zu2	赣			1680		
𣥂	tʰat7	tat6	ta4	赣			1921		
𣥦	kien1	gien1	𣥦5	赣			1185		
𣥹	tsʰuʔ7	cuk6	chu4	赣			1496		
𣦞	kʰui2	kui2	𣦞5	赣			1019		
𣦢	pit7	bit6	bi4	赣			1497		
𣦻	tsʰan2	can2	𣦻5	赣			1198		
𣦼	tsʰan2	can2	can2	赣			1029		
𣧂	tʰi3	ti3	ti4	赣			1634		
𣧍	lɛt7	let6	ne4	赣			1381		
𣧍	luʔ7	luk6	ne4	赣			1414		
𣧎	kui3	gui3	gui4	赣			1974		
𣧑	ɕiuŋ1	xiung1	𣧑5	赣			1259		
𣧖	tɕiet7	jiet6	zha2	赣			1696		
𣧩	tsuŋ1	zung1	𣧩5	赣			1181		
𣧱	san1	san1	𣧱5	赣			1446		
𣧳	lɔʔ7	lok6	luo4	赣			1208		
𣧺	san1	san1	shan1	赣			1176		
𣧻	tsʰan6	can5	𣧻5	赣			1814		
𣨍	kuʔ7	guk6	gu3	赣			1488		
𣨐	tsʰu2	cu2	𣨐5	赣			1481		
𣨙	ui1	wui1	wei3	赣			1145		
𣨙	ui5	wui4	wei3	赣			1795		
𣨛	tsʰuʔ7	cuk6	zu2	赣			1031		
𣨛	tɕyt7	jyut6	zu2	赣			1858		
𣨶	fɨi3	fei3	hui4	赣			1822		
𣨶	fɨi3	fei3	hui4	赣			1057		
𣨼	tʰi3	ti3	𣨼5	赣			1153		
𣨼	ɕi5	xi4	𣨼5	赣			1045		
𣩄	kʰot7	kot6	ke4	赣			1110		
𣩅	kʰau3	kau3	kao3	赣			1505		
𣩈	tɕia1	jia1	cuo2	赣			1250		
𣩈	tsʰo2	co2	cuo2	赣			1562		
𣩎	mɔʔ7	mok6	𣩎5	赣			1667		
𣩒	tsau1	zau1	zao1	赣			1992		
𣩟	tʰen6	ten5	deng4	赣			1148		
𣩠	sɿ5	si4	si4	赣			1766		
𣩡	sui5	sui4	sui4	赣			1573		
𣩱	ŋai5	ngai4	ai4	赣			1344		
𣩵	pen5	ben4	𣩵5	赣			1349		
𣪌	tʰeu2	teu2	tou2	赣			1551		
𣪏	kon3	gon3	𣪏5	赣			1403		
𣪠	tɕʰit7	qit6	ji1	赣			1401		
𣪥	fuʔ7	fuk6	𣪥5	赣			1689		
𣪻	tsuʔ7	zuk6	𣪻5	赣			1141		
𣫈	fuʔ8	fuk7	hu2	赣			1571		
𣫌	leu6	leu5	gou4	赣			1187		
𣫎	suʔ7	suk6	su4	赣			1801		
𣫐	tsʰɛu2	ceu2	chou2	赣			1094		
𣫐	tɕʰiu2	qiu2	chou2	赣			1281		
𣫓	kʰuʔ7	kuk6	𣫓5	赣			1559		
𣫔	tuʔ7	duk6	du1	赣			1333		
𣫞	tsʰɔʔ7	cok6	𣫞5	赣			1995		
𣫞	tsʰɔʔ8	cok7	𣫞5	赣			1746		
𣫣	luŋ5	lung4	long2	赣			1529		
𣫴	fɨi5	fei4	xie2	赣			1319		
𣫴	fɨi5	fei4	xie2	赣			1147		
𣬈	pʰi2	pi2	𣬈5	赣			1034		
𣬎	tɕyot7	jyuot6	jue2	赣			1767		
𣬕	ɕia3	xia3	xie3	赣			1961		
𣬜	tʰuʔ7	tuk6	𣬜5	赣			1842		
𣬩	fɨn1	fen1	fen1	赣			1684		
𣬩	fun1	fun1	fen1	赣			1462		
𣬪	pi5	bi4	bei4	赣			1786		
𣬬	sat7	sat6	sa1	赣			1911		
𣬸	tʰieu2	tieu2	tiao2	赣			1349		
𣬹	lɨn5	len4	ling2	赣			1254		
𣭝	kot7	got6	ge2	赣			1534		
𣭠	ȵy5	nyu4	ru2	赣			1709		
𣭲	iuŋ3	yung3	rong3	赣			1979		
𣭷	pʰet8	pet7	bo2	赣			1489		
𣮆	tʰo3	to3	tuo4	赣			1976		
𣮉	li5	li4	li2	赣			1034		
𣮉	lai5	lai4	li2	赣			1414		
𣮊	tset7	zet6	de2	赣			1631		
𣮊	tɕit7	jit6	de2	赣			1486		
𣮐	pʰet8	pet7	bi4	赣			1175		
𣮧	pɔŋ3	bong3	bang3	赣			1601		
𣮫	ka1	ga1	jia1	赣			1171		
𣯅	tɕi5	ji4	ji4	赣			1156		
𣯉	tʰiet8	tiet7	𣯉5	赣			1263		
𣯍	len3	len3	rong3	赣			1991		
𣯍	lun3	lun3	rong3	赣			1546		
𣯣	mɨn5	men4	𣯣5	赣			1719		
𣯨	tsuŋ1	zung1	zong1	赣			1879		
𣯻	fɨn1	fen1	fen1	赣			1783		
𣯻	fun1	fun1	fen1	赣			1635		
𣯼	ɕiuʔ7	xiuk6	su4	赣			1238		
𣰊	lɔŋ5	long4	𣰊5	赣			1747		
𣱐	tsɿ5	zi4	yin4	赣			1559		
𣱐	in5	yin4	yin4	赣			1421		
𣱓	hau6	hau5	xiao4	赣			1507		
𣱦	fɨn5	fen4	fen1	赣			1236		
𣱦	fun5	fun4	fen1	赣			1777		
𣲒	lit7	lit6	li4	赣			1045		
𣲖	ku1	gu1	pai4	赣			1241		
𣲗	ui5	wui4	wei2	赣			1687		
𣲘	u3	wu3	wu3	赣			1447		
𣲵	tsɿ3	zi3	zhi3	赣			1757		
𣲷	lit7	lit6	ni4	赣			1558		
𣲷	ȵit7	nit6	ni4	赣			1650		
𣲿	lau5	lau4	𣲿5	赣			1556		
𣳆	pʰen2	pen2	𣳆5	赣			1052		
𣳤	tsan5	zan4	zhan4	赣			1110		
𣳦	ɕi5	xi4	xi4	赣			1470		
𣳦	lau5	lau4	xi4	赣			1456		
𣳩	tsɿ1	zi1	zi1	赣			1571		
𣳪	sɿ5	si4	𣳪5	赣			1000		
𣴞	pʰən6	pen5	ben4	赣			1198		
𣴣	tsɔŋ5	zong4	zhuang4	赣			1032		
𣴪	pi1	bi1	pai4	赣			1473		
𣴵	fɨi3	fei3	𣴵5	赣			1334		
𣴵	fɨi3	fei3	𣴵5	赣			1627		
𣵻	tʰo6	to5	duo4	赣			1422		
𣵼	kon5	gon4	gan4	赣			1743		
𣶏	tɕiet7	jiet6	jie1	赣			1602		
𣶩	fa6	fa5	hua4	赣			1799		
𣷾	kui3	gui3	gui3	赣			1630		
𣸃	ɕyt7	xyut6	xu4	赣			1049		
𣸆	tsɿ3	zi3	zi3	赣			1184		
𣸈	seu1	seu1	𣸈5	赣			1683		
𣸈	seu3	seu3	𣸈5	赣			1038		
𣸍	pʰot7	pot6	𣸍5	赣			1916		
𣸎	fai3	fai3	huai4	赣			1049		
𣸣	fɨn5	fen4	fen2	赣			1864		
𣹟	kuŋ5	gung4	gan4	赣			1601		
𣹠	yon1	yuon1	yuan1	赣			1087		
𣹢	hon2	hon2	𣹢5	赣			1374		
𣹩	ɕiet7	xiet6	xie2	赣			1864		
𣹪	mau5	mau4	mao2	赣			1329		
𣹬	fuʔ8	fuk7	hu2	赣			1914		
𣹮	pʰi3	pi3	pi4	赣			1223		
𣹲	tʰi2	ti2	ti2	赣			1879		
𣺬	fɔŋ1	fong1	huang1	赣			1711		
𣺼	tɔŋ3	dong3	dang3	赣			1228		
𣻎	kieu5	gieu4	kou4	赣			1977		
𣻎	kʰieu1	kieu1	kou4	赣			1068		
𣻐	tɕʰy1	qyu1	ju1	赣			1103		
𣻑	sat7	sat6	sha1	赣			1513		
𣻒	tɕin1	jin1	jing1	赣			1548		
𣻛	tsɔŋ1	zong1	zhuang1	赣			1471		
𣻜	fu5	fu4	fu2	赣			1293		
𣻣	set8	set7	𣻣5	赣			1955		
𣻥	fu5	fu4	𣻥5	赣			1724		
𣽅	kuɔʔ7	guok6	guo1	赣			1592		
𣽅	uot8	wot7	guo1	赣			1324		
𣽍	tɕʰi6	qi5	ji4	赣			1620		
𣽒	ɕiet7	xiet6	xie4	赣			1717		
𣽤	set7	set6	se4	赣			1239		
𣿂	sui3	sui3	𣿂5	赣			1648		
𣿆	fu5	fu4	fu2	赣			1269		
𣿊	lien6	lien5	lian4	赣			1221		
𣿐	tsʰai6	cai5	ze2	赣			1558		
𣿐	tsʰet8	cet7	ze2	赣			1519		
𣿒	tsʰui3	cui3	cui3	赣			1286		
𣿓	tsʰui3	cui3	cui3	赣			1538		
𤀨	tʰeu6	teu5	dou4	赣			1341		
𤀷	ui6	wui5	wei4	赣			1205		
𤁡	tʰan6	tan5	dan4	赣			1244		
𤁢	tɕiet7	jiet6	jie2	赣			1509		
𤁪	fat8	fat7	hua2	赣			1250		
𤁫	tsʰot7	cot6	chua1	赣			1542		
𤁰	tsʰet8	cet7	di2	赣			1928		
𤁳	tsʰat8	cat7	zha2	赣			1247		
𤁵	li5	li4	lv2	赣			1165		
𤁸	lieu3	lieu3	𤁸5	赣			1906		
𤁹	fet7	fet6	huo4	赣			1580		
𤂥	tsʰet8	cet7	𤂥5	赣			1086		
𤂳	tsʰui3	cui3	𤂳5	赣			1429		
𤂳	ɕyon5	xyuon4	𤂳5	赣			1784		
𤂿	ɕyon5	xyuon4	xuan4	赣			1742		
𤃀	li6	li5	li4	赣			1166		
𤃨	lan6	lan5	lan4	赣			1468		
𤃪	ɕi1	xi1	xi1	赣			1405		
𤃫	fen1	fen1	hong1	赣			1306		
𤃭	tɕieu3	jieu3	jiao3	赣			1843		
𤃱	mi5	mi4	𤃱5	赣			1104		
𤃳	fan1	fan1	𤃳5	赣			1167		
𤃴	fot7	fot6	𤃴5	赣			1224		
𤃶	tʰen1	ten1	teng1	赣			1724		
𤃶	tʰen3	ten3	teng1	赣			1437		
𤃷	ŋon3	ngon3	an3	赣			1658		
𤃷	in3	yin3	an3	赣			1407		
𤄎	ɕit7	xit6	xi4	赣			1389		
𤄒	kan3	gan3	jian3	赣			1958		
𤄕	y5	yu4	𤄕5	赣			1288		
𤄜	fan1	fan1	pan1	赣			1175		
𤄫	fan1	fan1	fan1	赣			1775		
𤄶	iɔʔ7	yok6	yao4	赣			1005		
𤄺	pien1	bien1	bian1	赣			1355		
𤅊	ȵiet7	niet6	yan4	赣			1721		
𤅢	iɔʔ7	yok6	𤅢5	赣			1608		
𤅣	mɨn5	men4	men2	赣			1767		
𤅩	hon3	hon3	𤅩5	赣			1288		
𤅬	ɕin5	xin4	𤅬5	赣			1912		
𤅸	ien5	yen4	yan2	赣			1076		
𤅸	ien6	yen5	yan2	赣			1954		
𤆎	tsai1	zai1	𤆎5	赣			1926		
𤆝	pʰɔʔ7	pok6	pu1	赣			1930		
𤇯	ŋien1	ngien1	en1	赣			1935		
𤇹	pit7	bit6	𤇹5	赣			1330		
𤈥	tʰit7	tit6	di2	赣			1822		
𤈦	fɨi3	fei3	hui3	赣			1033		
𤈦	fɨi3	fei3	hui3	赣			1601		
𤈧	het8	het7	he2	赣			1108		
𤈪	kʰai3	kai3	𤈪5	赣			1790		
𤉐	tsʰɔʔ7	cok6	zhuo2	赣			1881		
𤉐	tsʰɔʔ8	cok7	zhuo2	赣			1875		
𤊯	tʰen3	ten3	𤊯5	赣			1105		
𤊯	tʰun3	tun3	𤊯5	赣			1205		
𤊸	fɨt7	fet6	𤊸5	赣			1416		
𤊸	fuʔ7	fuk6	𤊸5	赣			1482		
𤊽	lieu6	lieu5	liao4	赣			1252		
𤊾	miet7	miet6	mie4	赣			1361		
𤌉	tsʰau3	cau3	𤌉5	赣			1815		
𤌍	fuʔ8	fuk7	hu2	赣			1397		
𤌎	lɨn6	len5	lin4	赣			1778		
𤌏	uŋ3	wung3	weng3	赣			1483		
𤍍	u3	wu3	𤍍5	赣			1490		
𤍕	iu6	yiu5	you3	赣			1843		
𤍙	tɕʰien2	qien2	𤍙5	赣			1560		
𤎟	ien1	yen1	𤎟5	赣			1688		
𤎡	hon6	hon5	𤎡5	赣			1527		
𤎢	tɕʰien2	qien2	𤎢5	赣			1797		
𤎥	tʰan3	tan3	tan3	赣			1140		
𤎥	tsʰen1	cen1	tan3	赣			1301		
𤎩	sui6	sui5	𤎩5	赣			1492		
𤎭	len3	len3	lin3	赣			1421		
𤎱	tsui1	zui1	juan3	赣			1518		
𤎱	tɕyon3	jyuon3	juan3	赣			1008		
𤏶	ŋau1	ngau1	ao1	赣			1471		
𤏻	ɕiet7	xiet6	𤏻5	赣			1091		
𤐧	pʰet8	pet7	𤐧5	赣			1513		
𤐨	ɕien3	xien3	𤐨5	赣			1145		
𤐫	pʰieu1	pieu1	biao1	赣			1682		
𤐰	fɔʔ8	fok7	huo4	赣			1906		
𤑔	lot7	lot6	𤑔5	赣			1027		
𤑕	ɕyn5	xyun4	xun1	赣			1680		
𤑿	lien3	lien3	lian3	赣			1817		
𤒀	iɔʔ7	yok6	𤒀5	赣			1813		
𤒤	lien3	lien3	𤒤5	赣			1792		
𤓉	len5	len4	𤓉5	赣			1956		
𤓪	tɕieu1	jieu1	𤓪5	赣			1249		
𤓫	sui6	sui5	𤓫5	赣			1378		
𤓯	tsɔŋ3	zong3	zhang3	赣			1366		
𤓰	kua1	gua1	𤓰5	赣			1040		
𤓾	tau5	dau4	dao4	赣			1282		
𤔌	in5	yin4	𤔌5	赣			1547		
𤔔	lon6	lon5	luan4	赣			1084		
𤔣	pʰau6	pau5	bao4	赣			1552		
𤕟	su1	su1	shu1	赣			1757		
𤕣	kui1	gui1	𤕣5	赣			1597		
𤕤	sɔŋ3	song3	𤕤5	赣			1005		
𤕦	len5	len4	ning2	赣			1470		
𤕷	tʰieu6	tieu5	diao4	赣			1289		
𤕺	tɕʰit8	qit7	𤕺5	赣			1109		
𤖟	pet7	bet6	𤖟5	赣			1084		
𤖱	fo5	fo4	he2	赣			1594		
𤖴	tsʰet7	cet6	𤖴5	赣			1204		
𤖻	sɿ5	si4	shi4	赣			1521		
𤖻	tɕʰieu2	qieu2	shi4	赣			1046		
𤖼	pʰet7	pet6	po4	赣			1614		
𤗁	tɕʰiuʔ7	qiuk6	cu4	赣			1010		
𤗇	kʰuŋ3	kung3	kong4	赣			1612		
𤗈	ɕiet7	xiet6	xie4	赣			1207		
𤗍	yon3	yuon3	wan3	赣			1894		
𤗎	ien3	yen3	yan3	赣			1189		
𤗏	pʰi2	pi2	pei2	赣			1331		
𤗚	pʰɛt7	pet6	bi4	赣			1511		
𤗚	pʰet8	pet7	bi4	赣			1913		
𤗛	lien6	lien5	lian4	赣			1051		
𤗨	tʰiet8	tiet7	die2	赣			1180		
𤗬	li5	li4	lv2	赣			1046		
𤗯	sui1	sui1	cui1	赣			1294		
𤗴	tʰui2	tui2	tui2	赣			1531		
𤘌	tɕʰi1	qi1	qi1	赣			1051		
𤘘	kʰieu3	kieu3	kou3	赣			1309		
𤘟	lo5	lo4	nuo2	赣			1548		
𤘡	tɕʰin6	qin5	jin4	赣			1805		
𤘣	tsʰen2	cen2	chen2	赣			1965		
𤘣	tɕʰin2	qin2	chen2	赣			1606		
𤘸	tʰau1	tau1	tao1	赣			1173		
𤘺	iuŋ3	yung3	rong3	赣			1903		
𤘻	iuŋ3	yung3	rong3	赣			1613		
𤘽	heu3	heu3	hou3	赣			1587		
𤘾	pʰen1	pen1	peng1	赣			1032		
𤙒	ɕiet8	xiet7	xie2	赣			1764		
𤙛	tʰu2	tu2	tu2	赣			1056		
𤙞	pʰi6	pi5	bi4	赣			1969		
𤙠	tɕʰiu2	qiu2	𤙠5	赣			1306		
𤙡	ɕyn1	xyun1	xing1	赣			1983		
𤙰	tʰet8	tet7	te4	赣			1312		
𤚫	tʰɔŋ2	tong2	tang2	赣			1127		
𤚼	kieu5	gieu4	gou4	赣			1645		
𤛊	lat7	lat6	la1	赣			1055		
𤛋	tʰɔŋ2	tong2	𤛋5	赣			1557		
𤛎	mi3	mi3	min3	赣			1119		
𤛎	men3	men3	min3	赣			1606		
𤛐	tɕʰy3	qyu3	ou1	赣			1226		
𤛑	iuŋ5	yung4	yong1	赣			1516		
𤛹	uʔ7	wuk6	𤛹5	赣			1866		
𤛾	leu3	leu3	𤛾5	赣			1302		
𤛿	li5	li4	𤛿5	赣			1775		
𤜂	ui6	wui5	wei4	赣			1907		
𤜄	fai5	fai4	huai2	赣			1721		
𤜑	pi1	bi1	𤜑5	赣			1269		
𤜖	lui5	lui4	lei2	赣			1450		
𤜝	tɕi3	ji3	ji3	赣			1272		
𤜡	fɨi5	fei4	hui2	赣			1436		
𤜡	fɨi5	fei4	hui2	赣			1776		
𤜢	ɕin5	xin4	xin4	赣			1448		
𤜣	sɿ6	si5	shi4	赣			1342		
𤜤	tset7	zet6	zhe2	赣			1345		
𤜯	tsʰat7	cat6	cha1	赣			1873		
𤜵	ȵien6	nien5	yan4	赣			1498		
𤜹	y5	yu4	yu2	赣			1763		
𤜾	tɕit7	jit6	ji3	赣			1113		
𤝕	mu3	mu3	mu3	赣			1402		
𤝞	tsʰuʔ7	cuk6	chu4	赣			1871		
𤝡	pʰa6	pa5	𤝡5	赣			1039		
𤝰	tat7	dat6	da2	赣			1880		
𤝱	iet7	yet6	ye4	赣			1724		
𤝹	tɕy1	jyu1	zhu1	赣			1998		
𤝻	i5	yi4	yi2	赣			1746		
𤞃	ui5	wui4	𤞃5	赣			1939		
𤞚	ɕieu1	xieu1	xiao1	赣			1973		
𤞛	tɕʰiɔŋ2	qiong2	zang4	赣			1721		
𤞞	kuʔ7	guk6	yu4	赣			1015		
𤞞	yt7	yut6	yu4	赣			1304		
𤞤	ɕien3	xien3	xian3	赣			1388		
𤟄	kʰɔŋ1	kong1	𤟄5	赣			1422		
𤟍	tset7	zet6	zhe2	赣			1920		
𤟟	ŋan1	ngan1	yan1	赣			1729		
𤟟	ŋan5	ngan4	yan1	赣			1610		
𤟣	in5	yin4	ying2	赣			1101		
𤟤	fɨn5	fen4	hui1	赣			1203		
𤟧	sɿ3	si3	xi3	赣			1221		
𤟩	tʰuʔ8	tuk7	𤟩5	赣			1103		
𤟭	tsʰɔʔ7	cok6	𤟭5	赣			1344		
𤠋	li5	li4	lou2	赣			1502		
𤠍	pʰon2	pon2	pan2	赣			1641		
𤠎	tɕit7	jit6	ji2	赣			1239		
𤠑	liu5	liu4	𤠑5	赣			1744		
𤠙	ka1	ga1	jia1	赣			1070		
𤠾	tɕʰy1	qyu1	𤠾5	赣			1008		
𤡁	mon5	mon4	𤡁5	赣			1991		
𤡥	ŋan5	ngan4	yan2	赣			1278		
𤡥	han6	han5	yan2	赣			1768		
𤡧	hai6	hai5	xie4	赣			1134		
𤡮	len5	len4	ran2	赣			1088		
𤢍	sui6	sui5	𤢍5	赣			1644		
𤢔	ɕiet7	xiet6	𤢔5	赣			1513		
𤢘	su5	su4	su4	赣			1272		
𤢹	lui3	lui3	lei3	赣			1225		
𤣆	lien5	lien4	lian2	赣			1949		
𤣔	ɕien3	xien3	𤣔5	赣			1532		
𤣗	ɕien3	xien3	𤣗5	赣			1884		
𤣘	lɨn5	len4	ling2	赣			1114		
𤣜	lau5	lau4	𤣜5	赣			1430		
𤣠	ɕieu1	xieu1	xiao1	赣			1619		
𤣤	lɨn5	len4	𤣤5	赣			1097		
𤣥	ɕyon5	xyuon4	𤣥5	赣			1018		
𤣴	uɔŋ3	wong3	𤣴5	赣			1101		
𤣻	mɛt7	met6	mo4	赣			1417		
𤣽	mau6	mau5	𤣽5	赣			1505		
𤤐	su5	su4	su4	赣			1076		
𤤴	kɔʔ7	gok6	𤤴5	赣			1308		
𤤶	tɕʰiuŋ2	qiung2	qiong2	赣			1201		
𤤺	i6	yi5	yi4	赣			1516		
𤥔	ɕiuʔ7	xiuk6	su4	赣			1979		
𤦃	lai5	lai4	lai2	赣			1877		
𤧙	y5	yu4	yu2	赣			1437		
𤧚	tsʰuŋ1	cung1	cong1	赣			1284		
𤨕	lɛt7	let6	𤨕5	赣			1309		
𤩄	tsʰon6	con5	zhuan4	赣			1509		
𤩅	ɕyon5	xyuon4	𤩅5	赣			1290		
𤩚	lɛt7	let6	𤩚5	赣			1300		
𤩭	hau6	hau5	hao4	赣			1528		
𤩽	fon5	fon4	huan2	赣			1847		
𤪌	tɕʰi2	qi2	qi2	赣			1031		
𤪍	hat8	hat7	xia2	赣			1158		
𤪎	iu3	yiu3	you3	赣			1994		
𤪢	lɛt7	let6	𤪢5	赣			1187		
𤪿	kui1	gui1	𤪿5	赣			1720		
𤫀	ɕyon5	xyuon4	𤫀5	赣			1718		
𤫉	ɕiet7	xiet6	xie4	赣			1113		
𤫕	lau5	lau4	nao2	赣			1212		
𤫣	ȵien3	nien3	yan3	赣			1417		
𤫭	tʰɨn2	ten2	𤫭5	赣			1132		
𤫭	tʰun2	tun2	𤫭5	赣			1502		
𤫱	kieu1	gieu1	gou1	赣			1033		
𤫲	lɨn5	len4	ling2	赣			1846		
𤫵	kʰuot7	kuot6	kuo4	赣			1275		
𤫶	kʰat7	kat6	qia4	赣			1623		
𤬂	tuʔ7	duk6	du3	赣			1811		
𤬃	pʰi1	pi1	pei1	赣			1279		
𤬏	leu5	leu4	lou2	赣			1434		
𤬐	ɕin5	xin4	xing2	赣			1868		
𤬓	lien3	lien3	lian2	赣			1248		
𤬖	seu1	seu1	yao2	赣			1651		
𤬖	ieu5	yeu4	yao2	赣			1428		
𤬝	ȵien6	nien5	yan4	赣			1214		
𤬪	tʰu6	tu5	du4	赣			1793		
𤬪	kʰon1	kon1	du4	赣			1295		
𤬯	tɕʰien3	qien3	han2	赣			1445		
𤬵	ti5	di4	di4	赣			1565		
𤬷	lot7	lot6	na4	赣			1325		
𤬾	tʰo6	to5	duo4	赣			1385		
𤭁	tʰuŋ2	tung2	𤭁5	赣			1514		
𤭏	tɕʰit7	qit6	𤭏5	赣			1537		
𤭓	ɕin5	xin4	𤭓5	赣			1708		
𤭙	hon2	hon2	han2	赣			1890		
𤭛	kɔŋ1	gong1	gang1	赣			1361		
𤭞	tɨn1	den1	dun1	赣			1577		
𤭞	tun1	dun1	dun1	赣			1100		
𤭢	sui5	sui4	cei4	赣			1828		
𤭧	kai1	gai1	jie1	赣			1707		
𤮇	iuŋ5	yung4	𤮇5	赣			1687		
𤮊	kʰɔŋ1	kong1	kang1	赣			1577		
𤮏	fen5	fen4	heng2	赣			1112		
𤮚	lui5	lui4	lei2	赣			1382		
𤮜	sen6	sen5	shan4	赣			1086		
𤮧	lu5	lu4	lu2	赣			1770		
𤮨	luŋ5	lung4	𤮨5	赣			1042		
𤮪	tɕyn5	jyun4	jun4	赣			1304		
𤮭	tsʰan3	can3	chan4	赣			1171		
𤮰	ui1	wui1	wa1	赣			1112		
𤮼	tʰai6	tai5	dai4	赣			1902		
𤯌	kʰon1	kon1	gan1	赣			1434		
𤯎	kon1	gon1	𤯎5	赣			1824		
𤯷	fɔŋ5	fong4	huang2	赣			1646		
𤰇	pʰi6	pi5	𤰇5	赣			1536		
𤰈	pʰi6	pi5	bei4	赣			1679		
𤰝	tɕyon3	jyuon3	quan3	赣			1426		
𤰞	pi1	bi1	𤰞5	赣			1708		
𤰟	hɔŋ3	hong3	hang4	赣			1301		
𤰩	y5	yu4	𤰩5	赣			1121		
𤰫	pɔŋ1	bong1	𤰫5	赣			1050		
𤰮	kui3	gui3	𤰮5	赣			1063		
𤱍	pʰi1	pi1	pi1	赣			1330		
𤱣	lan5	lan4	nan2	赣			1664		
𤱨	kuŋ1	gung1	gong1	赣			1274		
𤱩	tʰieu6	tieu5	diao4	赣			1037		
𤱹	tʰin3	tin3	ting3	赣			1520		
𤱽	fu5	fu4	fu2	赣			1086		
𤲍	hat8	hat7	𤲍5	赣			1844		
𤲑	tɕy3	jyu3	zhu3	赣			1097		
𤲒	pʰen2	pen2	𤲒5	赣			1910		
𤲓	lai5	lai4	lai2	赣			1235		
𤲖	tʰien3	tien3	tian3	赣			1112		
𤲙	pɨn3	ben3	𤲙5	赣			1712		
𤲫	tʰon3	ton3	𤲫5	赣			1242		
𤲬	lon5	lon4	ruan2	赣			1414		
𤲰	met7	met6	mao4	赣			1954		
𤲳	fɨi6	fei5	𤲳5	赣			1278		
𤲳	fɨi6	fei5	𤲳5	赣			1669		
𤲸	ɕiuʔ7	xiuk6	xu4	赣			1433		
𤳈	sɔŋ1	song1	shang1	赣			1359		
𤳉	hon3	hon3	han4	赣			1983		
𤳐	tɕy5	jyu4	𤳐5	赣			1743		
𤳕	yt7	yut6	yu4	赣			1604		
𤳖	pon1	bon1	ban1	赣			1855		
𤳤	tɕʰi1	qi1	qi1	赣			1985		
𤳯	tɕy5	jyu4	zhu4	赣			1162		
𤴟	tsɿ5	zi4	zhi4	赣			1945		
𤴟	tɕi5	ji4	zhi4	赣			1672		
𤴨	iu6	yiu5	you4	赣			1372		
𤴯	fon6	fon5	huan4	赣			1648		
𤴰	ut7	wut6	𤴰5	赣			1848		
𤴱	tu5	du4	du4	赣			1354		
𤴼	tɕʰiet7	qiet6	qie4	赣			1247		
𤵝	mu3	mu3	mu3	赣			1860		
𤵸	pʰɔŋ1	pong1	long2	赣			1313		
𤵺	i6	yi5	𤵺5	赣			1556		
𤵼	sɔŋ5	song4	shang4	赣			1255		
𤵽	hai3	hai3	hai4	赣			1153		
𤵾	tsʰa1	ca1	cha1	赣			1289		
𤶗	ŋai3	ngai3	𤶗5	赣			1381		
𤶘	fɨt7	fet6	hu1	赣			1630		
𤶘	fuʔ7	fuk6	hu1	赣			1601		
𤶚	ȵiet7	niet6	nie4	赣			1431		
𤶠	tsa1	za1	cha2	赣			1224		
𤶠	tsʰa2	ca2	cha2	赣			1774		
𤶡	tseu3	zeu3	𤶡5	赣			1908		
𤶡	tɕiu3	jiu3	𤶡5	赣			1520		
𤶧	yn3	yun3	yun4	赣			1885		
𤶧	yn6	yun5	yun4	赣			1564		
𤷂	fɨi5	fei4	fei2	赣			1906		
𤷂	fɨi5	fei4	fei2	赣			1152		
𤷄	tɕʰyon2	qyuon2	quan2	赣			1648		
𤷇	fet7	fet6	xu4	赣			1812		
𤷇	ɕyt7	xyut6	xu4	赣			1905		
𤷈	lat7	lat6	na4	赣			1750		
𤷌	tɕin3	jin3	zhen3	赣			1783		
𤷑	tɕʰiu6	qiu5	jiu4	赣			1152		
𤷚	tsuʔ7	zuk6	𤷚5	赣			1031		
𤷽	tɕʰiɔʔ7	qiok6	que4	赣			1119		
𤸁	fɨi3	fei3	hui4	赣			1952		
𤸁	fɨi3	fei3	hui4	赣			1281		
𤸃	seu5	seu4	𤸃5	赣			1621		
𤸅	mɨn5	men4	min2	赣			1704		
𤸌	in5	yin4	𤸌5	赣			1415		
𤸎	kʰot7	kot6	ke3	赣			1437		
𤸑	fuʔ8	fuk7	fu4	赣			1876		
𤸒	ȵy6	nyu5	yu4	赣			1387		
𤸪	tsʰɿ3	ci3	chi4	赣			1524		
𤸪	tɕʰi3	qi3	chi4	赣			1769		
𤸬	sui1	sui1	shuai1	赣			1972		
𤸱	ŋot7	ngot6	e4	赣			1517		
𤸵	pʰu3	pu3	bu4	赣			1855		
𤸵	pʰu6	pu5	bu4	赣			1470		
𤸶	pʰai6	pai5	𤸶5	赣			1401		
𤸷	uan5	wan4	qun2	赣			1347		
𤸷	tɕʰyn2	qyun2	qun2	赣			1395		
𤹝	pʰi6	pi5	bi4	赣			1962		
𤹡	tsa1	za1	zha1	赣			1325		
𤹨	lien6	lien5	lian4	赣			1506		
𤺄	suŋ6	sung5	zhong3	赣			1551		
𤺈	tʰu2	tu2	𤺈5	赣			1353		
𤺉	ui3	wui3	wei3	赣			1424		
𤺊	ɕi1	xi1	xi1	赣			1297		
𤺏	pʰon1	pon1	pan1	赣			1381		
𤺘	ŋa3	nga3	𤺘5	赣			1846		
𤺺	tan3	dan3	dan3	赣			1013		
𤺻	tɕʰyon6	qyuon5	juan4	赣			1945		
𤻘	in3	yin3	yin3	赣			1258		
𤻙	fɔʔ8	fok7	huo2	赣			1269		
𤻱	lu6	lu5	lu4	赣			1119		
𤻲	lieu6	lieu5	𤻲5	赣			1712		
𤻲	lɔʔ7	lok6	𤻲5	赣			1335		
𤻴	tʰen2	ten2	𤻴5	赣			1691		
𤻶	pʰien6	pien5	bian4	赣			1863		
𤼌	it7	yit6	yi4	赣			1428		
𤼐	kuon5	guon4	guan4	赣			1895		
𤼒	ui3	wui3	wei3	赣			1322		
𤼙	lon5	lon4	luan2	赣			1586		
𤼠	lo3	lo3	𤼠5	赣			1145		
𤼣	lon5	lon4	𤼣5	赣			1742		
𤼺	fɨi5	fei4	fei4	赣			1459		
𤼺	fɨi5	fei4	fei4	赣			1522		
𤽊	pi3	bi3	bi3	赣			1845		
𤽥	lɔʔ7	lok6	luo4	赣			1656		
𤽺	luʔ7	luk6	lu4	赣			1432		
𤽼	lɔʔ7	lok6	luo4	赣			1680		
𤾀	tsʰet7	cet6	ze2	赣			1775		
𤾕	tʰi3	ti3	𤾕5	赣			1619		
𤾬	muŋ3	mung3	meng3	赣			1290		
𤾸	ui3	wui3	𤾸5	赣			1872		
𤿊	kon3	gon3	𤿊5	赣			1710		
𤿎	pʰi1	pi1	pi1	赣			1901		
𤿕	men3	men3	min3	赣			1753		
𤿙	tsɿ5	zi4	zhi4	赣			1376		
𤿙	pʰi6	pi5	zhi4	赣			1426		
𤿚	tsʰu1	cu1	cu1	赣			1515		
𤿠	tɕit7	jit6	ji2	赣			1827		
𤿧	hon6	hon5	han4	赣			1547		
𤿩	kʰɔʔ7	kok6	que4	赣			1408		
𤿫	tsʰot7	cot6	chuo4	赣			1824		
𤿳	tɕʰin3	qin3	qin3	赣			1815		
𥀁	tu3	du3	du4	赣			1748		
𥀁	tʰu6	tu5	du4	赣			1595		
𥀈	tsat7	zat6	zha3	赣			1903		
𥀍	pi1	bi1	𥀍5	赣			1865		
𥀕	pit7	bit6	𥀕5	赣			1306		
𥀜	tsɿ1	zi1	𥀜5	赣			1240		
𥀣	hɔʔ7	hok6	xue2	赣			1586		
𥀣	hɔʔ8	hok7	xue2	赣			1394		
𥀰	lat7	lat6	la4	赣			1610		
𥀹	tɕien3	jien3	jian3	赣			1765		
𥁑	mɛt7	met6	mi4	赣			1939		
𥁓	iu3	yiu3	𥁓5	赣			1074		
𥁓	iu6	yiu5	𥁓5	赣			1517		
𥁔	fan5	fan4	𥁔5	赣			1929		
𥁕	uen1	wun1	wen1	赣			1496		
𥁠	tɕʰyon2	qyuon2	juan4	赣			1673		
𥁢	tɕʰieu2	qieu2	qiao2	赣			1177		
𥁮	tʰieu6	tieu5	diao4	赣			1158		
𥁰	men3	men3	𥁰5	赣			1298		
𥁰	mɨn5	men4	𥁰5	赣			1745		
𥁹	sa6	sa5	she4	赣			1906		
𥁺	tʰan3	tan3	𥁺5	赣			1239		
𥁼	tsɿ1	zi1	𥁼5	赣			1027		
𥂇	luʔ7	luk6	𥂇5	赣			1682		
𥂈	pu1	bu1	𥂈5	赣			1049		
𥂓	ma5	ma4	mo2	赣			1286		
𥂓	mo5	mo4	mo2	赣			1089		
𥂔	kau3	gau3	𥂔5	赣			1642		
𥂖	luʔ7	luk6	𥂖5	赣			1368		
𥂥	tsʰan2	can2	can2	赣			1531		
𥂩	ku3	gu3	𥂩5	赣			1370		
𥂸	iɔŋ5	yong4	yang2	赣			1508		
𥃎	liet7	liet6	𥃎5	赣			1394		
𥃏	li6	li5	𥃏5	赣			1225		
𥃐	tsʰat7	cat6	𥃐5	赣			1876		
𥃔	tɕʰy2	qyu2	qu2	赣			1368		
𥃧	tɕieu3	jieu3	chou1	赣			1658		
𥃩	ieu1	yeu1	gen4	赣			1854		
𥃯	ŋau3	ngau3	𥃯5	赣			1727		
𥃺	ŋau3	ngau3	yao4	赣			1590		
𥄃	mɛt7	met6	𥄃5	赣			1149		
𥄉	tɕieu1	jieu1	jiao1	赣			1803		
𥄎	ɕyt7	xyut6	xue4	赣			1758		
𥄔	pi5	bi4	pei4	赣			1880		
𥄔	pʰi3	pi3	pei4	赣			1227		
𥄗	uot7	wot6	wo4	赣			1149		
𥄱	fɨi6	fei5	fei4	赣			1013		
𥄱	fɨi6	fei5	fei4	赣			1728		
𥄱	pʰot7	pot6	fei4	赣			1296		
𥄳	tʰat8	tat7	𥄳5	赣			1020		
𥄶	sɿ1	si1	si1	赣			1219		
𥅗	tɕʰy3	qyu3	cu1	赣			1577		
𥅧	ɕyot7	xyuot6	xue4	赣			1073		
𥅴	tɕiet7	jiet6	jie2	赣			1262		
𥆊	tɕʰyon3	qyuon3	𥆊5	赣			1794		
𥆌	kuʔ7	guk6	jue2	赣			1591		
𥆖	teu1	deu1	dou1	赣			1658		
𥆗	kuon5	guon4	𥆗5	赣			1880		
𥆗	tɕʰyon2	qyuon2	𥆗5	赣			1325		
𥆙	mɔŋ5	mong4	mang2	赣			1037		
𥆛	ɕiuʔ7	xiuk6	xu4	赣			1754		
𥆝	so1	so1	suo1	赣			1114		
𥆧	lɨn5	len4	run2	赣			1856		
𥆧	lun5	lun4	run2	赣			1140		
𥇅	man3	man3	𥇅5	赣			1367		
𥇉	tɕʰiɔŋ3	qiong3	qiang3	赣			1077		
𥇔	tsʰɔŋ3	cong3	chang4	赣			1260		
𥇖	fɨi1	fei1	fei1	赣			1047		
𥇖	fɨi1	fei1	fei1	赣			1314		
𥇖	pen1	ben1	fei1	赣			1446		
𥇙	fet7	fet6	huo4	赣			1924		
𥇛	tɕy1	jyu1	ju1	赣			1287		
𥇜	tsun1	zun1	zhun1	赣			1892		
𥇜	tsun5	zun4	zhun1	赣			1960		
𥈃	seu3	seu3	𥈃5	赣			1070		
𥈄	tsʰɔŋ3	cong3	chuang4	赣			1053		
𥈆	mau6	mau5	mao4	赣			1359		
𥈆	ɕiuʔ7	xiuk6	mao4	赣			1604		
𥈈	ɕy1	xyu1	xu1	赣			1284		
𥈉	fon5	fon4	huan4	赣			1384		
𥈌	tsʰeu1	ceu1	𥈌5	赣			1820		
𥈌	tɕʰiu1	qiu1	𥈌5	赣			1920		
𥈔	ien3	yen3	𥈔5	赣			1993		
𥈔	ŋat7	ngat6	𥈔5	赣			1567		
𥈙	lat7	lat6	la4	赣			1820		
𥈜	ɕit7	xit6	xi4	赣			1567		
𥈸	ɕy1	xyu1	gui1	赣			1833		
𥈼	pʰon2	pon2	pan2	赣			1608		
𥈾	yot7	yuot6	jue4	赣			1196		
𥉁	tɕy5	jyu4	ju4	赣			1269		
𥉅	kiet7	giet6	ge2	赣			1015		
𥉈	tʰit7	tit6	ti4	赣			1814		
𥉋	tʰen2	ten2	teng2	赣			1441		
𥉍	tsʰɿ1	ci1	𥉍5	赣			1441		
𥉑	hɔʔ8	hok7	yu4	赣			1402		
𥉑	yt7	yut6	yu4	赣			1693		
𥉓	mi5	mi4	mie4	赣			1261		
𥉓	miet7	miet6	mie4	赣			1003		
𥉔	kien3	gien3	geng3	赣			1048		
𥉘	tʰi2	ti2	ti2	赣			1960		
𥉛	ien5	yen4	𥉛5	赣			1398		
𥉨	tsʰen1	cen1	𥉨5	赣			1793		
𥉨	tɕʰin1	qin1	𥉨5	赣			1482		
𥉴	mɛt7	met6	mi4	赣			1013		
𥉶	luʔ7	luk6	lu4	赣			1077		
𥉸	kʰien1	kien1	keng1	赣			1457		
𥉺	tiet7	diet6	die2	赣			1089		
𥉻	tɕʰi3	qi3	qi4	赣			1775		
𥉽	kʰɔŋ1	kong1	kang1	赣			1068		
𥊕	tʰɛt7	tet6	𥊕5	赣			1049		
𥊬	tset7	zet6	ji2	赣			1392		
𥊮	fet7	fet6	huo4	赣			1873		
𥊯	ɕiet8	xiet7	xie2	赣			1386		
𥊳	tsen3	zen3	𥊳5	赣			1964		
𥊴	sui5	sui4	sui4	赣			1003		
𥊸	tʰet7	tet6	te4	赣			1546		
𥊺	han2	han2	𥊺5	赣			1406		
𥊼	tsʰen6	cen5	zheng4	赣			1461		
𥊽	kun1	gun1	kun1	赣			1588		
𥋏	tset7	zet6	𥋏5	赣			1748		
𥋏	tɕit7	jit6	𥋏5	赣			1601		
𥋙	ŋot7	ngot6	e4	赣			1763		
𥋝	men3	men3	meng3	赣			1029		
𥋝	men5	men4	meng3	赣			1828		
𥋱	mɛt7	met6	𥋱5	赣			1856		
𥋿	het7	het6	he4	赣			1265		
𥌂	mien5	mien4	mian2	赣			1845		
𥌄	kʰut7	kut6	ku1	赣			1805		
𥌈	kan1	gan1	jian1	赣			1073		
𥌈	kan5	gan4	jian1	赣			1947		
𥌊	pʰan3	pan3	pan4	赣			1102		
𥌛	li5	li4	li2	赣			1762		
𥌨	miet7	miet6	xie1	赣			1182		
𥌭	ɕyon6	xyuon5	xuan4	赣			1631		
𥌮	lit7	lit6	li4	赣			1432		
𥌯	men5	men4	meng2	赣			1674		
𥌰	ui5	wui4	wei2	赣			1021		
𥌺	iɔʔ7	yok6	yao4	赣			1932		
𥍉	set7	set6	she4	赣			1618		
𥍔	lui5	lui4	lei2	赣			1433		
𥍟	fet7	fet6	xu4	赣			1874		
𥍟	ɕiuʔ7	xiuk6	xu4	赣			1635		
𥍠	ɕit7	xit6	𥍠5	赣			1312		
𥍫	lɔŋ5	long4	lang2	赣			1052		
𥍭	tsɿ5	zi4	zhi4	赣			1068		
𥍭	tɕi5	ji4	zhi4	赣			1932		
𥍯	tɕin1	jin1	qin1	赣			1500		
𥍯	tɕʰin1	qin1	qin1	赣			1875		
𥍰	tɕʰit7	qit6	𥍰5	赣			1937		
𥍷	tsʰɔŋ1	cong1	cong1	赣			1334		
𥍸	sa5	sa4	shi1	赣			1148		
𥍹	tɕien3	jien3	jian3	赣			1122		
𥎂	luŋ5	lung4	rong2	赣			1543		
𥎂	iuŋ5	yung4	rong2	赣			1973		
𥎆	kʰai3	kai3	kai4	赣			1361		
𥎊	tɕʰin2	qin2	qin2	赣			1471		
𥎌	fuŋ5	fung4	𥎌5	赣			1016		
𥎐	yt7	yut6	yu4	赣			1282		
𥎖	mi5	mi4	mi2	赣			1588		
𥎗	ɕy6	xyu5	xu4	赣			1082		
𥎝	tson5	zon4	𥎝5	赣			1009		
𥎞	tson5	zon4	𥎞5	赣			1258		
𥎦	heu2	heu2	𥎦5	赣			1589		
𥎰	fat7	fat6	fa3	赣			1948		
𥎱	pʰat8	pat7	ba2	赣			1843		
𥎹	tset7	zet6	zhi4	赣			1786		
𥎹	tɕit7	jit6	zhi4	赣			1811		
𥎻	tsɛu1	zeu1	𥎻5	赣			1494		
𥎻	tɕiu1	jiu1	𥎻5	赣			1453		
𥏙	kʰui3	kui3	kui4	赣			1729		
𥏠	pi1	bi1	bi1	赣			1266		
𥏪	kʰai3	kai3	kai3	赣			1242		
𥏬	tʰɔŋ2	tong2	𥏬5	赣			1979		
𥏳	sɿ6	si5	𥏳5	赣			1206		
𥏻	sɔŋ1	song1	𥏻5	赣			1218		
𥏻	tɕʰiɔŋ1	qiong1	𥏻5	赣			1702		
𥐁	pʰuʔ8	puk7	pu2	赣			1076		
𥐙	pʰat7	pat6	pa1	赣			1550		
𥐝	tit7	dit6	𥐝5	赣			1080		
𥐞	mɔŋ5	mong4	mang2	赣			1870		
𥐟	ȵi6	ni5	chai1	赣			1812		
𥐪	fen5	fen4	𥐪5	赣			1203		
𥑁	pien1	bien1	𥑁5	赣			1925		
𥑇	tʰiet8	tiet7	die2	赣			1689		
𥑋	kuai5	guai4	guai4	赣			1266		
𥑐	kat7	gat6	jia3	赣			1160		
𥑷	y5	yu4	𥑷5	赣			1726		
𥑻	ɕien1	xien1	xian1	赣			1866		
𥒰	fu3	fu3	fu3	赣			1857		
𥓋	ȵien5	nien4	𥓋5	赣			1425		
𥓍	tuʔ7	duk6	du2	赣			1362		
𥓎	lɛt7	let6	𥓎5	赣			1129		
𥓎	luʔ7	luk6	𥓎5	赣			1448		
𥓔	ui3	wui3	𥓔5	赣			1210		
𥓖	kau3	gau3	gao3	赣			1992		
𥓻	tsuŋ1	zung1	zong1	赣			1315		
𥔂	kien5	gien4	geng4	赣			1965		
𥔄	ȵiet7	niet6	nie4	赣			1333		
𥔢	y5	yu4	yu2	赣			1091		
𥔭	so3	so3	suo3	赣			1849		
𥕌	tɕʰien6	qien5	𥕌5	赣			1093		
𥕐	tit7	dit6	di2	赣			1726		
𥕗	fen1	fen1	hong1	赣			1869		
𥕲	tɕyot7	jyuot6	jue2	赣			1587		
𥕶	sɿ1	si1	si1	赣			1014		
𥕸	sui5	sui4	sui4	赣			1733		
𥕹	tɕʰyot7	qyuot6	que4	赣			1464		
𥖛	tsɔʔ7	zok6	𥖛5	赣			1427		
𥖝	lien5	lien4	lian2	赣			1583		
𥖪	lɛt7	let6	le4	赣			1861		
𥗀	lieu3	lieu3	liao3	赣			1408		
𥗁	tsɔʔ7	zok6	zhuo2	赣			1071		
𥗝	lɔŋ3	long3	rang3	赣			1842		
𥗥	mat7	mat6	𥗥5	赣			1204		
𥗫	tɕy1	jyu1	qu2	赣			1038		
𥗫	tɕʰy2	qyu2	qu2	赣			1116		
𥗭	tsʰat7	cat6	ca4	赣			1544		
𥗰	lau5	lau4	𥗰5	赣			1743		
𥗸	lau5	lau4	𥗸5	赣			1321		
𥘄	yt7	yut6	yu4	赣			1612		
𥘰	sɿ6	si5	𥘰5	赣			1429		
𥙮	ɕien3	xien3	𥙮5	赣			1879		
𥙯	fo6	fo5	𥙯5	赣			1524		
𥚁	fo6	fo5	𥚁5	赣			1082		
𥚊	liuʔ7	liuk6	lu4	赣			1349		
𥚋	ɕyt7	xyut6	𥚋5	赣			1933		
𥚩	ɕy3	xyu3	xu3	赣			1546		
𥛁	tɕʰyon3	qyuon3	𥛁5	赣			1448		
𥛅	liu6	liu5	liu4	赣			1183		
𥛘	pit7	bit6	bi4	赣			1827		
𥛝	fuŋ5	fung4	feng2	赣			1169		
𥛞	luʔ7	luk6	lu4	赣			1021		
𥛟	pʰɔʔ7	pok6	pu3	赣			1267		
𥛱	pen1	ben1	beng1	赣			1861		
𥛲	tɕieu5	jieu4	𥛲5	赣			1453		
𥛳	ɕy1	xyu1	𥛳5	赣			1853		
𥜃	it7	yit6	yi4	赣			1356		
𥜒	ien3	yen3	yan3	赣			1852		
𥝁	ɕiet7	xiet6	𥝁5	赣			1286		
𥝋	fɨi6	fei5	fei4	赣			1769		
𥝋	fɨi6	fei5	fei4	赣			1413		
𥝌	tɕi1	ji1	ji1	赣			1274		
𥝌	ŋai6	ngai5	ji1	赣			1883		
𥝖	het8	het7	he2	赣			1932		
𥝤	li6	li5	𥝤5	赣			1934		
𥝧	pʰa6	pa5	ba4	赣			1737		
𥝩	sui6	sui5	𥝩5	赣			1710		
𥞃	tsʰui3	cui3	chui4	赣			1903		
𥞦	tɕiet7	jiet6	𥞦5	赣			1808		
𥞴	kʰuʔ7	kuk6	ku4	赣			1540		
𥟁	iu3	yiu3	𥟁5	赣			1080		
𥟔	tset7	zet6	ze4	赣			1247		
𥟕	ɕien1	xien1	xian1	赣			1791		
𥟿	uo1	wo1	wo3	赣			1743		
𥟿	uo3	wo3	wo3	赣			1805		
𥠀	ɕin1	xin1	xing1	赣			1886		
𥠄	to3	do3	duan1	赣			1018		
𥠄	ton1	don1	duan1	赣			1681		
𥠈	tset7	zet6	zhi4	赣			1356		
𥠊	leu3	leu3	rou2	赣			1685		
𥠋	tɕit7	jit6	ji2	赣			1665		
𥠥	i5	yi4	𥠥5	赣			1710		
𥠴	tsʰɔŋ3	cong3	chang4	赣			1457		
𥠵	pʰu1	pu1	𥠵5	赣			1832		
𥠺	yn1	yun1	yun1	赣			1860		
𥡃	fɔŋ1	fong1	𥡃5	赣			1284		
𥡜	lo5	lo4	luo2	赣			1958		
𥡟	tsʰɔŋ1	cong1	chuang1	赣			1566		
𥡤	tɕieu5	jieu4	jiao4	赣			1362		
𥡧	tsa1	za1	zha1	赣			1882		
𥡪	it7	yit6	yi4	赣			1717		
𥡬	tsʰuŋ1	cung1	cong1	赣			1222		
𥢌	fan5	fan4	fan2	赣			1870		
𥢑	hau6	hau5	gao3	赣			1783		
𥢔	tsɔʔ7	zok6	zhuo2	赣			1700		
𥢵	lo5	lo4	𥢵5	赣			1521		
𥢸	kot7	got6	ge2	赣			1615		
𥢹	ɕiet8	xiet7	xie2	赣			1311		
𥣖	ȵi3	ni3	𥣖5	赣			1111		
𥣗	len5	len4	ning2	赣			1269		
𥣙	tsʰeu6	ceu5	zhou4	赣			1906		
𥣚	tsʰon2	con2	𥣚5	赣			1574		
𥣜	pʰuʔ7	puk6	𥣜5	赣			1002		
𥣪	tsʰon2	con2	𥣪5	赣			1733		
𥣫	miet7	miet6	mie4	赣			1949		
𥣬	lui6	lui5	lei4	赣			1072		
𥣭	li6	li5	𥣭5	赣			1678		
𥣰	pien1	bien1	bian3	赣			1522		
𥣰	pien3	bien3	bian3	赣			1878		
𥤇	tsʰen1	cen1	𥤇5	赣			1674		
𥤓	pien3	bien3	𥤓5	赣			1562		
𥤗	tɔŋ3	dong3	dang3	赣			1154		
𥤞	lɨn5	len4	ling2	赣			1090		
𥤼	sui5	sui4	sui4	赣			1093		
𥥈	uen5	wun4	hong2	赣			1861		
𥥈	fuŋ5	fung4	hong2	赣			1061		
𥥉	tɕʰiu6	qiu5	𥥉5	赣			1928		
𥥉	ɕiu6	xiu5	𥥉5	赣			1247		
𥥊	men3	men3	ming3	赣			1051		
𥥦	tʰan6	tan5	𥥦5	赣			1273		
𥥸	tsʰa2	ca2	cha2	赣			1364		
𥥻	tɕʰin3	qin3	𥥻5	赣			1454		
𥥿	sen1	sen1	shen1	赣			1593		
𥦒	ieu5	yeu4	𥦒5	赣			1543		
𥦛	kua3	gua3	𥦛5	赣			1418		
𥦜	pen5	ben4	beng4	赣			1822		
𥦠	y3	yu3	𥦠5	赣			1483		
𥧑	tʰien2	tien2	tian2	赣			1763		
𥧓	ma3	ma3	ma3	赣			1595		
𥧬	tɕʰien3	qien3	qian3	赣			1995		
𥧮	tset7	zet6	zhe2	赣			1283		
𥧲	tɕin5	jin4	jin4	赣			1394		
𥨍	fuʔ7	fuk6	fu4	赣			1909		
𥨍	fuʔ8	fuk7	fu4	赣			1147		
𥨒	tsʰui3	cui3	cui4	赣			1867		
𥨪	tɕʰiuŋ2	qiung2	qiong2	赣			1061		
𥨲	ɵ5	o4	𥨲5	赣			1649		
𥩁	tɕiuʔ7	jiuk6	𥩁5	赣			1598		
𥩟	tɕʰy6	qyu5	𥩟5	赣			1792		
𥩠	tsan1	zan1	𥩠5	赣			1994		
𥩡	yot7	yuot6	yue4	赣			1524		
𥩲	hai6	hai5	hai4	赣			1795		
𥩺	liet7	liet6	𥩺5	赣			1452		
𥪋	fuʔ8	fuk7	fu2	赣			1246		
𥪋	luʔ7	luk6	fu2	赣			1696		
𥪥	ɕy1	xyu1	𥪥5	赣			1941		
𥪰	tɕʰin6	qin5	𥪰5	赣			1537		
𥪺	ȵi5	ni4	𥪺5	赣			1480		
𥫃	ȵi5	ni4	yi2	赣			1898		
𥫃	ȵi6	ni5	yi2	赣			1969		
𥫱	tʰɨn6	ten5	dun4	赣			1267		
𥫱	tʰun6	tun5	dun4	赣			1898		
𥫵	tʰi3	ti3	ti4	赣			1357		
𥬀	yn5	yun4	yun2	赣			1132		
𥬇	ɕieu5	xieu4	𥬇5	赣			1472		
𥬎	mot7	mot6	mo4	赣			1916		
𥬔	tɕʰy1	qyu1	qu1	赣			1817		
𥬕	len3	len3	ran3	赣			1157		
𥬞	ȵiet7	niet6	nie4	赣			1345		
𥬠	tsʰeu1	ceu1	chou1	赣			1960		
𥬪	luŋ5	lung4	rong2	赣			1752		
𥬪	iuŋ5	yung4	rong2	赣			1536		
𥬬	ȵiet7	niet6	nie4	赣			1367		
𥬯	kʰau3	kau3	kao3	赣			1432		
𥬰	tsʰet7	cet6	ce4	赣			1508		
𥬲	tʰo6	to5	zhua1	赣			1152		
𥬸	tsa5	za4	𥬸5	赣			1612		
𥬸	tʰo6	to5	𥬸5	赣			1866		
𥭉	kʰuai3	kuai3	𥭉5	赣			1650		
𥭐	lɛt7	let6	lv4	赣			1331		
𥭑	tɕʰiu2	qiu2	qiu2	赣			1414		
𥭓	pʰɔʔ7	pok6	bao2	赣			1827		
𥭖	pɔʔ7	bok6	bo2	赣			1606		
𥭗	pʰuŋ2	pung2	𥭗5	赣			1339		
𥭘	tsʰɿ1	ci1	chi1	赣			1002		
𥭜	tɕʰi6	qi5	ji4	赣			1419		
𥭮	men5	men4	meng2	赣			1185		
𥮍	in5	yin4	yin2	赣			1217		
𥮏	tien3	dien3	dian3	赣			1176		
𥮒	tɕʰien2	qien2	qian2	赣			1261		
𥮓	tɕʰien2	qien2	𥮓5	赣			1886		
𥮚	san1	san1	𥮚5	赣			1536		
𥮚	san5	san4	𥮚5	赣			1657		
𥮾	tsan1	zan1	can3	赣			1703		
𥮾	tsan5	zan4	can3	赣			1171		
𥯕	tʰɔŋ3	tong3	dang4	赣			1970		
𥯕	tʰɔŋ6	tong5	dang4	赣			1091		
𥯖	tʰu6	tu5	du4	赣			1973		
𥯗	ɕyn3	xyun3	𥯗5	赣			1195		
𥯘	ia5	ya4	ye2	赣			1545		
𥯥	tsʰet7	cet6	che4	赣			1972		
𥯦	tsʰat8	cat7	jian4	赣			1801		
𥯨	sɿ1	si1	si1	赣			1580		
𥯩	tsɔʔ7	zok6	zhuo2	赣			1540		
𥯮	y5	yu4	yu2	赣			1428		
𥯶	kʰu3	ku3	ku3	赣			1785		
𥰛	feu5	feu4	fu2	赣			1052		
𥰝	ɕit7	xit6	xi1	赣			1828		
𥰠	li3	li3	lv2	赣			1404		
𥰢	sen5	sen4	shan4	赣			1101		
𥰣	liu5	liu4	liu2	赣			1887		
𥰨	tʰan2	tan2	tan2	赣			1791		
𥰭	tsa3	za3	cuo1	赣			1984		
𥰭	tsʰo2	co2	cuo1	赣			1826		
𥰮	ko3	go3	ge3	赣			1285		
𥰳	ɕien5	xien4	xian4	赣			1681		
𥰶	hat8	hat7	xia2	赣			1582		
𥰸	tɕien3	jien3	𥰸5	赣			1659		
𥰻	mu6	mu5	mu4	赣			1652		
𥱵	ɕit7	xit6	hui4	赣			1511		
𥱼	pʰai2	pai2	pai2	赣			1873		
𥲃	kieu5	gieu4	kou4	赣			1469		
𥲄	tʰan6	tan5	dan4	赣			1735		
𥲅	tsʰɛu2	ceu2	chou2	赣			1250		
𥲅	tɕʰiu2	qiu2	chou2	赣			1194		
𥲈	mon3	mon3	man3	赣			1860		
𥲊	lieu5	lieu4	liao2	赣			1833		
𥲖	kʰui1	kui1	𥲖5	赣			1781		
𥲩	tɕiuʔ7	jiuk6	𥲩5	赣			1354		
𥳇	fuʔ7	fuk6	fu4	赣			1778		
𥳉	tu1	du1	du1	赣			1222		
𥳊	fɨi5	fei4	𥳊5	赣			1142		
𥳊	fɨi5	fei4	𥳊5	赣			1107		
𥳎	kʰuŋ1	kung1	qiong2	赣			1559		
𥳎	tɕʰiuŋ2	qiung2	qiong2	赣			1775		
𥳐	tɕʰien3	qien3	qian3	赣			1612		
𥳑	kan3	gan3	𥳑5	赣			1575		
𥳒	kan3	gan3	jian3	赣			1828		
𥳔	tʰo6	to5	duo4	赣			1170		
𥳙	tsʰui2	cui2	𥳙5	赣			1176		
𥳚	len5	len4	ran2	赣			1896		
𥳞	lɨn6	len5	lin4	赣			1508		
𥳟	tɕien3	jien3	jian3	赣			1489		
𥳣	tsʰui6	cui5	zui4	赣			1574		
𥳧	sai1	sai1	𥳧5	赣			1615		
𥳭	tɕien5	jien4	𥳭5	赣			1773		
𥳺	suŋ3	sung3	song3	赣			1784		
𥴁	tsuʔ7	zuk6	𥴁5	赣			1769		
𥴡	li3	li3	li3	赣			1408		
𥴤	tɕʰien2	qien2	qian2	赣			1174		
𥴧	tɕy3	jyu3	ju3	赣			1907		
𥴧	tɕʰy2	qyu2	ju3	赣			1189		
𥴩	kiet7	giet6	ge2	赣			1779		
𥴫	tʰɨn2	ten2	tun2	赣			1582		
𥴫	tʰun2	tun2	tun2	赣			1921		
𥴬	pʰi6	pi5	bi4	赣			1679		
𥴭	kʰat7	kat6	qia4	赣			1820		
𥴮	pɔʔ7	bok6	bo2	赣			1696		
𥴮	pʰɔʔ7	pok6	bo2	赣			1255		
𥴲	men3	men3	𥴲5	赣			1658		
𥴴	kieu1	gieu1	gou1	赣			1943		
𥴶	tan3	dan3	𥴶5	赣			1629		
𥵣	ton1	don1	duan1	赣			1701		
𥵦	sau3	sau3	shao3	赣			1329		
𥵫	tsʰuŋ2	cung2	cong2	赣			1378		
𥶆	li5	li4	lv2	赣			1725		
𥶌	li6	li5	lv4	赣			1695		
𥶓	pi1	bi1	bei1	赣			1667		
𥶛	tʰi2	ti2	ti2	赣			1802		
𥶛	tʰi6	ti5	ti2	赣			1025		
𥶜	fu5	fu4	hu2	赣			1188		
𥶢	liet7	liet6	lie4	赣			1386		
𥶵	fɨi3	fei3	hui3	赣			1937		
𥶵	fɨi3	fei3	hui3	赣			1063		
𥶶	tɕʰiuʔ7	qiuk6	qu1	赣			1488		
𥶷	ɕyon3	xyuon3	xuan3	赣			1943		
𥶻	sui5	sui4	sui2	赣			1899		
𥶾	li6	li5	𥶾5	赣			1591		
𥷀	ien1	yen1	yan1	赣			1989		
𥷕	tʰiet8	tiet7	die2	赣			1910		
𥷛	tɕiuʔ7	jiuk6	𥷛5	赣			1803		
𥷤	tɕiuʔ7	jiuk6	𥷤5	赣			1380		
𥸀	mi5	mi4	𥸀5	赣			1461		
𥸘	uot7	wot6	yue4	赣			1436		
𥸡	kon3	gon3	gan3	赣			1226		
𥸢	tsan1	zan1	zan1	赣			1444		
𥸭	tɕyon5	jyuon4	𥸭5	赣			1178		
𥸴	miet7	miet6	mie4	赣			1886		
𥸸	liet7	liet6	lie4	赣			1186		
𥹃	fu1	fu1	𥹃5	赣			1265		
𥹄	mi5	mi4	mi2	赣			1715		
𥹆	mɨn5	men4	ming2	赣			1748		
𥹇	fan6	fan5	fan4	赣			1789		
𥹜	kau1	gau1	jiao1	赣			1096		
𥹭	liɔŋ5	liong4	𥹭5	赣			1396		
𥹵	tsʰuʔ7	cuk6	chu4	赣			1774		
𥹷	liu5	liu4	liu2	赣			1157		
𥺅	tʰau6	tau5	dao4	赣			1823		
𥺋	tʰieu3	tieu3	𥺋5	赣			1028		
𥺝	tsɛu1	zeu1	zhou1	赣			1726		
𥺝	tɕiu1	jiu1	zhou1	赣			1821		
𥻂	lan3	lan3	𥻂5	赣			1876		
𥻄	kʰai1	kai1	kai1	赣			1709		
𥻅	pʰet8	pet7	𥻅5	赣			1037		
𥻆	ɕiuʔ7	xiuk6	𥻆5	赣			1799		
𥻇	han6	han5	xian4	赣			1423		
𥻔	fɨn5	fen4	𥻔5	赣			1349		
𥻔	fun5	fun4	𥻔5	赣			1371		
𥻤	tsʰeu1	ceu1	chou1	赣			1980		
𥻧	tɕien1	jien1	xian2	赣			1490		
𥻨	set7	set6	se4	赣			1901		
𥻩	mien6	mien5	mian4	赣			1583		
𥼚	tsɔʔ7	zok6	zhuo1	赣			1673		
𥼡	tsʰu1	cu1	𥼡5	赣			1165		
𥼶	sɛt7	set6	shi4	赣			1568		
𥼶	ɕit7	xit6	shi4	赣			1382		
𥼺	tsʰui3	cui3	cui3	赣			1187		
𥽂	kʰui3	kui3	𥽂5	赣			1259		
𥽏	han6	han5	xian4	赣			1189		
𥽒	fɨn5	fen4	fen4	赣			1779		
𥽒	fun5	fun4	fen4	赣			1133		
𥽗	lit7	lit6	li4	赣			1475		
𥽘	mot7	mot6	mo4	赣			1515		
𥽬	ȵiɔŋ6	niong5	niang4	赣			1469		
𥽭	lan3	lan3	𥽭5	赣			1236		
𥽽	san3	san3	𥽽5	赣			1384		
𥽽	tsʰon3	con3	𥽽5	赣			1499		
𥾍	kon3	gon3	gan3	赣			1192		
𥾛	tsʰuʔ7	cuk6	cu4	赣			1243		
𥾝	miet7	miet6	mie4	赣			1647		
𥾣	tsɿ1	zi1	zhi1	赣			1751		
𥾩	sɿ6	si5	𥾩5	赣			1210		
𥿄	ti1	di1	di1	赣			1707		
𥿆	tsʰɿ2	ci2	ci2	赣			1558		
𥿇	su1	su1	shu1	赣			1798		
𥿇	tɕʰy3	qyu3	shu1	赣			1658		
𥿋	fan5	fan4	fan2	赣			1651		
𥿫	i6	yi5	mi2	赣			1619		
𥿬	ȵit7	nit6	𥿬5	赣			1047		
𥿮	sɛt7	set6	zhi4	赣			1317		
𥿮	ɕit7	xit6	zhi4	赣			1986		
𥿯	pʰai3	pai3	pai4	赣			1329		
𥿳	ɕi5	xi4	𥿳5	赣			1451		
𥿼	fɔŋ1	fong1	𥿼5	赣			1608		
𦀉	to3	do3	𦀉5	赣			1209		
𦀒	ɕy1	xyu1	𦀒5	赣			1508		
𦀒	ɕy3	xyu3	𦀒5	赣			1509		
𦀘	pi1	bi1	pi1	赣			1545		
𦀘	pʰi1	pi1	pi1	赣			1803		
𦀚	tʰɛn1	ten1	𦀚5	赣			1977		
𦁆	tsʰon6	con5	zhuan4	赣			1193		
𦁇	ȵien6	nien5	nian4	赣			1194		
𦁍	ɕin1	xin1	xin1	赣			1793		
𦁎	tsʰɔʔ7	cok6	zuo2	赣			1983		
𦁎	tsʰɔʔ8	cok7	zuo2	赣			1038		
𦁐	tɕʰyot7	qyuot6	jue2	赣			1512		
𦁐	tɕyt7	jyut6	jue2	赣			1895		
𦁕	fɨt7	fet6	hu1	赣			1060		
𦁕	fuʔ7	fuk6	hu1	赣			1605		
𦁙	yon3	yuon3	yan3	赣			1869		
𦁤	ȵien6	nien5	𦁤5	赣			1488		
𦂀	tʰat8	tat7	da2	赣			1219		
𦂁	sui6	sui5	𦂁5	赣			1898		
𦂄	kʰai1	kai1	kai1	赣			1419		
𦂇	tɕien3	jien3	jian3	赣			1885		
𦂌	pɔŋ3	bong3	beng3	赣			1150		
𦂌	puŋ3	bung3	beng3	赣			1112		
𦂔	uan6	wan5	wan4	赣			1100		
𦂗	sɔʔ7	sok6	shuo4	赣			1374		
𦃇	li5	li4	li2	赣			1189		
𦃈	tɕʰiu1	qiu1	𦃈5	赣			1760		
𦃊	lit7	lit6	li4	赣			1536		
𦃌	ɕien1	xien1	𦃌5	赣			1403		
𦃓	liu5	liu4	liu2	赣			1328		
𦃕	fɨn3	fen3	hun3	赣			1940		
𦃕	fun3	fun3	hun3	赣			1516		
𦃖	tʰan3	tan3	tan3	赣			1143		
𦃘	tsʰɿ6	ci5	zhi4	赣			1321		
𦃟	ɕi6	xi5	𦃟5	赣			1122		
𦄍	sɔŋ3	song3	shuang3	赣			1752		
𦄐	tɕʰyn3	qyun3	kun3	赣			1625		
𦄑	sui5	sui4	sui4	赣			1655		
𦄒	pien3	bien3	𦄒5	赣			1113		
𦄼	ɕy3	xyu3	xu1	赣			1660		
𦄽	tɕʰy2	qyu2	qu2	赣			1381		
𦅀	ɕin5	xin4	xun2	赣			1610		
𦅶	lat7	lat6	la4	赣			1551		
𦅽	tɕiuʔ7	jiuk6	ju2	赣			1814		
𦆀	tsʰen3	cen3	chan3	赣			1380		
𦆀	ɕien6	xien5	chan3	赣			1252		
𦆄	set7	set6	se4	赣			1707		
𦆈	tson3	zon3	zuan3	赣			1368		
𦆞	u6	wu5	wu4	赣			1848		
𦆠	kʰui6	kui5	𦆠5	赣			1892		
𦇎	tsʰuŋ1	cung1	cong1	赣			1182		
𦇏	ɕyon6	xyuon5	𦇏5	赣			1741		
𦇕	san5	san4	𦇕5	赣			1466		
𦇖	pʰin2	pin2	pin2	赣			1551		
𦇧	tɕi5	ji4	ji4	赣			1256		
𦇲	sɿ1	si1	si1	赣			1487		
𦈉	kun3	gun3	yun4	赣			1201		
𦈌	su1	su1	shu1	赣			1292		
𦈎	tʰan2	tan2	chan3	赣			1657		
𦈎	tsʰen3	cen3	chan3	赣			1535		
𦈐	lien5	lien4	lian2	赣			1634		
𦈓	ui1	wui1	wei1	赣			1743		
𦈔	kut7	gut6	gu3	赣			1627		
𦈕	ɕy1	xyu1	tou2	赣			1458		
𦈕	tʰeu2	teu2	tou2	赣			1093		
𦈚	tsuʔ7	zuk6	cu4	赣			1427		
𦈚	tɕiuʔ7	jiuk6	cu4	赣			1058		
𦈛	tsot7	zot6	zuo3	赣			1907		
𦈜	tɕʰiet8	qiet7	jie2	赣			1146		
𦈜	tɕit7	jit6	jie2	赣			1674		
𦈝	ɕyon5	xyuon4	xuan4	赣			1490		
𦈞	pʰet8	pet7	bo2	赣			1866		
𦈠	in3	yin3	yin3	赣			1560		
𦈡	ɕy1	xyu1	xu1	赣			1633		
𦈡	ɵ5	o4	xu1	赣			1846		
𦈸	yt7	yut6	yu4	赣			1931		
𦈼	tsʰui2	cui2	𦈼5	赣			1780		
𦉕	sen6	sen5	𦉕5	赣			1276		
𦉢	lɨn5	len4	ling2	赣			1365		
𦉥	uŋ5	wung4	𦉥5	赣			1504		
𦉬	tʰin1	tin1	ting1	赣			1111		
𦉬	tʰin3	tin3	ting1	赣			1686		
𦉹	tit7	dit6	di2	赣			1665		
𦊁	pʰi2	pi2	pi2	赣			1617		
𦊂	fu6	fu5	hu4	赣			1915		
𦊐	tɕʰy6	qyu5	ju4	赣			1043		
𦊑	liu3	liu3	liu3	赣			1511		
𦊒	kieu3	gieu3	𦊒5	赣			1009		
𦊓	lin3	lin3	ling3	赣			1221		
𦊔	lan3	lan3	𦊔5	赣			1844		
𦊼	li6	li5	lv4	赣			1593		
𦋅	fɨi5	fei4	xie2	赣			1651		
𦋅	fɨi5	fei4	xie2	赣			1787		
𦋞	sɔʔ7	sok6	shuo4	赣			1897		
𦋰	tɕien1	jien1	jian1	赣			1896		
𦌒	lieu6	lieu5	liao4	赣			1631		
𦌔	ɕyon3	xyuon3	xuan3	赣			1899		
𦌕	lu6	lu5	lu4	赣			1068		
𦌟	luʔ7	luk6	lu4	赣			1582		
𦌠	pʰet8	pet7	𦌠5	赣			1980		
𦌡	men3	men3	min3	赣			1047		
𦌫	lan3	lan3	𦌫5	赣			1795		
𦌬	u3	wu3	wu3	赣			1468		
𦌬	u5	wu4	wu3	赣			1335		
𦌵	lui5	lui4	𦌵5	赣			1624		
𦌻	ɕyon3	xyuon3	𦌻5	赣			1886		
𦌾	tɕyon5	jyuon4	𦌾5	赣			1341		
𦌿	su1	su1	shi1	赣			1209		
𦍀	lan6	lan5	nan4	赣			1233		
𦍒	tʰat7	tat6	ta4	赣			1266		
𦍙	ɕiɔŋ5	xiong4	𦍙5	赣			1769		
𦍠	lɛt7	let6	𦍠5	赣			1952		
𦍧	tsʰɿ1	ci1	ci1	赣			1108		
𦍩	ku3	gu3	gu3	赣			1801		
𦍶	iu3	yiu3	𦍶5	赣			1549		
𦍹	iɔŋ5	yong4	yang2	赣			1386		
𦍻	tʰuŋ2	tung2	𦍻5	赣			1718		
𦎣	ŋan1	ngan1	yan1	赣			1550		
𦎦	u6	wu5	wu4	赣			1271		
𦎧	sun5	sun4	chun2	赣			1737		
𦎷	tɕin5	jin4	jin4	赣			1933		
𦎸	tsʰɿ6	ci5	zi4	赣			1086		
𦎸	tɕi5	ji4	zi4	赣			1225		
𦎹	leu5	leu4	lou2	赣			1218		
𦏆	tʰuŋ2	tung2	tong2	赣			1201		
𦏇	iu3	yiu3	you3	赣			1192		
𦏊	fon5	fon4	𦏊5	赣			1302		
𦏖	fan5	fan4	𦏖5	赣			1298		
𦏰	lɨn5	len4	𦏰5	赣			1551		
𦏴	y5	yu4	𦏴5	赣			1937		
𦏵	it7	yit6	𦏵5	赣			1937		
𦏺	fuŋ5	fung4	hong2	赣			1665		
𦐃	lan3	lan3	𦐃5	赣			1971		
𦐄	hɔŋ2	hong2	hang2	赣			1245		
𦐇	tʰat7	tat6	ta4	赣			1619		
𦐈	fɨn1	fen1	fen1	赣			1307		
𦐈	fun1	fun1	fen1	赣			1728		
𦐉	tsʰɿ1	ci1	chi1	赣			1441		
𦐊	sɿ5	si4	𦐊5	赣			1883		
𦐛	tɕy3	jyu3	qu2	赣			1718		
𦐦	pʰɔʔ7	pok6	po4	赣			1201		
𦐧	ȵi6	ni5	𦐧5	赣			1733		
𦐹	sen1	sen1	shen1	赣			1269		
𦐺	ɕieu1	xieu1	xiao1	赣			1436		
𦑇	tʰat7	tat6	ta4	赣			1545		
𦑌	fet7	fet6	huo4	赣			1600		
𦑍	ɕyt7	xyut6	xu4	赣			1224		
𦑎	ien5	yen4	yan4	赣			1169		
𦑜	kiet7	giet6	ge2	赣			1419		
𦑟	fen1	fen1	hong1	赣			1115		
𦑡	sɿ5	si4	chi2	赣			1802		
𦑲	tʰat8	tat7	ta4	赣			1559		
𦑹	fu5	fu4	fu2	赣			1122		
𦒆	lat7	lat6	la1	赣			1813		
𦒎	i6	yi5	hui4	赣			1475		
𦒎	fɨi6	fei5	hui4	赣			1868		
𦒎	fɨi6	fei5	hui4	赣			1606		
𦒓	tɕʰieu2	qieu2	𦒓5	赣			1030		
𦒔	yt7	yut6	𦒔5	赣			1321		
𦒜	ɕien1	xien1	xian1	赣			1667		
𦒦	lat7	lat6	la4	赣			1748		
𦒧	fet7	fet6	huo4	赣			1449		
𦒸	ɕy6	xyu5	𦒸5	赣			1435		
𦒻	tien3	dien3	dian3	赣			1303		
𦒻	tien5	dien4	dian3	赣			1140		
𦓒	ɵ5	o4	𦓒5	赣			1625		
𦓝	tsui3	zui3	zhuan3	赣			1204		
𦓝	tson3	zon3	zhuan3	赣			1751		
𦓤	lot7	lot6	lie4	赣			1336		
𦓨	sɿ6	si5	𦓨5	赣			1162		
𦓯	kui1	gui1	gui1	赣			1542		
𦓴	sau3	sau3	shao4	赣			1918		
𦓴	sau5	sau4	shao4	赣			1839		
𦓷	yn5	yun4	𦓷5	赣			1144		
𦓾	len3	len3	lun3	赣			1968		
𦓾	lun3	lun3	lun3	赣			1900		
𦔅	tʰet8	tet7	tu2	赣			1510		
𦔅	tʰut8	tut7	tu2	赣			1798		
𦔎	tsʰet7	cet6	ce4	赣			1644		
𦔐	yn5	yun4	𦔐5	赣			1913		
𦔔	mon5	mon4	man2	赣			1334		
𦔔	mon6	mon5	man2	赣			1967		
𦔜	it7	yit6	yi4	赣			1601		
𦔥	it7	yit6	yi4	赣			1544		
𦔩	pieu1	bieu1	biao1	赣			1402		
𦔫	tsʰət7	cet6	chi4	赣			1715		
𦔫	tɕʰit7	qit6	chi4	赣			1298		
𦔯	sa5	sa4	sha4	赣			1649		
𦔷	ieu1	yeu1	yao1	赣			1550		
𦔼	ɕiet7	xiet6	xie4	赣			1813		
𦔾	fu5	fu4	𦔾5	赣			1217		
𦕀	tɕʰi3	qi3	𦕀5	赣			1095		
𦕑	tsɛn3	zen3	𦕑5	赣			1903		
𦕑	tɕin3	jin3	𦕑5	赣			1200		
𦕒	tien1	dien1	dian1	赣			1358		
𦖉	uɔŋ3	wong3	wang3	赣			1386		
𦖊	tɕʰi1	qi1	qi1	赣			1424		
𦖍	fa6	fa5	hua4	赣			1218		
𦖢	ɵ6	o5	er4	赣			1499		
𦖥	uai6	wai5	𦖥5	赣			1830		
𦖩	liet7	liet6	lie4	赣			1796		
𦖪	seu3	seu3	𦖪5	赣			1963		
𦖫	uen5	wun4	𦖫5	赣			1144		
𦗂	ȵiuʔ7	niuk6	𦗂5	赣			1581		
𦗐	ŋai6	ngai5	ai4	赣			1147		
𦗔	tsau1	zau1	zhao1	赣			1270		
𦗕	mi3	mi3	mi2	赣			1514		
𦗕	mi5	mi4	mi2	赣			1828		
𦗖	lau5	lau4	liao2	赣			1375		
𦗖	lieu5	lieu4	liao2	赣			1119		
𦗡	tʰan2	tan2	tan2	赣			1918		
𦗢	tsen3	zen3	zhan3	赣			1177		
𦗣	fɨt8	fet7	hu2	赣			1096		
𦗣	fuʔ8	fuk7	hu2	赣			1606		
𦗳	lɔŋ5	long4	nang2	赣			1357		
𦗾	kuɔʔ7	guok6	𦗾5	赣			1181		
𦘅	kuɔʔ7	guok6	𦘅5	赣			1490		
𦘍	uat7	wat6	wai4	赣			1877		
𦘔	tɕin1	jin1	jin1	赣			1658		
𦘭	tɛn5	den4	𦘭5	赣			1440		
𦘴	tu1	du1	du1	赣			1452		
𦘴	tu5	du4	du1	赣			1597		
𦘹	ȵyot7	nyuot6	shan4	赣			1274		
𦙍	in6	yin5	𦙍5	赣			1993		
𦙫	tsɨn1	zen1	zheng1	赣			1978		
𦙫	tɕin1	jin1	zheng1	赣			1759		
𦙮	tɕyt7	jyut6	ju2	赣			1415		
𦙱	san1	san1	san1	赣			1790		
𦙶	ku3	gu3	gu3	赣			1749		
𦙺	ka5	ga4	jia4	赣			1848		
𦙼	tsʰɿ1	ci1	𦙼5	赣			1509		
𦙽	san1	san1	𦙽5	赣			1489		
𦚈	tʰɔʔ7	tok6	tuo4	赣			1508		
𦚟	i5	yi4	yi2	赣			1699		
𦚢	ye1	yue1	yue1	赣			1198		
𦚤	y5	yu4	𦚤5	赣			1892		
𦚦	tsɨn1	zen1	zheng1	赣			1934		
𦚦	tɕin1	jin1	zheng1	赣			1406		
𦚧	tsʰun3	cun3	chun3	赣			1977		
𦚨	sɿ6	si5	shi4	赣			1343		
𦚨	ɕi6	xi5	shi4	赣			1990		
𦚻	san1	san1	𦚻5	赣			1809		
𦛔	ɕyon6	xyuon5	xuan4	赣			1224		
𦛔	yon5	yuon4	xuan4	赣			1792		
𦛖	tsʰet7	cet6	che4	赣			1983		
𦛝	tsʰa2	ca2	cha2	赣			1949		
𦛠	ȵiet7	niet6	nie4	赣			1927		
𦜉	pʰi2	pi2	𦜉5	赣			1370		
𦜌	tɕin3	jin3	𦜌5	赣			1155		
𦜒	fan3	fan3	fan3	赣			1339		
𦜓	ɕin5	xin4	xin4	赣			1967		
𦜖	ŋa5	nga4	ya4	赣			1991		
𦜗	tsɿ5	zi4	𦜗5	赣			1785		
𦜗	tɕi5	ji4	𦜗5	赣			1460		
𦜵	tɕʰiu2	qiu2	𦜵5	赣			1704		
𦜵	ɕiu1	xiu1	𦜵5	赣			1167		
𦝚	in5	yin4	ying2	赣			1196		
𦝜	ɕi6	xi5	𦝜5	赣			1248		
𦝠	lo3	lo3	𦝠5	赣			1555		
𦝢	kʰui2	kui2	kui2	赣			1649		
𦝨	kai1	gai1	jie1	赣			1853		
𦝨	kʰai3	kai3	jie1	赣			1474		
𦝭	lui6	lui5	𦝭5	赣			1324		
𦝮	uen3	wun3	wen3	赣			1308		
𦝲	ŋai5	ngai4	𦝲5	赣			1125		
𦝼	li5	li4	lv2	赣			1397		
𦝼	leu5	leu4	lv2	赣			1482		
𦞙	tui3	dui3	hui3	赣			1657		
𦞚	ɕiet7	xiet6	xie4	赣			1300		
𦞜	ɕit7	xit6	𦞜5	赣			1061		
𦞠	tʰɨn2	ten2	𦞠5	赣			1305		
𦞠	tʰun2	tun2	𦞠5	赣			1642		
𦞤	sɿ5	si4	xin4	赣			1386		
𦞦	hɔʔ7	hok6	huo4	赣			1989		
𦞦	fuʔ7	fuk6	huo4	赣			1950		
𦞩	in6	yin5	𦞩5	赣			1347		
𦞿	uon5	won4	𦞿5	赣			1700		
𦟘	in5	yin4	yin2	赣			1283		
𦟛	tsʰuŋ1	cung1	chong1	赣			1655		
𦟜	tset7	zet6	ze2	赣			1286		
𦟞	ɕieu1	xieu1	xiao1	赣			1714		
𦟟	mo5	mo4	mo2	赣			1996		
𦟠	tɕiuʔ7	jiuk6	cu4	赣			1160		
𦠁	tɕʰiuʔ7	qiuk6	cu4	赣			1523		
𦠄	tɕʰi2	qi2	ji1	赣			1225		
𦠆	tsʰon6	con5	sun3	赣			1144		
𦠆	sun3	sun3	sun3	赣			1681		
𦠌	ɵ5	o4	𦠌5	赣			1913		
𦠎	pieu1	bieu1	biao1	赣			1271		
𦠎	pʰieu1	pieu1	biao1	赣			1870		
𦠓	lit7	lit6	li4	赣			1160		
𦠡	ɕit7	xit6	𦠡5	赣			1998		
𦡁	tɔŋ1	dong1	𦡁5	赣			1827		
𦡴	tsʰɛu2	ceu2	chou2	赣			1772		
𦡸	ȵi6	ni5	𦡸5	赣			1608		
𦡺	in3	yin3	ying3	赣			1528		
𦢊	pʰɔʔ7	pok6	bao2	赣			1974		
𦢏	lui3	lui3	lei3	赣			1166		
𦢨	tɕʰien2	qien2	𦢨5	赣			1125		
𦢸	pʰɔʔ7	pok6	𦢸5	赣			1951		
𦣀	lɛt7	let6	na4	赣			1587		
𦣆	mo5	mo4	𦣆5	赣			1388		
𦣍	hen2	hen2	geng1	赣			1190		
𦣛	lo5	lo4	luo2	赣			1118		
𦣝	i5	yi4	𦣝5	赣			1574		
𦣴	fan5	fan4	huan2	赣			1717		
𦣻	seu3	seu3	shou3	赣			1828		
𦣻	ɕiu3	xiu3	shou3	赣			1081		
𦤂	ɕy5	xyu4	shu1	赣			1013		
𦤘	iuŋ5	yung4	yong1	赣			1543		
𦤙	uat7	wat6	wa4	赣			1213		
𦤡	iet7	yet6	𦤡5	赣			1518		
𦤢	pʰi3	pi3	pi4	赣			1197		
𦤦	hai3	hai3	hai4	赣			1285		
𦤦	hot7	hot6	hai4	赣			1078		
𦤧	tsʰai6	cai5	zhai4	赣			1880		
𦤬	hai3	hai3	hai4	赣			1917		
𦤻	tset7	zet6	zhi4	赣			1311		
𦤻	tɕit7	jit6	zhi4	赣			1413		
𦤼	uʔ7	wuk6	𦤼5	赣			1705		
𦥊	tsʰɿ3	ci3	chi4	赣			1517		
𦥐	tsʰɿ6	ci5	zhi4	赣			1799		
𦥑	tɕiuʔ7	jiuk6	ju2	赣			1089		
𦥘	pien3	bien3	𦥘5	赣			1037		
𦥝	ieu3	yeu3	yao3	赣			1335		
𦥝	iu5	yiu4	yao3	赣			1335		
𦥨	ieu3	yeu3	𦥨5	赣			1682		
𦥭	pʰɔʔ7	pok6	po4	赣			1066		
𦥻	tsui5	zui4	zhui4	赣			1466		
𦦇	tsui5	zui4	𦦇5	赣			1951		
𦦔	fɨi6	fei5	𦦔5	赣			1230		
𦦔	fɨi6	fei5	𦦔5	赣			1837		
𦦖	tsuʔ7	zuk6	𦦖5	赣			1730		
𦦣	tsʰui3	cui3	cui4	赣			1326		
𦧇	sɿ6	si5	𦧇5	赣			1544		
𦧈	tɕʰin6	qin5	jin4	赣			1940		
𦧝	tʰien1	tien1	tian1	赣			1067		
𦧟	tʰat7	tat6	ta4	赣			1441		
𦧠	fat8	fat7	hua2	赣			1790		
𦧭	tʰat7	tat6	𦧭5	赣			1857		
𦧴	tʰan1	tan1	tan1	赣			1100		
𦧴	tʰien2	tien2	tan1	赣			1520		
𦨇	ȵit7	nit6	yi4	赣			1799		
𦨈	fuʔ8	fuk7	fu2	赣			1961		
𦨉	ut7	wut6	wu4	赣			1320		
𦨖	tsʰau3	cau3	chao4	赣			1428		
𦨢	ti5	di4	di4	赣			1840		
𦨣	tieu1	dieu1	diao1	赣			1478		
𦨩	luŋ5	lung4	long2	赣			1330		
𦨰	tɕʰiuŋ2	qiung2	qiong2	赣			1941		
𦨲	fan5	fan4	fan2	赣			1435		
𦨳	u5	wu4	wu2	赣			1912		
𦨴	tʰuŋ2	tung2	tong2	赣			1164		
𦨼	u5	wu4	𦨼5	赣			1524		
𦨽	tɕʰin6	qin5	𦨽5	赣			1272		
𦩋	pʰai6	pai5	bai4	赣			1729		
𦩌	ɕiet7	xiet6	xie4	赣			1573		
𦩎	tsʰen6	cen5	𦩎5	赣			1104		
𦩎	tɕʰin6	qin5	𦩎5	赣			1477		
𦩗	tsʰen6	cen5	𦩗5	赣			1751		
𦩗	tɕʰin6	qin5	𦩗5	赣			1780		
𦩝	ui6	wui5	wei4	赣			1080		
𦩣	tɕʰi3	qi3	qi4	赣			1830		
𦩤	tʰet8	tet7	tu1	赣			1459		
𦩤	tʰut8	tut7	tu1	赣			1716		
𦩨	tɕin1	jin1	𦩨5	赣			1925		
𦩻	tseu1	zeu1	𦩻5	赣			1706		
𦪆	tɕʰi2	qi2	𦪆5	赣			1913		
𦪇	luʔ7	luk6	lu4	赣			1292		
𦪈	ŋau5	ngau4	ao2	赣			1046		
𦪉	tɕin1	jin1	𦪉5	赣			1140		
𦪑	pot7	bot6	fa2	赣			1810		
𦪚	tsʰun6	cun5	zun4	赣			1885		
𦪬	ɕiet7	xiet6	xie1	赣			1023		
𦫈	li3	li3	li3	赣			1167		
𦫊	lɨn5	len4	ling2	赣			1447		
𦫔	pʰot7	pot6	po1	赣			1126		
𦫕	mot7	mot6	mo4	赣			1301		
𦫙	pʰa6	pa5	ba4	赣			1523		
𦫬	ɕi1	xi1	𦫬5	赣			1436		
𦫰	muŋ5	mung4	meng2	赣			1478		
𦫳	kuai3	guai3	guai3	赣			1550		
𦫵	sɨn1	sen1	𦫵5	赣			1059		
𦫵	ɕin1	xin1	𦫵5	赣			1623		
𦫶	pʰau1	pau1	jiao1	赣			1759		
𦫶	tɕiu1	jiu1	jiao1	赣			1075		
𦬁	tsʰai2	cai2	cai2	赣			1186		
𦬂	ut7	wut6	wu4	赣			1107		
𦬔	tsau3	zau3	zhao3	赣			1942		
𦬕	tsuŋ1	zung1	zhong1	赣			1031		
𦬕	tsʰuŋ2	cung2	zhong1	赣			1707		
𦬖	tɕʰiu2	qiu2	qiu2	赣			1253		
𦬘	tsuŋ1	zung1	gong1	赣			1596		
𦬚	fu6	fu5	hu4	赣			1751		
𦬸	tsʰuʔ8	cuk7	zhu2	赣			1863		
𦬹	tat7	dat6	da2	赣			1717		
𦬺	ɕiuŋ3	xiung3	xiong4	赣			1888		
𦭭	tɕʰiuŋ2	qiung2	qiong2	赣			1303		
𦭮	tsʰɿ6	ci5	zhi4	赣			1290		
𦭮	tɕʰi6	qi5	zhi4	赣			1408		
𦭲	tɕʰi2	qi2	qi2	赣			1469		
𦭵	iɔŋ5	yong4	yang2	赣			1614		
𦭶	ɕien3	xien3	xian3	赣			1498		
𦭷	meu5	meu4	mou2	赣			1405		
𦭺	tɕiu1	jiu1	jiu1	赣			1531		
𦭼	pʰieu6	pieu5	piao3	赣			1661		
𦭿	ia5	ya4	𦭿5	赣			1433		
𦮃	kuai1	guai1	guai1	赣			1264		
𦮌	tɕyon1	jyuon1	𦮌5	赣			1393		
𦮶	uen3	wun3	wen3	赣			1003		
𦮸	i3	yi3	yi3	赣			1107		
𦮹	feu5	feu4	fu2	赣			1451		
𦮺	sɿ1	si1	si1	赣			1272		
𦮻	tɕyon1	jyuon1	juan1	赣			1610		
𦮾	lit7	lit6	ni4	赣			1225		
𦮾	ȵit7	nit6	ni4	赣			1109		
𦯈	tɕʰin3	qin3	qin3	赣			1479		
𦯉	pet7	bet6	bo2	赣			1844		
𦯊	tɕyot7	jyuot6	𦯊5	赣			1504		
𦯍	tset7	zet6	zhe4	赣			1079		
𦯏	ŋɔʔ7	ngok6	wo4	赣			1732		
𦯐	seu5	seu4	shao2	赣			1048		
𦯑	tsʰau6	cau5	zao4	赣			1657		
𦯔	tʰi2	ti2	𦯔5	赣			1336		
𦯖	ȵiet7	niet6	nie4	赣			1235		
𦯪	ɕieu6	xieu5	xiao4	赣			1910		
𦰏	tʰieu1	tieu1	diao4	赣			1953		
𦰫	ȵi3	ni3	ni3	赣			1805		
𦰬	pʰet8	pet7	bo2	赣			1660		
𦰳	ia5	ya4	ye2	赣			1915		
𦰺	fu6	fu5	fu4	赣			1962		
𦰾	hɔʔ7	hok6	xue4	赣			1352		
𦰿	to1	do1	𦰿5	赣			1711		
𦱀	yt7	yut6	yu4	赣			1562		
𦱁	ɕien5	xien4	xian2	赣			1915		
𦱂	yt7	yut6	yu4	赣			1606		
𦱃	y5	yu4	yu2	赣			1953		
𦱅	tɕy1	jyu1	ju1	赣			1143		
𦱇	kʰuŋ1	kung1	kong1	赣			1437		
𦱊	tsʰen2	cen2	zheng1	赣			1835		
𦱏	uan6	wan5	𦱏5	赣			1612		
𦱒	muʔ7	muk6	mu4	赣			1381		
𦱔	pi1	bi1	bi4	赣			1742		
𦱙	ȵiu3	niu3	𦱙5	赣			1811		
𦱛	men5	men4	𦱛5	赣			1581		
𦱧	ɕyt7	xyut6	𦱧5	赣			1876		
𦲯	uan6	wan5	wan4	赣			1118		
𦳅	y3	yu3	yu3	赣			1833		
𦳇	tʰien2	tien2	tian2	赣			1245		
𦳈	pʰi2	pi2	pi2	赣			1771		
𦳊	sɿ3	si3	shi3	赣			1686		
𦳋	kuai5	guai4	kuai3	赣			1316		
𦳌	tɕit7	jit6	ji1	赣			1146		
𦳏	tsa1	za1	zha1	赣			1726		
𦳖	kuen3	gun3	𦳖5	赣			1732		
𦳖	tɕiɔŋ3	jiong3	𦳖5	赣			1715		
𦳚	sɿ5	si4	chi2	赣			1723		
𦳝	tʰɔŋ1	tong1	tang1	赣			1551		
𦳝	tsʰɔŋ1	cong1	tang1	赣			1331		
𦳢	ui6	wui5	wei4	赣			1432		
𦳤	pʰieu6	pieu5	𦳤5	赣			1176		
𦳥	mieu3	mieu3	miao3	赣			1706		
𦳦	tsai1	zai1	zai1	赣			1880		
𦳩	iu6	yiu5	you4	赣			1138		
𦳬	hot8	hot7	he2	赣			1107		
𦳭	li3	li3	lv3	赣			1369		
𦳮	tset7	zet6	zhi2	赣			1944		
𦳮	tɕit7	jit6	zhi2	赣			1047		
𦳯	yt7	yut6	𦳯5	赣			1445		
𦳲	tɕʰin2	qin2	jing4	赣			1978		
𦳷	iu5	yiu4	you2	赣			1235		
𦵐	ȵiet7	niet6	nie4	赣			1249		
𦵡	kʰuŋ1	kung1	xiong1	赣			1419		
𦵧	lɔŋ5	long4	lang2	赣			1931		
𦵩	tsau1	zau1	zao1	赣			1517		
𦵩	tɕʰiu2	qiu2	zao1	赣			1410		
𦵫	sɔʔ7	sok6	suo3	赣			1123		
𦵯	hat8	hat7	xia2	赣			1247		
𦵱	ɕiet7	xiet6	xie4	赣			1938		
𦵵	iu5	yiu4	you2	赣			1787		
𦵸	kien3	gien3	geng3	赣			1064		
𦵹	tʰan3	tan3	𦵹5	赣			1094		
𦶀	u1	wu1	wu1	赣			1302		
𦶁	fɨn5	fen4	𦶁5	赣			1927		
𦶁	fun5	fun4	𦶁5	赣			1264		
𦶂	it7	yit6	yi4	赣			1169		
𦶋	sen5	sen4	shan4	赣			1776		
𦶌	tieu1	dieu1	diao1	赣			1286		
𦶍	tɕʰit7	qit6	ji2	赣			1571		
𦶍	tɕʰit8	qit7	ji2	赣			1677		
𦶎	fai1	fai1	hua1	赣			1560		
𦶏	tʰui6	tui5	dui4	赣			1174		
𦶐	kʰuŋ3	kung3	kong3	赣			1973		
𦶑	tʰat7	tat6	ta4	赣			1358		
𦶗	tɕiuʔ7	jiuk6	𦶗5	赣			1716		
𦶟	lot7	lot6	𦶟5	赣			1680		
𦶩	it7	yit6	𦶩5	赣			1973		
𦷛	to1	do1	𦷛5	赣			1533		
𦸁	tʰan1	tan1	tan1	赣			1559		
𦸂	sɨn1	sen1	shen1	赣			1285		
𦸂	ɕin1	xin1	shen1	赣			2000		
𦸈	kuɔʔ7	guok6	guo2	赣			1399		
𦸉	kʰat7	kat6	qia4	赣			1238		
𦸌	fɨn5	fen4	𦸌5	赣			1597		
𦸌	fun5	fun4	𦸌5	赣			1472		
𦸐	liuʔ7	liuk6	lu4	赣			1152		
𦸓	tɕʰit7	qit6	qi1	赣			1249		
𦸗	tɕʰit7	qit6	qi2	赣			1143		
𦸚	ɕit8	xit7	xi2	赣			1568		
𦸜	tsɿ1	zi1	𦸜5	赣			1823		
𦸜	tsai1	zai1	𦸜5	赣			1830		
𦸝	ɕit7	xit6	𦸝5	赣			1444		
𦸢	leu6	leu5	lou4	赣			1995		
𦸣	pi3	bi3	bi3	赣			1508		
𦸦	pʰet8	pet7	𦸦5	赣			1067		
𦸺	tsui1	zui1	zui1	赣			1617		
𦹬	kʰua1	kua1	𦹬5	赣			1156		
𦹾	mau6	mau5	𦹾5	赣			1907		
𦺆	kau1	gau1	gao1	赣			1470		
𦺇	tʰuʔ8	tuk7	du2	赣			1673		
𦺋	sau3	sau3	sao3	赣			1495		
𦺋	seu1	seu1	sao3	赣			1635		
𦺍	tɕien3	jien3	jian3	赣			1391		
𦺔	hau2	hau2	xiao2	赣			1052		
𦺖	man3	man3	ju2	赣			1159		
𦺖	tɕyt7	jyut6	ju2	赣			1804		
𦺗	ɕy1	xyu1	shu1	赣			1000		
𦺦	hon2	hon2	han2	赣			1637		
𦺨	ɕiɔŋ6	xiong5	xiang4	赣			1368		
𦺩	tɕit7	jit6	ji2	赣			1741		
𦺬	tɕi1	ji1	ji1	赣			1985		
𦺮	y3	yu3	𦺮5	赣			1733		
𦺮	y5	yu4	𦺮5	赣			1483		
𦺱	tsɿ1	zi1	zi1	赣			1870		
𦺲	tsʰon6	con5	shuan4	赣			1036		
𦺳	it7	yit6	𦺳5	赣			1012		
𦺴	tɕʰit8	qit7	ji2	赣			1180		
𦺸	lɨn6	len5	lin4	赣			1870		
𦻝	tɕit7	jit6	𦻝5	赣			1965		
𦼉	fon5	fon4	huan2	赣			1974		
𦼏	tsen1	zen1	zeng1	赣			1980		
𦼧	sat7	sat6	sa4	赣			1575		
𦼪	meu6	meu5	mao4	赣			1018		
𦼫	tɕʰy2	qyu2	qu2	赣			1470		
𦼫	tɕʰy6	qyu5	qu2	赣			1766		
𦼭	pʰet8	pet7	bo2	赣			1714		
𦼮	kon3	gon3	gan3	赣			1462		
𦼯	sui6	sui5	𦼯5	赣			1655		
𦼱	tɕʰyon6	qyuon5	juan4	赣			1502		
𦼷	tɕit7	jit6	ji1	赣			1955		
𦽀	ŋau3	ngau3	ao3	赣			1335		
𦽏	fu5	fu4	fu2	赣			1967		
𦽑	tsun5	zun4	𦽑5	赣			1789		
𦽒	tsʰet8	cet7	zei2	赣			1060		
𦽓	tɕʰiuŋ2	qiung2	𦽓5	赣			1653		
𦾏	hat8	hat7	xia2	赣			1329		
𦾱	tsʰau1	cau1	chao1	赣			1580		
𦾵	tɕʰiuŋ2	qiung2	qiong2	赣			1663		
𦾶	tɕʰien6	qien5	jian4	赣			1968		
𦾷	liuʔ7	liuk6	lu4	赣			1038		
𦾸	ton1	don1	duan1	赣			1007		
𦾺	ieu5	yeu4	yao2	赣			1604		
𦾽	tʰat8	tat7	ta4	赣			1778		
𦿀	tɕʰy2	qyu2	chu2	赣			1841		
𦿁	fuʔ7	fuk6	fu2	赣			1549		
𦿂	yon5	yuon4	yuan2	赣			1822		
𦿃	sau3	sau3	shao3	赣			1909		
𦿆	tʰɔŋ6	tong5	dang4	赣			1682		
𦿊	lu5	lu4	lu2	赣			1300		
𦿌	lo5	lo4	luo2	赣			1099		
𦿌	lieu5	lieu4	luo2	赣			1358		
𦿍	pʰɔʔ7	pok6	po4	赣			1897		
𦿏	muŋ5	mung4	meng2	赣			1617		
𦿐	tɕʰiet8	qiet7	jie2	赣			1789		
𦿒	tsʰen2	cen2	𦿒5	赣			1502		
𦿕	tɕʰieu2	qieu2	𦿕5	赣			1591		
𧀄	tsʰɔŋ3	cong3	chang4	赣			1546		
𧀆	ten5	den4	meng2	赣			1712		
𧀥	iu1	yiu1	you1	赣			1142		
𧀦	lu3	lu3	lu3	赣			1975		
𧀧	men6	men5	meng4	赣			1134		
𧀩	sɿ5	si4	si4	赣			1172		
𧀬	ɕit7	xit6	xi1	赣			1410		
𧀮	fu1	fu1	fu1	赣			1155		
𧀯	sɨn3	sen3	shen3	赣			1723		
𧀯	ɕin3	xin3	shen3	赣			1432		
𧀲	yot7	yuot6	yue4	赣			1714		
𧀴	fu1	fu1	fu1	赣			1386		
𧀵	san3	san3	jian4	赣			1217		
𧀺	ɕiet8	xiet7	xie2	赣			1720		
𧁾	leu5	leu4	lou2	赣			1163		
𧂄	tʰan6	tan5	dan4	赣			1333		
𧂇	tʰan2	tan2	tan2	赣			1288		
𧂈	tɕieu1	jieu1	jiao3	赣			1662		
𧂏	lieu5	lieu4	liao2	赣			1604		
𧂐	tɕi5	ji4	zi4	赣			1044		
𧂒	tsɔʔ7	zok6	zhuo2	赣			1685		
𧂔	fuʔ8	fuk7	hu4	赣			1935		
𧂕	mau6	mau5	𧂕5	赣			1533		
𧂗	tʰan2	tan2	𧂗5	赣			1983		
𧂘	len5	len4	𧂘5	赣			1984		
𧂛	men5	men4	meng2	赣			1572		
𧂝	miet7	miet6	mie4	赣			1694		
𧃓	tɕiuʔ7	jiuk6	𧃓5	赣			1690		
𧃔	tsʰɔʔ7	cok6	zhuo2	赣			1598		
𧃔	tsʰɔʔ8	cok7	zhuo2	赣			1587		
𧃘	tsʰu6	cu5	zuo4	赣			1482		
𧃙	hon2	hon2	han2	赣			1953		
𧃙	hon6	hon5	han2	赣			1667		
𧃝	tsʰɛu3	ceu3	chou3	赣			1349		
𧃝	tɕʰiu3	qiu3	chou3	赣			1835		
𧃟	it7	yit6	yi4	赣			1650		
𧃠	y5	yu4	yu2	赣			1145		
𧃡	tsau3	zau3	𧃡5	赣			1073		
𧄍	tɕʰieu2	qieu2	qiao2	赣			1115		
𧄓	tuŋ3	dung3	dong3	赣			1328		
𧄔	tɕy1	jyu1	shu3	赣			1366		
𧄔	tɕʰy2	qyu2	shu3	赣			1899		
𧄕	tset7	zet6	𧄕5	赣			1656		
𧄕	tɕit7	jit6	𧄕5	赣			1513		
𧄗	tsu1	zu1	𧄗5	赣			1231		
𧄶	lon5	lon4	𧄶5	赣			1984		
𧄹	sɛt7	set6	shi2	赣			1159		
𧄹	ɕit7	xit6	shi2	赣			1506		
𧄼	ten5	den4	deng4	赣			1310		
𧄿	lo5	lo4	luo2	赣			1136		
𧅁	tɕiɔŋ1	jiong1	𧅁5	赣			1752		
𧅗	tɔŋ3	dong3	dang3	赣			1323		
𧅙	ȵi6	ni5	𧅙5	赣			1702		
𧅚	uot7	wot6	yue4	赣			1431		
𧅱	tɕi1	ji1	𧅱5	赣			1525		
𧆉	fuŋ1	fung1	feng1	赣			1670		
𧆌	tɕi1	ji1	𧆌5	赣			1132		
𧆐	kon5	gon4	gan4	赣			1029		
𧆓	tsʰu1	cu1	cu1	赣			1276		
𧆓	tsʰu3	cu3	cu1	赣			1805		
𧆖	lan5	lan4	𧆖5	赣			1666		
𧆥	hat8	hat7	xia2	赣			1957		
𧆨	lu5	lu4	𧆨5	赣			1802		
𧆫	ȵit7	nit6	𧆫5	赣			1288		
𧆺	lɨn5	len4	ling2	赣			1285		
𧇄	lu5	lu4	lu2	赣			1774		
𧇠	ȵieu6	nieu5	yao4	赣			1977		
𧇡	ku1	gu1	gu1	赣			1117		
𧇣	tsʰu6	cu5	𧇣5	赣			1374		
𧇱	ŋan5	ngan4	yan2	赣			1258		
𧇼	hau6	hau5	hao4	赣			1542		
𧇽	tɕʰy6	qyu5	𧇽5	赣			1724		
𧈅	set7	set6	xi4	赣			1895		
𧈑	kiet7	giet6	ge2	赣			1857		
𧈜	tʰen2	ten2	teng2	赣			1402		
𧈟	ȵit7	nit6	𧈟5	赣			1453		
𧈩	tʰet8	tet7	𧈩5	赣			1289		
𧈪	tsʰen3	cen3	chan3	赣			1242		
𧈭	ut7	wut6	wu4	赣			1665		
𧈱	tʰet8	tet7	𧈱5	赣			1194		
𧈻	yt7	yut6	yi4	赣			1174		
𧉃	yn3	yun3	yun3	赣			1272		
𧉄	mien5	mien4	𧉄5	赣			1297		
𧉅	i1	yi1	yi1	赣			1529		
𧉊	fu3	fu3	fu3	赣			1178		
𧉍	tɕit7	jit6	ji2	赣			1410		
𧉞	ȵin5	nin4	zhu3	赣			1621		
𧉟	tʰai1	tai1	tai1	赣			1750		
𧉠	tsʰɿ3	ci3	𧉠5	赣			1037		
𧉤	fan6	fan5	fan4	赣			1191		
𧉥	pet7	bet6	bei3	赣			1967		
𧉧	tɕʰy3	qyu3	qu3	赣			1798		
𧉩	pu5	bu4	bu4	赣			1045		
𧉪	ka1	ga1	jia1	赣			1686		
𧉫	tsat7	zat6	zha2	赣			1535		
𧉭	lu3	lu3	nu3	赣			1827		
𧊇	tʰit7	tit6	dai4	赣			1851		
𧊎	yot7	yuot6	𧊎5	赣			1999		
𧊒	tsʰɿ3	ci3	ci4	赣			1969		
𧊔	ien3	yen3	yan3	赣			1718		
𧊕	suŋ1	sung1	song1	赣			1584		
𧊜	ŋɔʔ7	ngok6	e4	赣			1840		
𧊥	ɕyt7	xyut6	xu4	赣			1947		
𧋋	u5	wu4	𧋋5	赣			1776		
𧋍	ɕyot8	xyuot7	di4	赣			1707		
𧋐	ɕit7	xit6	xi2	赣			1799		
𧋑	kien3	gien3	geng3	赣			1501		
𧋓	kʰau3	kau3	kao4	赣			1703		
𧋔	fuŋ6	fung5	hong4	赣			1541		
𧋕	tɕʰyn1	qyun1	kun4	赣			1711		
𧋘	tʰi2	ti2	ti2	赣			1797		
𧌁	tʰieu2	tieu2	tiao2	赣			1096		
𧌆	kʰuŋ1	kung1	kong1	赣			1188		
𧌈	fu6	fu5	fu4	赣			1368		
𧌉	liuʔ7	liuk6	lu4	赣			1529		
𧌍	luʔ7	luk6	lu4	赣			1511		
𧌏	tʰat8	tat7	ta4	赣			1888		
𧌑	tɕʰyt7	qyut6	qu1	赣			1958		
𧌔	tsɿ1	zi1	zhi1	赣			1831		
𧌗	tseu3	zeu3	zou3	赣			1368		
𧌘	fɨi6	fei5	fei4	赣			1231		
𧌘	fɨi6	fei5	fei4	赣			1832		
𧍓	sut7	sut6	shuai4	赣			1017		
𧍔	ieu1	yeu1	yao1	赣			1329		
𧍕	kʰuet7	kuet6	jue2	赣			1956		
𧍕	tɕʰiɔʔ8	qiok7	jue2	赣			1611		
𧍘	iu1	yiu1	you1	赣			1157		
𧍙	fan6	fan5	fan4	赣			1070		
𧍜	kʰui2	kui2	kui2	赣			1076		
𧍞	ŋɔʔ7	ngok6	𧍞5	赣			1932		
𧍢	ien3	yen3	yan2	赣			1375		
𧍧	han1	han1	𧍧5	赣			1668		
𧍩	tɕiet7	jiet6	jie2	赣			1505		
𧍪	ȵy5	nyu4	yu2	赣			1360		
𧍭	tɕʰyon2	qyuon2	quan2	赣			1986		
𧍮	kuen3	gun3	jiong3	赣			1697		
𧍮	tɕiɔŋ3	jiong3	jiong3	赣			1692		
𧍲	pʰien2	pien2	pian2	赣			1334		
𧍵	fu5	fu4	hu2	赣			1730		
𧎢	tʰet8	tet7	𧎢5	赣			1219		
𧎥	sen5	sen4	shan4	赣			1255		
𧎮	tsau3	zau3	zao3	赣			1156		
𧎰	tsen3	zen3	zhan3	赣			1950		
𧎹	tsui5	zui4	zui4	赣			1331		
𧎾	liɔʔ7	liok6	lve4	赣			1955		
𧎿	tɕʰit8	qit7	ji2	赣			1370		
𧏖	pʰien2	pien2	𧏖5	赣			1835		
𧏖	pʰen2	pen2	𧏖5	赣			1183		
𧏗	tsʰɿ1	ci1	𧏗5	赣			1314		
𧏹	ŋai6	ngai5	ai4	赣			1657		
𧏺	ɕy5	xyu4	xu4	赣			1869		
𧏾	ȵit7	nit6	ni4	赣			1830		
𧏿	tsʰuʔ8	cuk7	zhu2	赣			1904		
𧐍	suŋ1	sung1	chong1	赣			1634		
𧐎	mɛt7	met6	mi4	赣			1017		
𧐐	tset7	zet6	ji1	赣			1423		
𧐐	tɕit7	jit6	ji1	赣			1409		
𧐒	suʔ7	suk6	su4	赣			1502		
𧐕	tʰon2	ton2	tuan2	赣			1577		
𧐴	suʔ7	suk6	su4	赣			1285		
𧐶	tɕʰit7	qit6	𧐶5	赣			1996		
𧑄	tsuŋ1	zung1	𧑄5	赣			1245		
𧑌	it7	yit6	yi4	赣			1797		
𧑍	fa5	fa4	hua2	赣			1531		
𧑎	tsui5	zui4	cui4	赣			1910		
𧑎	tsʰui3	cui3	cui4	赣			1219		
𧑏	tsuʔ7	zuk6	𧑏5	赣			1897		
𧑐	sut8	sut7	yu4	赣			1360		
𧑐	yt7	yut6	yu4	赣			1460		
𧑒	tʰɛn1	ten1	tun1	赣			1068		
𧑒	tʰun1	tun1	tun1	赣			1472		
𧑓	ɕy3	xyu3	shu3	赣			1080		
𧑙	tɕiuʔ7	jiuk6	zu2	赣			1938		
𧑜	pʰi2	pi2	pi2	赣			1564		
𧒒	fuŋ1	fung1	𧒒5	赣			1195		
𧒔	tɕʰiu2	qiu2	𧒔5	赣			1561		
𧒕	tɕʰit7	qit6	qi1	赣			1660		
𧒖	kuo1	guo1	guo4	赣			1903		
𧒖	kuo5	guo4	guo4	赣			1769		
𧒗	set7	set6	se4	赣			1702		
𧒭	ui5	wui4	wei4	赣			1926		
𧒭	ui6	wui5	wei4	赣			1298		
𧓉	tsʰɿ2	ci2	𧓉5	赣			1487		
𧓎	pʰi2	pi2	pi2	赣			1993		
𧓕	tuŋ1	dung1	dong1	赣			1905		
𧓲	iɔŋ3	yong3	yang3	赣			1580		
𧓴	tʰin2	tin2	ting2	赣			1620		
𧓷	tɕiet7	jiet6	𧓷5	赣			1923		
𧓸	tsʰɨt8	cet7	zhi2	赣			1474		
𧓸	tɕʰit8	qit7	zhi2	赣			1668		
𧔊	tsʰen2	cen2	𧔊5	赣			1282		
𧔞	ȵyon5	nyuon4	yuan2	赣			1610		
𧔢	tɕʰien2	qien2	𧔢5	赣			1211		
𧕄	in1	yin1	ying1	赣			1727		
𧕅	lɨn5	len4	ling2	赣			1583		
𧕆	ɕi1	xi1	𧕆5	赣			1820		
𧕇	ɕien3	xien3	xian3	赣			1578		
𧕈	ui5	wui4	𧕈5	赣			1957		
𧕊	ɕiet7	xiet6	𧕊5	赣			1905		
𧕋	iɔʔ7	yok6	yue4	赣			1980		
𧕏	ȵiet7	niet6	𧕏5	赣			1142		
𧕛	tʰo2	to2	𧕛5	赣			1119		
𧕝	ȵin5	nin4	ning2	赣			1706		
𧕡	pʰet7	pet6	fu4	赣			1074		
𧕣	tɕyon3	jyuon3	𧕣5	赣			1634		
𧕮	li5	li4	li2	赣			1090		
𧕯	sɿ1	si1	li2	赣			1229		
𧕯	li5	li4	li2	赣			1584		
𧕱	hat8	hat7	xia2	赣			1199		
𧕿	fɨi6	fei5	fei3	赣			1362		
𧕿	fɨi6	fei5	fei3	赣			1196		
𧖀	tsot7	zot6	𧖀5	赣			1568		
𧖅	mɛt7	met6	𧖅5	赣			1816		
𧖈	pʰi2	pi2	𧖈5	赣			1540		
𧖔	lɨn6	len5	lin4	赣			1848		
𧖛	tsʰɿ3	ci3	𧖛5	赣			1756		
𧖜	lɨn5	len4	ling2	赣			1005		
𧖧	tʰɨn2	ten2	𧖧5	赣			1468		
𧖴	met7	met6	𧖴5	赣			1261		
𧖻	kuet7	guet6	guo2	赣			1642		
𧗀	kʰon3	kon3	𧗀5	赣			1700		
𧗂	ȵit7	nit6	𧗂5	赣			1866		
𧗇	tɕi1	ji1	𧗇5	赣			1170		
𧗕	luŋ5	lung4	𧗕5	赣			1468		
𧗜	tʰan6	tan5	𧗜5	赣			1647		
𧗝	kui3	gui3	𧗝5	赣			1095		
𧗳	ɕyon6	xyuon5	𧗳5	赣			1567		
𧗴	iuŋ3	yung3	yong3	赣			1379		
𧗸	tɕʰien6	qien5	jian4	赣			1629		
𧗿	sut7	sut6	shuai4	赣			1274		
𧘂	tsʰuŋ1	cung1	chong1	赣			1509		
𧘈	lieu3	lieu3	liao3	赣			1857		
𧘑	tsɔʔ7	zok6	zhuo2	赣			1370		
𧘘	y5	yu4	𧘘5	赣			1638		
𧘝	pieu3	bieu3	𧘝5	赣			1900		
𧘟	pʰot7	pot6	po1	赣			1212		
𧘨	tieu1	dieu1	diao1	赣			1214		
𧘽	la5	la4	na2	赣			1893		
𧘿	tsɨn1	zen1	zheng1	赣			1890		
𧘿	tɕin1	jin1	zheng1	赣			1932		
𧙁	tsɿ5	zi4	zhi4	赣			1354		
𧙂	fɨi5	fei4	𧙂5	赣			1661		
𧙂	fɨi5	fei4	𧙂5	赣			1814		
𧙃	ŋo3	ngo3	e3	赣			1767		
𧙆	ɕy1	xyu1	xu1	赣			1461		
𧙉	lit7	lit6	li4	赣			1592		
𧙞	tɕʰit7	qit6	qi4	赣			1193		
𧙥	luŋ5	lung4	long2	赣			1095		
𧙧	kan5	gan4	jian4	赣			1943		
𧚊	tien1	dien1	𧚊5	赣			1520		
𧚊	tiet7	diet6	𧚊5	赣			1440		
𧚋	pʰuŋ2	pung2	peng2	赣			1349		
𧚍	tɕʰiu2	qiu2	𧚍5	赣			1589		
𧚨	tɕit7	jit6	qi4	赣			1314		
𧚨	tɕʰit7	qit6	qi4	赣			1259		
𧚫	tɕʰien3	qien3	qian4	赣			1947		
𧚭	puŋ3	bung3	beng3	赣			1277		
𧛒	tʰi3	ti3	ti4	赣			1671		
𧛔	tau5	dau4	du2	赣			1488		
𧛔	tuʔ7	duk6	du2	赣			1903		
𧛞	fu5	fu4	hu2	赣			1247		
𧛢	tsɿ3	zi3	zhi3	赣			1892		
𧛾	kʰot7	kot6	ke4	赣			1308		
𧜀	mɛt7	met6	𧜀5	赣			1231		
𧜁	sai5	sai4	shai4	赣			1638		
𧜅	kai5	gai4	jie4	赣			1379		
𧜠	sut7	sut6	shuai4	赣			1573		
𧜣	tieu1	dieu1	diao3	赣			1870		
𧜣	tieu3	dieu3	diao3	赣			1893		
𧜧	tsʰɔŋ1	cong1	chuang1	赣			1201		
𧜭	suʔ8	suk7	𧜭5	赣			1060		
𧝂	ho6	ho5	he4	赣			1199		
𧝃	tɕyot7	jyuot6	jue2	赣			1672		
𧝋	tʰui2	tui2	tui2	赣			1883		
𧝍	tʰo3	to3	𧝍5	赣			1007		
𧝑	tsen5	zen4	zhan4	赣			1911		
𧝒	fen5	fen4	heng2	赣			1412		
𧝔	tɕʰy2	qyu2	qu2	赣			1243		
𧝕	ui5	wui4	wei2	赣			1536		
𧝴	tuʔ7	duk6	𧝴5	赣			1865		
𧝷	kʰui3	kui3	kui4	赣			1885		
𧝹	lo3	lo3	𧝹5	赣			1559		
𧞍	lat7	lat6	nie4	赣			1506		
𧞐	tuʔ7	duk6	zhuo2	赣			1321		
𧞓	tsɿ1	zi1	𧞓5	赣			1918		
𧞢	kun3	gun3	𧞢5	赣			1314		
𧞣	ien3	yen3	yan3	赣			1815		
𧞧	pieu3	bieu3	𧞧5	赣			1681		
𧞩	tɕiet7	jiet6	jie2	赣			1928		
𧞶	tuʔ7	duk6	𧞶5	赣			1476		
𧞷	fai5	fai4	𧞷5	赣			1746		
𧟉	kan3	gan3	𧟉5	赣			1384		
𧟌	lo6	lo5	luo4	赣			1577		
𧟨	ɕyon5	xyuon4	xuan2	赣			1072		
𧟱	pʰet8	pet7	bo2	赣			1670		
𧟳	pa5	ba4	𧟳5	赣			1767		
𧟶	pa5	ba4	𧟶5	赣			1900		
𧟼	ui1	wui1	wei1	赣			1266		
𧠜	sɿ1	si1	shi1	赣			1181		
𧠞	ŋiet7	ngiet6	e4	赣			1552		
𧠠	mi5	mi4	𧠠5	赣			1648		
𧠪	tɕʰit7	qit6	qi1	赣			1581		
𧠫	tʰit7	tit6	zhi4	赣			1803		
𧠫	tʰit8	tit7	zhi4	赣			1710		
𧠵	tsʰɿ1	ci1	𧠵5	赣			1095		
𧡋	ŋai3	ngai3	ai3	赣			1897		
𧡎	ȵi6	ni5	𧡎5	赣			1753		
𧡒	met7	met6	𧡒5	赣			1717		
𧡡	yn6	yun5	yun4	赣			1429		
𧡨	tʰi2	ti2	ti2	赣			1453		
𧡨	tʰi6	ti5	ti2	赣			1862		
𧡩	fon6	fon5	huan3	赣			1674		
𧡩	ɕyon3	xyuon3	huan3	赣			1478		
𧡪	tan1	dan1	dan1	赣			1099		
𧡬	tsʰen3	cen3	chen1	赣			1161		
𧡬	tɕʰin3	qin3	chen1	赣			1914		
𧡷	ieu6	yeu5	𧡷5	赣			1202		
𧡹	iu5	yiu4	you2	赣			1636		
𧢌	kau1	gau1	gao1	赣			1696		
𧢗	teu1	deu1	𧢗5	赣			1725		
𧢘	pʰen3	pen3	𧢘5	赣			1978		
𧢜	fan5	fan4	fan2	赣			1078		
𧢞	kʰan1	kan1	qian1	赣			1754		
𧢢	ieu6	yeu5	yao4	赣			1509		
𧢢	iɔʔ7	yok6	yao4	赣			1331		
𧢦	kʰui1	kui1	kui1	赣			1846		
𧢦	kʰui2	kui2	kui1	赣			1483		
𧢮	li6	li5	𧢮5	赣			1740		
𧢸	kɔŋ1	gong1	𧢸5	赣			1850		
𧢸	tsuŋ1	zung1	𧢸5	赣			1533		
𧢺	lɔʔ7	lok6	𧢺5	赣			1624		
𧣃	pʰa1	pa1	pa1	赣			1525		
𧣒	tɕʰy6	qyu5	ju4	赣			1416		
𧣡	kuʔ7	guk6	gu3	赣			1657		
𧣪	sau3	sau3	shao3	赣			1185		
𧣴	tsan3	zan3	𧣴5	赣			1070		
𧣸	tɕyot7	jyuot6	jue2	赣			1851		
𧣺	lɔʔ7	lok6	nuo4	赣			1577		
𧣻	tɕy5	jyu4	ju4	赣			1319		
𧤏	tset7	zet6	ji2	赣			1911		
𧤐	kua3	gua3	gua3	赣			1995		
𧤑	tɕiuʔ7	jiuk6	ju2	赣			1763		
𧤕	tɕʰiu2	qiu2	qiu2	赣			1583		
𧤖	ui1	wui1	wei1	赣			1826		
𧤗	ton1	don1	duan1	赣			1680		
𧤼	tɕʰyot8	qyuot7	jue2	赣			1413		
𧤽	uot7	wot6	yue4	赣			1639		
𧤾	tɕyot7	jyuot6	𧤾5	赣			1593		
𧥄	tset7	zet6	ji2	赣			1023		
𧥍	pieu1	bieu1	biao1	赣			1598		
𧥛	tɕʰien3	qien3	qian3	赣			1343		
𧥜	ȵien3	nien3	yan3	赣			1538		
𧥣	kʰieu3	kieu3	kou4	赣			1533		
𧥮	fu6	fu5	hu4	赣			1956		
𧥱	fu5	fu4	fu2	赣			1375		
𧥺	in5	yin4	jun4	赣			1893		
𧥺	tɕyn5	jyun4	jun4	赣			1189		
𧦦	len5	len4	𧦦5	赣			1329		
𧦪	pʰien6	pien5	𧦪5	赣			1841		
𧦭	tʰo1	to1	tuo1	赣			1297		
𧦮	la5	la4	na2	赣			1302		
𧧒	tsʰɿ3	ci3	ci4	赣			1631		
𧧗	ɕiuŋ1	xiung1	𧧗5	赣			1080		
𧧢	fɔŋ1	fong1	𧧢5	赣			1041		
𧧢	fɔŋ3	fong3	𧧢5	赣			1865		
𧧮	fɔŋ1	fong1	𧧮5	赣			1768		
𧧮	fɔŋ3	fong3	𧧮5	赣			1921		
𧧷	tɕiu5	jiu4	𧧷5	赣			1050		
𧧸	piet7	biet6	bie2	赣			1667		
𧧺	pʰi1	pi1	pi1	赣			1700		
𧨀	so1	so1	suo1	赣			1319		
𧨁	tɕia1	jia1	𧨁5	赣			1673		
𧨃	ɕit7	xit6	𧨃5	赣			1759		
𧨫	hen3	hen3	𧨫5	赣			1313		
𧨹	liuʔ7	liuk6	lu4	赣			1559		
𧩦	tɕit7	jit6	ji2	赣			1348		
𧩧	tʰɔʔ8	tok7	duo2	赣			1618		
𧩪	tsʰuŋ3	cung3	cong4	赣			1169		
𧩮	seu3	seu3	xiao3	赣			1722		
𧩮	ɕieu3	xieu3	xiao3	赣			1900		
𧩶	kʰa3	ka3	qia4	赣			1313		
𧪘	tsʰai3	cai3	chai4	赣			1471		
𧪜	su5	su4	𧪜5	赣			1015		
𧪞	hot8	hot7	he2	赣			1829		
𧪠	tɕʰit8	qit7	ji2	赣			1295		
𧪡	tsʰɿ1	ci1	chi1	赣			1252		
𧪦	tʰat7	tat6	ta1	赣			1801		
𧪨	ma6	ma5	ma4	赣			1492		
𧪮	fa1	fa1	xu1	赣			1643		
𧫒	ha3	ha3	xia4	赣			1209		
𧫚	tʰi6	ti5	𧫚5	赣			1229		
𧫛	iɔŋ6	yong5	yang4	赣			1630		
𧫞	leu6	leu5	lou4	赣			1762		
𧫢	uɔŋ6	wong5	wang4	赣			1684		
𧫣	suʔ7	suk6	𧫣5	赣			1438		
𧫦	i1	yi1	yi1	赣			1708		
𧬁	hau6	hau5	hao4	赣			1844		
𧬅	tsa1	za1	zha1	赣			1434		
𧬇	i5	yi4	yi4	赣			1401		
𧬈	ɕit7	xit6	xi4	赣			1723		
𧬊	ɕi1	xi1	xi4	赣			1423		
𧬌	ŋan5	ngan4	yan2	赣			1489		
𧬨	fɨi3	fei3	hui4	赣			1674		
𧬨	fɨi3	fei3	hui4	赣			1163		
𧬪	kun5	gun4	gun4	赣			1825		
𧬭	kua1	gua1	𧬭5	赣			1680		
𧬮	tsʰa3	ca3	𧬮5	赣			1753		
𧬮	kua5	gua4	𧬮5	赣			1017		
𧬰	ɕiɔŋ5	xiong4	xiang4	赣			1555		
𧭣	kuet7	guet6	guo2	赣			1502		
𧭤	pau5	bau4	bao4	赣			1395		
𧭥	lɔʔ7	lok6	luo4	赣			1122		
𧮑	tʰat8	tat7	ta4	赣			1601		
𧮓	tʰui2	tui2	tui2	赣			1168		
𧮪	tsan1	zan1	zhan1	赣			1728		
𧮫	tɕʰiɔʔ8	qiok7	jue2	赣			1972		
𧮯	fen5	fen4	𧮯5	赣			1706		
𧮰	han1	han1	han1	赣			1765		
𧮱	fɨn5	fen4	fen2	赣			1465		
𧮱	fun5	fun4	fen2	赣			1557		
𧮶	heu2	heu2	hou2	赣			1082		
𧮸	hɔʔ7	hok6	𧮸5	赣			1566		
𧮺	tsʰan6	can5	zhan4	赣			1412		
𧯆	fot7	fot6	huo4	赣			1087		
𧯈	tɕʰit7	qit6	xi4	赣			1620		
𧯌	hau1	hau1	hao1	赣			1263		
𧯠	teu1	deu1	dou1	赣			1913		
𧯦	tɕyon5	jyuon4	juan4	赣			1575		
𧯦	tɕʰyon6	qyuon5	juan4	赣			1535		
𧯩	tsʰuʔ7	cuk6	chu4	赣			1911		
𧯫	tsen1	zen1	zheng1	赣			1648		
𧯯	tɕʰi2	qi2	qi2	赣			1368		
𧯷	tɕin3	jin3	𧯷5	赣			1597		
𧰉	lau5	lau4	𧰉5	赣			1605		
𧰙	tɕʰi2	qi2	qi2	赣			1066		
𧰥	tʰen1	ten1	𧰥5	赣			1900		
𧰲	tsʰɿ3	ci3	chi3	赣			1814		
𧰽	sɿ6	si5	𧰽5	赣			1694		
𧰿	ŋai6	ngai5	ai4	赣			1793		
𧱁	tʰuŋ2	tung2	𧱁5	赣			1963		
𧱅	sɿ6	si5	si4	赣			1515		
𧱑	tsʰu2	cu2	𧱑5	赣			1150		
𧱓	teu5	deu4	dou4	赣			1868		
𧱘	mai6	mai5	mai4	赣			1374		
𧱚	tɕien1	jien1	𧱚5	赣			1655		
𧱛	tsʰu6	cu5	𧱛5	赣			1573		
𧱝	tɕyot7	jyuot6	jue2	赣			1969		
𧱦	teu5	deu4	𧱦5	赣			1749		
𧱪	tsʰeu3	ceu3	cou4	赣			1301		
𧱫	tʰo6	to5	duo4	赣			1477		
𧱲	ɕi5	xi4	xi4	赣			1730		
𧱳	fai3	fai3	huai4	赣			1387		
𧱴	mɨn5	men4	ming2	赣			1291		
𧱹	pʰu1	pu1	pu1	赣			1325		
𧱻	mɛt7	met6	mi4	赣			1483		
𧲂	lɨn5	len4	lin2	赣			1648		
𧲌	sat7	sat6	sha4	赣			1219		
𧲎	muŋ5	mung4	𧲎5	赣			1630		
𧲔	ui6	wui5	𧲔5	赣			1809		
𧲚	ui5	wui4	𧲚5	赣			1099		
𧲛	tɕien5	jien4	𧲛5	赣			1947		
𧲜	pit7	bit6	bi4	赣			1711		
𧲝	ui6	wui5	wei4	赣			1740		
𧲡	lit7	lit6	li4	赣			1856		
𧲱	ŋɔŋ1	ngong1	yang1	赣			1665		
𧲴	tuŋ1	dung1	dong1	赣			1251		
𧳅	sɿ5	si4	shi4	赣			1432		
𧳆	tʰuŋ1	tung1	tong1	赣			1076		
𧳋	tsʰai6	cai5	𧳋5	赣			1288		
𧳕	lai5	lai4	lai2	赣			1189		
𧳙	sɿ5	si4	si4	赣			1235		
𧳙	tɕʰi6	qi5	si4	赣			1660		
𧳛	sat7	sat6	sha4	赣			1336		
𧳜	tseu3	zeu3	zhou3	赣			1976		
𧳜	tɕiu3	jiu3	zhou3	赣			1045		
𧳦	lau3	lau3	nao3	赣			1353		
𧳨	leu3	leu3	rao3	赣			1479		
𧴄	iuŋ5	yung4	yong1	赣			1675		
𧴎	pʰieu6	pieu5	biao4	赣			1605		
𧴗	iuŋ1	yung1	yong1	赣			1691		
𧴤	pʰɔʔ7	pok6	po4	赣			1574		
𧴪	so3	so3	suo3	赣			1259		
𧴭	sen3	sen3	shan3	赣			1414		
𧴮	tʰet8	tet7	𧴮5	赣			1778		
𧵊	hon1	hon1	han1	赣			1280		
𧵊	hon3	hon3	han1	赣			1050		
𧵌	iɔŋ3	yong3	yang3	赣			1845		
𧵏	sen3	sen3	𧵏5	赣			1602		
𧵣	in5	yin4	xiong1	赣			1617		
𧵣	ɕyn1	xyun1	xiong1	赣			1951		
𧵪	tsʰet8	cet7	𧵪5	赣			1364		
𧶅	fɨi3	fei3	𧶅5	赣			1011		
𧶅	fɨi3	fei3	𧶅5	赣			1855		
𧶆	lɨn6	len5	lin4	赣			1025		
𧶇	tsat7	zat6	zha2	赣			1926		
𧶉	pen1	ben1	𧶉5	赣			1246		
𧶊	yn5	yun4	yun2	赣			1146		
𧶊	yn6	yun5	yun2	赣			1379		
𧶜	sɔŋ1	song1	shang1	赣			1559		
𧶲	fon6	fon5	duan3	赣			1123		
𧶷	tsʰet7	cet6	ze2	赣			1985		
𧷗	yt7	yut6	𧷗5	赣			1640		
𧷡	leu6	leu5	lou2	赣			1221		
𧷿	tu1	du1	du1	赣			1772		
𧸈	pen5	ben4	bin4	赣			1473		
𧸖	tsʰan6	can5	zhuan4	赣			1694		
𧸩	ɕyn5	xyun4	xun4	赣			1896		
𧸱	li6	li5	𧸱5	赣			1598		
𧹑	kui5	gui4	gui4	赣			1169		
𧹕	kie1	gie1	ju1	赣			1602		
𧹖	tʰien3	tien3	tian3	赣			1390		
𧹗	uan5	wan4	wan4	赣			1336		
𧹝	tʰuŋ2	tung2	𧹝5	赣			1444		
𧹭	ɕyt7	xyut6	xu4	赣			1544		
𧹲	fuʔ7	fuk6	hu4	赣			1628		
𧹳	kon5	gon4	gan4	赣			1783		
𧺡	pʰot8	pot7	ba2	赣			1478		
𧺢	tʰeu3	teu3	tou4	赣			1825		
𧺣	tsuŋ1	zung1	zong1	赣			1422		
𧺣	tsʰuŋ1	cung1	zong1	赣			1804		
𧺶	tsʰuʔ7	cuk6	chu4	赣			1530		
𧺹	tɕy3	jyu3	ju3	赣			1071		
𧺺	pʰot8	pot7	ba2	赣			1356		
𧺼	tsʰɿ3	ci3	ci3	赣			1821		
𧺾	pʰon3	pon3	pan3	赣			1095		
𧻀	tɕʰia3	qia3	𧻀5	赣			1734		
𧻓	pen5	ben4	beng4	赣			1424		
𧻕	tɕʰit7	qit6	qi4	赣			1511		
𧻖	tsɛu1	zeu1	zhou1	赣			1198		
𧻖	tɕiu1	jiu1	zhou1	赣			1672		
𧻙	pʰet7	pet6	mo4	赣			1353		
𧻙	met7	met6	mo4	赣			1255		
𧻚	yon5	yuon4	yuan2	赣			1901		
𧻱	tɕʰiu2	qiu2	qiu2	赣			1018		
𧻲	hai2	hai2	hai2	赣			1343		
𧻵	sat7	sat6	sha4	赣			1384		
𧻶	ɕi1	xi1	xi1	赣			1235		
𧻷	pu1	bu1	bu1	赣			1463		
𧻸	sɿ6	si5	shi4	赣			1073		
𧻸	ɕi6	xi5	shi4	赣			1970		
𧻹	iuŋ3	yung3	yong3	赣			1140		
𧼏	ɕien5	xien4	xian2	赣			1168		
𧼐	tɕʰyn3	qyun3	yun3	赣			1943		
𧼐	ȵyn3	nyun3	yun3	赣			1106		
𧼒	tɕʰin2	qin2	qin3	赣			1306		
𧼒	tɕʰin3	qin3	qin3	赣			1975		
𧼙	tsʰuŋ3	cung3	chong3	赣			1023		
𧼙	tsʰuʔ7	cuk6	chong3	赣			1461		
𧼞	tɕyot7	jyuot6	𧼞5	赣			1698		
𧼨	tɕiet7	jiet6	jie2	赣			1287		
𧼪	tsʰɿ3	ci3	chi4	赣			1674		
𧼪	tɕʰi3	qi3	chi4	赣			1160		
𧼭	seu1	seu1	su4	赣			1704		
𧼭	suʔ7	suk6	su4	赣			1913		
𧼮	tʰɔŋ1	tong1	ti4	赣			1201		
𧼯	ɕy5	xyu4	shu4	赣			1662		
𧼰	tsʰat8	cat7	zha2	赣			1933		
𧼳	tsʰet7	cet6	che4	赣			1230		
𧽋	u3	wu3	wu3	赣			1862		
𧽌	fat8	fat7	hua2	赣			1075		
𧽍	tien1	dien1	dian1	赣			1207		
𧽍	tʰien6	tien5	dian1	赣			1548		
𧽏	seu1	seu1	sou1	赣			1279		
𧽏	suʔ7	suk6	sou1	赣			1675		
𧽐	tɕʰien1	qien1	qian1	赣			1558		
𧽒	ɕiuŋ5	xiung4	xiong4	赣			1120		
𧽟	tɕʰy6	qyu5	jie2	赣			1960		
𧽠	tsʰui1	cui1	cui1	赣			1169		
𧽤	pieu1	bieu1	piao1	赣			1091		
𧽤	pʰieu1	pieu1	piao1	赣			1422		
𧽮	tsʰɨt8	cet7	𧽮5	赣			1441		
𧽮	tɕʰit8	qit7	𧽮5	赣			1453		
𧽸	tɕyot7	jyuot6	jue2	赣			1900		
𧽻	tɕyt7	jyut6	ju2	赣			1047		
𧽼	tʰan2	tan2	tan2	赣			1074		
𧾍	tsen1	zen1	zhan1	赣			1136		
𧾍	tsʰen2	cen2	zhan1	赣			1040		
𧾎	ɕyon1	xyuon1	xuan1	赣			1343		
𧾒	tsʰɿ1	ci1	𧾒5	赣			1252		
𧾚	y5	yu4	yu2	赣			1637		
𧾛	kʰuet8	kuet7	guo2	赣			1996		
𧾢	tɕʰiet8	qiet7	jie2	赣			1936		
𧾢	tɕit7	jit6	jie2	赣			1042		
𧾣	tɕyt7	jyut6	ju2	赣			1098		
𧾨	ɕien5	xien4	xian4	赣			1145		
𧾩	ɕyon6	xyuon5	xun2	赣			1983		
𧾩	ɕyn5	xyun4	xun2	赣			1173		
𧾯	tɕiet7	jiet6	jie2	赣			1528		
𧾰	it7	yit6	yi4	赣			1353		
𧾱	tɕʰy2	qyu2	qu2	赣			1365		
𧾵	tɕiɔʔ7	jiok6	jue2	赣			1988		
𧾵	tɕʰiɔʔ8	qiok7	jue2	赣			1991		
𧾻	tɕʰiu6	qiu5	jiu4	赣			1296		
𧿁	ȵyot7	nyuot6	𧿁5	赣			1628		
𧿅	ɕit7	xit6	xi2	赣			1875		
𧿲	tsɿ3	zi3	zhui4	赣			1831		
𧿳	fɨt7	fet6	fu2	赣			1561		
𧿳	fuʔ7	fuk6	fu2	赣			1307		
𧿹	mu3	mu3	mu3	赣			1794		
𧿻	tɕiuʔ7	jiuk6	ju2	赣			1829		
𨀁	luŋ5	lung4	𨀁5	赣			1934		
𨀁	luŋ6	lung5	𨀁5	赣			1401		
𨀘	ɕiɔŋ5	xiong4	xiang2	赣			1584		
𨀜	tʰuŋ1	tung1	tong1	赣			1218		
𨀝	lɔʔ7	lok6	ruo4	赣			1121		
𨀢	san1	san1	𨀢5	赣			1081		
𨀨	tsat7	zat6	zuo3	赣			1498		
𨀩	kua3	gua3	𨀩5	赣			1161		
𨁀	suʔ7	suk6	shu1	赣			1118		
𨁃	tʰi1	ti1	ti1	赣			1827		
𨁈	hɔŋ2	hong2	hang2	赣			1288		
𨁍	ȵien6	nien5	yan4	赣			1620		
𨁏	pʰu1	pu1	pu1	赣			1969		
𨁸	lɛt7	let6	lu4	赣			1752		
𨁸	luʔ7	luk6	lu4	赣			1504		
𨁹	ien6	yen5	yan3	赣			1946		
𨁽	tet7	det6	de2	赣			1718		
𨂁	ŋat7	ngat6	e4	赣			1927		
𨂁	ŋot7	ngot6	e4	赣			1068		
𨂝	pʰan2	pan2	pan2	赣			1748		
𨂢	tɕit7	jit6	ji2	赣			1687		
𨂣	u6	wu5	wu4	赣			1360		
𨂩	pʰot7	pot6	po4	赣			1628		
𨂫	tʰɔʔ7	tok6	tuo4	赣			1219		
𨂰	tsʰɿ3	ci3	chi4	赣			1638		
𨂰	tɕʰi3	qi3	chi4	赣			1710		
𨃘	tseu1	zeu1	zou1	赣			1142		
𨃤	kʰau3	kau3	qiao1	赣			1445		
𨄏	pʰieu1	pieu1	𨄏5	赣			1131		
𨄚	tɕʰiɔŋ1	qiong1	qiang1	赣			1364		
𨄞	suʔ7	suk6	𨄞5	赣			1758		
𨅎	tsʰui3	cui3	cui4	赣			1000		
𨅔	tsʰan2	can2	can2	赣			1015		
𨅔	tsʰat8	cat7	can2	赣			1308		
𨅗	pit7	bit6	bi3	赣			1032		
𨅛	tsʰuʔ8	cuk7	𨅛5	赣			1119		
𨅞	tat7	dat6	𨅞5	赣			1967		
𨅬	lan5	lan4	lan2	赣			1561		
𨆁	tʰien3	tien3	tian3	赣			1137		
𨆂	sat7	sat6	sa4	赣			1609		
𨆌	fan5	fan4	fan2	赣			1511		
𨆫	tsɿ5	zi4	𨆫5	赣			1414		
𨆮	tɕʰit7	qit6	𨆮5	赣			1133		
𨆮	tɕʰit8	qit7	𨆮5	赣			1613		
𨆳	ɕiet7	xiet6	𨆳5	赣			1223		
𨇃	tsʰo2	co2	cuo2	赣			1539		
𨇆	lai6	lai5	lai4	赣			1897		
𨇈	tsɿ5	zi4	𨇈5	赣			1150		
𨇙	kui5	gui4	gui4	赣			1426		
𨇨	ɕiet7	xiet6	xie4	赣			1119		
𨇮	tɕyot7	jyuot6	𨇮5	赣			1026		
𨇯	sɔŋ1	song1	shuang1	赣			1019		
𨇱	pien1	bien1	𨇱5	赣			1975		
𨇻	mi3	mi3	mi3	赣			1458		
𨈈	tʰiet8	tiet7	die2	赣			1046		
𨈋	iɔʔ7	yok6	yue4	赣			1129		
𨈘	sau3	sau3	shao3	赣			1286		
𨈚	pʰi2	pi2	pi2	赣			1879		
𨈛	tsɿ1	zi1	𨈛5	赣			1889		
𨈭	tʰan1	tan1	𨈭5	赣			1593		
𨉢	tsʰuŋ6	cung5	zhong4	赣			1539		
𨊳	ɕin1	xin1	xin1	赣			1528		
𨊼	ɕyon6	xyuon5	xuan4	赣			1398		
𨋐	pʰat7	pat6	pa1	赣			1644		
𨋑	kuŋ3	gung3	gong3	赣			1800		
𨋕	ȵiɔŋ6	niong5	yang4	赣			1073		
𨋖	liu3	liu3	liu3	赣			1592		
𨋙	in6	yin5	yin4	赣			1110		
𨋚	ȵien3	nien3	nian3	赣			1221		
𨋩	fuʔ8	fuk7	bi4	赣			1048		
𨋪	hɔŋ1	hong1	𨋪5	赣			1238		
𨋬	tsɛn3	zen3	zheng3	赣			1903		
𨋱	tʰui1	tui1	𨋱5	赣			1288		
𨌄	tsʰɔŋ6	cong5	zang4	赣			1471		
𨌅	tsʰai2	cai2	chai2	赣			1103		
𨌗	kʰui3	kui3	𨌗5	赣			1026		
𨌠	luʔ7	luk6	lu4	赣			1925		
𨌥	fuʔ8	fuk7	fu2	赣			1137		
𨌭	tʰat7	tat6	ta4	赣			1048		
𨌴	tʰui1	tui1	tui1	赣			1079		
𨍇	het8	het7	he2	赣			1845		
𨍈	tsuŋ3	zung3	zong3	赣			1788		
𨍉	tsʰuŋ1	cung1	cong1	赣			1484		
𨍋	kuo1	guo1	𨍋5	赣			1923		
𨍌	men3	men3	𨍌5	赣			1653		
𨍎	muʔ7	muk6	mu4	赣			1182		
𨍏	tʰɔʔ8	tok7	duo2	赣			1262		
𨍩	pʰen2	pen2	peng2	赣			1112		
𨍫	lit7	lit6	li4	赣			1723		
𨍴	tʰɔŋ2	tong2	tang2	赣			1617		
𨍶	tɕʰiuŋ2	qiung2	qiong2	赣			1660		
𨍷	iuŋ3	yung3	rong3	赣			1825		
𨍺	tɕʰit7	qit6	ji1	赣			1402		
𨍺	tɕʰit8	qit7	ji1	赣			1175		
𨍿	tɕʰit7	qit6	𨍿5	赣			1182		
𨍿	tɕʰit8	qit7	𨍿5	赣			1500		
𨎥	sui6	sui5	𨎥5	赣			1241		
𨎩	kuɔŋ1	guong1	guang1	赣			1322		
𨎪	ɵ5	o4	er2	赣			1266		
𨎬	tɕieu3	jieu3	jiao4	赣			1080		
𨎴	tɔŋ1	dong1	dang1	赣			1736		
𨎶	tɕʰy2	qyu2	qu2	赣			1630		
𨎷	lien5	lien4	lian2	赣			1659		
𨎹	lan3	lan3	lan3	赣			1447		
𨏈	in3	yin3	yin3	赣			1299		
𨏉	son1	son1	shuan4	赣			1496		
𨏉	son5	son4	shuan4	赣			1729		
𨏊	han6	han5	jian4	赣			1290		
𨏒	lɔʔ7	lok6	luo4	赣			1651		
𨏔	luʔ7	luk6	lu4	赣			1522		
𨏩	lien5	lien4	lian2	赣			1204		
𨏪	san1	san1	shan1	赣			1291		
𨏵	men3	men3	min3	赣			1023		
𨏹	tɕiɔʔ7	jiok6	jue2	赣			1009		
𨐁	tʰiet8	tiet7	die2	赣			1196		
𨐇	luŋ5	lung4	long2	赣			1334		
𨐈	kuɔŋ1	guong1	guang1	赣			1224		
𨐔	sen1	sen1	shen1	赣			1511		
𨐖	sat7	sat6	sa3	赣			1670		
𨐨	pit7	bit6	bi4	赣			1317		
𨐶	fet7	fet6	huo4	赣			1989		
𨑊	luŋ3	lung3	nong2	赣			1956		
𨑊	luŋ5	lung4	nong2	赣			1810		
𨑋	luŋ5	lung4	𨑋5	赣			1360		
𨑒	tʰu2	tu2	tu2	赣			1967		
𨑤	tɕʰi3	qi3	qi4	赣			1759		
𨑥	ut7	wut6	wu4	赣			1531		
𨑩	tieu5	dieu4	di4	赣			1234		
𨑩	tit7	dit6	di4	赣			1234		
𨑪	tsʰuŋ1	cung1	cong1	赣			1371		
𨒇	kat7	gat6	jia2	赣			1354		
𨒋	yot7	yuot6	yue4	赣			1822		
𨒌	tsɨn1	zen1	𨒌5	赣			1569		
𨒌	tɕin1	jin1	𨒌5	赣			1794		
𨒛	ɵ3	o3	𨒛5	赣			1286		
𨒥	heu6	heu5	𨒥5	赣			1687		
𨒪	tɕit7	jit6	𨒪5	赣			1296		
𨒬	tsʰɿ1	ci1	chi1	赣			1437		
𨒰	iu5	yiu4	𨒰5	赣			1341		
𨓊	tiet7	diet6	die2	赣			1670		
𨓤	tʰui3	tui3	𨓤5	赣			1840		
𨓯	yon1	yuon1	yuan1	赣			1463		
𨓳	ieu1	yeu1	yao1	赣			1160		
𨔝	tʰuŋ6	tung5	𨔝5	赣			1798		
𨔣	ka1	ga1	jia1	赣			1792		
𨕐	ien5	yen4	𨕐5	赣			1482		
𨕤	tɕʰit7	qit6	𨕤5	赣			1475		
𨕤	tɕʰit8	qit7	𨕤5	赣			1873		
𨕨	tɕien1	jien1	𨕨5	赣			1847		
𨖏	tɕiu5	jiu4	jiu4	赣			1638		
𨖮	tsʰɔʔ7	cok6	zhuo2	赣			1659		
𨖮	tsʰɔʔ8	cok7	zhuo2	赣			1304		
𨖶	ɕiɔŋ6	xiong5	xiang4	赣			1487		
𨖷	tsʰat8	cat7	sha4	赣			1210		
𨖹	tset7	zet6	zhi4	赣			1448		
𨖹	tɕit7	jit6	zhi4	赣			1805		
𨗋	tɕiu5	jiu4	𨗋5	赣			1237		
𨘇	fɨi6	fei5	hui4	赣			1094		
𨘇	fɨi6	fei5	hui4	赣			1880		
𨘇	ɕien6	xien5	hui4	赣			1635		
𨘌	fo6	fo5	huo4	赣			1557		
𨙂	ieu5	yeu4	you2	赣			1506		
𨙂	iu5	yiu4	you2	赣			1785		
𨙅	ȵyon5	nyuon4	𨙅5	赣			1336		
𨙒	it7	yit6	𨙒5	赣			1455		
𨙔	tɕy5	jyu4	zhu4	赣			1749		
𨙙	tɕʰien1	qien1	𨙙5	赣			1744		
𨙦	tsʰuŋ1	cung1	𨙦5	赣			1917		
𨙫	kʰieu3	kieu3	kou3	赣			1934		
𨙬	tɕʰi6	qi5	qi3	赣			1586		
𨙶	pi5	bi4	pei4	赣			1293		
𨙷	tɕin3	jin3	jing3	赣			1949		
𨙸	tɕʰi2	qi2	qi2	赣			1186		
𨙹	seu3	seu3	shao3	赣			1078		
𨙹	tɕieu3	jieu3	shao3	赣			1738		
𨙺	ȵiu3	niu3	niu3	赣			1452		
𨙻	la3	la3	na4	赣			1878		
𨚓	fɨt7	fet6	bi4	赣			1021		
𨚓	fuʔ7	fuk6	bi4	赣			1655		
𨚔	pau1	bau1	bao1	赣			1301		
𨚔	pʰau1	pau1	bao1	赣			1836		
𨚖	tsɿ1	zi1	zi1	赣			1648		
𨚙	hau2	hau2	hao2	赣			1500		
𨚙	ieu5	yeu4	hao2	赣			1210		
𨚯	tʰuŋ2	tung2	tong2	赣			1760		
𨚲	tsʰun2	cun2	cun2	赣			1876		
𨚴	ɵ5	o4	ru2	赣			1648		
𨚵	tsai5	zai4	zai4	赣			1456		
𨛋	li3	li3	li3	赣			1995		
𨛌	mɔŋ5	mong4	mang2	赣			1550		
𨛌	uɔŋ5	wong4	mang2	赣			1752		
𨛍	sau5	sau4	shao4	赣			1051		
𨛒	pʰu6	pu5	bu4	赣			1827		
𨛖	kʰai3	kai3	kuai4	赣			1406		
𨛫	li5	li4	li2	赣			1491		
𨛬	pʰi2	pi2	pei2	赣			1081		
𨛭	ɕy1	xyu1	shu1	赣			1406		
𨛲	ȵien5	nien4	𨛲5	赣			1066		
𨛲	ȵin5	nin4	𨛲5	赣			1445		
𨛳	ɕit7	xit6	xi2	赣			1843		
𨛴	hau6	hau5	𨛴5	赣			1817		
𨛵	fu3	fu3	hu3	赣			1845		
𨛶	leu5	leu4	rou2	赣			1098		
𨛸	fu6	fu5	𨛸5	赣			1179		
𨜏	in5	yin4	ying2	赣			1409		
𨜒	tɕi5	ji4	ji4	赣			1547		
𨜓	tsɨn1	zen1	zheng1	赣			1156		
𨜔	fɔŋ5	fong4	huang2	赣			1953		
𨜖	ȵy5	nyu4	yu2	赣			1515		
𨜘	uʔ7	wuk6	mei2	赣			1097		
𨜛	seu1	seu1	𨜛5	赣			1882		
𨜜	sen3	sen3	sheng3	赣			1108		
𨜳	tʰuŋ2	tung2	tong2	赣			1767		
𨜴	hot8	hot7	he2	赣			1654		
𨜵	uen1	wun1	wen1	赣			1019		
𨜶	it7	yit6	yi4	赣			1897		
𨜷	pʰɔŋ2	pong2	pang2	赣			1922		
𨜻	tɕʰien2	qien2	qian2	赣			1525		
𨜿	ɕyt7	xyut6	xu4	赣			1286		
𨝀	fɨi6	fei5	wei3	赣			1684		
𨝀	fɨi6	fei5	wei3	赣			1131		
𨝀	ui3	wui3	wei3	赣			1099		
𨝋	tsai5	zai4	zhai4	赣			1527		
𨝌	kon1	gon1	gan1	赣			1122		
𨝍	tɕʰien1	qien1	qian1	赣			1725		
𨝑	kuon5	guon4	guan4	赣			1176		
𨝫	ɕit7	xit6	she4	赣			1795		
𨝭	fuŋ5	fung4	feng2	赣			1135		
𨝯	tʰuŋ2	tung2	tong2	赣			1071		
𨝰	tɕieu3	jieu3	jiao3	赣			1881		
𨝱	tɕʰieu2	qieu2	qiao2	赣			1808		
𨝲	kau1	gau1	gao1	赣			1872		
𨝴	fɔŋ5	fong4	huang2	赣			1884		
𨝸	tʰan2	tan2	tan2	赣			1227		
𨞓	yt7	yut6	yu4	赣			1567		
𨞙	tɕʰy2	qyu2	qu2	赣			1636		
𨞚	men5	men4	𨞚5	赣			1146		
𨞛	kot7	got6	ge2	赣			1055		
𨞜	tɕy1	jyu1	𨞜5	赣			1872		
𨞪	seu6	seu5	shou4	赣			1430		
𨞯	muŋ5	mung4	𨞯5	赣			1127		
𨞼	uan6	wan5	wan4	赣			1419		
𨞾	ɕin1	xin1	xing1	赣			1894		
𨞾	ɕin5	xin4	xing1	赣			1494		
𨟃	tsɨn1	zen1	zheng1	赣			1202		
𨟃	tɕin1	jin1	zheng1	赣			1103		
𨟄	fan5	fan4	fan2	赣			1564		
𨟍	kuɔʔ7	guok6	𨟍5	赣			1841		
𨟏	in5	yin4	yin2	赣			1733		
𨟙	in1	yin1	ying1	赣			1147		
𨟙	in3	yin3	ying1	赣			1707		
𨟚	lɔŋ5	long4	rang2	赣			1709		
𨟠	tɕʰyon1	qyuon1	quan1	赣			1206		
𨟠	tɕʰiɔʔ7	qiok6	quan1	赣			1367		
𨟻	tɕiɔŋ5	jiong4	𨟻5	赣			1172		
𨟼	kɔŋ3	gong3	gang3	赣			1009		
𨠒	fan5	fan4	fan4	赣			1801		
𨠔	pʰet8	pet7	bi4	赣			1562		
𨠦	hau2	hau2	xiao2	赣			1897		
𨠨	tɕʰi6	qi5	𨠨5	赣			1721		
𨠾	tʰai6	tai5	𨠾5	赣			1287		
𨡌	lui5	lui4	nei2	赣			1379		
𨡩	pʰot7	pot6	po1	赣			1828		
𨡫	fɨn6	fen5	hun4	赣			1905		
𨡫	fun6	fun5	hun4	赣			1349		
𨡭	mu5	mu4	mu2	赣			1582		
𨡭	meu5	meu4	mu2	赣			1941		
𨡰	tɕiɔŋ5	jiong4	𨡰5	赣			1581		
𨢊	muŋ5	mung4	meng2	赣			1301		
𨢌	lit7	lit6	li4	赣			1091		
𨢍	sɿ6	si5	𨢍5	赣			1109		
𨢐	pɔŋ1	bong1	bang1	赣			1015		
𨢡	pʰi6	pi5	𨢡5	赣			1917		
𨢦	sai5	sai4	shai4	赣			1947		
𨢧	tsa5	za4	𨢧5	赣			1787		
𨢬	tsot7	zot6	zhuo2	赣			1219		
𨢹	tsɨn1	zen1	zheng1	赣			1122		
𨢹	tɕin1	jin1	zheng1	赣			1060		
𨣆	iu3	yiu3	𨣆5	赣			1862		
𨣇	kan5	gan4	jian3	赣			1040		
𨣘	muŋ5	mung4	meng2	赣			1909		
𨣦	ɕy6	xyu5	xu4	赣			1527		
𨣨	lan6	lan5	lan4	赣			1979		
𨣭	tsʰuŋ1	cung1	𨣭5	赣			1397		
𨣱	mot7	mot6	mie4	赣			1943		
𨣻	ien1	yen1	yan1	赣			1891		
𨣼	tsʰuŋ1	cung1	𨣼5	赣			1473		
𨤐	mi5	mi4	𨤐5	赣			1747		
𨤩	tsʰuŋ1	cung1	chong1	赣			1644		
𨥥	kuen3	gun3	𨥥5	赣			1395		
𨥥	kuɔŋ3	guong3	𨥥5	赣			1560		
𨥦	tɕʰi2	qi2	qi2	赣			1374		
𨥳	tɕi1	ji1	𨥳5	赣			1447		
𨥳	tɕʰi2	qi2	𨥳5	赣			1785		
𨦂	lai3	lai3	lai3	赣			1629		
𨦃	to3	do3	duo3	赣			1265		
𨦄	tɕʰien1	qien1	qian1	赣			1293		
𨦭	lau5	lau4	lao2	赣			1142		
𨧦	pi1	bi1	pi1	赣			1114		
𨩪	tsʰen3	cen3	chan3	赣			1015		
𨪉	tʰi2	ti2	ti2	赣			1887		
𨪎	yt7	yut6	yu4	赣			1678		
𨪐	tʰeu6	teu5	dou4	赣			1431		
𨪴	tɕi1	ji1	𨪴5	赣			1533		
𨫔	pʰi6	pi5	zhi4	赣			1783		
𨫔	ɕiet7	xiet6	zhi4	赣			1061		
𨫖	tʰɔŋ3	tong3	𨫖5	赣			1048		
𨬐	tɕʰyot8	qyuot7	jue2	赣			1638		
𨬕	ku1	gu1	gu1	赣			1724		
𨬟	ku1	gu1	𨬟5	赣			1075		
𨮒	men6	men5	meng4	赣			1237		
𨮱	tsʰui6	cui5	𨮱5	赣			1099		
𨯝	tʰui6	tui5	𨯝5	赣			1074		
𨰉	tsʰat8	cat7	𨰉5	赣			1211		
𨰟	pi1	bi1	𨰟5	赣			1736		
𨰠	lo5	lo4	luo2	赣			1629		
𨰿	ɕit7	xit6	xi4	赣			1086		
𨱁	yt7	yut6	yi4	赣			1862		
𨱂	ŋo5	ngo4	e2	赣			1217		
𨱄	tʰet8	tet7	tu2	赣			1636		
𨱄	tʰut8	tut7	tu2	赣			1441		
𨱇	tɕʰiu2	qiu2	qiu2	赣			1970		
𨱌	kuon5	guon4	guan4	赣			1477		
𨱍	lɔŋ5	long4	lang2	赣			1477		
𨱎	tʰeu1	teu1	tou1	赣			1715		
𨱐	leu6	leu5	lou4	赣			1063		
𨱒	seu1	seu1	shou4	赣			1653		
𨱒	seu5	seu4	shou4	赣			1902		
𨱓	tɕieu1	jieu1	jiao1	赣			1816		
𨱓	tɕʰieu2	qieu2	jiao1	赣			1344		
𨱔	tsʰun6	cun5	zun1	赣			1459		
𨱖	ui5	wui4	wei2	赣			1898		
𨱜	tɕʰi2	qi2	qi2	赣			1764		
𨱧	ieu3	yeu3	yao3	赣			1048		
𨱵	lau6	lau5	nao3	赣			1907		
𨱿	suŋ1	sung1	song1	赣			1387		
𨲂	ȵieu3	nieu3	𨲂5	赣			1737		
𨲊	ŋon6	ngon5	an4	赣			1123		
𨲟	iuŋ5	yung4	rong2	赣			1525		
𨲠	tɕia1	jia1	𨲠5	赣			1377		
𨲭	tɕʰieu6	qieu5	jiao4	赣			1746		
𨳌	tsʰen6	cen5	zhen4	赣			1365		
𨳌	tɕʰin6	qin5	zhen4	赣			1953		
𨳗	tsuŋ1	zung1	zhong1	赣			1542		
𨳮	uen1	wun1	𨳮5	赣			1435		
𨳮	uŋ1	wung1	𨳮5	赣			1859		
𨳳	tɕʰy3	qyu3	𨳳5	赣			1472		
𨳺	tʰiet8	tiet7	die2	赣			1013		
𨴒	tɕʰyot7	qyuot6	que4	赣			1147		
𨴖	tsʰuʔ7	cuk6	𨴖5	赣			1635		
𨴙	lɨn6	len5	𨴙5	赣			1933		
𨴬	fuʔ8	fuk7	hu2	赣			1430		
𨵊	tsʰat8	cat7	zhe2	赣			1857		
𨵌	ŋo3	ngo3	e3	赣			1190		
𨵥	sen3	sen3	sheng3	赣			1741		
𨵦	y5	yu4	yu2	赣			1736		
𨵨	ɕyt7	xyut6	𨵨5	赣			1258		
𨵪	ɕiet8	xiet7	xie2	赣			1553		
𨵫	ȵiɔʔ7	niok6	nve4	赣			1285		
𨶃	tsa5	za4	𨶃5	赣			1092		
𨶆	tɕʰiɔŋ1	qiong1	qiang1	赣			1209		
𨶈	tʰɔŋ2	tong2	tang2	赣			1273		
𨶩	hot8	hot7	𨶩5	赣			1878		
𨶪	tɕieu3	jieu3	jiao3	赣			1571		
𨶪	liu5	liu4	jiao3	赣			1175		
𨷓	tɕʰien6	qien5	jian4	赣			1643		
𨷙	suʔ8	suk7	shu2	赣			1883		
𨷚	pʰen3	pen3	𨷚5	赣			1824		
𨷭	tsʰen2	cen2	chan2	赣			1182		
𨷱	tson3	zon3	zhuan3	赣			1702		
𨷹	fɨn1	fen1	𨷹5	赣			1615		
𨷹	fun1	fun1	𨷹5	赣			1571		
𨷺	kieu1	gieu1	𨷺5	赣			1347		
𨷺	tɕiu3	jiu3	𨷺5	赣			1852		
𨷻	lan5	lan4	lan2	赣			1500		
𨷿	ɕiɔŋ5	xiong4	xiang4	赣			1631		
𨸂	pen1	ben1	beng1	赣			1710		
𨸃	san5	san4	san4	赣			1918		
𨸄	han6	han5	xian4	赣			1297		
𨸅	tiet7	diet6	die2	赣			1807		
𨸎	iɔʔ7	yok6	yue4	赣			1654		
𨸏	fu6	fu5	𨸏5	赣			1368		
𨸜	hai1	hai1	hai1	赣			1346		
𨸟	tɕʰy1	qyu1	qu1	赣			1121		
𨸭	pʰo1	po1	po1	赣			1988		
𨸰	tɕiuʔ7	jiuk6	ju2	赣			1541		
𨸱	tʰien3	tien3	tian4	赣			1156		
𨸱	ȵien5	nien4	tian4	赣			1217		
𨹁	fuŋ5	fung4	hong2	赣			1317		
𨹁	kuŋ5	gung4	hong2	赣			1708		
𨹃	to1	do1	duo3	赣			1043		
𨹃	to3	do3	duo3	赣			1788		
𨹄	to1	do1	𨹄5	赣			1594		
𨹄	to3	do3	𨹄5	赣			1947		
𨹆	ɕyon6	xyuon5	xuan4	赣			1415		
𨹵	tɕyon3	jyuon3	juan3	赣			1208		
𨹸	tseu5	zeu4	zhao4	赣			1119		
𨹺	fu6	fu5	𨹺5	赣			1444		
𨺅	fu6	fu5	fu4	赣			1060		
𨺟	tsɨn1	zen1	zheng1	赣			1245		
𨺟	tɕin1	jin1	zheng1	赣			1158		
𨺫	tɕʰien3	qien3	qian3	赣			1228		
𨻵	tsʰui1	cui1	cui1	赣			1994		
𨻷	kʰɔŋ1	kong1	kang1	赣			1370		
𨻻	li3	li3	lou2	赣			1922		
𨻻	leu5	leu4	lou2	赣			1823		
𨻼	pi1	bi1	bi1	赣			1081		
𨻼	pʰi1	pi1	bi1	赣			1640		
𨻾	lui3	lui3	𨻾5	赣			1793		
𨼊	u5	wu4	wu2	赣			1697		
𨼍	hau2	hau2	hao2	赣			1347		
𨼎	tɕyot7	jyuot6	jue2	赣			1899		
𨼏	ɵ5	o4	𨼏5	赣			1488		
𨼑	tsʰa2	ca2	cha2	赣			1836		
𨼒	tsʰen3	cen3	chan3	赣			1742		
𨼔	ɕin5	xin4	xun2	赣			1422		
𨼬	hai6	hai5	xie4	赣			1603		
𨼮	tsʰan6	can5	zhan4	赣			1648		
𨼰	tʰo3	to3	𨼰5	赣			1335		
𨽄	sɿ5	si4	shi4	赣			1565		
𨽍	tʰuʔ8	tuk7	du2	赣			1690		
𨽴	ŋai5	ngai4	𨽴5	赣			1850		
𨽼	sɿ5	si4	si4	赣			1946		
𨽿	tʰai6	tai5	dai4	赣			1612		
𨾂	ui6	wui5	wei4	赣			1254		
𨾉	tɕiu3	jiu3	jiu3	赣			1511		
𨾊	fuŋ5	fung4	hong2	赣			1840		
𨾔	fɔŋ5	fong4	fang4	赣			1820		
𨾗	kʰui2	kui2	kui2	赣			1999		
𨾚	kui1	gui1	gui1	赣			1987		
𨾦	tsʰɿ1	ci1	𨾦5	赣			1418		
𨾴	kui1	gui1	gui1	赣			1843		
𨾵	ɵ5	o4	𨾵5	赣			1165		
𨿐	tsʰui3	cui3	cui3	赣			1527		
𨿠	tsʰui2	cui2	shui4	赣			1908		
𨿠	sui6	sui5	shui4	赣			1374		
𨿯	li5	li4	𨿯5	赣			1019		
𨿿	tsʰuŋ3	cung3	chong3	赣			1000		
𩀋	lɨn5	len4	run2	赣			1729		
𩀋	lun5	lun4	run2	赣			1308		
𩀑	yt7	yut6	𩀑5	赣			1002		
𩀝	tset7	zet6	𩀝5	赣			1511		
𩀝	tɕit7	jit6	𩀝5	赣			1550		
𩀞	tsʰɔŋ1	cong1	cang1	赣			1847		
𩀰	tsʰuŋ2	cung2	𩀰5	赣			1290		
𩀿	tɕin1	jin1	jin1	赣			1689		
𩁌	ui5	wui4	wei2	赣			1485		
𩁘	lan5	lan4	𩁘5	赣			1938		
𩁚	lan5	lan4	𩁚5	赣			1974		
𩁢	lan5	lan4	𩁢5	赣			1663		
𩁣	lan5	lan4	𩁣5	赣			1886		
𩁧	fon6	fon5	𩁧5	赣			1308		
𩁺	san1	san1	shan1	赣			1186		
𩂆	feu3	feu3	fou3	赣			1154		
𩂓	tuŋ1	dung1	dong1	赣			1697		
𩂢	ŋai5	ngai4	yin2	赣			1741		
𩂢	ȵin5	nin4	yin2	赣			1587		
𩂣	lɔʔ7	lok6	luo4	赣			1981		
𩂥	in5	yin4	yin4	赣			1582		
𩂩	lui5	lui4	𩂩5	赣			1897		
𩂹	yt7	yut6	yi4	赣			1322		
𩂻	tsʰet7	cet6	che4	赣			1162		
𩃔	san1	san1	𩃔5	赣			1325		
𩃔	tɕien1	jien1	𩃔5	赣			1965		
𩃗	ien3	yen3	𩃗5	赣			1216		
𩃙	kuen1	gun1	gong1	赣			1899		
𩃢	san1	san1	𩃢5	赣			1590		
𩃢	tɕien1	jien1	𩃢5	赣			1478		
𩃵	len3	len3	ran3	赣			1210		
𩃶	pʰot8	pot7	bo2	赣			1053		
𩃾	fɨi3	fei3	hui3	赣			1334		
𩃾	fɨi3	fei3	hui3	赣			1650		
𩄀	lɨn5	len4	𩄀5	赣			1874		
𩄁	fɨi3	fei3	𩄁5	赣			1315		
𩄁	fɨi3	fei3	𩄁5	赣			1681		
𩄙	hon2	hon2	han2	赣			1729		
𩄚	tsɿ1	zi1	zi1	赣			1486		
𩄡	lien5	lien4	lian2	赣			1386		
𩅀	tien5	dien4	dian4	赣			1862		
𩅂	tʰon2	ton2	𩅂5	赣			1127		
𩅄	luʔ7	luk6	lu4	赣			1646		
𩅟	pʰɔʔ7	pok6	𩅟5	赣			1372		
𩅟	pʰɔʔ8	pok7	𩅟5	赣			1989		
𩅦	uan1	wan1	wan1	赣			1355		
𩅧	tsuŋ1	zung1	zhong1	赣			1282		
𩅨	tsʰen2	cen2	cen2	赣			1727		
𩅼	tɕien1	jien1	jian1	赣			1707		
𩅽	luŋ5	lung4	nong2	赣			1263		
𩅿	fɔʔ7	fok6	fu4	赣			1425		
𩆂	tsɿ1	zi1	ci2	赣			1374		
𩆂	tsʰɿ2	ci2	ci2	赣			1711		
𩆈	lɨn5	len4	𩆈5	赣			1905		
𩆑	son1	son1	suan1	赣			1211		
𩆚	lɨn5	len4	ling2	赣			1798		
𩆜	lɨn5	len4	𩆜5	赣			1804		
𩆮	lɨn5	len4	ling2	赣			1958		
𩆵	sɿ1	si1	si1	赣			1054		
𩆵	ɕien5	xien4	si1	赣			1308		
𩆶	lɔŋ5	long4	rang2	赣			1022		
𩆸	tsʰɔʔ7	cok6	zhuo2	赣			1656		
𩆸	tsʰɔʔ8	cok7	zhuo2	赣			1904		
𩇕	tɕʰin6	qin5	jing4	赣			1048		
𩇠	ŋot7	ngot6	e4	赣			1651		
𩇪	fɨi6	fei5	𩇪5	赣			1492		
𩇪	fɨi6	fei5	𩇪5	赣			1605		
𩇯	pʰi6	pi5	fei2	赣			1692		
𩇯	fɨi5	fei4	fei2	赣			1600		
𩇯	fɨi5	fei4	fei2	赣			1988		
𩈉	tan5	dan4	dan4	赣			1217		
𩈎	tsʰau3	cau3	chao3	赣			1068		
𩈜	tui1	dui1	dui1	赣			1325		
𩈡	ɕin1	xin1	xing4	赣			1701		
𩈣	hon1	hon1	han1	赣			1320		
𩈬	uan5	wan4	wan4	赣			1798		
𩈭	ȵi6	ni5	yi4	赣			1052		
𩈵	lan5	lan4	lan2	赣			1237		
𩈶	lan3	lan3	nan3	赣			1887		
𩈹	mien6	mien5	mian4	赣			1764		
𩈻	tsan5	zan4	can2	赣			1247		
𩈻	tsʰan2	can2	can2	赣			1665		
𩉥	ɕyon6	xyuon5	xuan4	赣			1913		
𩉦	kuen1	gun1	𩉦5	赣			1767		
𩉪	iuŋ6	yung5	𩉪5	赣			1941		
𩉬	tɕʰi2	qi2	qi2	赣			1587		
𩉺	tʰo2	to2	tuo2	赣			1181		
𩉼	sɨn1	sen1	shen1	赣			1031		
𩉼	ɕin1	xin1	shen1	赣			1671		
𩊄	tsʰɛu6	ceu5	zhou4	赣			1560		
𩊄	tɕʰiu6	qiu5	zhou4	赣			1525		
𩊙	fuʔ8	fuk7	𩊙5	赣			1290		
𩊚	lɔʔ7	lok6	luo4	赣			1344		
𩊜	to3	do3	duo4	赣			1187		
𩊜	tʰo6	to5	duo4	赣			1864		
𩊝	tsɿ5	zi4	zhi4	赣			1942		
𩊞	tsɿ5	zi4	𩊞5	赣			1466		
𩊪	tʰeu6	teu5	dou4	赣			1484		
𩊭	tʰui6	tui5	dui4	赣			1710		
𩊮	sa1	sa1	sha1	赣			1720		
𩊮	so1	so1	sha1	赣			1921		
𩋁	tsot7	zot6	zhuo2	赣			1072		
𩋄	tsʰeu3	ceu3	chou3	赣			1073		
𩋆	kʰan1	kan1	qian1	赣			1436		
𩋇	piet7	biet6	𩋇5	赣			1813		
𩋊	ŋot7	ngot6	e4	赣			1854		
𩋊	iet7	yet6	e4	赣			1298		
𩋏	ȵiet7	niet6	nie4	赣			1969		
𩋟	fuʔ8	fuk7	fu2	赣			1777		
𩋠	mien3	mien3	mian3	赣			1765		
𩋡	sɛt7	set6	shi4	赣			1631		
𩋡	ɕit7	xit6	shi4	赣			1877		
𩋢	ɕyon5	xyuon4	xuan4	赣			1298		
𩋥	ha2	ha2	𩋥5	赣			1790		
𩋦	tʰon6	ton5	𩋦5	赣			1839		
𩋩	tsʰɿ6	ci5	zhi4	赣			1128		
𩋪	ȵi3	ni3	ni3	赣			1086		
𩋬	iɔŋ5	yong4	yang2	赣			1064		
𩌃	kʰui6	kui5	huai2	赣			1277		
𩌄	tsʰeu3	ceu3	chou3	赣			1810		
𩌈	sɔʔ7	sok6	suo3	赣			1378		
𩌊	hɔʔ7	hok6	xue4	赣			1050		
𩌍	kat7	gat6	jia3	赣			1980		
𩌏	pʰu6	pu5	bo2	赣			1221		
𩌏	pɔʔ7	bok6	bo2	赣			1675		
𩌑	yon3	yuon3	yuan3	赣			1208		
𩌥	hɔʔ7	hok6	𩌥5	赣			1747		
𩌦	sɿ3	si3	𩌦5	赣			1618		
𩌨	suŋ5	sung4	chong2	赣			1660		
𩌬	tsɔŋ1	zong1	zhang1	赣			1893		
𩌮	ɕiuʔ8	xiuk7	xu4	赣			1046		
𩌰	san1	san1	shan1	赣			1699		
𩌱	seu1	seu1	𩌱5	赣			1218		
𩍃	mai5	mai4	mai2	赣			1121		
𩍅	tʰuŋ2	tung2	tong2	赣			1414		
𩍆	ɕit7	xit6	xi4	赣			1481		
𩍔	tɕʰiuʔ7	qiuk6	ju1	赣			1930		
𩍕	tset7	zet6	𩍕5	赣			1703		
𩍖	it7	yit6	yi4	赣			1528		
𩍙	set7	set6	se4	赣			1914		
𩍜	tʰɔʔ8	tok7	duo2	赣			1460		
𩍦	ȵi3	ni3	ni3	赣			1437		
𩍲	tsɿ1	zi1	zhi1	赣			1140		
𩍴	tsʰon2	con2	𩍴5	赣			1552		
𩍿	pʰɔʔ8	pok7	bo2	赣			1944		
𩎀	tɕien1	jien1	𩎀5	赣			1303		
𩎈	tson1	zon1	𩎈5	赣			1383		
𩎈	tsʰon2	con2	𩎈5	赣			1391		
𩎉	sɿ3	si3	xi3	赣			1078		
𩎌	ɕien5	xien4	𩎌5	赣			1802		
𩎑	tson1	zon1	zuan1	赣			1151		
𩎔	kau1	gau1	jiao1	赣			1768		
𩎕	sat7	sat6	sa3	赣			1533		
𩎕	ɕit7	xit6	sa3	赣			1624		
𩎚	tsʰet7	cet6	che4	赣			1831		
𩎧	fuʔ8	fuk7	𩎧5	赣			1704		
𩎯	ui5	wui4	𩎯5	赣			1557		
𩎺	yon3	yuon3	𩎺5	赣			1244		
𩏇	tʰon3	ton3	duan4	赣			1578		
𩏇	tʰon6	ton5	duan4	赣			1934		
𩏑	hon2	hon2	𩏑5	赣			1767		
𩏚	sui6	sui5	sui4	赣			1028		
𩏩	ɕien1	xien1	xian3	赣			1319		
𩏩	ɕien3	xien3	xian3	赣			1318		
𩏼	lat7	lat6	na4	赣			1666		
𩏽	tsʰet8	cet7	zhai2	赣			1970		
𩐀	ha2	ha2	xia2	赣			1930		
𩐅	sat7	sat6	sa4	赣			1171		
𩐌	tʰui6	tui5	dui4	赣			1413		
𩐏	fan5	fan4	𩐏5	赣			1243		
𩐒	tɕi1	ji1	𩐒5	赣			1553		
𩐟	pɔʔ7	bok6	𩐟5	赣			1381		
𩐠	fuŋ1	fung1	hong1	赣			1821		
𩐨	pʰɔŋ1	pong1	pang1	赣			1763		
𩐨	pʰɔŋ2	pong2	pang1	赣			1561		
𩐭	ȵiet7	niet6	nie4	赣			1113		
𩐱	iɛt8	yet7	ye4	赣			1552		
𩐵	tʰuŋ6	tung5	dong4	赣			1026		
𩑂	tsʰɔʔ7	cok6	zhuo2	赣			1773		
𩑂	tsʰɔʔ8	cok7	zhuo2	赣			1387		
𩑃	ȵiet7	niet6	ye4	赣			1062		
𩑐	tsʰai1	cai1	chai1	赣			1281		
𩑒	tʰɔʔ8	tok7	duo2	赣			1319		
𩑗	ieu1	yeu1	yao1	赣			1031		
𩑛	fat7	fat6	𩑛5	赣			1049		
𩑟	kʰon1	kon1	kan1	赣			1303		
𩑢	pʰi2	pi2	pei2	赣			1540		
𩑢	pʰai2	pai2	pei2	赣			1132		
𩑣	iu6	yiu5	you4	赣			1140		
𩑤	ŋau3	ngau3	ao3	赣			1411		
𩑦	mɛt7	met6	mo4	赣			1190		
𩑦	ut7	wut6	mo4	赣			1900		
𩑳	tɕʰien3	qien3	qian3	赣			1198		
𩑵	ui6	wui5	wei4	赣			1981		
𩑶	fu5	fu4	hu2	赣			1889		
𩑷	mot7	mot6	mo4	赣			1919		
𩑸	ho1	ho1	he1	赣			1482		
𩑸	ho3	ho3	he1	赣			1233		
𩑹	ɕyon6	xyuon5	xuan4	赣			1475		
𩒉	tsen5	zen4	𩒉5	赣			1223		
𩒉	tɕin5	jin4	𩒉5	赣			1764		
𩒝	tien3	dien3	gen3	赣			1312		
𩒣	tsʰen6	cen5	qian3	赣			1781		
𩒥	tɕʰien3	qien3	𩒥5	赣			1611		
𩒮	tɕʰiu2	qiu2	qiu2	赣			1083		
𩒰	ŋo3	ngo3	e3	赣			1333		
𩒰	ŋo5	ngo4	e3	赣			1744		
𩒱	kʰun1	kun1	𩒱5	赣			1828		
𩒱	kʰun3	kun3	𩒱5	赣			1831		
𩒵	tɕʰyn3	qyun3	qing3	赣			1671		
𩒺	fu6	fu5	fu4	赣			1541		
𩓏	tɕʰyn3	qyun3	𩓏5	赣			1422		
𩓝	pʰiet8	piet7	bie2	赣			1705		
𩓞	tɕʰin6	qin5	jing4	赣			1736		
𩓡	kui1	gui1	𩓡5	赣			1529		
𩓧	ɕyon1	xyuon1	yi2	赣			1744		
𩓨	tɕin1	jin1	jing1	赣			1812		
𩓬	tʰui2	tui2	tui2	赣			1548		
𩓸	kui1	gui1	𩓸5	赣			1088		
𩓾	len5	len4	𩓾5	赣			1053		
𩔀	uai6	wai5	wai4	赣			1462		
𩔁	fɨi3	fei3	hui4	赣			1674		
𩔁	fɨi3	fei3	hui4	赣			1390		
𩔂	tʰɨn6	ten5	dun4	赣			1175		
𩔂	tʰun6	tun5	dun4	赣			1083		
𩔃	yon3	yuon3	yuan3	赣			1520		
𩔇	lau3	lau3	gao3	赣			1179		
𩔈	pʰɔʔ7	pok6	po4	赣			1377		
𩔊	tsʰon6	con5	zhuan4	赣			1956		
𩔚	uŋ1	wung1	weng1	赣			1830		
𩔞	hon2	hon2	𩔞5	赣			1175		
𩔣	tsen1	zen1	zhan1	赣			1502		
𩔴	ɕiuʔ7	xiuk6	xu4	赣			1464		
𩔶	ma5	ma4	ma2	赣			1719		
𩔹	pi1	bi1	bei1	赣			1503		
𩕊	tsen3	zen3	zhan3	赣			1054		
𩕍	hau2	hau2	gao3	赣			1976		
𩕏	pʰo2	po2	po2	赣			1217		
𩕐	lieu6	lieu5	liao4	赣			1528		
𩕔	len3	len3	𩕔5	赣			1031		
𩕔	lɨn6	len5	𩕔5	赣			1847		
𩕖	ɕyon1	xyuon1	xuan1	赣			1920		
𩕡	set7	set6	se4	赣			1917		
𩕢	tɛn3	den3	𩕢5	赣			1563		
𩕧	sun5	sun4	𩕧5	赣			1117		
𩕯	tau1	dau1	dao1	赣			1956		
𩕰	mien5	mien4	𩕰5	赣			1770		
𩕲	i1	yi1	yi1	赣			1081		
𩕳	ȵin3	nin3	ning3	赣			1925		
𩕾	ȵyon6	nyuon5	yuan4	赣			1474		
𩖄	tɕʰin3	qin3	yin3	赣			1574		
𩖉	fen1	fen1	hong1	赣			1867		
𩖊	lɨn5	len4	ling2	赣			1683		
𩖎	fen1	fen1	𩖎5	赣			1676		
𩖕	ɕy1	xyu1	xu1	赣			1560		
𩖗	tɕʰin6	qin5	jin4	赣			1367		
𩖗	in6	yin5	jin4	赣			1171		
𩖛	pʰieu2	pieu2	peng2	赣			1634		
𩖛	pʰuŋ2	pung2	peng2	赣			1695		
𩖣	ɕin5	xin4	xin2	赣			1997		
𩖴	liu3	liu3	liu3	赣			1779		
𩖼	fɨt7	fet6	fu2	赣			1222		
𩖼	fuʔ7	fuk6	fu2	赣			1325		
𩗄	fuŋ1	fung1	hong1	赣			1944		
𩗔	lui3	lui3	nei3	赣			1879		
𩗬	liɔŋ5	liong4	𩗬5	赣			1367		
𩗬	liɔŋ6	liong5	𩗬5	赣			1652		
𩗯	ui1	wui1	𩗯5	赣			1385		
𩘅	kai1	gai1	jie1	赣			1002		
𩘍	yon3	yuon3	yuan4	赣			1358		
𩘎	fuŋ5	fung4	hong2	赣			1816		
𩘐	ɕyt7	xyut6	𩘐5	赣			1265		
𩘑	in3	yin3	ying3	赣			1040		
𩘚	ui3	wui3	𩘚5	赣			1723		
𩘡	li6	li5	li4	赣			1266		
𩘽	tsen1	zen1	zheng1	赣			1003		
𩙅	yt7	yut6	𩙅5	赣			1457		
𩙒	pʰieu1	pieu1	piao1	赣			1150		
𩙚	ɕieu1	xieu1	xiao1	赣			1957		
𩙛	fen1	fen1	hong1	赣			1283		
𩙥	fat7	fat6	ba2	赣			1098		
𩙥	pʰot8	pot7	ba2	赣			1362		
𩙧	tʰau2	tau2	tao2	赣			1507		
𩙨	suʔ7	suk6	su4	赣			1767		
𩙨	ɕiuʔ7	xiuk6	su4	赣			1008		
𩙫	sau1	sau1	sou1	赣			1015		
𩙮	hau1	hau1	xiao1	赣			1878		
𩙯	fen5	fen4	heng2	赣			1241		
𩙲	fɨi1	fei1	fei1	赣			1142		
𩙲	fɨi1	fei1	fei1	赣			1700		
𩙺	it7	yit6	𩙺5	赣			1226		
𩙽	fan5	fan4	huan2	赣			1016		
𩚖	ȵiu6	niu5	niu4	赣			1528		
𩚬	ŋiet7	ngiet6	e4	赣			1521		
𩚭	pʰeu3	peu3	pou2	赣			1104		
𩚯	ȵi5	ni4	ni2	赣			1388		
𩚱	kuen3	gun3	jiong3	赣			1581		
𩚱	tɕiɔŋ3	jiong3	jiong3	赣			1720		
𩚳	fan6	fan5	𩚳5	赣			1901		
𩚴	yot7	yuot6	𩚴5	赣			1935		
𩚴	yt7	yut6	𩚴5	赣			1809		
𩚹	lɨn5	len4	ling2	赣			1317		
𩛁	pau3	bau3	𩛁5	赣			1157		
𩛎	mon3	mon3	man3	赣			1707		
𩛛	i5	yi4	𩛛5	赣			1484		
𩛠	tso1	zo1	zuo1	赣			1449		
𩛢	ɕiu1	xiu1	xiu1	赣			1239		
𩛥	tsai5	zai4	zai4	赣			1672		
𩛺	tɕiuʔ7	jiuk6	ju2	赣			1437		
𩛿	ɕin5	xin4	𩛿5	赣			1438		
𩜁	lɨn5	len4	ling2	赣			1888		
𩜉	sa3	sa3	𩜉5	赣			1858		
𩜍	tuŋ1	dung1	dong1	赣			1465		
𩜏	y5	yu4	𩜏5	赣			1109		
𩜮	tsʰɿ3	ci3	𩜮5	赣			1084		
𩜯	seu1	seu1	𩜯5	赣			1540		
𩜰	pʰɛt7	pet6	pi4	赣			1758		
𩜴	tsʰɿ2	ci2	𩜴5	赣			1484		
𩜼	sɿ6	si5	𩜼5	赣			1920		
𩜾	tsen1	zen1	𩜾5	赣			1699		
𩝙	sɿ6	si5	𩝙5	赣			1810		
𩝛	hat8	hat7	xia2	赣			1706		
𩝝	kʰau3	kau3	kao4	赣			1852		
𩝡	tɕʰien3	qien3	𩝡5	赣			1966		
𩝢	lo3	lo3	𩝢5	赣			1101		
𩝣	tat7	dat6	da1	赣			1808		
𩝧	ɕiu1	xiu1	𩝧5	赣			1780		
𩝨	fai1	fai1	hua1	赣			1994		
𩝰	pau3	bau3	𩝰5	赣			1826		
𩝸	yon1	yuon1	yuan1	赣			1577		
𩞁	mo5	mo4	mo2	赣			1528		
𩞃	sɔŋ3	song3	shang3	赣			1346		
𩞉	tsʰuŋ2	cung2	chong2	赣			1715		
𩞐	tsʰuŋ2	cung2	𩞐5	赣			1679		
𩞧	sɔŋ3	song3	shang3	赣			1415		
𩞬	ten5	den4	deng4	赣			1256		
𩞿	hon3	hon3	han4	赣			1103		
𩟂	kuo5	guo4	guo4	赣			1614		
𩟃	lɨn5	len4	ling2	赣			1966		
𩟇	ŋau5	ngau4	ao4	赣			1865		
𩟊	lɔŋ5	long4	nong2	赣			1102		
𩟊	luŋ5	lung4	nong2	赣			1625		
𩟓	uot7	wot6	wo4	赣			1258		
𩟦	tɕʰiet8	qiet7	jie2	赣			1646		
𩟭	luŋ5	lung4	long2	赣			1487		
𩟿	lat7	lat6	na4	赣			1171		
𩠈	len3	len3	ren3	赣			1417		
𩠈	ȵin3	nin3	ren3	赣			1295		
𩠐	seu3	seu3	𩠐5	赣			1498		
𩠐	ɕiu3	xiu3	𩠐5	赣			1650		
𩠑	tin3	din3	ding3	赣			1471		
𩠖	fat7	fat6	𩠖5	赣			1235		
𩠞	i5	yi4	𩠞5	赣			1459		
𩠢	i5	yi4	𩠢5	赣			1434		
𩠣	tɕiet7	jiet6	𩠣5	赣			2000		
𩠹	tson1	zon1	tuan2	赣			1619		
𩡔	hot7	hot6	hai4	赣			1578		
𩡕	pʰen2	pen2	peng2	赣			1370		
𩡝	tʰan2	tan2	tan2	赣			1901		
𩡩	pat7	bat6	ba1	赣			1659		
𩡻	ieu3	yeu3	𩡻5	赣			1262		
𩢎	tuʔ7	duk6	duo1	赣			1507		
𩢏	tset7	zet6	𩢏5	赣			1287		
𩢏	tɕit7	jit6	𩢏5	赣			1631		
𩢑	tsʰɿ3	ci3	ci3	赣			1967		
𩢔	pon5	bon4	ban4	赣			1173		
𩢕	pʰu6	pu5	bu4	赣			1657		
𩢛	kot7	got6	ge2	赣			1480		
𩢮	ɕiu1	xiu1	xiu1	赣			1327		
𩢰	fuʔ8	fuk7	fu2	赣			1061		
𩢱	fɨi5	fei4	hui2	赣			1241		
𩢱	fɨi5	fei4	hui2	赣			1992		
𩢳	tɕʰy2	qyu2	qu2	赣			1446		
𩢷	met7	met6	mo4	赣			1104		
𩢺	ɕyon1	xyuon1	𩢺5	赣			1620		
𩢼	kʰuɔŋ1	kuong1	kuang1	赣			1132		
𩢽	tɕʰiuŋ2	qiung2	qiong2	赣			1335		
𩣐	fɔŋ1	fong1	𩣐5	赣			1241		
𩣘	ȵiet7	niet6	nie4	赣			1581		
𩣝	pʰu6	pu5	bu4	赣			1526		
𩣡	pʰɔʔ7	pok6	bo2	赣			1788		
𩣯	tʰat8	tat7	da2	赣			1709		
𩣱	liuʔ7	liuk6	lu4	赣			1274		
𩣽	tɕʰiuʔ8	qiuk7	𩣽5	赣			1898		
𩤠	hai2	hai2	xie2	赣			1230		
𩤥	han2	han2	xian2	赣			1909		
𩤽	tʰi1	ti1	ti1	赣			1576		
𩥆	li6	li5	lv4	赣			1224		
𩥈	uen1	wun1	wen1	赣			1169		
𩥓	tʰau1	tau1	𩥓5	赣			1317		
𩥮	san3	san3	chan3	赣			1097		
𩦂	han2	han2	xian2	赣			1811		
𩦌	sɔŋ1	song1	sang1	赣			1080		
𩦎	fɨi3	fei3	fei1	赣			1002		
𩦎	fɨi3	fei3	fei1	赣			1908		
𩦡	y5	yu4	yu2	赣			1524		
𩦡	y6	yu5	yu2	赣			1362		
𩦢	ȵy5	nyu4	yu2	赣			1945		
𩦶	tʰuŋ2	tung2	𩦶5	赣			1203		
𩦺	muŋ5	mung4	meng2	赣			1118		
𩧃	li6	li5	li4	赣			1031		
𩧉	kuɔŋ1	guong1	guang1	赣			1291		
𩧋	li5	li4	li2	赣			1883		
𩧐	tʰɔʔ7	tok6	tuo1	赣			1621		
𩧐	lɔʔ7	lok6	tuo1	赣			1214		
𩧦	kai5	gai4	jie4	赣			1002		
𩧨	tsʰɛu6	ceu5	zhou4	赣			1481		
𩧨	tɕʰiu6	qiu5	zhou4	赣			1964		
𩧪	lɔŋ5	long4	long2	赣			1939		
𩧪	pʰuŋ2	pung2	long2	赣			1810		
𩧫	ŋɔŋ3	ngong3	yang3	赣			1164		
𩧫	iɔŋ3	yong3	yang3	赣			1916		
𩧭	tʰiet8	tiet7	yi4	赣			1559		
𩧭	it7	yit6	yi4	赣			1381		
𩧮	liet7	liet6	lie4	赣			1604		
𩧯	pot7	bot6	bo1	赣			1989		
𩧰	fɨn5	fen4	hun2	赣			1081		
𩧰	fun5	fun4	hun2	赣			1341		
𩧱	tɕi5	ji4	ji4	赣			1598		
𩧲	tʰuŋ6	tung5	dong4	赣			1489		
𩧳	tsɛu1	zeu1	zhou1	赣			1911		
𩧳	tɕiu1	jiu1	zhou1	赣			1126		
𩧴	tɕʰyon1	qyuon1	quan1	赣			1467		
𩧵	tɕʰit7	qit6	jie2	赣			1123		
𩧺	tɕʰiuʔ8	qiuk7	ju2	赣			1261		
𩧿	pit7	bit6	bi1	赣			1598		
𩨃	tɕien1	jien1	qian2	赣			1579		
𩨃	tɕʰien2	qien2	qian2	赣			1079		
𩨄	seu1	seu1	sou1	赣			1759		
𩨈	y5	yu4	yu2	赣			1546		
𩨊	tɕʰien2	qien2	qian2	赣			1024		
𩨋	tien1	dien1	dian1	赣			1785		
𩨌	tʰat7	tat6	ta3	赣			1862		
𩨍	tsen5	zen4	zhan4	赣			1598		
𩨏	fan5	fan4	fan2	赣			1208		
𩨭	tɕʰye1	qyue1	que1	赣			1275		
𩨳	tuʔ7	duk6	ku1	赣			1502		
𩨴	ieu3	yeu3	yao3	赣			1790		
𩨷	tɕʰye1	qyue1	que1	赣			1812		
𩨾	ua5	wa4	wa2	赣			1034		
𩩈	kui5	gui4	𩩈5	赣			1586		
𩩌	kun3	gun3	gun3	赣			1896		
𩩘	y3	yu3	yu3	赣			1021		
𩩝	kʰɔŋ1	kong1	qiang1	赣			1640		
𩩠	tsʰuʔ8	cuk7	zu2	赣			1965		
𩩯	pʰien6	pien5	bian4	赣			1116		
𩩱	kʰa3	ka3	qia4	赣			1683		
𩩲	hot8	hot7	he2	赣			1874		
𩪉	ɕiuʔ7	xiuk6	xu4	赣			1256		
𩪋	ŋau5	ngau4	𩪋5	赣			1191		
𩪍	tɕʰy1	qyu1	qu1	赣			1105		
𩪐	kuet7	guet6	guo2	赣			1015		
𩪕	ŋau5	ngau4	𩪕5	赣			1363		
𩪘	tsʰɔŋ2	cong2	chuang2	赣			1522		
𩪜	tɕʰyot8	qyuot7	𩪜5	赣			1385		
𩪡	tʰɨn2	ten2	𩪡5	赣			1276		
𩪡	tʰun2	tun2	𩪡5	赣			1066		
𩪧	pʰet8	pet7	bi4	赣			1096		
𩪲	hat8	hat7	𩪲5	赣			1210		
𩫀	kʰai3	kai3	kai4	赣			1146		
𩫏	kuɔʔ7	guok6	guo1	赣			1351		
𩫥	tsʰau2	cau2	cao2	赣			1919		
𩫧	yon5	yuon4	𩫧5	赣			1605		
𩫫	pʰi2	pi2	pi2	赣			1978		
𩫿	tsʰen2	cen2	𩫿5	赣			1913		
𩬑	tien1	dien1	dian1	赣			1109		
𩬙	fu1	fu1	fu4	赣			1665		
𩬙	fu5	fu4	fu4	赣			1021		
𩬜	tɕiuʔ7	jiuk6	ju2	赣			1068		
𩬠	tʰai1	tai1	tai1	赣			1948		
𩬰	tɕʰiuŋ2	qiung2	qiong2	赣			1460		
𩬶	sɿ5	si4	𩬶5	赣			1999		
𩬹	kʰuɔŋ1	kuong1	kuang1	赣			1818		
𩭇	li5	li4	li2	赣			1243		
𩭓	tɕiu1	jiu1	jiu1	赣			1879		
𩭩	tuŋ5	dung4	dong4	赣			1359		
𩭹	san1	san1	𩭹5	赣			1917		
𩭾	mau5	mau4	mao2	赣			1856		
𩮀	tsuŋ1	zung1	zong1	赣			1215		
𩮀	tsuŋ3	zung3	zong1	赣			1604		
𩮁	kat7	gat6	qia4	赣			1476		
𩮁	kʰat7	kat6	qia4	赣			1250		
𩮂	hat7	hat6	xia1	赣			1844		
𩮜	tʰit7	tit6	ti4	赣			1010		
𩮝	ŋat7	ngat6	ya4	赣			1553		
𩮳	pʰieu6	pieu5	piao4	赣			1049		
𩮶	seu1	seu1	sou1	赣			1576		
𩮷	teu1	deu1	dou1	赣			1298		
𩯄	tsun5	zun4	zun4	赣			1621		
𩯅	fu5	fu4	𩯅5	赣			1431		
𩯅	fuʔ7	fuk6	𩯅5	赣			1429		
𩯊	lieu5	lieu4	liao2	赣			1965		
𩯋	tɕit7	jit6	ji3	赣			1351		
𩯌	pot7	bot6	bo1	赣			1581		
𩯏	puʔ7	buk6	bu3	赣			1060		
𩯒	tsan5	zan4	zan4	赣			1779		
𩯨	ȵi3	ni3	ni3	赣			1755		
𩯭	pen5	ben4	𩯭5	赣			1534		
𩯰	tɕi5	ji4	jie2	赣			1867		
𩯰	tɕiet7	jiet6	jie2	赣			1310		
𩯷	tɕi5	ji4	𩯷5	赣			1890		
𩰝	pʰən1	pen1	𩰝5	赣			1171		
𩰢	sɿ3	si3	shi3	赣			1907		
𩰢	sɿ5	si4	shi3	赣			1182		
𩰥	tɕiɔʔ7	jiok6	𩰥5	赣			1762		
𩰪	yt7	yut6	yu4	赣			1773		
𩰫	kuo1	guo1	𩰫5	赣			1869		
𩰬	kuo1	guo1	guo1	赣			1704		
𩰰	tɕin5	jin4	𩰰5	赣			1285		
𩰳	fɨi5	fei4	xie2	赣			1801		
𩰳	fɨi5	fei4	xie2	赣			1723		
𩰴	ɵ5	o4	er2	赣			1509		
𩰾	fɨi5	fei4	fei4	赣			1262		
𩰾	fɨi5	fei4	fei4	赣			1594		
𩱈	tsʰau3	cau3	chao3	赣			1861		
𩱓	ɵ6	o5	er3	赣			1639		
𩱖	suʔ7	suk6	𩱖5	赣			1452		
𩱚	pʰet8	pet7	bo2	赣			1563		
𩱛	tsuŋ3	zung3	𩱛5	赣			1282		
𩱜	ȵiuʔ7	niuk6	𩱜5	赣			1340		
𩱝	kʰiet7	kiet6	ye4	赣			1447		
𩱡	tɕien1	jien1	𩱡5	赣			1098		
𩱤	tɕien1	jien1	𩱤5	赣			1429		
𩱦	tsʰau3	cau3	chao3	赣			1495		
𩱧	kien1	gien1	geng1	赣			1990		
𩱭	tsen5	zen4	𩱭5	赣			1049		
𩱱	yt7	yut6	yu4	赣			1904		
𩱲	iɔʔ7	yok6	yue4	赣			1078		
𩱴	ɕieu1	xieu1	xiao1	赣			1250		
𩱷	mot7	mot6	mie4	赣			1836		
𩱷	miet7	miet6	mie4	赣			1321		
𩲄	ui5	wui4	wei4	赣			1730		
𩲏	fa5	fa4	hua4	赣			1664		
𩳍	in3	yin3	ying3	赣			1088		
𩳔	ŋau6	ngau5	yao4	赣			1195		
𩴆	tɕi3	ji3	𩴆5	赣			1426		
𩴆	tɕʰi2	qi2	𩴆5	赣			1913		
𩴓	lo5	lo4	nuo2	赣			1534		
𩴱	pin1	bin1	bin1	赣			1237		
𩴳	tsʰat8	cat7	cha4	赣			1295		
𩵀	lɨn5	len4	ling2	赣			1157		
𩵌	ɕieu3	xieu3	𩵌5	赣			1085		
𩵏	fa5	fa4	hua4	赣			1081		
𩵖	ɕieu3	xieu3	xiao3	赣			1265		
𩵢	hot7	hot6	he4	赣			1950		
𩵣	pʰi1	pi1	pei1	赣			1626		
𩵥	fɨi6	fei5	fei4	赣			1223		
𩵥	fɨi6	fei5	fei4	赣			1322		
𩵭	uɔŋ5	wong4	wang2	赣			1207		
𩶅	tsʰɿ1	ci1	chi1	赣			1284		
𩶆	tɕʰi6	qi5	𩶆5	赣			1934		
𩶇	sɨn3	sen3	shen3	赣			1295		
𩶇	ɕin3	xin3	shen3	赣			1661		
𩶤	ɕien3	xien3	xian3	赣			1352		
𩷍	yt7	yut6	yi4	赣			1838		
𩷎	tʰit7	tit6	di2	赣			1957		
𩷎	tʰit8	tit7	di2	赣			1606		
𩷏	tɕʰin2	qin2	qing2	赣			1516		
𩷏	ɕin6	xin5	qing2	赣			1405		
𩷒	tɕʰin2	qin2	𩷒5	赣			1834		
𩷕	lɔŋ5	long4	lang2	赣			1277		
𩹂	ui6	wui5	wei4	赣			1429		
𩹄	hai3	hai3	hai4	赣			1484		
𩹇	tʰin2	tin2	ting2	赣			1607		
𩹈	tsʰɿ6	ci5	zhi4	赣			1505		
𩹉	fɨi1	fei1	fei1	赣			1268		
𩹉	fɨi1	fei1	fei1	赣			1328		
𩹍	kʰui2	kui2	kui2	赣			1252		
𩹏	pʰa6	pa5	ba4	赣			1223		
𩹟	lai6	lai5	nai4	赣			1169		
𩹲	pʰu1	pu1	𩹲5	赣			1446		
𩹳	so3	so3	suo3	赣			1509		
𩹶	tʰɔŋ2	tong2	tang2	赣			1783		
𩹺	kiet7	giet6	ge2	赣			1512		
𩹼	hon6	hon5	han4	赣			1840		
𩹿	kiet7	giet6	ge2	赣			1335		
𩺀	tɕit7	jit6	𩺀5	赣			1120		
𩺰	ȵy5	nyu4	yu2	赣			1916		
𩺱	ȵit7	nit6	ni4	赣			1866		
𩺵	sen1	sen1	shen1	赣			1687		
𩺽	pʰɔʔ7	pok6	𩺽5	赣			1789		
𩺽	pʰɔʔ8	pok7	𩺽5	赣			1374		
𩻛	tsʰen2	cen2	cen2	赣			1792		
𩻛	tɕin1	jin1	cen2	赣			1558		
𩻜	lɨn5	len4	lin2	赣			1485		
𩻝	tsʰon6	con5	zhuan4	赣			1167		
𩻟	fɨi1	fei1	hui1	赣			1388		
𩻟	fɨi1	fei1	hui1	赣			1875		
𩻟	ui5	wui4	hui1	赣			1696		
𩻼	tsʰɿ6	ci5	zhi4	赣			1928		
𩻼	tɕʰi6	qi5	zhi4	赣			1386		
𩼅	iuŋ6	yung5	rong3	赣			1738		
𩼈	ŋau5	ngau4	ao4	赣			1602		
𩼊	lo5	lo4	luo2	赣			1438		
𩼋	ȵiet7	niet6	ye4	赣			1779		
𩼝	tsʰɔŋ2	cong2	𩼝5	赣			1275		
𩼪	ȵy5	nyu4	𩼪5	赣			1107		
𩼼	tsen1	zen1	zhan1	赣			1831		
𩽁	pieu1	bieu1	biao1	赣			1273		
𩽏	lit7	lit6	li4	赣			1912		
𩽛	pʰɔʔ8	pok7	bo2	赣			1529		
𩽜	tɕien3	jien3	jian3	赣			1225		
𩽵	li3	li3	li3	赣			1176		
𩽹	ŋot7	ngot6	e4	赣			1092		
𩽹	tɕʰiet7	qiet6	e4	赣			1648		
𩽺	fu1	fu1	fu1	赣			1345		
𩽼	fɨn6	fen5	hun3	赣			1523		
𩽼	fun6	fun5	hun3	赣			1642		
𩾃	mien3	mien3	mian3	赣			1953		
𩾊	ɕy1	xyu1	xu1	赣			1851		
𩾔	tsʰɿ3	ci3	ci4	赣			1125		
𩾗	tieu1	dieu1	diao1	赣			1520		
𩾗	tɕieu1	jieu1	diao1	赣			1415		
𩾘	ȵi6	ni5	yi4	赣			1562		
𩾜	lɛt7	let6	𩾜5	赣			1649		
𩾞	fon5	fon4	wan2	赣			1467		
𩾷	kuo1	guo1	ge1	赣			1068		
𩾺	tan5	dan4	zhen4	赣			1671		
𩾼	ɕit7	xit6	xi1	赣			1191		
𩾾	hau1	hau1	xiao1	赣			1361		
𩾿	fu6	fu5	fu4	赣			1694		
𩿀	tsʰuŋ6	cung5	zhong4	赣			1717		
𩿂	mau6	mau5	mao4	赣			1700		
𩿇	fu6	fu5	𩿇5	赣			1153		
𩿟	tɕʰy3	qyu3	qu4	赣			1745		
𩿡	tʰai2	tai2	tai2	赣			1001		
𩿢	tʰeu3	teu3	tou3	赣			1728		
𩿢	tʰeu6	teu5	tou3	赣			1471		
𩿣	mot7	mot6	mo4	赣			1076		
𩿧	fu1	fu1	fu1	赣			1434		
𪀒	tʰiet8	tiet7	die2	赣			1303		
𪀕	i6	yi5	yi4	赣			1168		
𪀗	kui3	gui3	gui3	赣			1994		
𪀗	ui3	wui3	gui3	赣			1115		
𪀘	tɕʰiɔŋ6	qiong5	jiang4	赣			1457		
𪀚	suŋ1	sung1	song1	赣			1046		
𪀠	ɕyn5	xyun4	xun2	赣			1885		
𪀡	liɔʔ7	liok6	𪀡5	赣			1336		
𪀥	tsʰet8	cet7	zhai2	赣			1794		
𪀩	tɕʰi1	qi1	qi2	赣			1031		
𪁁	tɕʰiuʔ8	qiuk7	𪁁5	赣			1573		
𪁍	kot7	got6	jie2	赣			1889		
𪁘	uɔŋ1	wong1	wang1	赣			1702		
𪁙	u5	wu4	𪁙5	赣			1357		
𪁛	yt7	yut6	yi4	赣			1359		
𪁜	lɔŋ5	long4	lang2	赣			1800		
𪁞	tʰeu2	teu2	tou2	赣			1296		
𪁪	muŋ3	mung3	mang3	赣			1590		
𪁾	ŋau3	ngau3	ao3	赣			1690		
𪂅	tsɿ1	zi1	zhi1	赣			1880		
𪂈	ien5	yen4	yan2	赣			1615		
𪂉	yt7	yut6	yu4	赣			1115		
𪂌	tʰat7	tat6	ta4	赣			1799		
𪂸	ɕiuʔ7	xiuk6	𪂸5	赣			1723		
𪂽	pʰen2	pen2	pen2	赣			1229		
𪂿	tʰi2	ti2	𪂿5	赣			1193		
𪂿	tʰi6	ti5	𪂿5	赣			1784		
𪃃	fuʔ8	fuk7	𪃃5	赣			1218		
𪃄	sai1	sai1	sai1	赣			1410		
𪃈	kat7	gat6	jie2	赣			1256		
𪃈	tɕiet7	jiet6	jie2	赣			1149		
𪃓	fu6	fu5	fu4	赣			1446		
𪃦	mieu5	mieu4	miao2	赣			1161		
𪃯	mɨn5	men4	𪃯5	赣			1364		
𪃹	tɕit7	jit6	𪃹5	赣			1988		
𪃾	iuŋ5	yung4	rong2	赣			1199		
𪄀	pʰon2	pon2	pan2	赣			1724		
𪄉	iuŋ1	yung1	yong1	赣			1062		
𪄑	ɕiuʔ7	xiuk6	su4	赣			1076		
𪄛	ɕit7	xit6	xi1	赣			1959		
𪄭	tɕʰit7	qit6	qi1	赣			1802		
𪄮	fu6	fu5	hu4	赣			1164		
𪄱	tset7	zet6	di2	赣			1539		
𪄱	tit7	dit6	di2	赣			1810		
𪄲	sɔŋ1	song1	shang1	赣			1061		
𪄶	ɕit8	xit7	xi2	赣			1997		
𪄸	tɕit7	jit6	ji2	赣			1842		
𪄹	tsʰɔŋ2	cong2	chang2	赣			1086		
𪄻	suŋ1	sung1	chong1	赣			1511		
𪅃	pʰieu1	pieu1	piao3	赣			1784		
𪅄	sut7	sut6	su4	赣			1307		
𪅆	li5	li4	li2	赣			1935		
𪅟	iuŋ5	yung4	yong2	赣			1322		
𪅮	mɛt7	met6	mi4	赣			1464		
𪅲	ɕit7	xit6	xi4	赣			1129		
𪅶	tsʰɔŋ3	cong3	𪅶5	赣			1440		
𪅺	heu1	heu1	hou1	赣			1197		
𪅼	lit7	lit6	li4	赣			1236		
𪅾	tɕʰi1	qi1	qi1	赣			1165		
𪆁	sɿ1	si1	si1	赣			1484		
𪆃	tʰon2	ton2	𪆃5	赣			1711		
𪆇	tsʰɛu2	ceu2	𪆇5	赣			1849		
𪆇	tɕʰiu2	qiu2	𪆇5	赣			1078		
𪆫	tɕʰy2	qyu2	𪆫5	赣			1262		
𪆯	lɔŋ5	long4	nong2	赣			1996		
𪆰	ŋat7	ngat6	ya4	赣			1079		
𪆱	liu5	liu4	liu2	赣			1064		
𪆶	tsʰan3	can3	can4	赣			1954		
𪆻	tan3	dan3	dan3	赣			1991		
𪇆	tʰuʔ8	tuk7	chu4	赣			1680		
𪇖	lan5	lan4	lan2	赣			1827		
𪇗	kuʔ7	guk6	gu3	赣			1186		
𪇘	tsʰɛu2	ceu2	chou2	赣			1780		
𪇘	tɕʰiu2	qiu2	chou2	赣			1952		
𪇠	lan5	lan4	𪇠5	赣			1223		
𪇭	tsʰai3	cai3	cai4	赣			1750		
𪇰	puʔ7	buk6	bu3	赣			1335		
𪇱	lɔʔ7	lok6	luo4	赣			1006		
𪇲	tɕiet7	jiet6	jie2	赣			1149		
𪇴	miet7	miet6	mie4	赣			1754		
𪇹	lat7	lat6	la4	赣			1086		
𪇼	lan5	lan4	𪇼5	赣			1968		
𪈁	tsɨn1	zen1	𪈁5	赣			1678		
𪈁	tɕin1	jin1	𪈁5	赣			1220		
𪈓	tɕiuʔ7	jiuk6	𪈓5	赣			1301		
𪈜	li3	li3	lv3	赣			1474		
𪈟	kat7	gat6	jia2	赣			1206		
𪈥	fɨi5	fei4	gui1	赣			1917		
𪈥	fɨi5	fei4	gui1	赣			1477		
𪈩	fon1	fon1	huan1	赣			1739		
𪈮	man5	man4	𪈮5	赣			1316		
𪈴	tɕiɔʔ7	jiok6	jue2	赣			1779		
𪈻	tɕʰyon2	qyuon2	quan2	赣			1586		
𪈿	mɨn5	men4	man2	赣			1720		
𪉂	yn6	yun5	yun4	赣			1596		
𪉃	uen5	wun4	wen2	赣			1879		
𪉅	tsʰət7	cet6	chi4	赣			1510		
𪉅	tɕʰit7	qit6	chi4	赣			1992		
𪉆	tsɿ1	zi1	zhi1	赣			1678		
𪉆	tsɿ5	zi4	zhi1	赣			1859		
𪉈	tsɿ1	zi1	ci2	赣			1850		
𪉈	tsʰɿ2	ci2	ci2	赣			1940		
𪉊	fa1	fa1	hua2	赣			1462		
𪉊	fa5	fa4	hua2	赣			1623		
𪉍	tʰuʔ7	tuk6	tu1	赣			1453		
𪉐	ȵy5	nyu4	yu2	赣			1018		
𪉑	ŋau5	ngau4	ao2	赣			1323		
𪉑	ŋau6	ngau5	ao2	赣			1661		
𪉔	pʰi1	pi1	pi1	赣			1362		
𪉜	tsan1	zan1	zhan1	赣			1437		
𪉜	tsan5	zan4	zhan1	赣			1293		
𪉦	kan5	gan4	jian4	赣			1199		
𪉦	kon5	gon4	jian4	赣			1421		
𪉧	tʰan3	tan3	tan4	赣			1126		
𪉮	tsʰeu3	ceu3	cou4	赣			1987		
𪉯	kʰon3	kon3	kan4	赣			1290		
𪉱	pʰien6	pien5	bian4	赣			1096		
𪉿	kʰon3	kon3	gan4	赣			1483		
𪊆	tɕʰi6	qi5	ji4	赣			1783		
𪊇	tʰan3	tan3	gan4	赣			1967		
𪊉	fai5	fai4	huai2	赣			1977		
𪊉	uai1	wai1	huai2	赣			1283		
𪊍	sɿ6	si5	si4	赣			1954		
𪊑	tɕien1	jien1	𪊑5	赣			1216		
𪊧	kui1	gui1	gui1	赣			1226		
𪊨	tɕi3	ji3	𪊨5	赣			1920		
𪋆	kun1	gun1	kun1	赣			1256		
𪋇	tsui1	zui1	zhui1	赣			1248		
𪋎	iu1	yiu1	𪋎5	赣			1811		
𪋐	lon6	lon5	nuan4	赣			1635		
𪋝	suʔ7	suk6	su4	赣			1768		
𪋮	y5	yu4	yu4	赣			1458		
𪋮	y6	yu5	yu4	赣			1009		
𪋯	ɕy1	xyu1	𪋯5	赣			1778		
𪋯	ɵ5	o4	𪋯5	赣			1044		
𪌈	pʰi2	pi2	pi2	赣			1058		
𪌘	tʰeu3	teu3	tou3	赣			1194		
𪌜	tʰeu3	teu3	𪌜5	赣			1349		
𪌣	kiet7	giet6	ge2	赣			1456		
𪌯	sut7	sut6	𪌯5	赣			1621		
𪍑	tsʰeu3	ceu3	chao3	赣			1957		
𪍒	fu5	fu4	𪍒5	赣			1070		
𪍛	sut7	sut6	su4	赣			1725		
𪍣	leu3	leu3	lou3	赣			1457		
𪍦	lien3	lien3	lian3	赣			1227		
𪍴	lien5	lien4	lian2	赣			1684		
𪍶	sen6	sen5	shan4	赣			1328		
𪍺	fan6	fan5	huan2	赣			1066		
𪍿	kuen3	gun3	kuang4	赣			1996		
𪍿	kuɔŋ3	guong3	kuang4	赣			1806		
𪎂	lai5	lai4	𪎂5	赣			1391		
𪎈	it7	yit6	yi4	赣			1556		
𪎊	tsʰeu3	ceu3	chao3	赣			1766		
𪎌	lai5	lai4	𪎌5	赣			1020		
𪎓	mi3	mi3	𪎓5	赣			1326		
𪎕	mi5	mi4	𪎕5	赣			1199		
𪎣	liu5	liu4	liu2	赣			1659		
𪎥	ɕit7	xit6	𪎥5	赣			1831		
𪎨	tʰeu2	teu2	tou2	赣			1693		
𪎭	mi5	mi4	mei2	赣			1625		
𪎮	fɨi1	fei1	𪎮5	赣			1512		
𪎮	fɨi1	fei1	𪎮5	赣			1097		
𪎵	kʰɔŋ3	kong3	kang4	赣			1446		
𪎶	tʰɨn2	ten2	tun2	赣			1529		
𪎶	tʰun2	tun2	tun2	赣			1639		
𪎽	tʰuŋ3	tung3	chong1	赣			1929		
𪎽	tsʰuŋ1	cung1	chong1	赣			1193		
𪏂	tsʰen2	cen2	chan2	赣			1950		
𪏉	tsen1	zen1	zhan1	赣			1777		
𪏓	fen5	fen4	heng2	赣			1456		
𪏚	yn3	yun3	yun3	赣			1283		
𪏤	kui5	gui4	gui4	赣			1037		
𪏮	ɵ3	o3	ru3	赣			1398		
𪏴	tɕin3	jin3	jin3	赣			1075		
𪏻	fu5	fu4	hu2	赣			1601		
𪏿	tɕy1	jyu1	zhu1	赣			1006		
𪐂	tɕʰyon3	qyuon3	quan3	赣			1027		
𪐄	pi3	bi3	bi3	赣			1151		
𪐄	pʰai6	pai5	bi3	赣			1521		
𪐙	pʰuʔ7	puk6	𪐙5	赣			1875		
𪐝	tʰai6	tai5	dai4	赣			1920		
𪐤	iu5	yiu4	𪐤5	赣			1062		
𪐴	tɕy3	jyu3	𪐴5	赣			1117		
𪐿	pʰɔŋ1	pong1	pang1	赣			1422		
𪑅	uai5	wai4	𪑅5	赣			1604		
𪑅	ui5	wui4	𪑅5	赣			1173		
𪑊	tɕʰieu3	qieu3	qiao4	赣			1564		
𪑙	tɕin1	jin1	jin1	赣			1530		
𪑚	lai5	lai4	lai2	赣			1162		
𪑝	ɕyt7	xyut6	yu2	赣			1017		
𪑝	yt7	yut6	yu2	赣			1945		
𪑝	yt7	yut6	yu2	赣			1769		
𪑧	tʰiet8	tiet7	die2	赣			1504		
𪑧	liet7	liet6	die2	赣			1619		
𪑩	tʰien6	tien5	dian4	赣			1983		
𪑪	man5	man4	man2	赣			1157		
𪑬	tsʰen6	cen5	deng4	赣			1442		
𪑬	tɕʰin6	qin5	deng4	赣			1313		
𪑱	ŋɔʔ7	ngok6	wu1	赣			1665		
𪑱	uʔ7	wuk6	wu1	赣			1389		
𪑾	ȵiuʔ7	niuk6	ru3	赣			1591		
𪑿	tsɿ1	zi1	zi1	赣			1983		
𪒀	pʰon2	pon2	pan2	赣			1441		
𪒄	mɛt7	met6	mi4	赣			1272		
𪒑	tɕʰit7	qit6	qi1	赣			1954		
𪒒	tsʰuŋ1	cung1	chong1	赣			1098		
𪒘	tsʰen6	cen5	deng4	赣			1493		
𪒘	tɕʰin6	qin5	deng4	赣			1543		
𪒜	mat7	mat6	ma4	赣			1857		
𪒟	tsʰen6	cen5	zeng4	赣			1960		
𪒠	ŋan3	ngan3	yan3	赣			1354		
𪒠	ŋan5	ngan4	yan3	赣			1090		
𪒬	luŋ5	lung4	nong2	赣			1739		
𪒴	tai1	dai1	tai2	赣			1764		
𪒴	tʰai2	tai2	tai2	赣			1682		
𪒹	kan1	gan1	jian1	赣			1990		
𪒿	tʰuŋ2	tung2	teng2	赣			1935		
𪓌	tsui5	zui4	zui4	赣			1599		
𪓐	tsʰu3	cu3	chu3	赣			1924		
𪓙	tsʰeu2	ceu2	𪓙5	赣			1504		
𪓞	tɕʰy2	qyu2	𪓞5	赣			1793		
𪓟	kieu1	gieu1	𪓟5	赣			1459		
𪓬	mi5	mi4	mi2	赣			1724		
𪓵	tɕʰiu1	qiu1	𪓵5	赣			1760		
𪓷	ɕi5	xi4	xi2	赣			1430		
𪓹	ma5	ma4	ma2	赣			1205		
𪓿	sɿ1	si1	shi1	赣			1542		
𪔅	yn5	yun4	yuan2	赣			1491		
𪔊	sui6	sui5	hui4	赣			1009		
𪔔	pʰɔŋ1	pong1	pang1	赣			1405		
𪔗	in1	yin1	yuan1	赣			1423		
𪔝	tʰuŋ2	tung2	𪔝5	赣			1864		
𪔧	tʰiet7	tiet6	𪔧5	赣			1111		
𪔪	tɕʰit7	qit6	qi4	赣			1773		
𪔭	fɨn5	fen4	𪔭5	赣			1228		
𪔭	fun5	fun4	𪔭5	赣			1169		
𪔰	in6	yin5	yin4	赣			1955		
𪔳	luŋ5	lung4	long2	赣			1412		
𪔿	pʰuʔ7	puk6	pu1	赣			1868		
𪕊	tsɿ1	zi1	zi1	赣			1553		
𪕋	liu3	liu3	𪕋5	赣			1526		
𪕌	lɨn5	len4	ling2	赣			1362		
𪕍	kuen1	gun1	jiong1	赣			1304		
𪕍	tɕiɔŋ1	jiong1	jiong1	赣			1273		
𪕎	iuŋ3	yung3	rong3	赣			1366		
𪕏	iu6	yiu5	𪕏5	赣			1544		
𪕔	ɵ3	o3	er3	赣			1374		
𪕚	liu5	liu4	𪕚5	赣			1716		
𪕞	tɕyn5	jyun4	jun4	赣			1120		
𪕭	ŋai5	ngai4	ai4	赣			1373		
𪕯	ɕiet8	xiet7	xi2	赣			1943		
𪕱	fu5	fu4	hu2	赣			1053		
𪕶	ŋiet7	ngiet6	yi4	赣			1479		
𪕶	it7	yit6	yi4	赣			1890		
𪕸	kuʔ7	guk6	𪕸5	赣			1010		
𪕹	tʰɔŋ2	tong2	tang2	赣			1782		
𪖂	li5	li4	li2	赣			1912		
𪖇	fan5	fan4	fan2	赣			1959		
𪖎	tsʰan2	can2	chan2	赣			1563		
𪖐	ȵieu6	nieu5	yao4	赣			1874		
𪖐	ȵiu6	niu5	yao4	赣			1235		
𪖛	tɕʰiu3	qiu3	qiu4	赣			1649		
𪖥	ɕi3	xi3	xi3	赣			1497		
𪖪	ɕi3	xi3	𪖪5	赣			1277		
𪖵	uŋ5	wung4	𪖵5	赣			1833		
𪖶	sut7	sut6	su4	赣			1130		
𪖼	tɕin1	jin1	jin1	赣			1545		
𪗂	tsʰan2	can2	chan2	赣			1802		
𪗉	tsɿ1	zi1	zi1	赣			1609		
𪗋	tsɿ1	zi1	zi1	赣			1079		
𪗍	tɕʰi2	qi2	qi2	赣			1091		
𪗔	pʰat7	pat6	pa4	赣			1170		
𪗙	ŋan3	ngan3	yan3	赣			1508		
𪗛	ȵien3	nien3	𪗛5	赣			1774		
𪗨	tsʰet8	cet7	zhi2	赣			1528		
𪗪	sɿ1	si1	𪗪5	赣			1358		
𪗭	tsa1	za1	zha1	赣			1587		
𪗶	tsʰai2	cai2	𪗶5	赣			1420		
𪗾	hat7	hat6	xia2	赣			1656		
𪗾	hat8	hat7	xia2	赣			1936		
𪘁	tʰat7	tat6	ta4	赣			1899		
𪘁	hot8	hot7	ta4	赣			1886		
𪘏	tsʰɔʔ7	cok6	𪘏5	赣			1065		
𪘏	tsʰuʔ7	cuk6	𪘏5	赣			1557		
𪘓	tsʰo1	co1	cuo2	赣			1501		
𪘓	tsʰo2	co2	cuo2	赣			1602		
𪘘	hat8	hat7	xia2	赣			1823		
𪘧	tsʰet7	cet6	zu2	赣			1661		
𪘧	tsʰuʔ8	cuk7	zu2	赣			1329		
𪘨	tsai1	zai1	zhai1	赣			1192		
𪘩	ȵyn3	nyun3	yun3	赣			1843		
𪘪	tsʰan6	can5	zhan4	赣			1522		
𪘲	ŋai5	ngai4	ya2	赣			1829		
𪙇	tɕʰiet7	qiet6	𪙇5	赣			1577		
𪙉	tsʰɿ1	ci1	𪙉5	赣			1114		
𪙊	ȵien5	nien4	yan4	赣			1013		
𪙌	tɕʰiet7	qiet6	qie4	赣			1857		
𪙍	pɔʔ7	bok6	bo2	赣			1375		
𪙝	tɕʰiɔŋ1	qiong1	𪙝5	赣			1236		
𪙤	ȵin3	nin3	yin3	赣			1266		
𪙧	tɕʰi2	qi2	qi2	赣			1910		
𪙷	lat7	lat6	𪙷5	赣			1356		
𪙻	tsʰat8	cat7	𪙻5	赣			1619		
𪙽	lit7	lit6	li4	赣			1240		
𪚀	lien5	lien4	𪚀5	赣			1854		
𪚁	lien5	lien4	lian2	赣			1942		
𪚗	luŋ5	lung4	𪚗5	赣			1897		
𪚝	luŋ5	lung4	long2	赣			1200		
𪚠	luŋ5	lung4	long2	赣			1626		
𪚦	kui1	gui1	𪚦5	赣			1587		
𪚰	tɕieu1	jieu1	jiao1	赣			1094		
𪚱	tɕieu1	jieu1	𪚱5	赣			1999		
𪛊	ȵin5	nin4	yin2	赣			1836		
𪛋	tsʰɔŋ3	cong3	𪛋5	赣			1805		
𪜎	tɕʰieu3	qieu3	𪜎5	赣			1598		
𪞝	tʰɔʔ8	tok7	duo2	赣			1121		
𪟎	kan5	gan4	𪟎5	赣			1905		
𪟝	tɕit7	jit6	ji4	赣			1162		
𪠀	hat8	hat7	𪠀5	赣			1682		
𪠀	kʰut7	kut6	𪠀5	赣			1229		
𪠟	tsen5	zen4	𪠟5	赣			1732		
𪠟	tɕin5	jin4	𪠟5	赣			1384		
𪠸	fuʔ7	fuk6	𪠸5	赣			1744		
𪡀	tɕʰieu2	qieu2	𪡀5	赣			1787		
𪡃	mai3	mai3	𪡃5	赣			1800		
𪡋	ȵien3	nien3	𪡋5	赣			1905		
𪡋	ȵien6	nien5	𪡋5	赣			1419		
𪡏	lien5	lien4	zhan1	赣			1495		
𪡛	ha3	ha3	𪡛5	赣			1349		
𪡛	ho3	ho3	𪡛5	赣			1797		
𪡞	kʰuai3	kuai3	𪡞5	赣			1570		
𪡞	kʰui3	kui3	𪡞5	赣			1277		
𪢌	lan5	lan4	𪢌5	赣			1917		
𪢮	lon5	lon4	luan2	赣			1004		
𪢸	u5	wu4	𪢸5	赣			1381		
𪣆	tuŋ1	dung1	𪣆5	赣			1184		
𪣒	fɨn5	fen4	𪣒5	赣			1190		
𪣒	fun5	fun4	𪣒5	赣			1698		
𪣻	leu3	leu3	lou2	赣			1805		
𪤚	lɨn5	len4	𪤚5	赣			1769		
𪥰	len5	len4	𪥰5	赣			1423		
𪥿	tʰuʔ8	tuk7	𪥿5	赣			1171		
𪨗	tɕiɔʔ7	jiok6	jue1	赣			1318		
𪩇	li5	li4	𪩇5	赣			1463		
𪩎	in3	yin3	𪩎5	赣			1538		
𪩘	ȵien3	nien3	yan3	赣			1576		
𪩛	ŋat7	ngat6	𪩛5	赣			1893		
𪩛	ȵiet7	niet6	𪩛5	赣			1424		
𪩷	tsʰen3	cen3	𪩷5	赣			1851		
𪪑	tɕʰieu3	qieu3	𪪑5	赣			1490		
𪪞	tɕʰiɔŋ2	qiong2	𪪞5	赣			1629		
𪪼	pit7	bit6	𪪼5	赣			1322		
𪫺	ɕien1	xien1	𪫺5	赣			1877		
𪬚	pʰən1	pen1	𪬚5	赣			1439		
𪭝	ui3	wui3	𪭝5	赣			1747		
𪭢	tsʰuŋ1	cung1	𪭢5	赣			1277		
𪭧	mi5	mi4	𪭧5	赣			1113		
𪭯	kui5	gui4	𪭯5	赣			1112		
𪭵	liɔŋ3	liong3	𪭵5	赣			1048		
𪮃	tsʰan2	can2	𪮃5	赣			1421		
𪮃	san3	san3	𪮃5	赣			1619		
𪮋	suʔ7	suk6	xiao1	赣			1417		
𪮶	lat7	lat6	𪮶5	赣			1825		
𪱥	fɨn6	fen5	𪱥5	赣			1121		
𪲎	tɕi1	ji1	𪲎5	赣			1943		
𪲔	li6	li5	𪲔5	赣			1762		
𪲛	tɕi5	ji4	𪲛5	赣			1772		
𪳍	set7	set6	𪳍5	赣			1602		
𪳍	set8	set7	𪳍5	赣			1891		
𪵑	tɕʰieu2	qieu2	𪵑5	赣			1610		
𪵑	ɕieu1	xieu1	𪵑5	赣			1072		
𪵣	ɕi3	xi3	𪵣5	赣			1955		
𪵣	ɕi5	xi4	𪵣5	赣			1113		
𪵱	li6	li5	𪵱5	赣			1724		
𪶒	lo5	lo4	𪶒5	赣			1027		
𪷍	tɕʰin6	qin5	𪷍5	赣			1403		
𪷽	tsan5	zan4	zan4	赣			1582		
𪸕	ɕi5	xi4	𪸕5	赣			1922		
𪸩	fɨn5	fen4	𪸩5	赣			1570		
𪹀	it7	yit6	𪹀5	赣			1993		
𪹹	tʰat8	tat7	𪹹5	赣			1209		
𪺻	lau5	lau4	𪺻5	赣			1827		
𪺻	luŋ5	lung4	𪺻5	赣			1122		
𪺽	ȵin6	nin5	𪺽5	赣			1078		
𪻐	tsʰuŋ1	cung1	cong1	赣			1218		
𪻨	tʰuʔ8	tuk7	𪻨5	赣			1443		
𪻲	kun1	gun1	𪻲5	赣			1897		
𪼋	pit7	bit6	𪼋5	赣			1819		
𪽈	tsʰɔŋ3	cong3	𪽈5	赣			1654		
𪽪	tsɔŋ5	zong4	𪽪5	赣			1517		
𪽭	tɕʰien6	qien5	𪽭5	赣			1029		
𪽮	lu5	lu4	𪽮5	赣			1088		
𪽮	lu6	lu5	𪽮5	赣			1546		
𪾔	su3	su3	xu3	赣			1792		
𪾢	ɕien6	xien5	xian4	赣			1315		
𪾣	tɕʰy6	qyu5	𪾣5	赣			1719		
𪾦	lu5	lu4	lu2	赣			1969		
𪾸	pen1	ben1	𪾸5	赣			1402		
𪿫	pʰau3	pau3	𪿫5	赣			1600		
𫀬	tsʰu2	cu2	𫀬5	赣			1758		
𫁟	ton1	don1	𫁟5	赣			1039		
𫁟	tson3	zon3	𫁟5	赣			1189		
𫁡	lit7	lit6	li4	赣			1153		
𫁱	ui6	wui5	𫁱5	赣			1354		
𫁲	mu5	mu4	𫁲5	赣			1396		
𫁲	u5	wu4	𫁲5	赣			1445		
𫁷	sɔŋ1	song1	𫁷5	赣			1753		
𫂃	men3	men3	𫂃5	赣			1234		
𫂆	kui5	gui4	𫂆5	赣			1105		
𫂈	fɨi5	fei4	fei4	赣			1207		
𫂈	fɨi5	fei4	fei4	赣			1047		
𫂖	ŋai5	ngai4	𫂖5	赣			1468		
𫂿	sat7	sat6	𫂿5	赣			1808		
𫄛	tɕʰin6	qin5	jin1	赣			1713		
𫄜	mau6	mau5	𫄜5	赣			1356		
𫄟	sɿ1	si1	shi1	赣			1892		
𫄠	fon5	fon4	𫄠5	赣			1287		
𫄠	kien1	gien1	𫄠5	赣			1164		
𫄡	tʰuŋ2	tung2	𫄡5	赣			1771		
𫄡	tʰuŋ6	tung5	𫄡5	赣			1307		
𫄢	pʰi6	pi5	𫄢5	赣			1296		
𫄢	fuʔ8	fuk7	𫄢5	赣			1470		
𫄥	sɿ3	si3	li2	赣			1020		
𫄦	tɕiet7	jiet6	𫄦5	赣			1561		
𫄦	iet7	yet6	𫄦5	赣			1330		
𫄧	ien5	yen4	yan2	赣			1389		
𫄨	tsʰɿ1	ci1	chi1	赣			1361		
𫄪	sɔŋ1	song1	𫄪5	赣			1369		
𫄫	li6	li5	𫄫5	赣			1568		
𫄫	liet7	liet6	𫄫5	赣			1857		
𫄬	ɕiet7	xiet6	𫄬5	赣			1437		
𫄮	tʰɛn1	ten1	𫄮5	赣			1248		
𫄰	pɔŋ1	bong1	𫄰5	赣			1105		
𫄱	set7	set6	𫄱5	赣			1932		
𫄳	sɿ3	si3	𫄳5	赣			1489		
𫄴	lɛt7	let6	𫄴5	赣			1696		
𫄶	tɕiɔŋ3	jiong3	𫄶5	赣			1113		
𫄷	i1	yi1	yi4	赣			1014		
𫄷	it7	yit6	yi4	赣			1539		
𫄸	ɕyn1	xyun1	xun1	赣			1917		
𫅅	tɕi3	ji3	𫅅5	赣			1089		
𫅗	fɨn5	fen4	𫅗5	赣			1887		
𫅗	fun5	fun4	𫅗5	赣			1635		
𫅭	pʰən1	pen1	𫅭5	赣			1713		
𫆏	ȵi3	ni3	𫆏5	赣			1256		
𫇛	lu3	lu3	𫇛5	赣			1919		
𫇭	ui3	wui3	wei3	赣			1516		
𫈎	tɕʰin2	qin2	𫈎5	赣			1036		
𫈵	tsui5	zui4	𫈵5	赣			1223		
𫈵	tɕyot7	jyuot6	𫈵5	赣			1634		
𫉁	ŋai5	ngai4	ai4	赣			1966		
𫉄	tɕy1	jyu1	𫉄5	赣			1241		
𫉄	ɕy6	xyu5	𫉄5	赣			1429		
𫊪	tsʰɔŋ2	cong2	𫊪5	赣			1679		
𫊮	lu5	lu4	𫊮5	赣			1866		
𫊸	tɕieu3	jieu3	𫊸5	赣			1957		
𫊸	tɕʰieu2	qieu2	𫊸5	赣			1842		
𫋇	tɕieu1	jieu1	𫋇5	赣			1497		
𫋲	ŋieu1	ngieu1	𫋲5	赣			1068		
𫋷	tʰɔʔ8	tok7	𫋷5	赣			1983		
𫋹	leu5	leu4	𫋹5	赣			1855		
𫋻	kui5	gui4	𫋻5	赣			1236		
𫌀	tɕit7	jit6	ji1	赣			1719		
𫌇	tset7	zet6	𫌇5	赣			1723		
𫌨	lo5	lo4	luo2	赣			1820		
𫌪	met7	met6	𫌪5	赣			1163		
𫌪	mit7	mit6	𫌪5	赣			1565		
𫌬	pieu3	bieu3	𫌬5	赣			1720		
𫌭	mi5	mi4	𫌭5	赣			1174		
𫌯	tɕieu3	jieu3	𫌯5	赣			1919		
𫍐	pʰen2	pen2	𫍐5	赣			1070		
𫍚	ieu1	yeu1	𫍚5	赣			1254		
𫍞	fu1	fu1	𫍞5	赣			1237		
𫍠	yon3	yuon3	𫍠5	赣			1712		
𫍠	yon5	yuon4	𫍠5	赣			1778		
𫍡	tʰo2	to2	𫍡5	赣			1072		
𫍢	lau5	lau4	nao2	赣			1551		
𫍣	tʰuŋ6	tung5	tong2	赣			1491		
𫍤	tɕieu3	jieu3	𫍤5	赣			1272		
𫍤	tɕʰieu3	qieu3	𫍤5	赣			1382		
𫍥	tʰieu6	tieu5	𫍥5	赣			1057		
𫍦	lɔŋ5	long4	𫍦5	赣			1353		
𫍧	tsʰɿ1	ci1	𫍧5	赣			1241		
𫍩	fa5	fa4	𫍩5	赣			1123		
𫍩	fai5	fai4	𫍩5	赣			1850		
𫍪	tɕʰi6	qi5	𫍪5	赣			1697		
𫍫	ien5	yen4	𫍫5	赣			1021		
𫍬	uɔŋ3	wong3	𫍬5	赣			1462		
𫍯	han2	han2	xian2	赣			1613		
𫍰	sɿ3	si3	xi3	赣			1144		
𫍰	sai1	sai1	xi3	赣			1530		
𫍱	tson1	zon1	𫍱5	赣			1340		
𫍲	seu3	seu3	xiao3	赣			1342		
𫍳	tsuŋ5	zung4	𫍳5	赣			1554		
𫍴	leu5	leu4	𫍴5	赣			1271		
𫍶	tsɿ3	zi3	𫍶5	赣			1232		
𫍶	tsʰɿ3	ci3	𫍶5	赣			1422		
𫍷	tui3	dui3	𫍷5	赣			1095		
𫍷	kui5	gui4	𫍷5	赣			1718		
𫍸	sen5	sen4	𫍸5	赣			1201		
𫍹	tsa3	za3	𫍹5	赣			1503		
𫍹	tɕia1	jia1	𫍹5	赣			1360		
𫍺	sa3	sa3	𫍺5	赣			1685		
𫍻	ɕi1	xi1	xi1	赣			1932		
𫍽	ɕyon1	xyuon1	xuan1	赣			1527		
𫍾	len5	len4	𫍾5	赣			1215		
𫎆	tsuŋ1	zung1	𫎆5	赣			1395		
𫎌	tɕʰy6	qyu5	𫎌5	赣			1129		
𫎦	luŋ6	lung5	𫎦5	赣			1954		
𫎧	kieu5	gieu4	𫎧5	赣			1625		
𫎨	lien6	lien5	𫎨5	赣			1202		
𫎩	tsʰen1	cen1	𫎩5	赣			1956		
𫎩	tɕʰin1	qin1	𫎩5	赣			1884		
𫎪	tsʰen3	cen3	𫎪5	赣			1859		
𫎫	tʰan6	tan5	dan4	赣			1244		
𫎬	kon3	gon3	gan4	赣			1899		
𫎭	tsʰen1	cen1	𫎭5	赣			1390		
𫎭	tɕʰin1	qin1	𫎭5	赣			1386		
𫎱	lɛt7	let6	𫎱5	赣			1167		
𫎳	pit7	bit6	𫎳5	赣			1764		
𫎺	tsʰan1	can1	𫎺5	赣			1694		
𫎺	tsʰot7	cot6	𫎺5	赣			1184		
𫏃	tsʰɔŋ2	cong2	𫏃5	赣			1223		
𫏋	tɕʰieu1	qieu1	jue1	赣			1126		
𫏎	tsot7	zot6	𫏎5	赣			1320		
𫏐	tsʰan6	can5	zan4	赣			1986		
𫏕	tɕʰin1	qin1	𫏕5	赣			1590		
𫏕	tɕʰin3	qin3	𫏕5	赣			1171		
𫐄	ȵyot7	nyuot6	yue4	赣			1993		
𫐄	ut7	wut6	yue4	赣			1586		
𫐇	lat7	lat6	𫐇5	赣			1529		
𫐈	pʰi6	pi5	𫐈5	赣			1393		
𫐈	pʰot8	pot7	𫐈5	赣			1834		
𫐉	lɨn5	len4	ling2	赣			1608		
𫐊	fan6	fan5	𫐊5	赣			1103		
𫐋	tsɿ5	zi4	𫐋5	赣			1713		
𫐌	pʰien2	pien2	𫐌5	赣			1460		
𫐌	pʰen2	pen2	𫐌5	赣			1678		
𫐍	tʰien2	tien2	𫐍5	赣			1119		
𫐎	i3	yi3	𫐎5	赣			1704		
𫐏	tsɛu1	zeu1	𫐏5	赣			1474		
𫐏	tɕiu1	jiu1	𫐏5	赣			1898		
𫐐	ȵi5	ni4	ni2	赣			1417		
𫐑	kuon3	guon3	guan3	赣			1251		
𫐒	fen1	fen1	𫐒5	赣			1964		
𫐒	fen5	fen4	𫐒5	赣			1073		
𫐓	leu3	leu3	bu4	赣			1439		
𫐓	leu6	leu5	bu4	赣			1980		
𫐔	kʰot7	kot6	𫐔5	赣			1509		
𫐕	sui6	sui5	𫐕5	赣			1978		
𫐕	ui6	wui5	𫐕5	赣			1441		
𫐖	kau1	gau1	jiao1	赣			1121		
𫐗	puʔ7	buk6	𫐗5	赣			1399		
𫐗	pʰuʔ8	puk7	𫐗5	赣			1844		
𫐘	kʰon3	kon3	kan3	赣			1945		
𫐙	lui5	lui4	𫐙5	赣			1326		
𫐷	leu5	leu4	𫐷5	赣			1358		
𫑘	tson1	zon1	𫑘5	赣			1314		
𫑡	men3	men3	meng2	赣			1352		
𫑡	men5	men4	meng2	赣			1371		
𫑷	tsʰan3	can3	𫑷5	赣			1761		
𫑷	lien3	lien3	𫑷5	赣			1926		
𫓥	pat7	bat6	𫓥5	赣			1443		
𫓧	fu1	fu1	fu1	赣			1488		
𫓩	tsʰuŋ1	cung1	cong1	赣			1748		
𫓪	yon5	yuon4	𫓪5	赣			1233		
𫓪	tsuŋ1	zung1	𫓪5	赣			1433		
𫓭	in1	yin1	𫓭5	赣			1383		
𫓭	iɔŋ1	yong1	𫓭5	赣			1454		
𫓰	ɕyt7	xyut6	𫓰5	赣			1435		
𫓱	tɕʰieu2	qieu2	𫓱5	赣			1192		
𫓵	sen6	sen5	𫓵5	赣			1719		
𫓵	ɕin6	xin5	𫓵5	赣			1585		
𫓶	ɕyon1	xyuon1	xuan1	赣			1695		
𫓸	uan3	wan3	𫓸5	赣			1716		
𫓹	tɕi1	ji1	ji1	赣			1508		
𫓹	tɕʰi2	qi2	ji1	赣			1592		
𫓺	lu3	lu3	𫓺5	赣			1118		
𫓻	ȵiet7	niet6	𫓻5	赣			1203		
𫓽	tsuŋ5	zung4	𫓽5	赣			1252		
𫓾	yt7	yut6	𫓾5	赣			1598		
𫔁	fɨn5	fen4	𫔁5	赣			1080		
𫔂	ti1	di1	𫔂5	赣			1039		
𫔄	leu5	leu4	𫔄5	赣			1246		
𫔆	pʰai6	pai5	𫔆5	赣			1232		
𫔇	pi1	bi1	𫔇5	赣			1066		
𫔋	kʰuon3	kuon3	𫔋5	赣			1519		
𫔌	san3	san3	𫔌5	赣			1295		
𫔍	fan1	fan1	fan2	赣			1803		
𫔍	fan5	fan4	fan2	赣			1345		
𫔎	tɕyot7	jyuot6	jue2	赣			1759		
𫔏	tsʰan2	can2	𫔏5	赣			1775		
𫔏	tsen1	zen1	𫔏5	赣			1951		
𫔑	tsen3	zen3	𫔑5	赣			1078		
𫔔	fɨi1	fei1	𫔔5	赣			1562		
𫔔	fɨi5	fei4	𫔔5	赣			1912		
𫔔	fɨi1	fei1	𫔔5	赣			1159		
𫔔	fɨi5	fei4	𫔔5	赣			1260		
𫔖	luŋ5	lung4	𫔖5	赣			1408		
𫔰	fan6	fan5	𫔰5	赣			1734		
𫔰	pʰien6	pien5	𫔰5	赣			1615		
𫔴	lɨn6	len5	𫔴5	赣			1941		
𫔶	ȵiet7	niet6	nie4	赣			1382		
𫕥	yn3	yun3	𫕥5	赣			1261		
𫖃	fɨi3	fei3	hui4	赣			1530		
𫖃	fɨi3	fei3	hui4	赣			1746		
𫖅	luŋ5	lung4	𫖅5	赣			1505		
𫖇	ɕye1	xyue1	𫖇5	赣			1785		
𫖒	pit7	bit6	𫖒5	赣			1231		
𫖔	pʰai6	pai5	bai4	赣			1142		
𫖖	tsen5	zen4	𫖖5	赣			1348		
𫖪	kʰun3	kun3	𫖪5	赣			1265		
𫖪	kʰut7	kut6	𫖪5	赣			1537		
𫖫	tsɛn3	zen3	𫖫5	赣			1423		
𫖬	tsɛn3	zen3	𫖬5	赣			1898		
𫖬	tɕin3	jin3	𫖬5	赣			1494		
𫖮	ȵi3	ni3	yi3	赣			1418		
𫖯	fu3	fu3	fu3	赣			1251		
𫖯	tʰieu3	tieu3	fu3	赣			1742		
𫖰	to3	do3	𫖰5	赣			1123		
𫖱	kien3	gien3	𫖱5	赣			1767		
𫖲	fun6	fun5	𫖲5	赣			1468		
𫖳	tɕyn1	jyun1	yun1	赣			1280		
𫖳	yn1	yun1	yun1	赣			1122		
𫖴	tset7	zet6	𫖴5	赣			1959		
𫖵	ŋɔʔ7	ngok6	𫖵5	赣			1185		
𫖶	kʰan1	kan1	𫖶5	赣			1015		
𫖹	tɕiuʔ7	jiuk6	𫖹5	赣			1584		
𫖺	fɨn5	fen4	𫖺5	赣			1170		
𫖺	fun5	fun4	𫖺5	赣			1028		
𫗇	yt7	yut6	𫗇5	赣			1775		
𫗋	set7	set6	𫗋5	赣			1434		
𫗚	tɕien3	jien3	𫗚5	赣			1299		
𫗟	ȵyon5	nyuon4	𫗟5	赣			1229		
𫗠	tsɔŋ1	zong1	zhang1	赣			1305		
𫗢	tsʰɔʔ7	cok6	𫗢5	赣			1749		
𫗣	pʰiet8	piet7	𫗣5	赣			1106		
𫗣	pʰet8	pet7	𫗣5	赣			1694		
𫗤	sɿ6	si5	𫗤5	赣			1762		
𫗥	fun5	fun4	𫗥5	赣			1529		
𫗦	pu1	bu1	bu4	赣			1853		
𫗦	pʰu6	pu5	bu4	赣			1549		
𫗧	suʔ7	suk6	su4	赣			1535		
𫗩	lo5	lo4	luo2	赣			1949		
𫗪	ui5	wui4	𫗪5	赣			1718		
𫗬	lon3	lon3	𫗬5	赣			1817		
𫗮	fɔŋ5	fong4	huang2	赣			1893		
𫗰	tui1	dui1	dui1	赣			1455		
𫗱	lien3	lien3	𫗱5	赣			1195		
𫗴	tsen1	zen1	zhan1	赣			1543		
𫗴	tsen3	zen3	zhan1	赣			1678		
𫗵	sɔŋ1	song1	𫗵5	赣			1561		
𫘛	kʰan1	kan1	𫘛5	赣			1449		
𫘛	hon6	hon5	𫘛5	赣			1341		
𫘜	uen5	wun4	wen2	赣			1212		
𫘝	kʰuai3	kuai3	jue2	赣			1392		
𫘝	tɕyot7	jyuot6	jue2	赣			1814		
𫘞	tʰo2	to2	tuo2	赣			1933		
𫘟	po3	bo3	𫘟5	赣			1251		
𫘟	pʰo3	po3	𫘟5	赣			1270		
𫘠	tsɿ5	zi4	𫘠5	赣			2000		
𫘡	kuen1	gun1	𫘡5	赣			1998		
𫘡	tɕiɔŋ1	jiong1	𫘡5	赣			1475		
𫘣	hon6	hon5	han4	赣			1815		
𫘤	sɿ6	si5	ai2	赣			1905		
𫘤	ŋai3	ngai3	ai2	赣			1944		
𫘥	kun1	gun1	𫘥5	赣			1779		
𫘦	tʰau2	tau2	tao2	赣			1952		
𫘧	liuʔ7	liuk6	lu4	赣			1698		
𫘨	tʰi2	ti2	ti2	赣			1014		
𫘩	fɔŋ5	fong4	𫘩5	赣			1868		
𫘪	ȵyon5	nyuon4	yuan2	赣			1832		
𫘫	ŋan5	ngan4	𫘫5	赣			1194		
𫘬	ɕi5	xi4	xi2	赣			1492		
𫘭	sɔŋ1	song1	shuang1	赣			1592		
𫘯	tsʰen2	cen2	𫘯5	赣			1340		
𫘰	tʰan2	tan2	𫘰5	赣			1428		
𫘰	tsen1	zen1	𫘰5	赣			1490		
𫘱	fɨi5	fei4	𫘱5	赣			1286		
𫘱	fɨi5	fei4	𫘱5	赣			1155		
𫘽	kui5	gui4	𫘽5	赣			1601		
𫘽	uot8	wot7	𫘽5	赣			1465		
𫚈	ɕy6	xyu5	xu4	赣			1694		
𫚉	fuŋ5	fung4	hong2	赣			1314		
𫚊	iɔŋ5	yong4	𫚊5	赣			1549		
𫚋	tson1	zon1	𫚋5	赣			1518		
𫚋	tson3	zon3	𫚋5	赣			1165		
𫚌	sa1	sa1	𫚌5	赣			1614		
𫚌	so1	so1	𫚌5	赣			1490		
𫚍	fɨn5	fen4	𫚍5	赣			1816		
𫚎	pʰen6	pen5	𫚎5	赣			1868		
𫚑	pit7	bit6	𫚑5	赣			1418		
𫚑	pʰet8	pet7	𫚑5	赣			1832		
𫚓	li6	li5	𫚓5	赣			1772		
𫚓	liet7	liet6	𫚓5	赣			1313		
𫚕	sɿ1	si1	shi1	赣			1560		
𫚖	tsɿ1	zi1	ci3	赣			1201		
𫚗	kot7	got6	𫚗5	赣			1682		
𫚙	pʰu1	pu1	pu1	赣			1138		
𫚚	tset7	zet6	𫚚5	赣			1732		
𫚛	tʰot8	tot7	𫚛5	赣			1042		
𫚝	fa6	fa5	𫚝5	赣			1607		
𫚞	li5	li4	𫚞5	赣			1284		
𫚡	tseu3	zeu3	𫚡5	赣			1137		
𫚡	tɕiu3	jiu3	𫚡5	赣			1848		
𫚢	ien3	yen3	𫚢5	赣			1452		
𫚣	pien1	bien1	𫚣5	赣			1568		
𫚤	tsɿ1	zi1	𫚤5	赣			1243		
𫚥	ha2	ha2	xia1	赣			1722		
𫚪	yt7	yut6	𫚪5	赣			1873		
𫚫	sau1	sau1	𫚫5	赣			1216		
𫚭	liet7	liet6	lie4	赣			1426		
𫛚	tɕien1	jien1	𫛚5	赣			1909		
𫛛	tsɿ1	zi1	zhi1	赣			1868		
𫛜	fu1	fu1	𫛜5	赣			1017		
𫛜	feu3	feu3	𫛜5	赣			1451		
𫛝	fon1	fon1	𫛝5	赣			1245		
𫛞	tɕyot7	jyuot6	jue2	赣			1161		
𫛟	luŋ5	lung4	𫛟5	赣			1181		
𫛠	tsat7	zat6	𫛠5	赣			1124		
𫛢	ȵin5	nin4	ning2	赣			1993		
𫛢	ȵin6	nin5	ning2	赣			1656		
𫛤	ka1	ga1	𫛤5	赣			1693		
𫛥	kat7	gat6	𫛥5	赣			1849		
𫛦	u1	wu1	𫛦5	赣			1480		
𫛨	pʰi2	pi2	𫛨5	赣			1536		
𫛩	ŋan5	ngan4	𫛩5	赣			1420		
𫛪	ɵ5	o4	𫛪5	赣			1591		
𫛭	kʰuɔŋ2	kuong2	kuang2	赣			1227		
𫛮	piet7	biet6	𫛮5	赣			1404		
𫛯	fɔŋ3	fong3	𫛯5	赣			1090		
𫛰	tɕʰi2	qi2	𫛰5	赣			1332		
𫛱	tsau5	zau4	𫛱5	赣			1453		
𫛳	fuʔ8	fuk7	fu2	赣			1047		
𫛴	tʰi2	ti2	𫛴5	赣			1745		
𫛵	tɕyt7	jyut6	𫛵5	赣			1086		
𫛼	kʰui2	kui2	𫛼5	赣			1838		
𫛽	lɛt7	let6	𫛽5	赣			1948		
𫛾	tsʰu2	cu2	𫛾5	赣			1747		
𫜀	sɨn5	sen4	𫜀5	赣			1568		
𫜀	ɕin5	xin4	𫜀5	赣			1133		
𫜁	pi5	bi4	𫜁5	赣			1699		
𫜁	piet7	biet6	𫜁5	赣			1482		
𫜂	tsɔŋ1	zong1	𫜂5	赣			1449		
𫜃	ieu6	yeu5	𫜃5	赣			1028		
𫜃	in5	yin4	𫜃5	赣			1177		
𫜄	tɕyn1	jyun1	𫜄5	赣			1339		
𫜄	tɕʰyn2	qyun2	𫜄5	赣			1466		
𫜊	uen1	wun1	𫜊5	赣			1414		
𫜑	fuŋ1	fung1	𫜑5	赣			1189		
𫜑	fuŋ3	fung3	𫜑5	赣			1710		
𫜔	pi1	bi1	𫜔5	赣			1040		
𫜔	pʰi2	pi2	𫜔5	赣			1526		
𫜕	kʰuʔ7	kuk6	𫜕5	赣			1100		
𫜙	in6	yin5	𫜙5	赣			1833		
𫜟	tɕʰiu1	qiu1	𫜟5	赣			1677		
𫜪	ŋau3	ngau3	𫜪5	赣			1897		
𫜬	tsʰa6	ca5	ze2	赣			1701		
𫜬	tsʰet8	cet7	ze2	赣			1147		
𫜭	tsʰu3	cu3	𫜭5	赣			1777		
𫜭	su3	su3	𫜭5	赣			1257		
𫜮	ȵien3	nien3	𫜮5	赣			1978		
𫜰	ŋat7	ngat6	𫜰5	赣			1604		
𫜰	ŋot7	ngot6	𫜰5	赣			1499		
𫜲	luŋ3	lung3	𫜲5	赣			1609		
𫜲	luŋ5	lung4	𫜲5	赣			1678		
𫜳	lan5	lan4	𫜳5	赣			1193		
𫜳	len5	len4	𫜳5	赣			1249		
𫝈	fun5	fun4	𫝈5	赣			1656		
𫝬	kʰuai3	kuai3	𫝬5	赣			1111		
𫝬	kʰui3	kui3	𫝬5	赣			1690		
𫞅	ɕin5	xin4	𫞅5	赣			1263		
𫞗	mi3	mi3	𫞗5	赣			1174		
𫞗	men3	men3	𫞗5	赣			1422		
𫞚	tsɿ1	zi1	𫞚5	赣			1669		
𫞚	tsʰɿ2	ci2	𫞚5	赣			1650		
𫞛	tɕy1	jyu1	𫞛5	赣			1364		
𫞠	lɨn5	len4	𫞠5	赣			1628		
𫞣	tsʰan3	can3	𫞣5	赣			1773		
𫞧	lau5	lau4	𫞧5	赣			1054		
𫞩	mɨn5	men4	men2	赣			1643		
𫞷	kʰuai3	kuai3	𫞷5	赣			1508		
𫞷	kʰui3	kui3	𫞷5	赣			1040		
𫟃	lɨn6	len5	𫟃5	赣			1112		
𫟃	ȵin6	nin5	𫟃5	赣			1689		
𫟅	liɔŋ5	liong4	liang2	赣			1029		
𫟆	tsʰuŋ2	cung2	𫟆5	赣			1841		
𫟆	tsʰuŋ6	cung5	𫟆5	赣			1765		
𫟡	tsʰuŋ2	cung2	𫟡5	赣			1611		
𫟤	tʰo2	to2	𫟤5	赣			1124		
𫟥	kʰien1	kien1	𫟥5	赣			1127		
𫟦	sui6	sui5	sui4	赣			1181		
𫟲	tɕʰiu2	qiu2	𫟲5	赣			1700		
𫟸	sɛt7	set6	𫟸5	赣			1939		
𫟸	ɕit7	xit6	𫟸5	赣			1730		
𫟹	fuŋ5	fung4	hong2	赣			1558		
𫟼	tʰat8	tat7	da2	赣			1972		
𫟿	tsʰa1	ca1	𫟿5	赣			1796		
𫠂	lɨn5	len4	𫠂5	赣			1602		
𫠆	kui5	gui4	kui3	赣			1351		
𫠆	kʰui3	kui3	kui3	赣			1487		
𫠈	pʰiet7	piet6	𫠈5	赣			1515		
𫠈	pit7	bit6	𫠈5	赣			1745		
𫠊	ɕyon5	xyuon4	xuan2	赣			1089		
𫠋	luʔ7	luk6	𫠋5	赣			1264		
𫠌	fɔŋ6	fong5	𫠌5	赣			1591		
𫠐	hon2	hon2	𫠐5	赣			1177		
𫠜	ȵi5	ni4	ni2	赣			1622		
𫢸	tʰan6	tan5	dan4	赣			1266		
𫢸	sen5	sen4	dan4	赣			1138		
𫭟	ŋieu3	ngieu3	ou1	赣			1748		
𫮃	sen6	sen5	shan4	赣			1735		
𫰛	ȵin5	nin4	xing2	赣			1432		
𫰛	ɕin5	xin4	xing2	赣			1863		
𫶇	tʰiet8	tiet7	die2	赣			1456		
𫷷	ɕin1	xin1	xin1	赣			1906		
𫷷	ɕin3	xin3	xin1	赣			1266		
𫸩	kʰieu1	kieu1	kou1	赣			1057		
𬀩	ui3	wui3	wei3	赣			1359		
𬀪	ȵien6	nien5	xian4	赣			1916		
𬀪	ɕien6	xien5	xian4	赣			1298		
𬂩	kat7	gat6	jia1	赣			1176		
𬂩	tɕiet7	jiet6	jia1	赣			1089		
𬃊	tset7	zet6	zhi4	赣			1867		
𬃊	tɕit7	jit6	zhi4	赣			1315		
𬇕	uan6	wan5	wan4	赣			1378		
𬇙	pʰi3	pi3	pei4	赣			1633		
𬇙	pʰai3	pai3	pei4	赣			1589		
𬇹	kuet7	guet6	guo2	赣			1459		
𬊈	tɕʰien2	qien2	xun2	赣			1738		
𬊤	tsʰen3	cen3	chan3	赣			1219		
𬍛	lit7	lit6	li4	赣			1303		
𬍡	tʰɔŋ6	tong5	dang4	赣			2000		
𬒈	kʰɔʔ7	kok6	que4	赣			1064		
𬕂	kuŋ1	gung1	gong1	赣			1565		
𬘓	sun5	sun4	xun2	赣			1180		
𬘓	ɕyn5	xyun4	xun2	赣			1400		
𬘘	tan3	dan3	dan3	赣			1769		
𬘡	in1	yin1	yin1	赣			1173		
𬘩	tʰin1	tin1	ting1	赣			1327		
𬘩	tʰin2	tin2	ting1	赣			1471		
𬘫	fon5	fon4	huan2	赣			1114		
𬘫	fon6	fon5	huan2	赣			1367		
𬘬	tsen1	zen1	qian4	赣			1000		
𬘬	tɕʰien3	qien3	qian4	赣			1548		
𬘭	tsʰen1	cen1	lin2	赣			1147		
𬘭	tɕʰin1	qin1	lin2	赣			1969		
𬙂	ien3	yen3	yan3	赣			1567		
𬙂	in3	yin3	yan3	赣			1149		
𬙊	met7	met6	mo4	赣			1430		
𬙋	ɕiɔŋ1	xiong1	xiang1	赣			1072		
𬜬	leu6	leu5	man4	赣			1327		
𬜬	man6	man5	man4	赣			1983		
𬜯	liɔŋ3	liong3	liang3	赣			1632		
𬟁	ŋiet7	ngiet6	yi4	赣			1938		
𬟁	ȵit7	nit6	yi4	赣			1884		
𬟽	tuŋ1	dung1	dong1	赣			1442		
𬟽	tuŋ3	dung3	dong1	赣			1602		
𬣙	ɕy1	xyu1	xu1	赣			1454		
𬣞	tɕy3	jyu3	zhu3	赣			1128		
𬣡	tɕʰien6	qien5	jian4	赣			1991		
𬣳	kien3	gien3	hen3	赣			1689		
𬤇	in1	yin1	yin1	赣			1032		
𬤊	sɿ6	si5	shi4	赣			1544		
𬤝	fɨi6	fei5	hui4	赣			1566		
𬤝	fɨi6	fei5	hui4	赣			1939		
𬨂	tɕʰi2	qi2	qi2	赣			1256		
𬨎	iu5	yiu4	you2	赣			1807		
𬩽	ɕin5	xin4	xun2	赣			1694		
𬪩	luŋ5	lung4	nong2	赣			1085		
𬬩	it7	yit6	yi4	赣			1071		
𬬭	fɨn1	fen1	lun2	赣			1348		
𬬭	fun1	fun1	lun2	赣			1379		
𬬮	tsʰɔŋ3	cong3	chang3	赣			1778		
𬬱	tɕin1	jin1	jin1	赣			1120		
𬬱	ȵin3	nin3	jin1	赣			1651		
𬬻	lu5	lu4	lu2	赣			1105		
𬬿	tseu1	zeu1	zhao1	赣			1275		
𬭤	heu2	heu2	hou2	赣			1384		
𬭤	heu6	heu5	hou2	赣			1332		
𬭬	sui6	sui5	wei4	赣			1144		
𬭭	tɕʰit7	qit6	𬭭5	赣			1489		
𬭸	lin5	lin4	lin2	赣			1413		
𬭸	lin6	lin5	lin2	赣			1872		
𬭼	sui6	sui5	sui4	赣			1217		
𬮱	in1	yin1	yin1	赣			1533		
𬮿	ŋai5	ngai4	qi2	赣			1995		
𬯀	tɕi1	ji1	ji1	赣			1377		
𬯀	tɕi5	ji4	ji1	赣			1022		
𬯎	tʰui2	tui2	tui2	赣			1995		
𬱖	tɕʰyn3	qyun3	di2	赣			1485		
𬱖	tʰit8	tit7	di2	赣			1071		
𬱟	ui3	wui3	wei3	赣			1188		
𬳵	pʰi1	pi1	pi1	赣			1527		
𬳶	kuen1	gun1	jiong1	赣			1324		
𬳶	tɕiɔŋ1	jiong1	jiong1	赣			1332		
𬳽	sen1	sen1	shen1	赣			1521		
𬳿	tʰu2	tu2	tu2	赣			1161		
𬴂	fɨi1	fei1	fei1	赣			1082		
𬴂	fɨi1	fei1	fei1	赣			1082		
𬴊	lin5	lin4	lin2	赣			1832		
𬶋	tɕy1	jyu1	ju1	赣			1477		
𬶍	tʰo2	to2	tuo2	赣			1134		
𬶏	ui5	wui4	wei2	赣			1486		
𬶐	tsʰeu6	ceu5	zhao4	赣			1407		
𬶐	tʰieu2	tieu2	zhao4	赣			1755		
𬶠	lien6	lien5	lian4	赣			1122		
𬶨	tɕʰi6	qi5	ji4	赣			1789		
𬶭	tɕi5	ji4	ji4	赣			1844		
𬷕	pu1	bu1	bu1	赣			1321		
𬷕	pʰu6	pu5	bu1	赣			1239		
𬸘	ien3	yen3	yan3	赣			1034		
𬸚	ŋɔʔ7	ngok6	yue4	赣			1736		
𬸣	ɕien1	xien1	xian1	赣			1236		
𬸦	tsʰɔʔ7	cok6	zhuo2	赣			1134		
𬸦	tsʰɔʔ8	cok7	zhuo2	赣			1550		
𬸪	fan5	fan4	fan2	赣			1174		
𬸯	pʰet8	pet7	𬸯5	赣			1569		
𬹼	hai6	hai5	xie4	赣			1695		
𬺈	ȵi6	ni5	yi3	赣			1486		
𬺓	tsʰu3	cu3	chu3	赣			1753		
𰰨	lɨn5	len4	𰰨5	赣			1206		
𰰨	lun5	lun4	𰰨5	赣			1632		
𰾄	mi5	mi4	𰾄5	赣			1255		
儡	lei3	lei3		赣			76977		新1
内	lei6	lei5		赣			370000		新1
垒	lei3	lei3		赣			102790		新1
擂	lei5	lei4		赣			120000		新1
枘	lei6	lei5		赣			18143		
汭	lei6	lei5		赣			12277		
睿	lei6	lei5		赣			75226		新1
磊	lei3	lei3		赣			104365		新1
类	lei6	lei5		赣			310000		新1
累	lei5	lei4		赣			215000		新1
累	lei6	lei5		赣			215000		新2
羸	lei5	lei4		赣			75077		新1
耒	lei3	lei3		赣			72321		新1
芮	lei6	lei5		赣			71211		新1
蕊	lei3	lei3		赣			120000		新1
蕤	lei5	lei4		赣			70258		新1
蕾	lei3	lei3		赣			108255		新1
诔	lei3	lei3		赣			75793		
酹	lei6	lei5		赣			72560		
钠	lei6	lei5		赣			106387		新1
锐	lei6	lei5		赣			109429		新1
镭	lei5	lei4		赣			73698		新1
馁	lei3	lei3		赣			106022		新1
㠥	lei5	lei4		赣			4079		
㵽	lei3	lei3		赣			4280		
㼏	lei3	lei3		赣			4008		
䄲	lei6	lei5		赣			4745		
䉂	lei3	lei3		赣			5195		
䐯	lei5	lei4		赣			4793		
䒹	lei6	lei5		赣			5092		
䬐	lei5	lei4		赣			5288		
厽	lei3	lei3		赣			5644		
叡	lei6	lei5		赣			4897		
娞	lei3	lei3		赣			4082		
嫘	lei5	lei4		赣			5451		
攂	lei6	lei5		赣			5302		
桵	lei5	lei4		赣			4369		
櫐	lei3	lei3		赣			4606		
欙	lei5	lei4		赣			4190		
畾	lei5	lei4		赣			5475		
癗	lei3	lei3		赣			4588		
磥	lei3	lei3		赣			5285		
禷	lei6	lei5		赣			5679		
絫	lei3	lei3		赣			5112		
緌	lei5	lei4		赣			4998		
繠	lei3	lei3		赣			4061		
纝	lei5	lei4		赣			5819		
缧	lei5	lei4		赣			4232		
罍	lei5	lei4		赣			5417		
蔂	lei5	lei4		赣			4793		
藟	lei3	lei3		赣			5766		
蘂	lei3	lei3		赣			4216		
蘱	lei6	lei5		赣			5718		
蘽	lei3	lei3		赣			4488		
讄	lei3	lei3		赣			5668		
郲	lei3	lei3		赣			4926		
銇	lei6	lei5		赣			5201		
錑	lei6	lei5		赣			5672		
靁	lei5	lei4		赣			4480		
頛	lei3	lei3		赣			4193		
頪	lei6	lei5		赣			5505		
颣	lei6	lei5		赣			5190		
鮾	lei3	lei3		赣			5862		
𡔇	lei6	lei5		赣			1015		
𡤯	lei5	lei4		赣			1353		
𡰟	lei5	lei4		赣			1677		
𡰠	lei5	lei4		赣			1529		
𡻭	lei3	lei3		赣			1121		
𡼊	lei3	lei3		赣			1722		
𡾋	lei3	lei3		赣			1319		
𡿔	lei5	lei4		赣			1473		
𢅼	lei5	lei4		赣			1480		
𤜖	lei5	lei4		赣			1450		
𤢹	lei3	lei3		赣			1225		
𤮚	lei5	lei4		赣			1382		
𥍔	lei5	lei4		赣			1433		
𥣬	lei6	lei5		赣			1072		
𦌵	lei5	lei4		赣			1624		
𦝭	lei6	lei5		赣			1324		
𦢏	lei3	lei3		赣			1166		
𨡌	lei5	lei4		赣			1379		
𨻾	lei3	lei3		赣			1793		
𩂩	lei5	lei4		赣			1897		
𩗔	lei3	lei3		赣			1879		
淳	tsʰun2	cun2		赣			109967		新1
纯	tsʰun2	cun2		赣			146000		新1
醇	tsʰun2	cun2		赣			114921		新1
䞐	tsʰun3	cun3		赣			5549		新1
滣	tsʰun2	cun2		赣			5157		新1
焞	tsʰun2	cun2		赣			5673		新1
