本词	国际音标	方言拼音	汉语拼音	词汇属性	对应官话词	官话拼音	词频	同义词	新旧标记
礼拜天	li3 pai5 tʰiɛn1	li3 bai4 tien1	li3 bai4 tian1	赣			31		
女生	ȵy3 sɛn1	nyu3 sen1	nv3 sheng1	文			711		
男生	lan5 sɛn1	lan4 sen1	nan2 sheng1	文			433		
电话	tʰiɛn6 fa6	tien5 fa5	dian4 hua4	文			8354		
打电话	ta3 tʰiɛn6 fa6	da3 tien5 fa5	da3 dian4 hua4	文			1305		
电话机	tʰiɛn6 fa6 tɕi1	tien5 fa5 ji1	dian4 hua4 ji1	文			166		
长途电话	tsʰɔŋ2 tʰu2 tʰiɛn6 fa6	cong2 tu2 tien5 fa5	chang2 tu2 dian4 hua4	文			113		
电话铃	tʰiɛn6 fa6 liaŋ6	tien5 fa5 liang5	dian4 hua4 ling2	文			91		
电话会议	tʰiɛn6 fa6 fɨi6 i6	tien5 fa5 fei5 yi5	dian4 hua4 hui4 yi4	文			73		
电话线	tʰiɛn6 fa6 ɕiɛn5	tien5 fa5 xien4	dian4 hua4 xian4	文			50		
电话费	tʰiɛn6 fa6 fɨi5	tien5 fa5 fei4	dian4 hua4 fei4	文			41		
电话网	tʰiɛn6 fa6 uɔŋ3	tien5 fa5 wong3	dian4 hua4 wang3	文			36		
公用电话	kuŋ1 iuŋ6 tʰiɛn6 fa6	gung1 yung5 tien5 fa5	gong1 yong4 dian4 hua4	文			34		
通电话	tʰuŋ1 tʰiɛn6 fa6	tung1 tien5 fa5	tong1 dian4 hua4	文			33		
可视电话	kʰo3 sɿ6 tʰiɛn6 fa6	ko3 si5 tien5 fa5	ke3 shi4 dian4 hua4	文			31		
电话卡	tʰiɛn6 fa6 kʰa3	tien5 fa5 ka3	dian4 hua4 ka3	文			29		
电视电话	tʰiɛn6 sɿ6 tʰiɛn6 fa6	tien5 si5 tien5 fa5	dian4 shi4 dian4 hua4	文			28		
电话亭	tʰiɛn6 fa6 tʰin2	tien5 fa5 tin2	dian4 hua4 ting2	文			27		
电话局	tʰiɛn6 fa6 tɕʰyt7	tien5 fa5 qyut6	dian4 hua4 ju2	文			23		
电话会	tʰiɛn6 fa6 fɨi6	tien5 fa5 fei5	dian4 hua4 hui4	文			22		
电话响	tʰiɛn6 fa6 ɕiɔŋ3	tien5 fa5 xiong3	dian4 hua4 xiang3	文			21		
程控电话	tɕʰin2 kʰuŋ3 tʰiɛn6 fa6	qin2 kung3 tien5 fa5	cheng2 kong4 dian4 hua4	文			18		
电话号码	tʰiɛn6 fa6 hau6 ma3	tien5 fa5 hau5 ma3	dian4 hua4 hao4 ma3	文			17		
美国电话电报公司	mi3 kuɛt7 tʰiɛn6 fa6 tʰiɛn6 pau5 kuŋ1 sɿ1	mi3 guet6 tien5 fa5 tien5 bau4 gung1 si1	mei3 guo2 dian4 hua4 dian4 bao4 gong1 si1	文			15		
公用电话亭	kuŋ1 iuŋ6 tʰiɛn6 fa6 tʰin2	gung1 yung5 tien5 fa5 tin2	gong1 yong4 dian4 hua4 ting2	文			14		
无绳电话机	u5 sɨn5 tʰiɛn6 fa6 tɕi1	wu4 sen4 tien5 fa5 ji1	wu2 sheng2 dian4 hua4 ji1	文			12		
电话员	tʰiɛn6 fa6 yon5	tien5 fa5 yuon4	dian4 hua4 yuan2	文			11		
电视电话会议	tʰiɛn6 sɿ6 tʰiɛn6 fa6 fɨi6 i6	tien5 si5 tien5 fa5 fei5 yi5	dian4 shi4 dian4 hua4 hui4 yi4	文			10		
电话本	tʰiɛn6 fa6 pɨn3	tien5 fa5 ben3	dian4 hua4 ben3	文			10		
无线电话	u5 ɕiɛn5 tʰiɛn6 fa6	wu4 xien4 tien5 fa5	wu2 xian4 dian4 hua4	文			9		
电话公司	tʰiɛn6 fa6 kuŋ1 sɿ1	tien5 fa5 gung1 si1	dian4 hua4 gong1 si1	文			9		
接电话	tɕiɛt7 tʰiɛn6 fa6	jiet6 tien5 fa5	jie1 dian4 hua4	文			8		
电话簿	tʰiɛn6 fa6 pʰu6	tien5 fa5 pu5	dian4 hua4 bu4	文			8		
日食	lɛt7 sɿʔ7	let6 sik6	ri4 shi2	文			110		
决定	tɕyot7 tʰin6	jyuot6 tin5	jue2 ding4	文			32770		
一定	it7 tʰin6	yit6 tin5	yi2 ding4	文			275293		
规定	kui1 tʰin6	gui1 tin5	gui1 ding4	文			74568		
制定	tsɿ5 tʰin6	zi4 tin5	zhi4 ding4	文			53662		
稳定	uen3 tʰin6	wun3 tin5	wen3 ding4	文			138439		
确定	kʰɔʔ7 tʰin6	kok6 tin5	que4 ding4	文			256779		
肯定	kʰiɛn3 tʰiaŋ6	kien3 tiang5	ken3 ding4	白			236227		
固定	ku5 tʰin6	gu4 tin5	gu4 ding4	文			143844		
协定	ɕiɛt7 tʰin6	xiet6 tin5	xie2 ding4	文			2687		
特定	tʰet7 tʰin6	tet6 tin5	te4 ding4	赣			232066		
说不定	sot7 pet7 tʰin6	sot6 bet6 tin5	shuo1 bu4 ding4	文			1914		
定义	tʰin6 ȵi6	tin5 ni5	ding4 yi4	文			251823		
奠定	tʰiɛn6 tʰin6	tien5 tin5	dian4 ding4	文			1804		
测定	tsʰɛt7 tʰin6	cet6 tin5	ce4 ding4	文			26768		
必定	pit7 tʰin6	bit6 tin5	bi4 ding4	文			26706		
指定	tsɿ3 tʰin6	zi3 tin5	zhi3 ding4	文			231699		
定位	tʰin6 ui6	tin5 wui5	ding4 wei4	文			56650		
否定	fɛu3 tʰin6	feu3 tin5	fou3 ding4	文			6459		
定律	tʰin6 lit7	tin5 lit6	ding4 lv4	文			56417		
定期	tʰin6 tɕʰi2	tin5 qi2	ding4 qi1	文			1389		
假定	ka3 tʰin6	ga3 tin5	jia3 ding4	文			1376		
法定	fat7 tʰin6	fat6 tin5	fa3 ding4	文			1305		
安定	ŋon1 tʰin6	ngon1 tin5	an1 ding4	文			1278		
坚定	tɕiɛn1 tʰin6	jien1 tin5	jian1 ding4	文			1241		
鉴定	kan5 tʰin6	gan4 tin5	jian4 ding4	文			21226		
固定资产	ku5 tʰin6 tsɿ1 tsʰan3	gu4 tin5 zi1 can3	gu4 ding4 zi1 chan3	文			1148		
预定	y6 tʰin6	yu5 tin5	yu4 ding4	文			1093		
定为	tʰin6 ui6	tin5 wui5	ding4 wei4	文			1060		
定向	tʰin6 ɕiɔŋ5	tin5 xiong4	ding4 xiang4	文			50860		
稳定性	uen3 tʰin6 ɕin5	wun3 tin5 xin4	wen3 ding4 xing4	文			5857		
定居	tʰin6 tɕy1	tin5 jyu1	ding4 ju1	文			829		
拟定	ȵi3 tʰin6	ni3 tin5	ni3 ding4	文			826		
约定	iɔʔ7 tʰin6	yok6 tin5	yue1 ding4	文			50820		
平定	pʰin2 tʰin6	pin2 tin5	ping2 ding4	文			10756		
决定性	tɕyot7 tʰin6 ɕin5	jyuot6 tin5 xin4	jue2 ding4 xing4	文			744		
保定	pau3 tʰin6	bau3 tin5	bao3 ding4	文			739		
不定	pet7 tʰin6	bet6 tin5	bu4 ding4	文			733		
定然	tʰin6 lɛn5	tin5 len4	ding4 ran2	文			716		
注定	tɕy5 tʰin6	jyu4 tin5	zhu4 ding4	文			691		
镇定	tsɨn5 tʰin6	zen4 tin5	zhen4 ding4	文			638		
选定	ɕyon3 tʰin6	xyuon3 tin5	xuan3 ding4	文			610		
定价	tʰin6 ka5	tin5 ga4	ding4 jia4	文			30603		
定理	tʰin6 li3	tin5 li3	ding4 li3	文			5596		
断定	ton5 tʰin6	don4 tin5	duan4 ding4	文			35579		
审定	sɨn3 tʰin6	sen3 tin5	shen3 ding4	文			491		
定额	tʰin6 ŋiɛt7	tin5 ngiet6	ding4 e2	文			25455		
限定	han6 tʰin6	han5 tin5	xian4 ding4	文			75429		
定型	tʰin6 ɕin5	tin5 xin4	ding4 xing2	文			416		
设定	sɛt7 tʰin6	set6 tin5	she4 ding4	文			25406		
原定	ȵyon5 tʰin6	nyuon4 tin5	yuan2 ding4	文			402		
定量	tʰin6 liɔŋ5	tin5 liong4	ding4 liang4	文			393		
锁定	so3 tʰin6	so3 tin5	suo3 ding4	文			386		
判定	pʰon3 tʰin6	pon3 tin5	pan4 ding4	文			155383		
划定	fa2 tʰin6	fa2 tin5	hua4 ding4	文			365		
坐定	tsʰo6 tʰin6	co5 tin5	zuo4 ding4	文			349		
评定	pʰin2 tʰin6	pin2 tin5	ping2 ding4	文			100345		
待定	tʰai6 tʰin6	tai5 tin5	dai4 ding4	文			330		
一定量	it7 tʰin6 liɔŋ5	yit6 tin5 liong4	yi2 ding4 liang4	文			328		
既定	tɕi5 tʰin6	ji4 tin5	ji4 ding4	文			325		
定制	tʰin6 tsɿ5	tin5 zi4	ding4 zhi4	文			324		
议定	ȵi6 tʰin6	ni5 tin5	yi4 ding4	文			322		
安定门	ŋon1 tʰin6 mɨn5	ngon1 tin5 men4	an1 ding4 men2	文			318		
商定	sɔŋ1 tʰin6	song1 tin5	shang1 ding4	文			311		
定性	tʰin6 ɕin5	tin5 xin4	ding4 xing4	文			309		
定下	tʰin6 ha6	tin5 ha5	ding4 xia4	文			297		
定时	tʰin6 sɿ5	tin5 si4	ding4 shi2	文			292		
定名	tʰin6 min5	tin5 min4	ding4 ming2	文			291		
界定	kai5 tʰin6	gai4 tin5	jie4 ding4	文			50276		
鉴定会	kan5 tʰin6 fɨi6	gan4 tin5 fei5	jian4 ding4 hui4	文			264		
吉佩定	tɕit7 pʰi3 tʰin6	jit6 pi3 tin5	ji2 pei4 ding4	文			262		
吴定富	u5 tʰin6 fu5	wu4 tin5 fu4	wu2 ding4 fu4	文			261		
定点	tʰin6 tiɛn3	tin5 dien3	ding4 dian3	文			257		
定论	tʰin6 lɨn6	tin5 len5	ding4 lun4	文			25257		
坚定不移	tɕiɛn1 tʰin6 pet7 i5	jien1 tin5 bet6 yi4	jian1 ding4 bu4 yi2	文			255		
定于	tʰin6 y5	tin5 yu4	ding4 yu2	文			255		
滴定	tit7 tʰin6	dit6 tin5	di1 ding4	文			241		
裁定	tsʰai2 tʰin6	cai2 tin5	cai2 ding4	文			240		
未定	ui6 tʰin6	wui5 tin5	wei4 ding4	文			227		
定都	tʰin6 tu1	tin5 du1	ding4 du1	文			214		
恒定	hɛn2 tʰin6	hen2 tin5	heng2 ding4	文			210		
钦定	tɕʰin1 tʰin6	qin1 tin5	qin1 ding4	文			25210		
下定决心	ha6 tʰin6 tɕyot7 ɕin1	ha5 tin5 jyuot6 xin1	xia4 ding4 jue2 xin1	文			201		
嘉定	ka1 tʰin6	ga1 tin5	jia1 ding4	文			196		
定睛	tʰin6 tɕin1	tin5 jin1	ding4 jing1	文			189		
圈定	tɕʰyon1 tʰin6	qyuon1 tin5	quan1 ding4	文			182		
定远	tʰin6 yon3	tin5 yuon3	ding4 yuan3	文			182		
搞定	kau3 tʰin6	gau3 tin5	gao3 ding4	文			162		
无定	u5 tʰin6	wu4 tin5	wu2 ding4	文			148		
不定期	pet7 tʰin6 tɕʰi2	bet6 tin5 qi2	bu4 ding4 qi1	文			147		
签定	tɕʰiɛn1 tʰin6	qien1 tin5	qian1 ding4	文			147		
议定书	ȵi6 tʰin6 su1	ni5 tin5 su1	yi4 ding4 shu1	文			141		
守恒定律	seu3 hɛn2 tʰin6 lit7	seu3 hen2 tin5 lit6	shou3 heng2 ding4 lv4	文			138		
定局	tʰin6 tɕʰyt7	tin5 qyut6	ding4 ju2	文			138		
推定	tʰui1 tʰin6	tui1 tin5	tui1 ding4	文			131		
不确定性	pet7 kʰɔʔ7 tʰin6 ɕin5	bet6 kok6 tin5 xin4	bu4 que4 ding4 xing4	文			25129		
定夺	tʰin6 tʰot7	tin5 tot6	ding4 duo2	文			128		
核定	het8 tʰin6	het7 tin5	he2 ding4	文			128		
明文规定	min5 uen5 kui1 tʰin6	min4 wun4 gui1 tin5	ming2 wen2 gui1 ding4	文			126		
立定	lit7 tʰin6	lit6 tin5	li4 ding4	文			122		
定罪	tʰin6 tsʰui6	tin5 cui5	ding4 zui4	文			25119		
永定河	iuŋ3 tʰin6 ho2	yung3 tin5 ho2	yong3 ding4 he2	文			114		
下定	ha6 tʰin6	ha5 tin5	xia4 ding4	文			106		
安定团结	ŋon1 tʰin6 tʰon2 tɕiɛt7	ngon1 tin5 ton2 jiet6	an1 ding4 tuan2 jie2	文			106		
给定	tɕit7 tʰin6	jit6 tin5	gei3 ding4	文			30105		
定出	tʰin6 tsʰuʔ7	tin5 cuk6	ding4 chu1	文			104		
定量分析	tʰin6 liɔŋ5 fɨn1 ɕit7	tin5 liong4 fen1 xit6	ding4 liang4 fen1 xi1	文			100		
定神	tʰin6 sɨn5	tin5 sen4	ding4 shen2	文			99		
心神不定	ɕin1 sɨn5 pet7 tʰin6	xin1 sen4 bet6 tin5	xin1 shen2 bu4 ding4	文			99		
额定	ŋiɛt7 tʰin6	ngiet6 tin5	e2 ding4	文			99		
奥美定	ŋau5 mi3 tʰin6	ngau4 mi3 tin5	ao4 mei3 ding4	文			97		
定格	tʰin6 kiɛt7	tin5 giet6	ding4 ge2	文			91		
惊魂未定	tɕin1 fɨn5 ui6 tʰin6	jin1 fen4 wui5 tin5	jing1 hun2 wei4 ding4	文			87		
一口咬定	it7 kʰiɛu3 ŋau3 tʰin6	yit6 kieu3 ngau3 tin5	yi4 kou3 yao3 ding4	文			86		
定购	tʰin6 kiɛu5	tin5 gieu4	ding4 gou4	文			86		
定金	tʰin6 tɕin1	tin5 jin1	ding4 jin1	文			84		
敲定	kʰau1 tʰin6	kau1 tin5	qiao1 ding4	文			84		
正定	tsɨn5 tʰin6	zen4 tin5	zheng4 ding4	文			83		
决定论	tɕyot7 tʰin6 lɨn6	jyuot6 tin5 len5	jue2 ding4 lun4	文			80		
定数	tʰin6 su5	tin5 su4	ding4 shu4	文			79		
确定性	kʰɔʔ7 tʰin6 ɕin5	kok6 tin5 xin4	que4 ding4 xing4	文			77		
不稳定性	pet7 uen3 tʰin6 ɕin5	bet6 wun3 tin5 xin4	bu4 wen3 ding4 xing4	文			75		
定单	tʰin6 tan1	tin5 dan1	ding4 dan1	文			74		
定形	tʰin6 ɕin5	tin5 xin4	ding4 xing2	文			74		
固定式	ku5 tʰin6 sɨt7	gu4 tin5 set6	gu4 ding4 shi4	文			73		
定做	tʰin6 tsu5	tin5 zu4	ding4 zuo4	文			73		
定则	tʰin6 tsɛt7	tin5 zet6	ding4 ze2	文			71		
定势	tʰin6 sɿ5	tin5 si4	ding4 shi4	文			70		
定稿	tʰin6 kau3	tin5 gau3	ding4 gao3	文			70		
规定性	kui1 tʰin6 ɕin5	gui1 tin5 xin4	gui1 ding4 xing4	文			69		
大定	tʰai6 tʰin6	tai5 tin5	da4 ding4	文			68		
定州	tʰin6 tsɛu1	tin5 zeu1	ding4 zhou1	文			67		
一言为定	it7 ȵiɛn5 ui6 tʰin6	yit6 nien4 wui5 tin5	yi1 yan2 wei2 ding4	文			63		
李定国	li3 tʰin6 kuɛt7	li3 tin5 guet6	li3 ding4 guo2	文			62		
不定式	pet7 tʰin6 sɨt7	bet6 tin5 set6	bu4 ding4 shi4	文			61		
勾股定理	kiɛu1 ku3 tʰin6 li3	gieu1 gu3 tin5 li3	gou1 gu3 ding4 li3	文			60		
坚定性	tɕiɛn1 tʰin6 ɕin5	jien1 tin5 xin4	jian1 ding4 xing4	文			60		
定居点	tʰin6 tɕy1 tiɛn3	tin5 jyu1 dien3	ding4 ju1 dian3	文			59		
想定	ɕiɔŋ3 tʰin6	xiong3 tin5	xiang3 ding4	文			58		
排定	pʰai2 tʰin6	pai2 tin5	pai2 ding4	文			58		
真定府	tsɨn1 tʰin6 fu3	zen1 tin5 fu3	zhen1 ding4 fu3	文			55		
薛定谔	ɕyot7 tʰin6 ŋɔʔ7	xyuot6 tin5 ngok6	xue1 ding4 e4	文			55		
定县	tʰin6 ɕiɛn6	tin5 xien5	ding4 xian4	文			54		
举棋不定	tɕy3 tɕʰi2 pet7 tʰin6	jyu3 qi2 bet6 tin5	ju3 qi2 bu4 ding4	文			53		
按规定	ŋon5 kui1 tʰin6	ngon4 gui1 tin5	an4 gui1 ding4	文			53		
痛定思痛	tʰuŋ3 tʰin6 sɿ1 tʰuŋ3	tung3 tin5 si1 tung3	tong4 ding4 si1 tong4	文			53		
康定	kʰɔŋ1 tʰin6	kong1 tin5	kang1 ding4	文			52		
标定	piɛu1 tʰin6	bieu1 tin5	biao1 ding4	文			25052		
笃定	tuʔ7 tʰin6	duk6 tin5	du3 ding4	文			52		
决定书	tɕyot7 tʰin6 su1	jyuot6 tin5 su1	jue2 ding4 shu1	文			51		
定义域	tʰin6 ȵi6 yt7	tin5 ni5 yut6	ding4 yi4 yu4	文			51		
定弦	tʰin6 ɕyon5	tin5 xyuon4	ding4 xian2	文			51		
尘埃落定	tsʰɨn2 ŋai1 lɔʔ8 tʰin6	cen2 ngai1 lok7 tin5	chen2 ai1 luo4 ding4	文			51		
抱定	pʰau6 tʰin6	pau5 tin5	bao4 ding4	文			51		
入定	luʔ7 tʰin6	luk6 tin5	ru4 ding4	文			50		
定向生	tʰin6 ɕiɔŋ5 sɛn1	tin5 xiong4 sen1	ding4 xiang4 sheng1	文			50		
定西	tʰin6 ɕi1	tin5 xi1	ding4 xi1	文			49		
捉摸不定	tsɔʔ7 mo1 pet7 tʰin6	zok6 mo1 bet6 tin5	zhuo1 mo1 bu4 ding4	文			49		
罗耶定	lo5 ia5 tʰin6	lo4 ya4 tin5	luo2 ye2 ding4	文			49		
全球定位系统	tɕʰyon2 tɕʰiu2 tʰin6 ui6 ɕi6 tʰuŋ3	qyuon2 qiu2 tin5 wui5 xi5 tung3	quan2 qiu2 ding4 wei4 xi4 tong3	文			48		
定计	tʰin6 tɕi5	tin5 ji4	ding4 ji4	文			48		
镇定自若	tsɨn5 tʰin6 tsʰɿ6 lɔʔ7	zen4 tin5 ci5 lok6	zhen4 ding4 zi4 ruo4	文			48		
决定权	tɕyot7 tʰin6 tɕʰyon2	jyuot6 tin5 qyuon2	jue2 ding4 quan2	文			47		
一锤定音	it7 tsʰui2 tʰin6 in1	yit6 cui2 tin5 yin1	yi1 chui2 ding4 yin1	文			46		
咬定	ŋau3 tʰin6	ngau3 tin5	yao3 ding4	文			46		
定时炸弹	tʰin6 sɿ5 tsᴀ5 tʰan2	tin5 si4 za4 tan2	ding4 shi2 zha4 dan4	文			46		
定约	tʰin6 iɔʔ7	tin5 yok6	ding4 yue1	文			46		
定力	tʰin6 lit7	tin5 lit6	ding4 li4	文			45		
定案	tʰin6 ŋon5	tin5 ngon4	ding4 an4	文			45		
定语	tʰin6 ȵy3	tin5 nyu3	ding4 yu3	文			45		
定式	tʰin6 sɨt7	tin5 set6	ding4 shi4	文			44		
定亲	tʰin6 tɕʰin1	tin5 qin1	ding4 qin1	文			43		
定襄	tʰin6 ɕiɔŋ1	tin5 xiong1	ding4 xiang1	文			42		
暂定	tsʰan6 tʰin6	can5 tin5	zan4 ding4	文			42		
欧姆定律	ŋiɛu1 m6 tʰin6 lit7	ngieu1 m5 tin5 lit6	ou1 mu3 ding4 lv4	文			42		
铁定	tʰiɛt7 tʰin6	tiet6 tin5	tie3 ding4	文			42		
定货	tʰin6 ɸo5	tin5 fo4	ding4 huo4	文			41		
保定市	pau3 tʰin6 sɿ6	bau3 tin5 si5	bao3 ding4 shi4	文			40		
勘定	kʰon3 tʰin6	kon3 tin5	kan1 ding4	文			39		
定位球	tʰin6 ui6 tɕʰiu2	tin5 wui5 qiu2	ding4 wei4 qiu2	文			39		
定常	tʰin6 tsʰɔŋ2	tin5 cong2	ding4 chang2	文			39		
定性分析	tʰin6 ɕin5 fɨn1 ɕit7	tin5 xin4 fen1 xit6	ding4 xing4 fen1 xi1	文			38		
稳定剂	uen3 tʰin6 tɕʰi6	wun3 tin5 qi5	wen3 ding4 ji4	文			38		
固定化	ku5 tʰin6 ɸᴀ5	gu4 tin5 fa4	gu4 ding4 hua4	文			37		
定子	tʰin6 tsɿ3	tin5 zi3	ding4 zi5	文			37		
定心丸	tʰin6 ɕin1 uon5	tin5 xin1 won4	ding4 xin1 wan2	文			37		
定陵	tʰin6 lin5	tin5 lin4	ding4 ling2	文			37		
定海	tʰin6 hai3	tin5 hai3	ding4 hai3	文			36		
定陶	tʰin6 tʰau2	tin5 tau2	ding4 tao2	文			36		
绑定	pɔŋ3 tʰin6	bong3 tin5	bang3 ding4	文			80036		
一定之规	it7 tʰin6 tsɿ1 kui1	yit6 tin5 zi1 gui1	yi2 ding4 zhi1 gui1	文			35		
定边	tʰin6 piɛn1	tin5 bien1	ding4 bian1	文			35		
稳定器	uen3 tʰin6 tɕʰi3	wun3 tin5 qi3	wen3 ding4 qi4	文			35		
总协定	tsuŋ3 ɕiɛt7 tʰin6	zung3 xiet6 tin5	zong3 xie2 ding4	文			34		
永定	iuŋ3 tʰin6	yung3 tin5	yong3 ding4	文			34		
泰定帝	tʰai3 tʰin6 ti5	tai3 tin5 di4	tai4 ding4 di4	文			34		
张定国	tsɔŋ1 tʰin6 kuɛt7	zong1 tin5 guet6	zhang1 ding4 guo2	文			33		
魏定国	ui6 tʰin6 kuɛt7	wui5 tin5 guet6	wei4 ding4 guo2	文			32		
摇摆不定	iɛu5 pai3 pet7 tʰin6	yeu4 bai3 bet6 tin5	yao2 bai3 bu4 ding4	文			31		
定量化	tʰin6 liɔŋ5 ɸᴀ5	tin5 liong4 fa4	ding4 liang4 hua4	文			30		
库仑定律	kʰu3 lɨn5 tʰin6 lit7	ku3 len4 tin5 lit6	ku4 lun2 ding4 lv4	文			30		
制定者	tsɿ5 tʰin6 tsa3	zi4 tin5 za3	zhi4 ding4 zhe3	文			29		
定心	tʰin6 ɕin1	tin5 xin1	ding4 xin1	文			29		
无定河	u5 tʰin6 ho2	wu4 tin5 ho2	wu2 ding4 he2	文			29		
君子协定	tɕyn1 tsɿ3 ɕiɛt7 tʰin6	jyun1 zi3 xiet6 tin5	jun1 zi3 xie2 ding4	文			28		
定军山	tʰin6 tɕyn1 san1	tin5 jyun1 san1	ding4 jun1 shan1	文			28		
定规	tʰin6 kui1	tin5 gui1	ding4 gui1	文			28		
气定神闲	tɕʰi3 tʰin6 sɨn5 han2	qi3 tin5 sen4 han2	qi4 ding4 shen2 xian2	文			28		
滴定管	tit7 tʰin6 kuon3	dit6 tin5 guon3	di1 ding4 guan3	文			28		
热稳定性	lɛt7 uen3 tʰin6 ɕin5	let6 wun3 tin5 xin4	re4 wen3 ding4 xing4	文			28		
王定六	uɔŋ5 tʰin6 liuʔ7	wong4 tin5 liuk6	wang2 ding4 liu4	文			28		
禅定	sɛn5 tʰin6	sen4 tin5	chan2 ding4	文			28		
内定	lui6 tʰin6	lui5 tin5	nei4 ding4	文			27		
固定汇率	ku5 tʰin6 fɨi6 lyt8	gu4 tin5 fei5 lyut7	gu4 ding4 hui4 lv4	文			27		
定鼎	tʰin6 tin3	tin5 din3	ding4 ding3	文			27		
关税及贸易总协定	kuan1 sui5 tɕit7 mɛu6 i6 tsuŋ3 ɕiɛt7 tʰin6	guan1 sui4 jit6 meu5 yi5 zung3 xiet6 tin5	guan1 shui4 ji2 mao4 yi4 zong3 xie2 ding4	文			26		
定员	tʰin6 yon5	tin5 yuon4	ding4 yuan2	文			26		
不定根	pet7 tʰin6 kiɛn1	bet6 tin5 gien1	bu4 ding4 gen1	文			25		
定音	tʰin6 in1	tin5 yin1	ding4 yin1	文			25		
厘定	li5 tʰin6	li4 tin5	li2 ding4	文			24		
定息	tʰin6 ɕit7	tin5 xit6	ding4 xi1	文			24		
指挥若定	tsɿ3 fɨi1 lɔʔ7 tʰin6	zi3 fei1 lok6 tin5	zhi3 hui1 ruo4 ding4	文			24		
楞次定律	len5 tsʰɿ3 tʰin6 lit7	len4 ci3 tin5 lit6	leng2 ci4 ding4 lv4	文			24		
犹豫不定	iu5 y6 pet7 tʰin6	yiu4 yu5 bet6 tin5	you2 yu4 bu4 ding4	文			24		
确定无疑	kʰɔʔ7 tʰin6 u5 ȵi5	kok6 tin5 wu4 ni4	que4 ding4 wu2 yi2	文			24		
金大定	tɕin1 tʰai6 tʰin6	jin1 tai5 tin5	jin1 da4 ding4	文			24		
定向培养	tʰin6 ɕiɔŋ5 pʰi2 iɔŋ3	tin5 xiong4 pi2 yong3	ding4 xiang4 pei2 yang3	文			23		
定向招生	tʰin6 ɕiɔŋ5 tsɛu1 sɛn1	tin5 xiong4 zeu1 sen1	ding4 xiang4 zhao1 sheng1	文			23		
定音鼓	tʰin6 in1 ku3	tin5 yin1 gu3	ding4 yin1 gu3	文			23		
王定标	uɔŋ5 tʰin6 piɛu1	wong4 tin5 bieu1	wang2 ding4 biao1	文			23		
稳定型	uen3 tʰin6 ɕin5	wun3 tin5 xin4	wen3 ding4 xing2	文			23		
裁定书	tsʰai2 tʰin6 su1	cai2 tin5 su1	cai2 ding4 shu1	文			23		
陈定生	tsʰən2 tʰin6 sɛn1	cen2 tin5 sen1	chen2 ding4 sheng1	文			23		
定编	tʰin6 piɛn1	tin5 bien1	ding4 bian1	文			22		
永定门	iuŋ3 tʰin6 mɨn5	yung3 tin5 men4	yong3 ding4 men2	文			22		
泸定	lu5 tʰin6	lu4 tin5	lu2 ding4	文			22		
泸定桥	lu5 tʰin6 tɕʰiɛu2	lu4 tin5 qieu2	lu2 ding4 qiao2	文			22		
动摇不定	tʰuŋ6 iɛu5 pet7 tʰin6	tung5 yeu4 bet6 tin5	dong4 yao2 bu4 ding4	文			21		
固定点	ku5 tʰin6 tiɛn3	gu4 tin5 dien3	gu4 ding4 dian3	文			21		
定日	tʰin6 lɛt7	tin5 let6	ding4 ri4	文			21		
定级	tʰin6 tɕit7	tin5 jit6	ding4 ji2	文			21		
指不定	tsɿ3 pet7 tʰin6	zi3 bet6 tin5	zhi3 bu4 ding4	文			21		
反射定律	fan3 sa6 tʰin6 lit7	fan3 sa5 tin5 lit6	fan3 she4 ding4 lv4	文			20		
命定	min6 tʰin6	min5 tin5	ming4 ding4	文			20		
定植	tʰin6 tsʰɨt8	tin5 cet7	ding4 zhi2	文			20		
定见	tʰin6 tɕiɛn5	tin5 jien4	ding4 jian4	文			20		
泰定	tʰai3 tʰin6	tai3 tin5	tai4 ding4	文			20		
测定方法	tsʰɛt7 tʰin6 fɔŋ1 fat7	cet6 tin5 fong1 fat6	ce4 ding4 fang1 fa3	文			20		
鉴定人	kan5 tʰin6 lɨn5	gan4 tin5 len4	jian4 ding4 ren2	文			20		
陆定一	luʔ7 tʰin6 it7	luk6 tin5 yit6	lu4 ding4 yi1	文			20		
人定胜天	lɨn5 tʰin6 sɨn5 tʰiɛn1	len4 tin5 sen4 tien1	ren2 ding4 sheng4 tian1	文			19		
定结构	tʰin6 tɕiɛt7 kiɛu5	tin5 jiet6 gieu4	ding4 jie2 gou4	文			19		
把持不定	pa3 tsʰɿ2 pet7 tʰin6	ba3 ci2 bet6 tin5	ba3 chi2 bu4 ding4	文			19		
方天定	fɔŋ1 tʰiɛn1 tʰin6	fong1 tien1 tin5	fang1 tian1 ding4	文			19		
说定	sot7 tʰin6	sot6 tin5	shuo1 ding4	文			19		
陆定	luʔ7 tʰin6	luk6 tin5	lu4 ding4	文			19		
固定性	ku5 tʰin6 ɕin5	gu4 tin5 xin4	gu4 ding4 xing4	文			18		
国定	kuɛt7 tʰin6	guet6 tin5	guo2 ding4	文			18		
多数决定	to1 su5 tɕyot7 tʰin6	do1 su4 jyuot6 tin5	duo1 shu4 jue2 ding4	文			18		
定窑	tʰin6 iɛu5	tin5 yeu4	ding4 yao2	文			18		
张定边	tsɔŋ1 tʰin6 piɛn1	zong1 tin5 bien1	zhang1 ding4 bian1	文			18		
斯定理	sɿ1 tʰin6 li3	si1 tin5 li3	si1 ding4 li3	文			18		
武定	u3 tʰin6	wu3 tin5	wu3 ding4	文			18		
稳定度	uen3 tʰin6 tʰu6	wun3 tin5 tu5	wen3 ding4 du4	文			18		
安邦定国	ŋon1 pɔŋ1 tʰin6 kuɛt7	ngon1 bong1 tin5 guet6	an1 bang1 ding4 guo2	文			17		
检定	tɕiɛn3 tʰin6	jien3 tin5	jian3 ding4	文			17		
鉴定家	kan5 tʰin6 ka1	gan4 tin5 ga1	jian4 ding4 jia1	文			17		
不可判定	pet7 kʰo3 pʰon3 tʰin6	bet6 ko3 pon3 tin5	bu4 ke3 pan4 ding4	文			16		
武定远	u3 tʰin6 yon3	wu3 tin5 yuon3	wu3 ding4 yuan3	文			16		
谋定	mɛu5 tʰin6	meu4 tin5	mou2 ding4	文			16		
下定义	ha6 tʰin6 ȵi6	ha5 tin5 ni5	xia4 ding4 yi4	文			15		
保不定	pau3 pet7 tʰin6	bau3 bet6 tin5	bao3 bu4 ding4	文			15		
假定性	ka3 tʰin6 ɕin5	ga3 tin5 xin4	jia3 ding4 xing4	文			15		
定位仪	tʰin6 ui6 ȵi5	tin5 wui5 ni4	ding4 wei4 yi2	文			15		
定州市	tʰin6 tsɛu1 sɿ6	tin5 zeu1 si5	ding4 zhou1 shi4	文			15		
鉴定书	kan5 tʰin6 su1	gan4 tin5 su1	jian4 ding4 shu1	文			15		
否定性	fɛu3 tʰin6 ɕin5	feu3 tin5 xin4	fou3 ding4 xing4	文			14		
定造	tʰin6 tsʰau6	tin5 cau5	ding4 zao4	文			14		
居无定所	tɕy1 u5 tʰin6 so3	jyu1 wu4 tin5 so3	ju1 wu2 ding4 suo3	文			14		
不定积分	pet7 tʰin6 tɕit7 fɨn1	bet6 tin5 jit6 fen1	bu4 ding4 ji1 fen1	文			13		
定价权	tʰin6 ka5 tɕʰyon2	tin5 ga4 qyuon2	ding4 jia4 quan2	文			13		
定型化	tʰin6 ɕin5 ɸᴀ5	tin5 xin4 fa4	ding4 xing2 hua4	文			13		
定时器	tʰin6 sɿ5 tɕʰi3	tin5 si4 qi3	ding4 shi2 qi4	文			13		
局确定	tɕʰyt7 kʰɔʔ7 tʰin6	qyut6 kok6 tin5	ju2 que4 ding4	文			13		
拉米夫定	la1 mi3 fu1 tʰin6	la1 mi3 fu1 tin5	la1 mi3 fu1 ding4	文			13		
正定县	tsɨn5 tʰin6 ɕiɛn6	zen4 tin5 xien5	zheng4 ding4 xian4	文			13		
游移不定	iu5 i5 pet7 tʰin6	yiu4 yi4 bet6 tin5	you2 yi2 bu4 ding4	文			13		
盖棺论定	kai5 kuon1 lɨn6 tʰin6	gai4 guon1 len5 tin5	gai4 guan1 lun4 ding4	文			13		
自定义	tsʰɿ6 tʰin6 ȵi6	ci5 tin5 ni5	zi4 ding4 yi4	文			13		
保持稳定	pau3 tsʰɿ2 uen3 tʰin6	bau3 ci2 wun3 tin5	bao3 chi2 wen3 ding4	文			12		
动荡不定	tʰuŋ6 tʰɔŋ6 pet7 tʰin6	tung5 tong5 bet6 tin5	dong4 dang4 bu4 ding4	文			12		
定兴	tʰin6 ɕin1	tin5 xin1	ding4 xing1	文			12		
定安	tʰin6 ŋon1	tin5 ngon1	ding4 an1	文			12		
定影	tʰin6 in3	tin5 yin3	ding4 ying3	文			12		
定海神针	tʰin6 hai3 sɨn5 tsɨn1	tin5 hai3 sen4 zen1	ding4 hai3 shen2 zhen1	文			12		
应定华	in5 tʰin6 ɸᴀ5	yin4 tin5 fa4	ying1 ding4 hua2	文			12		
静定	tɕʰin6 tʰin6	qin5 tin5	jing4 ding4	文			12		
嘉定县	ka1 tʰin6 ɕiɛn6	ga1 tin5 xien5	jia1 ding4 xian4	文			11		
定例	tʰin6 li6	tin5 li5	ding4 li4	文			11		
定岗	tʰin6 kɔŋ1	tin5 gong1	ding4 gang3	文			11		
文定	uen5 tʰin6	wun4 tin5	wen2 ding4	文			11		
罗定	lo5 tʰin6	lo4 tin5	luo2 ding4	文			11		
定位器	tʰin6 ui6 tɕʰi3	tin5 wui5 qi3	ding4 wei4 qi4	文			10		
定位系统	tʰin6 ui6 ɕi6 tʰuŋ3	tin5 wui5 xi5 tung3	ding4 wei4 xi4 tong3	文			10		
定南	tʰin6 lan5	tin5 lan4	ding4 nan2	文			10		
非定常	fɨi1 tʰin6 tsʰɔŋ2	fei1 tin5 cong2	fei1 ding4 chang2	文			10		
南定	lan5 tʰin6	lan4 tin5	nan2 ding4	文			9		
定惊	tʰin6 tɕin1	tin5 jin1	ding4 jing1	文			9		
定滑轮	tʰin6 uat7 lɨn5	tin5 wat6 len4	ding4 hua2 lun2	文			9		
康定县	kʰɔŋ1 tʰin6 ɕiɛn6	kong1 tin5 xien5	kang1 ding4 xian4	文			9		
无定形碳	u5 tʰin6 ɕin5 tʰan3	wu4 tin5 xin4 tan3	wu2 ding4 xing2 tan4	文			9		
稳定感	uen3 tʰin6 kon3	wun3 tin5 gon3	wen3 ding4 gan3	文			9		
规定值	kui1 tʰin6 tsɿʔ8	gui1 tin5 zik7	gui1 ding4 zhi2	文			9		
酌定	tsɔʔ7 tʰin6	zok6 tin5	zhuo2 ding4	文			9		
鉴定者	kan5 tʰin6 tsa3	gan4 tin5 za3	jian4 ding4 zhe3	文			9		
三定	san1 tʰin6	san1 tin5	san1 ding4	文			8		
定座	tʰin6 tsʰo6	tin5 co5	ding4 zuo4	文			8		
定标	tʰin6 piɛu1	tin5 bieu1	ding4 biao1	文			8		
平定县	pʰin2 tʰin6 ɕiɛn6	pin2 tin5 xien5	ping2 ding4 xian4	文			8		
暂定名	tsʰan6 tʰin6 min5	can5 tin5 min4	zan4 ding4 ming2	文			8		
朴定洙	pʰuʔ7 tʰin6 ɕy5	puk6 tin5 xyu4	pu3 ding4 zhu1	文			8		
申根协定	sɨn1 kiɛn1 ɕiɛt7 tʰin6	sen1 gien1 xiet6 tin5	shen1 gen1 xie2 ding4	文			25008		
苏定方	su1 tʰin6 fɔŋ1	su1 tin5 fong1	su1 ding4 fang1	文			8		
规定量	kui1 tʰin6 liɔŋ5	gui1 tin5 liong4	gui1 ding4 liang4	文			8		
修定	ɕiu1 tʰin6	xiu1 tin5	xiu1 ding4	文			7		
定婚	tʰin6 fɨn1	tin5 fen1	ding4 hun1	文			7		
定居者	tʰin6 tɕy1 tsa3	tin5 jyu1 za3	ding4 ju1 zhe3	文			7		
定线	tʰin6 ɕiɛn5	tin5 xien4	ding4 xian4	文			7		
定调	tʰin6 tʰiɛu6	tin5 tieu5	ding4 diao4	文			7		
定边县	tʰin6 piɛn1 ɕiɛn6	tin5 bien1 xien5	ding4 bian1 xian4	文			7		
框定	kʰuaŋ1 tʰin6	kuang1 tin5	kuang1 ding4	文			7		
汝定兄	ɵ3 tʰin6 ɕiuŋ1	o3 tin5 xiung1	ru3 ding4 xiong1	文			7		
测定仪	tsʰɛt7 tʰin6 ȵi5	cet6 tin5 ni4	ce4 ding4 yi2	文			7		
生物测定	sɛn1 ut7 tsʰɛt7 tʰin6	sen1 wut6 cet6 tin5	sheng1 wu4 ce4 ding4	文			7		
稳定平衡	uen3 tʰin6 pʰin2 hɛn2	wun3 tin5 pin2 hen2	wen3 ding4 ping2 heng2	文			7		
肯定性	kʰiɛn3 tʰiaŋ6 ɕin5	kien3 tiang5 xin4	ken3 ding4 xing4	白			7		
鉴定费	kan5 tʰin6 fɨi5	gan4 tin5 fei4	jian4 ding4 fei4	文			7		
陈友定	tsʰən2 iu3 tʰin6	cen2 yiu3 tin5	chen2 you3 ding4	文			7		
限定词	han6 tʰin6 tsʰɿ2	han5 tin5 ci2	xian4 ding4 ci2	文			7		
鲁定公	lu3 tʰin6 kuŋ1	lu3 tin5 gung1	lu3 ding4 gong1	文			7		
后生小子	hɛu6 saŋ1 ɕiɛu3 tsɿ3	heu5 sang1 xieu3 zi3	hou4 sheng1 xiao3 zi5	白			30		
后生可畏	hɛu6 saŋ1 kʰo3 ui5	heu5 sang1 ko3 wui4	hou4 sheng1 ke3 wei4	白			24		
置之死地而后生	tsɿ5 tsɿ1 sɿ3 tʰi6 ɵ5 hɛu6 sɛn1	zi4 zi1 si3 ti5 o4 heu5 sen1	zhi4 zhi1 si3 di4 er2 hou4 sheng1	赣			17		
成为	tsʰɨn2 ui6	cen2 wui5	cheng2 wei2	文			265966		
形成	ɕin5 tsʰɨn2	xin4 cen2	xing2 cheng2	文			75854		
组成	tsu3 tsʰɨn2	zu3 cen2	zu3 cheng2	文			75572		
成立	tsʰɨn2 lit7	cen2 lit6	cheng2 li4	文			64079		
成功	tsʰɨn2 kuŋ1	cen2 gung1	cheng2 gong1	文			260638		
造成	tsʰau6 tsʰɨn2	cau5 cen2	zao4 cheng2	文			259428		
变成	piɛn5 tsʰɨn2	bien4 cen2	bian4 cheng2	文			161555		
构成	kiɛu5 tsʰɨn2	gieu4 cen2	gou4 cheng2	文			81416		
成绩	tsʰɨn2 tɕit7	cen2 jit6	cheng2 ji4	文			6217		
建成	tɕiɛn5 tsʰɨn2	jien4 cen2	jian4 cheng2	文			6215		
李自成	li3 tsʰɿ6 tsʰɨn2	li3 ci5 cen2	li3 zi4 cheng2	文			5577		
成长	tsʰɨn2 tsɔŋ3	cen2 zong3	cheng2 zhang3	文			30432		
成果	tsʰɨn2 kuo3	cen2 guo3	cheng2 guo3	文			34800		
成员	tsʰɨn2 yon5	cen2 yuon4	cheng2 yuan2	文			79686		
成本	tsʰɨn2 pɨn3	cen2 ben3	cheng2 ben3	文			234289		
成分	tsʰɨn2 fɨn1	cen2 fen1	cheng2 fen4	文			4165		
成熟	tsʰɨn2 suʔ8	cen2 suk7	cheng2 shu2	文			58742		
成就	tsʰɨn2 tɕʰiu6	cen2 qiu5	cheng2 jiu4	文			28599		
制成	tsɿ5 tsʰɨn2	zi4 cen2	zhi4 cheng2	文			2805		
成都	tsʰɨn2 tu1	cen2 du1	cheng2 du1	文			2770		
李高成	li3 kau1 tsʰɨn2	li3 gau1 cen2	li3 gao1 cheng2	文			2407		
生成	sɛn1 tsʰɨn2	sen1 cen2	sheng1 cheng2	文			252337		
组成部分	tsu3 tsʰɨn2 pʰu6 fɨn1	zu3 cen2 pu5 fen1	zu3 cheng2 bu4 fen4	文			2299		
合成	hot8 tsʰɨn2	hot7 cen2	he2 cheng2	文			27266		
分成	fɨn1 tsʰɨn2	fen1 cen2	fen1 cheng2	文			32237		
达成	tʰat7 tsʰɨn2	tat6 cen2	da2 cheng2	文			101850		
自成	tsʰɿ6 tsʰɨn2	ci5 cen2	zi4 cheng2	文			1735		
成人	tsʰɨn2 lɨn5	cen2 len4	cheng2 ren2	文			1366		
赞成	tsan5 tsʰɨn2	zan4 cen2	zan4 cheng2	文			1162		
不成	pet7 tsʰɨn2	bet6 cen2	bu4 cheng2	文			116160		
成效	tsʰɨn2 hau6	cen2 hau5	cheng2 xiao4	文			1139		
结成	tɕiɛt7 tsʰɨn2	jiet6 cen2	jie2 cheng2	文			1137		
成吉思汗	tsʰɨn2 tɕit7 sɿ1 hon6	cen2 jit6 si1 hon5	cheng2 ji2 si1 han2	文			946		
明成祖	min5 tsʰɨn2 tsu3	min4 cen2 zu3	ming2 cheng2 zu3	文			861		
成员国	tsʰɨn2 yon5 kuɛt7	cen2 yuon4 guet6	cheng2 yuan2 guo2	文			851		
做成	tsu5 saŋ5	zu4 sang4	zuo4 cheng2	白			846		
养成	iɔŋ3 tsʰɨn2	yong3 cen2	yang3 cheng2	文			25809		
看成	kʰon3 tsʰɨn2	kon3 cen2	kan4 cheng2	文			768		
写成	ɕia3 tsʰɨn2	xia3 cen2	xie3 cheng2	文			100764		
编成	piɛn1 tsʰɨn2	bien1 cen2	bian1 cheng2	文			760		
集成	tɕit7 tsʰɨn2	jit6 cen2	ji2 cheng2	文			25741		
成化	tsʰɨn2 ɸᴀ5	cen2 fa4	cheng2 hua4	文			684		
当成	tɔŋ1 tsʰɨn2	dong1 cen2	dang4 cheng2	文			25678		
成交	tsʰɨn2 kau1	cen2 gau1	cheng2 jiao1	文			50670		
成千上万	tsʰɨn2 tɕʰiɛn1 sɔŋ6 uan6	cen2 qien1 song5 wan5	cheng2 qian1 shang4 wan4	文			631		
促成	tsʰuʔ7 tsʰɨn2	cuk6 cen2	cu4 cheng2	文			589		
已成	i3 tsʰɨn2	yi3 cen2	yi3 cheng2	文			574		
改成	kai3 tsʰɨn2	gai3 cen2	gai3 cheng2	文			230557		
落成	lɔʔ8 tsʰɨn2	lok7 cen2	luo4 cheng2	文			543		
集成电路	tɕit7 tsʰɨn2 tʰiɛn6 lu6	jit6 cen2 tien5 lu5	ji2 cheng2 dian4 lu4	文			520		
成型	tsʰɨn2 ɕin5	cen2 xin4	cheng2 xing2	文			516		
筑成	tsuʔ7 tsʰɨn2	zuk6 cen2	zhu4 cheng2	文			512		
酿成	ȵiɔŋ6 tsʰɨn2	niong5 cen2	niang4 cheng2	文			498		
成年	tsʰɨn2 ȵiɛn5	cen2 nien4	cheng2 nian2	文			465		
大成	tʰai6 tsʰɨn2	tai5 cen2	da4 cheng2	文			460		
译成	it7 tsʰɨn2	yit6 cen2	yi4 cheng2	文			439		
成虫	tsʰɨn2 tsʰuŋ2	cen2 cung2	cheng2 chong2	文			430		
成因	tsʰɨn2 in1	cen2 yin1	cheng2 yin1	文			25426		
现成	ɕiɛn6 tsʰɨn2	xien5 cen2	xian4 cheng2	文			423		
成排	tsʰɨn2 pʰai2	cen2 pai2	cheng2 pai2	文			413		
成书	tsʰɨn2 su1	cen2 su1	cheng2 shu1	文			411		
换成	uon6 tsʰɨn2	won5 cen2	huan4 cheng2	文			80391		
一成不变	it7 tsʰaŋ2 pet7 piɛn5	yit6 cang2 bet6 bien4	yi1 cheng2 bu4 bian4	文			374		
责成	tsɛt7 tsʰɨn2	zet6 cen2	ze2 cheng2	文			374		
成年人	tsʰɨn2 ȵiɛn5 lɨn5	cen2 nien4 len4	cheng2 nian2 ren2	文			371		
连成一片	liɛn5 tsʰɨn2 it7 pʰiɛn5	lien4 cen2 yit6 pien4	lian2 cheng2 yi1 pian4	文			357		
成群	tsʰɨn2 tɕʰyn2	cen2 qyun2	cheng2 qun2	文			346		
成品	tsʰɨn2 pʰin3	cen2 pin3	cheng2 pin3	文			342		
成色	tsʰɨn2 sɛt7	cen2 set6	cheng2 se4	文			342		
成名	tsʰɨn2 min5	cen2 min4	cheng2 ming2	文			334		
成败	tsʰɨn2 pʰai6	cen2 pai5	cheng2 bai4	文			325		
成像	tsʰɨn2 tɕʰiɔŋ6	cen2 qiong5	cheng2 xiang4	文			315		
马到成功	ma1 tau5 tsʰɨn2 kuŋ1	ma1 dau4 cen2 gung1	ma3 dao4 cheng2 gong1	文			313		
打成	ta3 tsʰɨn2	da3 cen2	da3 cheng2	文			299		
成天	tsʰɨn2 tʰiɛn1	cen2 tien1	cheng2 tian1	文			295		
总成	tsuŋ3 tsʰɨn2	zung3 cen2	zong3 cheng2	文			290		
郑成功	tɕʰin6 tsʰɨn2 kuŋ1	qin5 cen2 gung1	zheng4 cheng2 gong1	文			289		
排成	pʰai2 tsʰɨn2	pai2 cen2	pai2 cheng2	文			285		
成亲	tsʰɨn2 tɕʰin1	cen2 qin1	cheng2 qin1	文			279		
成文	tsʰɨn2 uen5	cen2 wun4	cheng2 wen2	文			270		
成方	tsʰɨn2 fɔŋ1	cen2 fong1	cheng2 fang1	文			270		
郑功成	tɕʰin6 kuŋ1 tsʰɨn2	qin5 gung1 cen2	zheng4 gong1 cheng2	文			261		
八成	pat7 tsʰaŋ2	bat6 cang2	ba1 cheng2	文			260		
成思危	tsʰɨn2 sɿ1 ui1	cen2 si1 wui1	cheng2 si1 wei1	文			260		
成交量	tsʰɨn2 kau1 liɔŋ5	cen2 gau1 liong4	cheng2 jiao1 liang4	文			259		
王必成	uɔŋ5 pit7 tsʰɨn2	wong4 bit6 cen2	wang2 bi4 cheng2	文			259		
完成率	uon5 tsʰɨn2 lyt8	won4 cen2 lyut7	wan2 cheng2 lv4	文			258		
姚湘成	iɛu5 ɕiɔŋ1 tsʰɨn2	yeu4 xiong1 cen2	yao2 xiang1 cheng2	文			256		
成清波	tsʰɨn2 tɕʰin1 po1	cen2 qin1 bo1	cheng2 qing1 bo1	文			256		
阮成发	ȵyon3 tsʰɨn2 fat7	nyuon3 cen2 fat6	ruan3 cheng2 fa1	文			256		
鲁桂成	lu3 kui5 tsʰɨn2	lu3 gui4 cen2	lu3 gui4 cheng2	文			256		
成行	tsʰɨn2 ɕin5	cen2 xin4	cheng2 hang2	文			249		
卓有成效	tsɔʔ7 iu3 tsʰɨn2 hau6	zok6 yiu3 cen2 hau5	zhuo2 you3 cheng2 xiao4	文			243		
成婚	tsʰɨn2 fɨn1	cen2 fen1	cheng2 hun1	文			228		
长成	tsɔŋ3 saŋ5	zong3 sang4	zhang3 cheng2	白			25227		
汇成	fɨi6 tsʰɨn2	fei5 cen2	hui4 cheng2	文			223		
成都市	tsʰɨn2 tu1 sɿ6	cen2 du1 si5	cheng2 du1 shi4	文			216		
烧成	sɛu1 tsʰɨn2	seu1 cen2	shao1 cheng2	文			215		
成功率	tsʰɨn2 kuŋ1 lyt8	cen2 gung1 lyut7	cheng2 gong1 lv4	文			212		
成形	tsʰɨn2 ɕin5	cen2 xin4	cheng2 xing2	文			209		
铸成	tɕy6 tsʰɨn2	jyu5 cen2	zhu4 cheng2	文			206		
一举成名	it7 tɕy3 tsʰɨn2 min5	yit6 jyu3 cen2 min4	yi1 ju3 cheng2 ming2	文			204		
化成	ɸᴀ5 tsʰɨn2	fa4 cen2	hua4 cheng2	文			204		
成份	tsʰɨn2 fɨn6	cen2 fen5	cheng2 fen4	文			199		
未成年人	ui6 tsʰɨn2 ȵiɛn5 lɨn5	wui5 cen2 nien4 len4	wei4 cheng2 nian2 ren2	文			192		
阜成门	ɸɛu6 tsʰɨn2 mɨn5	feu5 cen2 men4	fu4 cheng2 men2	文			190		
三五成群	san1 ŋ̍3 tsʰaŋ2 tɕʰyn2	san1 ng3 cang2 qyun2	san1 wu3 cheng2 qun2	文			189		
成规	tsʰɨn2 kui1	cen2 gui1	cheng2 gui1	文			188		
成其为	tsʰɨn2 tɕʰi2 ui6	cen2 qi2 wui5	cheng2 qi2 wei4	文			187		
收成	sɛu1 tsʰɨn2	seu1 cen2	shou1 cheng2	文			186		
办成	pʰan6 tsʰɨn2	pan5 cen2	ban4 cheng2	文			183		
顺理成章	sun6 li3 tsʰɨn2 tsɔŋ1	sun5 li3 cen2 zong1	shun4 li3 cheng2 zhang1	文			180		
成仁	tsʰɨn2 lɨn5	cen2 len4	cheng2 ren2	文			179		
成才	tsʰɨn2 tsʰai2	cen2 cai2	cheng2 cai2	文			178		
成全	tsʰɨn2 tɕʰyon2	cen2 qyuon2	cheng2 quan2	文			177		
提成	tʰi2 tsʰɨn2	ti2 cen2	ti2 cheng2	文			173		
连成	liɛn5 tsʰɨn2	lien4 cen2	lian2 cheng2	文			173		
上成	sɔŋ6 tsʰɨn2	song5 cen2	shang4 cheng2	文			172		
加成	ka1 tsʰɨn2	ga1 cen2	jia1 cheng2	文			161		
二成	ɵ6 tsʰaŋ2	o5 cang2	er4 cheng2	文			159		
成问题	tsʰɨn2 uen6 tʰi2	cen2 wun5 ti2	cheng2 wen4 ti2	文			158		
九成	tɕiu3 tsʰaŋ2	jiu3 cang2	jiu3 cheng2	文			155		
成法	tsʰɨn2 fat7	cen2 fat6	cheng2 fa3	文			154		
急于求成	tɕit7 y5 tɕʰiu2 tsʰɨn2	jit6 yu4 qiu2 cen2	ji2 yu2 qiu2 cheng2	文			153		
成套	tsʰɨn2 tʰau3	cen2 tau3	cheng2 tao4	文			153		
胸有成竹	ɕiuŋ1 iu3 tsʰɨn2 tsuʔ7	xiung1 yiu3 cen2 zuk6	xiong1 you3 cheng2 zhu2	文			152		
成片	tsʰɨn2 pʰiɛn5	cen2 pien4	cheng2 pian4	文			148		
作成	tsɔʔ7 tsʰɨn2	zok6 cen2	zuo4 cheng2	文			147		
李成梁	li3 tsʰɨn2 liɔŋ5	li3 cen2 liong4	li3 cheng2 liang2	文			147		
乱成一团	lon6 tsʰɨn2 it7 tʰon2	lon5 cen2 yit6 ton2	luan4 cheng2 yi4 tuan2	文			146		
未成年	ui6 tsʰɨn2 ȵiɛn5	wui5 cen2 nien4	wei4 cheng2 nian2	文			146		
一成	it7 tsʰaŋ2	yit6 cang2	yi4 cheng2	文			144		
梁思成	liɔŋ5 sɿ1 tsʰɨn2	liong4 si1 cen2	liang2 si1 cheng2	文			144		
总成绩	tsuŋ3 tsʰɨn2 tɕit7	zung3 cen2 jit6	zong3 cheng2 ji4	文			143		
中成药	tsuŋ1 tsʰɨn2 iɔʔ7	zung1 cen2 yok6	zhong1 cheng2 yao4	文			142		
张成仁	tsɔŋ1 tsʰɨn2 lɨn5	zong1 cen2 len4	zhang1 cheng2 ren2	文			140		
金日成	tɕin1 lɛt7 tsʰɨn2	jin1 let6 cen2	jin1 ri4 cheng2	文			140		
三成	san1 tsʰaŋ2	san1 cang2	san1 cheng2	文			137		
成群结队	tsʰɨn2 tɕʰyn2 tɕiɛt7 tui5	cen2 qyun2 jiet6 dui4	cheng2 qun2 jie2 dui4	文			137		
相辅相成	ɕiɔŋ1 pʰu3 ɕiɔŋ1 tsʰɨn2	xiong1 pu3 xiong1 cen2	xiang1 fu3 xiang1 cheng2	文			137		
大功告成	tʰai6 kuŋ1 kau5 tsʰɨn2	tai5 gung1 gau4 cen2	da4 gong1 gao4 cheng2	文			135		
七成	tɕʰit7 tsʰaŋ2	qit6 cang2	qi1 cheng2	文			130		
成语	tsʰɨn2 ȵy3	cen2 nyu3	cheng2 yu3	文			129		
成祖大	tsʰɨn2 tsu3 tʰai6	cen2 zu3 tai5	cheng2 zu3 da4	文			128		
织成	tsɨt7 tsʰɨn2	zet6 cen2	zhi1 cheng2	文			124		
修成	ɕiu1 tsʰɨn2	xiu1 cen2	xiu1 cheng2	文			118		
半成品	pon5 tsʰɨn2 pʰin3	bon4 cen2 pin3	ban4 cheng2 pin3	文			117		
制成品	tsɿ5 tsʰɨn2 pʰin3	zi4 cen2 pin3	zhi4 cheng2 pin3	文			114		
合成纤维	hot8 tsʰɨn2 tɕʰiɛn3 ui5	hot7 cen2 qien3 wui4	he2 cheng2 xian1 wei2	文			114		
文成	uen5 tsʰɨn2	wun4 cen2	wen2 cheng2	文			112		
成倍	tsʰɨn2 pʰi5	cen2 pi4	cheng2 bei4	文			109		
成都军区	tsʰɨn2 tu1 tɕyn1 tɕʰy1	cen2 du1 jyun1 qyu1	cheng2 du1 jun1 qu1	文			109		
泣不成声	tɕʰit7 pet7 tsʰɨn2 sɨn1	qit6 bet6 cen2 sen1	qi4 bu4 cheng2 sheng1	文			108		
学成	hɔʔ8 tsʰɨn2	hok7 cen2	xue2 cheng2	文			105		
成例	tsʰɨn2 li6	cen2 li5	cheng2 li4	文			103		
成家	tsʰɨn2 ka1	cen2 ga1	cheng2 jia1	文			103		
长大成人	tsɔŋ3 tʰai6 tsʰɨn2 lɨn5	zong3 tai5 cen2 len4	zhang3 da4 cheng2 ren2	文			103		
杨成协	iɔŋ5 tsʰɨn2 ɕiɛt7	yong4 cen2 xiet6	yang2 cheng2 xie2	文			102		
火成岩	fo3 tsʰɨn2 ŋan5	fo3 cen2 ngan4	huo3 cheng2 yan2	文			101		
成长性	tsʰɨn2 tsɔŋ3 ɕin5	cen2 zong3 xin4	cheng2 zhang3 xing4	文			100		
十成	sɨt8 tsʰaŋ2	set7 cang2	shi2 cheng2	文			99		
扮成	pan5 tsʰɨn2	ban4 cen2	ban4 cheng2	文			98		
成就感	tsʰɨn2 tɕʰiu6 kon3	cen2 qiu5 gon3	cheng2 jiu4 gan3	文			96		
成文法	tsʰɨn2 uen5 fat7	cen2 wun4 fat6	cheng2 wen2 fa3	文			95		
有机合成	iu3 tɕi1 hot8 tsʰɨn2	yiu3 ji1 hot7 cen2	you3 ji1 he2 cheng2	文			92		
性成熟	ɕin5 tsʰɨn2 suʔ8	xin4 cen2 suk7	xing4 cheng2 shu2	文			90		
有成	iu3 tsʰɨn2	yiu3 cen2	you3 cheng2	文			90		
合成橡胶	hot8 tsʰɨn2 ɕiɔŋ6 kau1	hot7 cen2 xiong5 gau1	he2 cheng2 xiang4 jiao1	文			87		
高成	kau1 tsʰɨn2	gau1 cen2	gao1 cheng2	文			87		
战成	tsɛn5 tsʰɨn2	zen4 cen2	zhan4 cheng2	文			86		
一气呵成	it7 tɕʰi3 ho1 tsʰɨn2	yit6 qi3 ho1 cen2	yi1 qi4 he1 cheng2	文			84		
成瘾	tsʰɨn2 in3	cen2 yin3	cheng2 yin3	文			84		
联成	liɛn5 tsʰɨn2	lien4 cen2	lian2 cheng2	文			83		
聂士成	ȵiɛt7 sɿ6 tsʰɨn2	niet6 si5 cen2	nie4 shi4 cheng2	文			82		
成批	tsʰɨn2 pʰi1	cen2 pi1	cheng2 pi1	文			80		
李成	li3 tsʰɨn2	li3 cen2	li3 cheng2	文			80		
成功者	tsʰɨn2 kuŋ1 tsa3	cen2 gung1 za3	cheng2 gong1 zhe3	文			78		
六成	liuʔ7 tsʰaŋ2	liuk6 cang2	liu4 cheng2	文			77		
成交额	tsʰɨn2 kau1 ŋiɛt7	cen2 gau1 ngiet6	cheng2 jiao1 e2	文			77		
成堆	tsʰɨn2 tui1	cen2 dui1	cheng2 dui1	文			77		
成熟期	tsʰɨn2 suʔ8 tɕʰi2	cen2 suk7 qi2	cheng2 shu2 qi1	文			76		
育成	ȵiuʔ7 tsʰɨn2	niuk6 cen2	yu4 cheng2	文			76		
几成	tɕi3 tsʰaŋ2	ji3 cang2	ji3 cheng2	文			75075		
恼羞成怒	lau3 ɕiu1 tsʰɨn2 lu6	lau3 xiu1 cen2 lu5	nao3 xiu1 cheng2 nu4	文			74		
成千成万	tsʰɨn2 tɕʰiɛn1 tsʰɨn2 uan6	cen2 qien1 cen2 wan5	cheng2 qian1 cheng2 wan4	文			74		
朱成矩	tsu1 tsʰɨn2 tɕy3	zu1 cen2 jyu3	zhu1 cheng2 ju3	文			74		
成佛	tsʰɨn2 fɨt8	cen2 fet7	cheng2 fu2	文			72		
成果奖	tsʰɨn2 kuo3 tɕiɔŋ3	cen2 guo3 jiong3	cheng2 guo3 jiang3	文			71		
混成	fɨn6 tsʰɨn2	fen5 cen2	hun4 cheng2	文			71		
成不了	tsʰɨn2 pet7 liɛu0	cen2 bet6 lieu0	cheng2 bu4 liao3	文			68		
成都平原	tsʰɨn2 tu1 pʰin2 ȵyon5	cen2 du1 pin2 nyuon4	cheng2 du1 ping2 yuan2	文			68		
速成	suʔ7 tsʰɨn2	suk6 cen2	su4 cheng2	文			68		
不成话	pet7 tsʰɨn2 ua6	bet6 cen2 wa5	bu4 cheng2 hua4	文			66		
成心	tsʰɨn2 ɕin1	cen2 xin1	cheng2 xin1	文			66		
不成器	pet7 tsʰɨn2 tɕʰi3	bet6 cen2 qi3	bu4 cheng2 qi4	文			65		
成团	tsʰɨn2 tʰon2	cen2 ton2	cheng2 tuan2	文			65		
合成氨	hot8 tsʰɨn2 ŋon1	hot7 cen2 ngon1	he2 cheng2 an1	文			64		
成见	tsʰɨn2 tɕiɛn5	cen2 jien4	cheng2 jian4	文			64		
成矿作用	tsʰɨn2 kʰuɔŋ3 tsɔʔ7 iuŋ6	cen2 kuong3 zok6 yung5	cheng2 kuang4 zuo4 yong4	文			63		
成耀东	tsʰɨn2 iɛu6 tuŋ1	cen2 yeu5 dung1	cheng2 yao4 dong1	文			63		
水到渠成	sui3 tau5 tɕʰie2 tsʰɨn2	sui3 dau4 qie2 cen2	shui3 dao4 qu2 cheng2	文			62		
组成员	tsu3 tsʰɨn2 yon5	zu3 cen2 yuon4	zu3 cheng2 yuan2	文			61		
七八成	tɕʰit7 pat7 tsʰaŋ2	qit6 bat6 cang2	qi1 ba1 cheng2	文			60		
成数	tsʰɨn2 su5	cen2 su4	cheng2 shu4	文			60		
一事无成	it7 sɿ6 u5 tsʰɨn2	yit6 si5 wu4 cen2	yi2 shi4 wu2 cheng2	文			59		
告成	kau5 tsʰɨn2	gau4 cen2	gao4 cheng2	文			58		
成品油	tsʰɨn2 pʰin3 iu5	cen2 pin3 yiu4	cheng2 pin3 you2	文			58		
成材	tsʰɨn2 tsʰai2	cen2 cai2	cheng2 cai2	文			58		
成灾	tsʰɨn2 tsai1	cen2 zai1	cheng2 zai1	文			57		
成说	tsʰɨn2 sot7	cen2 sot6	cheng2 shuo1	文			57		
血流成河	ɕyot7 liu5 tsʰɨn2 ho2	xyuot6 liu4 cen2 ho2	xue4 liu2 cheng2 he2	文			57		
五成	ŋ̍3 tsʰaŋ2	ng3 cang2	wu3 cheng2	文			56		
四成	sɿ5 tsʰaŋ2	si4 cang2	si4 cheng2	文			56		
成龙	tsʰɨn2 luŋ5	cen2 lung4	cheng2 long2	文			56		
老成	lau3 tsʰɨn2	lau3 cen2	lao3 cheng2	文			56		
溃不成军	kʰui3 pet7 tsʰɨn2 tɕyn1	kui3 bet6 cen2 jyun1	kui4 bu4 cheng2 jun1	文			55		
赞成票	tsan5 tsʰɨn2 pʰiɛu3	zan4 cen2 pieu3	zan4 cheng2 piao4	文			55		
成名作	tsʰɨn2 min5 tsɔʔ7	cen2 min4 zok6	cheng2 ming2 zuo4	文			54		
成竹在胸	tsʰɨn2 tsuʔ7 tsʰai6 ɕiuŋ1	cen2 zuk6 cai5 xiung1	cheng2 zhu2 zai4 xiong1	文			54		
成绩单	tsʰɨn2 tɕit7 tan1	cen2 jit6 dan1	cheng2 ji4 dan1	文			54		
成事	tsʰɨn2 sɿ6	cen2 si5	cheng2 shi4	文			53		
成衣	tsʰɨn2 i1	cen2 yi1	cheng2 yi1	文			53		
既成事实	tɕi5 tsʰɨn2 sɿ6 sɿʔ7	ji4 cen2 si5 sik6	ji4 cheng2 shi4 shi2	文			53		
混成旅	fɨn6 tsʰɨn2 li3	fen5 cen2 li3	hun4 cheng2 lv3	文			53		
自成一家	tsʰɿ6 tsʰɨn2 it7 ka1	ci5 cen2 yit6 ga1	zi4 cheng2 yi1 jia1	文			53		
形成层	ɕin5 tsʰɨn2 tsʰɛn2	xin4 cen2 cen2	xing2 cheng2 ceng2	文			52		
成交价	tsʰɨn2 kau1 ka5	cen2 gau1 ga4	cheng2 jiao1 jia4	文			52		
出口成章	tsʰuʔ7 kʰiɛu3 tsʰɨn2 tsɔŋ1	cuk6 kieu3 cen2 zong1	chu1 kou3 cheng2 zhang1	文			51		
成百上千	tsʰɨn2 pet7 sɔŋ6 tɕʰiɛn1	cen2 bet6 song5 qien1	cheng2 bai3 shang4 qian1	文			51		
童志成	tʰuŋ2 tsɿ5 tsʰɨn2	tung2 zi4 cen2	tong2 zhi4 cheng2	文			50		
打成一片	ta3 tsʰɨn2 it7 pʰiɛn5	da3 cen2 yit6 pien4	da3 cheng2 yi1 pian4	文			49		
约定俗成	iɔʔ7 tʰin6 suʔ7 tsʰɨn2	yok6 tin5 suk6 cen2	yue1 ding4 su2 cheng2	文			49		
凝成	ȵin5 tsʰɨn2	nin4 cen2	ning2 cheng2	文			48		
开成	kʰai1 tsʰɨn2	kai1 cen2	kai1 cheng2	文			48		
成山	tsʰɨn2 san1	cen2 san1	cheng2 shan1	文			48		
文成公主	uen5 tsʰɨn2 kuŋ1 tsu3	wun4 cen2 gung1 zu3	wen2 cheng2 gong1 zhu3	文			48		
缩成一团	sɔʔ7 tsʰɨn2 it7 tʰon2	sok6 cen2 yit6 ton2	suo1 cheng2 yi1 tuan2	文			48		
两成	liɔŋ3 tsʰɨn2	liong3 cen2	liang3 cheng2	文			47		
弄巧成拙	luŋ6 tɕʰiɛu3 tsʰɨn2 tsot7	lung5 qieu3 cen2 zot6	nong4 qiao3 cheng2 zhuo1	文			47		
顾宪成	ku5 ɕiɛn3 tsʰɨn2	gu4 xien3 cen2	gu4 xian4 cheng2	文			47		
丘成桐	tɕʰiu1 tsʰɨn2 tʰuŋ2	qiu1 cen2 tung2	qiu1 cheng2 tong2	文			46		
功成名就	kuŋ1 tsʰɨn2 min5 tɕʰiu6	gung1 cen2 min4 qiu5	gong1 cheng2 ming2 jiu4	文			46		
天成	tʰiɛn1 tsʰɨn2	tien1 cen2	tian1 cheng2	文			46		
成日	tsʰɨn2 lɛt7	cen2 let6	cheng2 ri4	文			46		
成仙	tsʰɨn2 ɕiɛn1	cen2 xien1	cheng2 xian1	文			45		
成风	tsʰɨn2 fuŋ1	cen2 fung1	cheng2 feng1	文			45		
成岩	tsʰɨn2 ŋan5	cen2 ngan4	cheng2 yan2	文			44		
成组	tsʰɨn2 tsu3	cen2 zu3	cheng2 zu3	文			44		
合成树脂	hot8 tsʰɨn2 su6 tsɿ0	hot7 cen2 su5 zi0	he2 cheng2 shu4 zhi1	文			43		
周成王	tsɛu1 tsʰɨn2 uɔŋ5	zeu1 cen2 wong4	zhou1 cheng2 wang2	文			43		
成命	tsʰɨn2 min6	cen2 min5	cheng2 ming4	文			43		
成鱼	tsʰɨn2 ȵie2	cen2 nie2	cheng2 yu2	文			43		
泛滥成灾	fan5 lan6 tsʰɨn2 tsai1	fan4 lan5 cen2 zai1	fan4 lan4 cheng2 zai1	文			43		
生成物	sɛn1 tsʰɨn2 ut7	sen1 cen2 wut6	sheng1 cheng2 wu4	文			43		
蔚然成风	ui5 lɛn5 tsʰɨn2 fuŋ1	wui4 len4 cen2 fung1	wei4 ran2 cheng2 feng1	文			43		
初见成效	tsʰu1 tɕiɛn5 tsʰɨn2 hau6	cu1 jien4 cen2 hau5	chu1 jian4 cheng2 xiao4	文			42		
杨成武	iɔŋ5 tsʰɨn2 u3	yong4 cen2 wu3	yang2 cheng2 wu3	文			42		
李秀成	li3 ɕiu5 tsʰɨn2	li3 xiu4 cen2	li3 xiu4 cheng2	文			41		
集大成者	tɕit7 tʰai6 tsʰɨn2 tsa3	jit6 tai5 cen2 za3	ji2 da4 cheng2 zhe3	文			41		
成册	tsʰɨn2 tsʰɛt7	cen2 cet6	cheng2 ce4	文			40		
老成持重	lau3 tsʰɨn2 tsʰɿ2 tsʰuŋ2	lau3 cen2 ci2 cung2	lao3 cheng2 chi2 zhong4	文			40		
不成文法	pet7 tsʰɨn2 uen5 fat7	bet6 cen2 wun4 fat6	bu4 cheng2 wen2 fa3	文			39		
收回成命	sɛu1 fɨi5 tsʰɨn2 min6	seu1 fei4 cen2 min5	shou1 hui2 cheng2 ming4	文			39		
谷可成	kuʔ7 kʰo3 tsʰɨn2	guk6 ko3 cen2	gu3 ke3 cheng2	文			39		
功败垂成	kuŋ1 pʰai6 tsʰui2 tsʰɨn2	gung1 pai5 cui2 cen2	gong1 bai4 chui2 cheng2	文			38		
言之成理	ȵiɛn5 tsɿ1 tsʰɨn2 li3	nien4 zi1 cen2 li3	yan2 zhi1 cheng2 li3	文			38		
成熟度	tsʰɨn2 suʔ8 tʰu6	cen2 suk7 tu5	cheng2 shu2 du4	文			37		
自学成才	tsʰɿ6 hɔʔ8 tsʰɨn2 tsʰai2	ci5 hok7 cen2 cai2	zi4 xue2 cheng2 cai2	文			37		
卓有成就	tsɔʔ7 iu3 tsʰɨn2 tɕʰiu6	zok6 yiu3 cen2 qiu5	zhuo2 you3 cheng2 jiu4	文			36		
成本价	tsʰɨn2 pɨn3 ka5	cen2 ben3 ga4	cheng2 ben3 jia4	文			36		
功成身退	kuŋ1 tsʰɨn2 sɨn1 tʰui3	gung1 cen2 sen1 tui3	gong1 cheng2 shen1 tui4	文			35		
邓美成	tʰɛn6 mi3 tsʰɨn2	ten5 mi3 cen2	deng4 mei3 cheng2	文			35		
事业有成	sɿ6 ȵiɛt7 iu3 tsʰɨn2	si5 niet6 yiu3 cen2	shi4 ye4 you3 cheng2	文			34		
成帝	tsʰɨn2 ti5	cen2 di4	cheng2 di4	文			34		
不成体统	pet7 tsʰɨn2 tʰi3 tʰuŋ3	bet6 cen2 ti3 tung3	bu4 cheng2 ti3 tong3	文			33		
成活	tsʰɨn2 uot8	cen2 wot7	cheng2 huo2	文			33		
李建成	li3 tɕiɛn5 tsʰɨn2	li3 jien4 cen2	li3 jian4 cheng2	文			33		
老羞成怒	lau3 ɕiu1 tsʰɨn2 lu6	lau3 xiu1 cen2 lu5	lao3 xiu1 cheng2 nu4	文			33		
集成度	tɕit7 tsʰɨn2 tʰu6	jit6 cen2 tu5	ji2 cheng2 du4	文			33		
成建制	tsʰɨn2 tɕiɛn5 tsɿ5	cen2 jien4 zi4	cheng2 jian4 zhi4	文			32		
相映成趣	ɕiɔŋ1 in5 tsʰɨn2 tɕʰy3	xiong1 yin4 cen2 qyu3	xiang1 ying4 cheng2 qu4	文			32		
望子成龙	uɔŋ6 tsɿ3 tsʰɨn2 luŋ5	wong5 zi3 cen2 lung4	wang4 zi5 cheng2 long2	文			31		
集成化	tɕit7 tsʰɨn2 ɸᴀ5	jit6 cen2 fa4	ji2 cheng2 hua4	文			31		
众志成城	tsuŋ5 tsɿ5 tsʰɨn2 tsʰɨn2	zung4 zi4 cen2 cen2	zhong4 zhi4 cheng2 cheng2	文			30		
崔天成	tsʰui1 tʰiɛn1 tsʰɨn2	cui1 tien1 cen2	cui1 tian1 cheng2	文			30		
成活率	tsʰɨn2 uot8 lyt8	cen2 wot7 lyut7	cheng2 huo2 lv4	文			30		
成药	tsʰɨn2 iɔʔ7	cen2 yok6	cheng2 yao4	文			30		
成家立业	tsʰɨn2 ka1 lit7 ȵiɛt7	cen2 ga1 lit6 niet6	cheng2 jia1 li4 ye4	文			29		
成约	tsʰɨn2 iɔʔ7	cen2 yok6	cheng2 yue1	文			29		
赵贤成	tsʰɛu6 ɕiɛn5 tsʰɨn2	ceu5 xien4 cen2	zhao4 xian2 cheng2	文			29		
陶成章	tʰau2 tsʰɨn2 tsɔŋ1	tau2 cen2 zong1	tao2 cheng2 zhang1	文			29		
元成宗	ȵyon5 tsʰɨn2 tsuŋ1	nyuon4 cen2 zung1	yuan2 cheng2 zong1	文			28		
兴衰成败	ɕin1 suai1 tsʰɨn2 pʰai6	xin1 suai1 cen2 pai5	xing1 shuai1 cheng2 bai4	文			28		
墨守成规	mɑʔ7 seu3 tsʰɨn2 kui1	mak6 seu3 cen2 gui1	mo4 shou3 cheng2 gui1	文			28		
成教	tsʰɨn2 kau5	cen2 gau4	cheng2 jiao4	文			28		
茁壮成长	tsot7 tsɔŋ5 tsʰɨn2 tsɔŋ3	zot6 zong4 cen2 zong3	zhuo2 zhuang4 cheng2 zhang3	文			28		
不成材	pet7 tsʰɨn2 tsʰai2	bet6 cen2 cai2	bu4 cheng2 cai2	文			27		
八九成	pat7 tɕiu3 tsʰaŋ2	bat6 jiu3 cang2	ba1 jiu3 cheng2	文			27		
成就奖	tsʰɨn2 tɕʰiu6 tɕiɔŋ3	cen2 qiu5 jiong3	cheng2 jiu4 jiang3	文			27		
杀身成仁	sat7 sɨn1 tsʰɨn2 lɨn5	sat6 sen1 cen2 len4	sha1 shen1 cheng2 ren2	文			27		
生成素	sɛn1 tsʰɨn2 su5	sen1 cen2 su4	sheng1 cheng2 su4	文			27		
积劳成疾	tɕit7 lau5 tsʰɨn2 tɕʰit7	jit6 lau4 cen2 qit6	ji1 lao2 cheng2 ji2	文			27		
周成汉	tsɛu1 tsʰɨn2 hon6	zeu1 cen2 hon5	zhou1 cheng2 han4	文			26		
成县	tsʰɨn2 ɕiɛn6	cen2 xien5	cheng2 xian4	文			26		
木已成舟	muʔ7 i3 tsʰɨn2 tsɛu1	muk6 yi3 cen2 zeu1	mu4 yi3 cheng2 zhou1	文			26		
荣成	iuŋ5 tsʰɨn2	yung4 cen2	rong2 cheng2	文			26		
中成	tsuŋ1 tsʰɨn2	zung1 cen2	zhong1 cheng2	文			25		
方成	fɔŋ1 tsʰɨn2	fong1 cen2	fang1 cheng2	文			25		
守成	seu3 tsʰɨn2	seu3 cen2	shou3 cheng2	文			24		
成事不足	tsʰɨn2 sɿ6 pet7 tɕiuʔ7	cen2 si5 bet6 jiuk6	cheng2 shi4 bu4 zu2	文			24		
成败利钝	tsʰɨn2 pʰai6 li6 tʰɨn6	cen2 pai5 li5 ten5	cheng2 bai4 li4 dun4	文			24		
合成器	hot8 tsʰɨn2 tɕʰi3	hot7 cen2 qi3	he2 cheng2 qi4	文			23		
坐享其成	tsʰo6 ɕiɔŋ3 tɕʰi2 tsʰɨn2	co5 xiong3 qi2 cen2	zuo4 xiang3 qi2 cheng2	文			23		
成林	tsʰɨn2 lin5	cen2 lin4	cheng2 lin2	文			23		
成长期	tsʰɨn2 tsɔŋ3 tɕʰi2	cen2 zong3 qi2	cheng2 zhang3 qi1	文			23		
范成大	fan6 tsʰɨn2 tʰai6	fan5 cen2 tai5	fan4 cheng2 da4	文			23		
低成本	ti1 tsʰɨn2 pɨn3	di1 cen2 ben3	di1 cheng2 ben3	文			30022		
反目成仇	fan3 muʔ7 tsʰɨn2 tsʰɛu2	fan3 muk6 cen2 ceu2	fan3 mu4 cheng2 chou2	文			22		
合成染料	hot8 tsʰɨn2 len3 liɛu6	hot7 cen2 len3 lieu5	he2 cheng2 ran3 liao4	文			22		
成双成对	tsʰɨn2 sɔŋ1 tsʰɨn2 tui5	cen2 song1 cen2 dui4	cheng2 shuang1 cheng2 dui4	文			22		
成瘾性	tsʰɨn2 in3 ɕin5	cen2 yin3 xin4	cheng2 yin3 xing4	文			22		
自成一体	tsʰɿ6 tsʰɨn2 it7 tʰi3	ci5 cen2 yit6 ti3	zi4 cheng2 yi1 ti3	文			22		
铸成大错	tɕy6 tsʰɨn2 tʰai6 tsʰo3	jyu5 cen2 tai5 co3	zhu4 cheng2 da4 cuo4	文			22		
陈玉成	tsʰən2 y6 tsʰɨn2	cen2 yu5 cen2	chen2 yu4 cheng2	文			22		
习惯成自然	ɕit7 kuan5 tsʰɨn2 tsʰɿ6 lɛn5	xit6 guan4 cen2 ci5 len4	xi2 guan4 cheng2 zi4 ran2	文			21		
成仿吾	tsʰɨn2 fɔŋ3 u5	cen2 fong3 wu4	cheng2 fang3 wu2	文			21		
成大器	tsʰɨn2 tʰai6 tɕʰi3	cen2 tai5 qi3	cheng2 da4 qi4	文			21		
成膜	tsʰɨn2 mɔʔ7	cen2 mok6	cheng2 mo2	文			21		
点石成金	tiɛn3 sɑʔ7 tsʰɨn2 tɕin1	dien3 sak6 cen2 jin1	dian3 shi2 cheng2 jin1	文			21		
绿树成荫	lyt6 su6 tsʰɨn2 in5	lyut5 su5 cen2 yin4	lv4 shu4 cheng2 yin1	文			21		
成事在天	tsʰɨn2 sɿ6 tsʰai6 tʰiɛn1	cen2 si5 cai5 tien1	cheng2 shi4 zai4 tian1	文			20		
成人期	tsʰɨn2 lɨn5 tɕʰi2	cen2 len4 qi2	cheng2 ren2 qi1	文			20		
成器	tsʰɨn2 tɕʰi3	cen2 qi3	cheng2 qi4	文			20		
成年期	tsʰɨn2 ȵiɛn5 tɕʰi2	cen2 nien4 qi2	cheng2 nian2 qi1	文			20		
成昆铁路	tsʰɨn2 kʰun1 tʰiɛt7 lu6	cen2 kun1 tiet6 lu5	cheng2 kun1 tie3 lu4	文			20		
成都五牛	tsʰɨn2 tu1 ŋ̍3 ȵiu5	cen2 du1 ng3 niu4	cheng2 du1 wu3 niu2	文			20		
杨用成	iɔŋ5 iuŋ6 tsʰɨn2	yong4 yung5 cen2	yang2 yong4 cheng2	文			20		
梁师成	liɔŋ5 sɿ1 tsʰɨn2	liong4 si1 cen2	liang2 shi1 cheng2	文			20		
汉成帝	hon6 tsʰɨn2 ti5	hon5 cen2 di4	han4 cheng2 di4	文			20		
浑然天成	fɨn5 lɛn5 tʰiɛn1 tsʰɨn2	fen4 len4 tien1 cen2	hun2 ran2 tian1 cheng2	文			20		
许从成	ɕy3 tsʰuŋ2 tsʰɨn2	xyu3 cung2 cen2	xu3 cong2 cheng2	文			20		
华成刚	ɸᴀ5 tsʰɨn2 kɔŋ1	fa4 cen2 gong1	hua2 cheng2 gang1	文			19		
小邦成	ɕiɛu3 pɔŋ1 tsʰɨn2	xieu3 bong1 cen2	xiao3 bang1 cheng2	文			19		
建成区	tɕiɛn5 tsʰɨn2 tɕʰy1	jien4 cen2 qyu1	jian4 cheng2 qu1	文			19		
成键	tsʰɨn2 tɕʰien2	cen2 qien2	cheng2 jian4	文			19		
柳成龙	liu3 tsʰɨn2 luŋ5	liu3 cen2 lung4	liu3 cheng2 long2	文			19		
滴水成冰	tit7 sui3 tsʰɨn2 pin1	dit6 sui3 cen2 bin1	di1 shui3 cheng2 bing1	文			19		
自成一格	tsʰɿ6 tsʰɨn2 it7 kiɛt7	ci5 cen2 yit6 giet6	zi4 cheng2 yi1 ge2	文			19		
三四成	san1 sɿ5 tsʰaŋ2	san1 si4 cang2	san1 si4 cheng2	文			18		
不成人	pet7 tsʰɨn2 lɨn5	bet6 cen2 len4	bu4 cheng2 ren2	文			18		
乐观其成	iɔʔ7 kuon1 tɕʰi2 tsʰɨn2	yok6 guon1 qi2 cen2	le4 guan1 qi2 cheng2	文			18		
合成革	hot8 tsʰɨn2 kiɛt7	hot7 cen2 giet6	he2 cheng2 ge2	文			18		
吴献成	u5 ɕiɛn5 tsʰɨn2	wu4 xien4 cen2	wu2 xian4 cheng2	文			18		
大器晚成	tʰai6 tɕʰi3 uan3 tsʰɨn2	tai5 qi3 wan3 cen2	da4 qi4 wan3 cheng2	文			18		
恨铁不成钢	hɛn6 tʰiɛt7 pet7 tsʰɨn2 kɔŋ1	hen5 tiet6 bet6 cen2 gong1	hen4 tie3 bu4 cheng2 gang1	文			18		
成章	tsʰɨn2 tsɔŋ1	cen2 zong1	cheng2 zhang1	文			18		
李自成起义	li3 tsʰɿ6 tsʰɨn2 tɕʰi3 ȵi6	li3 ci5 cen2 qi3 ni5	li3 zi4 cheng2 qi3 yi4	文			18		
混成团	fɨn6 tsʰɨn2 tʰon2	fen5 cen2 ton2	hun4 cheng2 tuan2	文			18		
萧道成	ɕiɛu1 tʰau6 tsʰɨn2	xieu1 tau5 cen2	xiao1 dao4 cheng2	文			18		
计成	tɕi5 tsʰɨn2	ji4 cen2	ji4 cheng2	文			18		
合成词	hot8 tsʰɨn2 tsʰɿ2	hot7 cen2 ci2	he2 cheng2 ci2	文			17		
少年老成	sɛu5 ȵiɛn5 lau3 tsʰɨn2	seu4 nien4 lau3 cen2	shao4 nian2 lao3 cheng2	文			17		
形成期	ɕin5 tsʰɨn2 tɕʰi2	xin4 cen2 qi2	xing2 cheng2 qi1	文			17		
成气候	tsʰɨn2 tɕʰi3 hɛu6	cen2 qi3 heu5	cheng2 qi4 hou4	文			17		
成田	tsʰɨn2 tʰiɛn2	cen2 tien2	cheng2 tian2	文			17		
王成章	uɔŋ5 tsʰɨn2 tsɔŋ1	wong4 cen2 zong1	wang2 cheng2 zhang1	文			17		
立地成佛	lit7 tʰi6 tsʰɨn2 fɨt8	lit6 ti5 cen2 fet7	li4 di4 cheng2 fo2	文			17		
袁继成	yon5 tɕi5 tsʰɨn2	yuon4 ji4 cen2	yuan2 ji4 cheng2	文			17		
陈化成	tsʰən2 ɸᴀ5 tsʰɨn2	cen2 fa4 cen2	chen2 hua4 cheng2	文			17		
一下子成	it7 ha6 tsɿ3 tsʰɨn2	yit6 ha5 zi3 cen2	yi1 xia4 zi5 cheng2	文			16		
依成法	i1 tsʰɨn2 fat7	yi1 cen2 fat6	yi1 cheng2 fa3	文			16		
化民成俗	ɸᴀ5 min5 tsʰɨn2 suʔ7	fa4 min4 cen2 suk6	hua4 min2 cheng2 su2	文			16		
却译成	tɕʰiɔʔ7 it7 tsʰɨn2	qiok6 yit6 cen2	que4 yi4 cheng2	文			16		
句子成分	tɕy5 tsɿ3 tsʰɨn2 fɨn1	jyu4 zi3 cen2 fen1	ju4 zi5 cheng2 fen4	文			16		
德成善	tɛt7 tsʰɨn2 sɛn6	det6 cen2 sen5	de2 cheng2 shan4	文			16		
成善德	tsʰɨn2 sɛn6 tɛt7	cen2 sen5 det6	cheng2 shan4 de2	文			16		
成国公	tsʰɨn2 kuɛt7 kuŋ1	cen2 guet6 gung1	cheng2 guo2 gong1	文			16		
成德达	tsʰɨn2 tɛt7 tʰat7	cen2 det6 tat6	cheng2 de2 da2	文			16		
深成指	sɨn1 tsʰɨn2 tsɿ3	sen1 cen2 zi3	shen1 cheng2 zhi3	文			16		
能成善	lɛn5 tsʰɨn2 sɛn6	len4 cen2 sen5	neng2 cheng2 shan4	文			16		
荣成市	iuŋ5 tsʰɨn2 sɿ6	yung4 cen2 si5	rong2 cheng2 shi4	文			16		
集大成	tɕit7 tʰai6 tsʰɨn2	jit6 tai5 cen2	ji2 da4 cheng2	文			16		
霍成君	fɔʔ7 tsʰɨn2 tɕyn1	fok6 cen2 jyun1	huo4 cheng2 jun1	文			16		
六七成	liuʔ7 tɕʰit7 tsʰaŋ2	liuk6 qit6 cang2	liu4 qi1 cheng2	文			15		
刘我成	liu5 ŋo3 tsʰɨn2	liu4 ngo3 cen2	liu2 wo3 cheng2	文			15		
弄假成真	luŋ6 ka3 tsʰɨn2 tsɨn1	lung5 ga3 cen2 zen1	nong4 jia3 cheng2 zhen1	文			15		
成形术	tsʰɨn2 ɕin5 suət7	cen2 xin4 suet6	cheng2 xing2 shu4	文			15		
成招办	tsʰɨn2 tsɛu1 pʰan6	cen2 zeu1 pan5	cheng2 zhao1 ban4	文			15		
成本法	tsʰɨn2 pɨn3 fat7	cen2 ben3 fat6	cheng2 ben3 fa3	文			15		
成败得失	tsʰɨn2 pʰai6 tɛt7 sɨt7	cen2 pai5 det6 set6	cheng2 bai4 de2 shi1	文			15		
抱成一团	pʰau6 tsʰɨn2 it7 tʰon2	pau5 cen2 yit6 ton2	bao4 cheng2 yi1 tuan2	文			15		
无巧不成书	u5 tɕʰiɛu3 pet7 tsʰɨn2 su1	wu4 qieu3 bet6 cen2 su1	wu2 qiao3 bu4 cheng2 shu1	文			15		
杨成	iɔŋ5 tsʰɨn2	yong4 cen2	yang2 cheng2	文			15		
相反相成	ɕiɔŋ1 fan3 ɕiɔŋ1 tsʰɨn2	xiong1 fan3 xiong1 cen2	xiang1 fan3 xiang1 cheng2	文			15		
相成	ɕiɔŋ1 tsʰɨn2	xiong1 cen2	xiang1 cheng2	文			15		
成年累月	tsʰɨn2 ȵiɛn5 lui6 ȵyot7	cen2 nien4 lui5 nyuot6	cheng2 nian2 lei3 yue4	赣			14		
成才率	tsʰɨn2 tsʰai2 lyt8	cen2 cai2 lyut7	cheng2 cai2 lv4	文			14		
拧成一股绳	ȵin3 tsʰɨn2 it7 ku3 sɨn5	nin3 cen2 yit6 gu3 sen4	ning2 cheng2 yi1 gu3 sheng2	文			14		
李成松	li3 tsʰɨn2 suŋ1	li3 cen2 sung1	li3 cheng2 song1	文			14		
热成像仪	lɛt7 tsʰɨn2 tɕʰiɔŋ6 ȵi5	let6 cen2 qiong5 ni4	re4 cheng2 xiang4 yi2	文			14		
玉成	y6 tsʰɨn2	yu5 cen2	yu4 cheng2	文			14		
生成式	sɛn1 tsʰɨn2 sɨt7	sen1 cen2 set6	sheng1 cheng2 shi4	文			14		
胡兰成	fu5 lan5 tsʰɨn2	fu4 lan4 cen2	hu2 lan2 cheng2	文			14		
高则成	kau1 tsɛt7 tsʰɨn2	gau1 zet6 cen2	gao1 ze2 cheng2	文			14		
半成	pon5 tsʰɨn2	bon4 cen2	ban4 cheng2	文			13		
合成洗涤剂	hot8 tsʰɨn2 ɕi3 tʰit8 tɕʰi6	hot7 cen2 xi3 tit7 qi5	he2 cheng2 xi3 di2 ji4	文			13		
张顺成	tsɔŋ1 sun6 tsʰɨn2	zong1 sun5 cen2	zhang1 shun4 cheng2	文			13		
成电	tsʰɨn2 tʰiɛn6	cen2 tien5	cheng2 dian4	文			13		
日臻成熟	lɛt7 tsən1 tsʰɨn2 suʔ8	let6 zen1 cen2 suk7	ri4 zhen1 cheng2 shu2	文			13		
有情人终成眷属	iu3 tɕʰin2 lɨn5 tsuŋ1 tsʰɨn2 tɕyon5 suʔ8	yiu3 qin2 len4 zung1 cen2 jyuon4 suk7	you3 qing2 ren2 zhong1 cheng2 juan4 shu3	文			13		
李成桂	li3 tsʰɨn2 kui5	li3 cen2 gui4	li3 cheng2 gui4	文			13		
楚成王	tsʰu3 tsʰɨn2 uɔŋ5	cu3 cen2 wong4	chu3 cheng2 wang2	文			13		
浅成岩	tɕʰiɛn3 tsʰɨn2 ŋan5	qien3 cen2 ngan4	qian3 cheng2 yan2	文			13		
百炼成钢	pet7 liɛn6 tsʰɨn2 kɔŋ1	bet6 lien5 cen2 gong1	bai3 lian4 cheng2 gang1	文			13		
高不成低不就	kau1 pet7 tsʰɨn2 ti1 pet7 tɕʰiu6	gau1 bet6 cen2 di1 bet6 qiu5	gao1 bu4 cheng2 di1 bu4 jiu4	文			13		
不成想	pet7 tsʰɨn2 ɕiɔŋ3	bet6 cen2 xiong3	bu4 cheng2 xiang3	文			12		
学有所成	hɔʔ8 iu3 so3 tsʰɨn2	hok7 yiu3 so3 cen2	xue2 you3 suo3 cheng2	文			12		
川端康成	tsʰon1 ton1 kʰɔŋ1 tsʰɨn2	con1 don1 kong1 cen2	chuan1 duan1 kang1 cheng2	文			12		
成军	tsʰɨn2 tɕyn1	cen2 jyun1	cheng2 jun1	文			12		
成唯识	tsʰɨn2 ui5 sɨt7	cen2 wui4 set6	cheng2 wei2 shi2	文			12		
成型机	tsʰɨn2 ɕin5 tɕi1	cen2 xin4 ji1	cheng2 xing2 ji1	文			12		
成炫客	tsʰɨn2 ɕyon6 kʰaʔ7	cen2 xyuon5 kak6	cheng2 xuan4 ke4	文			12		
成祖皇帝	tsʰɨn2 tsu3 fɔŋ5 ti5	cen2 zu3 fong4 di4	cheng2 zu3 huang2 di4	文			12		
成算	tsʰɨn2 son5	cen2 son4	cheng2 suan4	文			12		
文成帝	uen5 tsʰɨn2 ti5	wun4 cen2 di4	wen2 cheng2 di4	文			12		
有志者事竟成	iu3 tsɿ5 tsa3 sɿ6 tɕin5 tsʰɨn2	yiu3 zi4 za3 si5 jin4 cen2	you3 zhi4 zhe3 shi4 jing4 cheng2	文			12		
深成岩	sɨn1 tsʰɨn2 ŋan5	sen1 cen2 ngan4	shen1 cheng2 yan2	文			12		
生米煮成熟饭	sɛn1 mi3 tɕy3 tsʰɨn2 suʔ8 fan6	sen1 mi3 jyu3 cen2 suk7 fan5	sheng1 mi3 zhu3 cheng2 shu2 fan4	文			12		
集成商	tɕit7 tsʰɨn2 sɔŋ1	jit6 cen2 song1	ji2 cheng2 shang1	文			12		
二三成	ɵ6 san1 tsʰaŋ2	o5 san1 cang2	er4 san1 cheng2	文			11		
合成气	hot8 tsʰɨn2 tɕʰi3	hot7 cen2 qi3	he2 cheng2 qi4	文			11		
形不成	ɕin5 pet7 tsʰɨn2	xin4 bet6 cen2	xing2 bu4 cheng2	文			11		
成丁	tsʰɨn2 tin1	cen2 din1	cheng2 ding1	文			11		
成分股	tsʰɨn2 fɨn1 ku3	cen2 fen1 gu3	cheng2 fen4 gu3	文			11		
成都电子科技大学	tsʰɨn2 tu1 tʰiɛn6 tsɿ3 kʰuo1 tɕʰi6 tʰai6 hɔʔ8	cen2 du1 tien5 zi3 kuo1 qi5 tai5 hok7	cheng2 du1 dian4 zi5 ke1 ji4 da4 xue2	文			11		
成钢	tsʰɨn2 kɔŋ1	cen2 gong1	cheng2 gang1	文			11		
梦想成真	muŋ6 ɕiɔŋ3 tsʰɨn2 tsɨn1	mung5 xiong3 cen2 zen1	meng4 xiang3 cheng2 zhen1	文			11		
王成标	uɔŋ5 tsʰɨn2 piɛu1	wong4 cen2 bieu1	wang2 cheng2 biao1	文			11		
祖宗成法	tsu3 tsuŋ1 tsʰɨn2 fat7	zu3 zung1 cen2 fat6	zu3 zong1 cheng2 fa3	文			11		
不打不成相识	pet7 ta3 pet7 tsʰɨn2 ɕiɔŋ1 sɨt7	bet6 da3 bet6 cen2 xiong1 set6	bu4 da3 bu4 cheng2 xiang1 shi2	文			10		
两三成	liɔŋ3 san1 tsʰaŋ2	liong3 san1 cang2	liang3 san1 cheng2	文			10		
功到自然成	kuŋ1 tau5 tsʰɿ6 lɛn5 tsʰɨn2	gung1 dau4 ci5 len4 cen2	gong1 dao4 zi4 ran2 cheng2	文			10		
平成	pʰin2 tsʰɨn2	pin2 cen2	ping2 cheng2	文			10		
徐铸成	tɕʰy2 tɕy6 tsʰɨn2	qyu2 jyu5 cen2	xu2 zhu4 cheng2	文			10		
成小球	tsʰɨn2 ɕiɛu3 tɕʰiu2	cen2 xieu3 qiu2	cheng2 xiao3 qiu2	文			10		
成方圆	tsʰɨn2 fɔŋ1 yon5	cen2 fong1 yuon4	cheng2 fang1 yuan2	文			10		
成本费	tsʰɨn2 pɨn3 fɨi5	cen2 ben3 fei4	cheng2 ben3 fei4	文			10		
成核	tsʰɨn2 het8	cen2 het7	cheng2 he2	文			10		
成都市委	tsʰɨn2 tu1 sɿ6 ui3	cen2 du1 si5 wui3	cheng2 du1 shi4 wei3	文			10		
成都市政府	tsʰɨn2 tu1 sɿ6 tsɨn5 fu3	cen2 du1 si5 zen4 fu3	cheng2 du1 shi4 zheng4 fu3	文			10		
成长型	tsʰɨn2 tsɔŋ3 ɕin5	cen2 zong3 xin4	cheng2 zhang3 xing2	文			10		
王国成	uɔŋ5 kuɛt7 tsʰɨn2	wong4 guet6 cen2	wang2 guo2 cheng2	文			10		
联成一气	liɛn5 tsʰɨn2 it7 tɕʰi3	lien4 cen2 yit6 qi3	lian2 cheng2 yi1 qi4	文			10		
降低成本	kɔŋ5 ti1 tsʰɨn2 pɨn3	gong4 di1 cen2 ben3	jiang4 di1 cheng2 ben3	文			10		
集成性	tɕit7 tsʰɨn2 ɕin5	jit6 cen2 xin4	ji2 cheng2 xing4	文			10		
万成	uan6 tsʰɨn2	wan5 cen2	wan4 cheng2	文			9		
余卓成	y5 tsɔʔ7 tsʰɨn2	yu4 zok6 cen2	yu2 zhuo2 cheng2	文			9		
公辅成	kuŋ1 pʰu3 tsʰɨn2	gung1 pu3 cen2	gong1 fu3 cheng2	文			9		
吴成方	u5 tsʰɨn2 fɔŋ1	wu4 cen2 fong1	wu2 cheng2 fang1	文			9		
徐成龙	tɕʰy2 tsʰɨn2 luŋ5	qyu2 cen2 lung4	xu2 cheng2 long2	文			9		
成交率	tsʰɨn2 kau1 lyt8	cen2 gau1 lyut7	cheng2 jiao1 lv4	文			9		
成亮	tsʰɨn2 liɔŋ6	cen2 liong5	cheng2 liang4	文			9		
成人之美	tsʰɨn2 lɨn5 tsɿ1 mi3	cen2 len4 zi1 mi3	cheng2 ren2 zhi1 mei3	文			9		
成份股	tsʰɨn2 fɨn6 ku3	cen2 fen5 gu3	cheng2 fen4 gu3	文			9		
成品率	tsʰɨn2 pʰin3 lyt8	cen2 pin3 lyut7	cheng2 pin3 lv4	文			9		
成都地区	tsʰɨn2 tu1 tʰi6 tɕʰy1	cen2 du1 ti5 qyu1	cheng2 du1 di4 qu1	文			9		
成都队	tsʰɨn2 tu1 tui5	cen2 du1 dui4	cheng2 du1 dui4	文			9		
晋成帝	tɕin5 tsʰɨn2 ti5	jin4 cen2 di4	jin4 cheng2 di4	文			9		
赞成者	tsan5 tsʰɨn2 tsa3	zan4 cen2 za3	zan4 cheng2 zhe3	文			9		
于成皋	y5 tsʰɨn2 kau1	yu4 cen2 gau1	yu2 cheng2 gao1	文			8		
吕天成	li3 tʰiɛn1 tsʰɨn2	li3 tien1 cen2	lv3 tian1 cheng2	文			8		
富连成社	fu5 liɛn5 tsʰɨn2 sa6	fu4 lien4 cen2 sa5	fu4 lian2 cheng2 she4	文			8		
张德成	tsɔŋ1 tɛt7 tsʰɨn2	zong1 det6 cen2	zhang1 de2 cheng2	文			8		
成功感	tsʰɨn2 kuŋ1 kon3	cen2 gung1 gon3	cheng2 gong1 gan3	文			8		
成华区	tsʰɨn2 ɸᴀ5 tɕʰy1	cen2 fa4 qyu1	cheng2 hua2 qu1	文			8		
成昆线	tsʰɨn2 kʰun1 ɕiɛn5	cen2 kun1 xien4	cheng2 kun1 xian4	文			8		
成熟性	tsʰɨn2 suʔ8 ɕin5	cen2 suk7 xin4	cheng2 shu2 xing4	文			8		
成群结伙	tsʰɨn2 tɕʰyn2 tɕiɛt7 fo3	cen2 qyun2 jiet6 fo3	cheng2 qun2 jie2 huo3	文			8		
成都市旅游局	tsʰɨn2 tu1 sɿ6 li3 iu5 tɕʰyt7	cen2 du1 si5 li3 yiu4 qyut6	cheng2 du1 shi4 lv3 you2 ju2	文			8		
成阳	tsʰɨn2 iɔŋ5	cen2 yong4	cheng2 yang2	文			8		
朴成哲	pʰuʔ7 tsʰɨn2 tsɛt7	puk6 cen2 zet6	pu3 cheng2 zhe2	文			8		
水生成	sui3 sɛn1 tsʰɨn2	sui3 sen1 cen2	shui3 sheng1 cheng2	文			8		
没成想	mɨt7 tsʰɨn2 ɕiɔŋ3	met6 cen2 xiong3	mei2 cheng2 xiang3	文			8		
点铁成金	tiɛn3 tʰiɛt7 tsʰɨn2 tɕin1	dien3 tiet6 cen2 jin1	dian3 tie3 cheng2 jin1	文			8		
着手成春	tsoʔ7 seu3 tsʰɨn2 tsʰun1	zok6 seu3 cen2 cun1	zhuo2 shou3 cheng2 chun1	文			8		
积少成多	tɕit7 sɛu3 tsʰɨn2 to1	jit6 seu3 cen2 do1	ji1 shao3 cheng2 duo1	文			8		
金成	tɕin1 tsʰɨn2	jin1 cen2	jin1 cheng2	文			8		
马永成	ma1 iuŋ3 tsʰɨn2	ma1 yung3 cen2	ma3 yong3 cheng2	文			8		
一失足成千古恨	it7 sɨt7 tɕiuʔ7 tsʰɨn2 tɕʰiɛn1 ku3 hɛn6	yit6 set6 jiuk6 cen2 qien1 gu3 hen5	yi1 shi1 zu2 cheng2 qian1 gu3 hen4	文			7		
五六成	ŋ̍3 liuʔ7 tsʰaŋ2	ng3 liuk6 cang2	wu3 liu4 cheng2	文			7		
告成镇	kau5 tsʰɨn2 tsɨn5	gau4 cen2 zen4	gao4 cheng2 zhen4	文			7		
唐文成	tʰɔŋ2 uen5 tsʰɨn2	tong2 wun4 cen2	tang2 wen2 cheng2	文			7		
因人成事	in1 lɨn5 tsʰɨn2 sɿ6	yin1 len4 cen2 si5	yin1 ren2 cheng2 shi4	文			7		
心想事成	ɕin1 ɕiɔŋ3 sɿ6 tsʰɨn2	xin1 xiong3 si5 cen2	xin1 xiang3 shi4 cheng2	文			7		
成人式	tsʰɨn2 lɨn5 sɿʔ7	cen2 len4 sik6	cheng2 ren2 shi4	文			7		
成像仪	tsʰɨn2 tɕʰiɔŋ6 ȵi5	cen2 qiong5 ni4	cheng2 xiang4 yi2	文			7		
成名成家	tsʰɨn2 min5 tsʰɨn2 ka1	cen2 min4 cen2 ga1	cheng2 ming2 cheng2 jia1	文			7		
成康	tsʰɨn2 kʰɔŋ1	cen2 kong1	cheng2 kang1	文			7		
成报	tsʰɨn2 pau5	cen2 bau4	cheng2 bao4	文			7		
成武	tsʰɨn2 u3	cen2 wu3	cheng2 wu3	文			7		
成汉	tsʰɨn2 hon6	cen2 hon5	cheng2 han4	文			7		
成玄英	tsʰɨn2 ɕyon5 in1	cen2 xyuon4 yin1	cheng2 xuan2 ying1	文			7		
成组技术	tsʰɨn2 tsu3 tɕʰi6 suət7	cen2 zu3 qi5 suet6	cheng2 zu3 ji4 shu4	文			7		
成细丝	tsʰɨn2 ɕi5 sɿ1	cen2 xi4 si1	cheng2 xi4 si1	文			7		
成龙配套	tsʰɨn2 luŋ5 pʰi3 tʰau3	cen2 lung4 pi3 tau3	cheng2 long2 pei4 tao4	文			7		
毕诗成	pit7 sɿ1 tsʰɨn2	bit6 si1 cen2	bi4 shi1 cheng2	文			7		
王庆成	uɔŋ5 tɕʰin3 tsʰɨn2	wong4 qin3 cen2	wang2 qing4 cheng2	文			7		
相连成	ɕiɔŋ1 liɛn5 tsʰɨn2	xiong1 lien4 cen2	xiang1 lian2 cheng2	文			7		
终成	tsuŋ1 tsʰɨn2	zung1 cen2	zhong1 cheng2	文			7		
老成练达	lau3 tsʰɨn2 liɛn6 tʰat7	lau3 cen2 lien5 tat6	lao3 cheng2 lian4 da2	文			7		
聚沙成塔	tɕʰy6 sa1 tsʰɨn2 tʰat7	qyu5 sa1 cen2 tat6	ju4 sha1 cheng2 ta3	文			7		
自然天成	tsʰɿ6 lɛn5 tʰiɛn1 tsʰɨn2	ci5 len4 tien1 cen2	zi4 ran2 tian1 cheng2	文			7		
荣成湾	iuŋ5 tsʰɨn2 uan1	yung4 cen2 wan1	rong2 cheng2 wan1	文			7		
薛福成	ɕyot7 fuʔ7 tsʰɨn2	xyuot6 fuk6 cen2	xue1 fu2 cheng2	文			7		
高不成	kau1 pet7 tsʰɨn2	gau1 bet6 cen2	gao1 bu4 cheng2	文			7		
寻找	ɕyn5 tsau3	xyun4 zau3	xun2 zhao3	文			213960		
寻求	ɕyn5 tɕʰiu2	xyun4 qiu2	xun2 qiu2	文			1357		
寻思	ɕyn5 sɿ1	xyun4 si1	xin2 si1	文			1300		
寻常	ɕyn5 tsʰɔŋ2	xyun4 cong2	xun2 chang2	文			1246		
找寻	tsau3 ɕyn5	zau3 xyun4	zhao3 xun2	文			385		
搜寻	sɛu1 ɕyn5	seu1 xyun4	sou1 xun2	文			334		
寻觅	ɕyn5 mit7	xyun4 mit6	xun2 mi4	文			329		
寻访	ɕyn5 fɔŋ3	xyun4 fong3	xun2 fang3	文			263		
追寻	tsui1 ɕyn5	zui1 xyun4	zhui1 xun2	文			251		
寻死	tɕʰin2 sɿ3	qin2 si3	xun2 si3	白			171		
不同寻常	pet7 tʰuŋ2 ɕyn5 tsʰɔŋ2	bet6 tung2 xyun4 cong2	bu4 tong2 xun2 chang2	文			141		
探寻	tʰon3 ɕyn5	ton3 xyun4	tan4 xun2	文			138		
非同寻常	fɨi1 tʰuŋ2 ɕyn5 tsʰɔŋ2	fei1 tung2 xyun4 cong2	fei1 tong2 xun2 chang2	文			135		
寻杜谷	ɕyn5 tʰu6 kuʔ7	xyun4 tu5 guk6	xun2 du4 gu3	文			128		
耐人寻味	lai6 lɨn5 ɕyn5 ui6	lai5 len4 xyun4 wui5	nai4 ren2 xun2 wei4	文			124		
异乎寻常	i6 fu5 ɕyn5 tsʰɔŋ2	yi5 fu4 xyun4 cong2	yi4 hu1 xun2 chang2	文			116		
寻欢作乐	ɕyn5 fon1 tsɔʔ7 iɔʔ7	xyun4 fon1 zok6 yok6	xun2 huan1 zuo4 le4	文			78		
寻衅	ɕyn5 ɕin5	xyun4 xin4	xun2 xin4	文			75		
寻宝	ɕyn5 pau3	xyun4 bau3	xun2 bao3	文			49		
自寻短见	tsʰɿ6 ɕyn5 ton3 tɕiɛn5	ci5 xyun4 don3 jien4	zi4 xun2 duan3 jian4	文			42		
寻根	ɕyn5 kiɛn1	xyun4 gien1	xun2 gen1	文			37		
寻仇	ɕyn5 tsʰɛu2	xyun4 ceu2	xun2 chou2	文			32		
寻食	ɕyn5 sɨt7	xyun4 set6	xun2 shi2	文			31		
寻租	ɕyn5 tsu1	xyun4 zu1	xun2 zu1	文			28		
寻死觅活	tɕʰin2 sɿ3 mit7 uot8	qin2 si3 mit6 wot7	xun2 si3 mi4 huo2	白			27		
寻开心	ɕyn5 kʰai1 ɕin1	xyun4 kai1 xin1	xun2 kai1 xin1	文			26		
自寻烦恼	tsʰɿ6 ɕyn5 fan5 lau3	ci5 xyun4 fan4 lau3	zi4 xun2 fan2 nao3	文			26		
寻呼	ɕyn5 fu1	xyun4 fu1	xun2 hu1	文			23		
寻欢	ɕyn5 fon1	xyun4 fon1	xun2 huan1	文			22		
寻短见	ɕyn5 ton3 tɕiɛn5	xyun4 don3 jien4	xun2 duan3 jian4	文			22		
寻问	ɕyn5 uen6	xyun4 wun5	xun2 wen4	文			22		
寻址	ɕyn5 tsɿ3	xyun4 zi3	xun2 zhi3	文			21		
寻见	ɕyn5 tɕiɛn5	xyun4 jien4	xun2 jian4	文			21		
寻机	ɕyn5 tɕi1	xyun4 ji1	xun2 ji1	文			19		
寻根究底	ɕyn5 kiɛn1 tɕiu5 ti3	xyun4 gien1 jiu4 di3	xun2 gen1 jiu1 di3	文			19		
寻寻觅觅	ɕyn5 ɕyn5 mit7 mit7	xyun4 xyun4 mit6 mit6	xun2 xun2 mi4 mi4	文			18		
寻花问柳	ɕyn5 fa1 uen6 liu3	xyun4 fa1 wun5 liu3	xun2 hua1 wen4 liu3	文			18		
寻踪	ɕyn5 tsuŋ1	xyun4 zung1	xun2 zong1	文			17		
寻呼台	ɕyn5 fu1 tʰai2	xyun4 fu1 tai2	xun2 hu1 tai2	文			15		
寻回	ɕyn5 fɨi5	xyun4 fei4	xun2 hui2	文			15		
无迹可寻	u5 tɕit7 kʰo3 ɕyn5	wu4 jit6 ko3 xyun4	wu2 ji4 ke3 xun2	文			13		
寻呼机	ɕyn5 fu1 tɕi1	xyun4 fu1 ji1	xun2 hu1 ji1	文			11		
寻声	ɕyn5 saŋ1	xyun4 sang1	xun2 sheng1	白			10		
寻常事	ɕyn5 tsʰɔŋ2 sɿ6	xyun4 cong2 si5	xun2 chang2 shi4	文			10		
寻衅滋事	ɕyn5 ɕin5 tsɿ1 sɿ6	xyun4 xin4 zi1 si5	xun2 xin4 zi1 shi4	文			9		
寻路	ɕyn5 lu6	xyun4 lu5	xun2 lu4	文			9		
寻亲	ɕyn5 tɕʰin1	xyun4 qin1	xun2 qin1	文			7		
寻宝者	ɕyn5 pau3 tsa3	xyun4 bau3 za3	xun2 bao3 zhe3	文			7		
寻梦	ɕyn5 muŋ6	xyun4 mung5	xun2 meng4	文			7		
访寻	fɔŋ3 ɕyn5	fong3 xyun4	fang3 xun2	文			7		
生于	saŋ1 y5	sang1 yu4	sheng1 yu2	白			4690		
房间	fɔŋ5 kan1	fong4 gan1	fang2 jian1	赣			125001		
屋里	ut7 li3	wut6 li3	wu1 li3	赣	家里	jia1 li3	550000	家	
渠嗰	tɕʰie2 ko0	qie2 go0	qu2 ge3	赣			225000		
时间	sɿ5 kan1	si4 gan1	shi2 jian1	赣	时候	shi2 hou4	350000		
客气	kʰiɛt7 tɕʰi3	kiet6 qi3	ke4 qi4	赣	漂亮	piao4liang4	100000		
礼拜	li3 pai5	li3 bai4	li3 bai4	赣	星期	xing1 qi1	115002		
小鬼	ɕiɛu3 kui3	xieu3 gui3	xiao3 gui3	赣	小孩	xiao3 hai2	100003		
喫酒	tɕʰiaʔ7 tɕiu3	qiak6 jiu3	chi1 jiu3	赣	喝酒	he1 jiu3	100004		
背脊	pi5 tɕiaʔ7	bi4 jiak6	bei4 ji3	赣			125005	背/背部	
元宝	ȵyon5 pau0	nyuon4 bau0	yuan2 bao3	赣	活宝	huo2 bao3	125006		
喫水	tɕʰiaʔ7 sui3	qiak6 sui3	chi1 shui3	赣	喝水	he1 shui3	100007		
精灵	tɕin1 lin0	jin1 lin0	jing1 ling2	文			125008	聪明/机敏/智慧	
舅母	tɕʰiu6 mu3	qiu5 mu3	jiu4 mu3	赣	舅妈	jiu4 ma1	100009		
丈母	tsʰɔŋ6 mu3	cong5 mu3	zhang4 mu3	赣	丈母娘	zhang4 mu3 niang2	100011		
几多	tɕi3 to1	ji3 do1	ji3 duo1	赣	多少	duo1 shao3	165012		
姆妈	m1 ma0	m1 ma0	mu3 ma1	赣			210013	妈妈	
旧年	tɕʰiu6 ȵiɛn5	qiu5 nien4	jiu4 nian2	赣			125014	去年	
新妇	ɕin1 fu6	xin1 fu5	xin1 fu4	赣	儿媳妇	er2 xi2 fu4	100015	儿媳	
通书	tʰuŋ1 su1	tung1 su1	tong1 shu1	赣	黄历	huang2 li4	100016		
蚀本	sɨt7 pɨn3	set6 ben3	shi2 ben3	赣	亏本	kui1 ben3	100017		
清汤	tɕʰin1 tʰɔŋ1	qin1 tong1	qing1 tang1	赣	馄饨	hun2 tun2	100018		
打摆子	ta3 pai3 tsɿ3	da3 bai3 zi3	da3 bai3 zi5	赣	疟疾	nve4 ji2	100019		
神头	sɨn5 tʰɛu2	sen4 teu2	shen2 tou2	赣	傻逼	sha3 bi1	125020	智障/神/夹沙糕	
宵夜	ɕiɛu1 ia6	xieu1 ya5	xiao1 ye4	赣	夜宵	ye4 xiao1	150021		
鞋里	hai2 li3	hai2 li3	xie2 li3	赣			100022	鞋子	
鸡婆	tɕi1 pʰo2	ji1 po2	ji1 po2	赣			100023	母鸡	
弄饭	luŋ6 fan6	lung5 fan5	nong4 fan4	赣	做饭	zuo4 fan4	105024		
拢共	luŋ3 kʰuŋ6	lung3 kung5	long3 gong4	赣			100025	总共	
爷娘	ia5 ȵiɔŋ5	ya4 niong4	ye2 niang2	赣	父母	fu4 mu3	150026	爸妈	
荡口	tʰɔŋ6 kʰiɛu3	tong5 kieu3	dang4 kou3	赣	漱口	shu4 kou3	100027		
转去	tson3 tɕʰiᴇ3	zon3 qie3	zhuan3 qu4	白	回去	hui2 qu4	100028		
过劲	kuo5 tɕin5	guo4 jin4	guo4 jin4	赣			100029	来事	
鹅头	ŋo5 tʰɛu2	ngo4 teu2	e2 tou2	赣	傻子	sha3 zi5	100030	神头	
许个	he3 ko5	he3 go4	xu3 ge4	赣	那个	na4 ge4	125031		
人丁旺盛	lɨn5 tin1 uɔŋ6 sɨn6	len4 din1 wong5 sen5	ren2 ding1 wang4 sheng4	文			3		
人民	lɨn5 min5	len4 min4	ren2 min2	文			118719		
人民代表大会	lɨn5 min5 tʰai6 piɛu3 tʰai6 fɨi6	len4 min4 tai5 bieu3 tai5 fei5	ren2 min2 dai4 biao3 da4 hui4	文			25030		
人民政府	lɨn5 min5 tsɨn5 fu3	len4 min4 zen4 fu3	ren2 min2 zheng4 fu3	文			15227		
人大	lɨn5 tʰai6	len4 tai5	ren2 da4	文			12955		
人类	lɨn5 lui6	len4 lui5	ren2 lei4	文			69464		
人数	lɨn5 su5	len4 su4	ren2 shu4	文			43857		
人大代表	lɨn5 tʰai6 tʰai6 piɛu3	len4 tai5 tai5 bieu3	ren2 da4 dai4 biao3	文			5284		
令人	lin6 lɨn5	lin5 len4	ling4 ren2	文			79728		
人民币	lɨn5 min5 pʰi6	len4 min4 pi5	ren2 min2 bi4	文			52968		
人工	lɨn5 kuŋ1	len4 gung1	ren2 gong1	文			32816		
中央人民政府	tsuŋ1 iɔŋ1 lɨn5 min5 tsɨn5 fu3	zung1 yong1 len4 min4 zen4 fu3	zhong1 yang1 ren2 min2 zheng4 fu3	文			2434		
工作人员	kuŋ1 tsɔʔ7 lɨn5 yon5	gung1 zok6 len4 yuon4	gong1 zuo4 ren2 yuan2	文			2306		
人民公社	lɨn5 min5 kuŋ1 sa6	len4 min4 gung1 sa5	ren2 min2 gong1 she4	文			1813		
人民解放军	lɨn5 min5 kai3 fɔŋ5 tɕyn1	len4 min4 gai3 fong4 jyun1	ren2 min2 jie3 fang4 jun1	文			1492		
人民大会堂	lɨn5 min5 tʰai6 fɨi6 tʰɔŋ2	len4 min4 tai5 fei5 tong2	ren2 min2 da4 hui4 tang2	文			1196		
人民英雄纪念碑	lɨn5 min5 in1 ɕiuŋ5 tɕi5 ȵiɛn6 pi1	len4 min4 yin1 xiung4 ji4 nien5 bi1	ren2 min2 ying1 xiong2 ji4 nian4 bei1	文			825		
劳动人民文化宫	lau5 tʰuŋ6 lɨn5 min5 uen5 ɸᴀ5 kuŋ1	lau4 tung5 len4 min4 wun4 fa4 gung1	lao2 dong4 ren2 min2 wen2 hua4 gong1	文			775		
人民军队	lɨn5 min5 tɕyn1 tui5	len4 min4 jyun1 dui4	ren2 min2 jun1 dui4	文			654		
人民团体	lɨn5 min5 tʰon2 tʰi3	len4 min4 ton2 ti3	ren2 min2 tuan2 ti3	文			575		
人民解放战争	lɨn5 min5 kai3 fɔŋ5 tsɛn5 tsɛn1	len4 min4 gai3 fong4 zen4 zen1	ren2 min2 jie3 fang4 zhan4 zheng1	文			537		
人民网	lɨn5 min5 uɔŋ3	len4 min4 wong3	ren2 min2 wang3	文			413		
人民政协	lɨn5 min5 tsɨn5 ɕiɛt7	len4 min4 zen4 xiet6	ren2 min2 zheng4 xie2	文			333		
古人类	ku3 lɨn5 lui6	gu3 len4 lui5	gu3 ren2 lei4	文			328		
人工湖	lɨn5 kuŋ1 fu5	len4 gung1 fu4	ren2 gong1 hu2	文			309		
人民武装	lɨn5 min5 u3 tsɔŋ1	len4 min4 wu3 zong1	ren2 min2 wu3 zhuang1	文			302		
人类学	lɨn5 lui6 hoʔ7	len4 lui5 hok6	ren2 lei4 xue2	文			282		
夫人道	fu1 lɨn5 tʰau6	fu1 len4 tau5	fu1 ren2 dao4	文			273		
人民战争	lɨn5 min5 tsɛn5 tsɛn1	len4 min4 zen4 zen1	ren2 min2 zhan4 zheng1	文			192		
人民党	lɨn5 min5 tɔŋ3	len4 min4 dong3	ren2 min2 dang3	文			171		
人工智能	lɨn5 kuŋ1 tsɿ5 lɛn5	len4 gung1 zi4 len4	ren2 gong1 zhi4 neng2	文			151		
人民解放军总部	lɨn5 min5 kai3 fɔŋ5 tɕyn1 tsuŋ3 pʰu6	len4 min4 gai3 fong4 jyun1 zung3 pu5	ren2 min2 jie3 fang4 jun1 zong3 bu4	文			150		
人民广场	lɨn5 min5 kuɔŋ3 tsʰɔŋ3	len4 min4 guong3 cong3	ren2 min2 guang3 chang3	文			143		
人道	lɨn5 tʰau6	len4 tau5	ren2 dao4	文			133		
令人满意	lin6 lɨn5 mon3 i5	lin5 len4 mon3 yi4	ling4 ren2 man3 yi4	文			122		
人民军	lɨn5 min5 tɕyn1	len4 min4 jyun1	ren2 min2 jun1	文			107		
朝鲜人民军	tsʰɛu2 ɕiɛn3 lɨn5 min5 tɕyn1	ceu2 xien3 len4 min4 jyun1	chao2 xian1 ren2 min2 jun1	文			107		
人民代表	lɨn5 min5 tʰai6 piɛu3	len4 min4 tai5 bieu3	ren2 min2 dai4 biao3	文			106		
人民公社化	lɨn5 min5 kuŋ1 sa6 ɸᴀ5	len4 min4 gung1 sa5 fa4	ren2 min2 gong1 she4 hua4	文			104		
省人大	sen3 lɨn5 tʰai6	sen3 len4 tai5	sheng3 ren2 da4	文			75		
中央人民广播电台	tsuŋ1 iɔŋ1 lɨn5 min5 kuɔŋ3 po5 tʰiɛn6 tʰai2	zung1 yong1 len4 min4 guong3 bo4 tien5 tai2	zhong1 yang1 ren2 min2 guang3 bo1 dian4 tai2	文			74		
人类学家	lɨn5 lui6 hoʔ7 ka1	len4 lui5 hok6 ga1	ren2 lei4 xue2 jia1	文			71		
人工呼吸	lɨn5 kuŋ1 fu1 ɕit7	len4 gung1 fu1 xit6	ren2 gong1 hu1 xi1	文			69		
人工授精	lɨn5 kuŋ1 seu6 tɕin1	len4 gung1 seu5 jin1	ren2 gong1 shou4 jing1	文			68		
人工流产	lɨn5 kuŋ1 liu5 tsʰan3	len4 gung1 liu4 can3	ren2 gong1 liu2 chan3	文			66		
令人信服	lin6 lɨn5 ɕin5 ɸuʔ7	lin5 len4 xin4 fuk6	ling4 ren2 xin4 fu2	文			61		
令人担忧	lin6 lɨn5 tan3 iu1	lin5 len4 dan3 yiu1	ling4 ren2 dan1 you1	文			61		
令人瞩目	lin6 lɨn5 tsuʔ7 muʔ7	lin5 len4 zuk6 muk6	ling4 ren2 zhu3 mu4	文			58		
令人羡慕	lin6 lɨn5 ɕien6 mu6	lin5 len4 xien5 mu5	ling4 ren2 xian4 mu4	文			57		
人民银行	lɨn5 min5 ȵin5 hɔŋ2	len4 min4 nin4 hong2	ren2 min2 yin2 hang2	文			53		
令人鼓舞	lin6 lɨn5 ku3 u3	lin5 len4 gu3 wu3	ling4 ren2 gu3 wu3	文			43		
人民大学	lɨn5 min5 tʰai6 hoʔ7	len4 min4 tai5 hok6	ren2 min2 da4 xue2	文			42		
人民政权	lɨn5 min5 tsɨn5 tɕʰyon2	len4 min4 zen4 qyuon2	ren2 min2 zheng4 quan2	文			41		
令人振奋	lin6 lɨn5 tsɨn5 ɸən5	lin5 len4 zen4 fen4	ling4 ren2 zhen4 fen4	文			36		
人工林	lɨn5 kuŋ1 lin5	len4 gung1 lin4	ren2 gong1 lin2	文			34		
全人类	tɕʰyon2 lɨn5 lui6	qyuon2 len4 lui5	quan2 ren2 lei4	文			31		
人工控制	lɨn5 kuŋ1 kʰuŋ3 tsɿ5	len4 gung1 kung3 zi4	ren2 gong1 kong4 zhi4	文			30		
人大附中	lɨn5 tʰai6 fu6 tsuŋ1	len4 tai5 fu5 zung1	ren2 da4 fu4 zhong1	文			23		
人工神经网络	lɨn5 kuŋ1 sɨn5 tɕin1 uɔŋ3 lɔʔ7	len4 gung1 sen4 jin1 wong3 lok6	ren2 gong1 shen2 jing1 wang3 luo4	文			13		
令人心悸	lin6 lɨn5 ɕin1 tɕʰi6	lin5 len4 xin1 qi5	ling4 ren2 xin1 ji4	文			13		
古人类学	ku3 lɨn5 lui6 hoʔ7	gu3 len4 lui5 hok6	gu3 ren2 lei4 xue2	文			13		
古人类学家	ku3 lɨn5 lui6 hoʔ7 ka1	gu3 len4 lui5 hok6 ga1	gu3 ren2 lei4 xue2 jia1	文			13		
个人数字助理	ko5 lɨn5 su5 tsʰɿ6 tsʰu6 li3	go4 len4 su4 ci5 cu5 li3	ge4 ren2 shu4 zi4 zhu4 li3	文			12		
印度人民党	in5 tʰu6 lɨn5 min5 tɔŋ3	yin4 tu5 len4 min4 dong3	yin4 du4 ren2 min2 dang3	文			11		
云南省人民政府	yn5 lan5 sen3 lɨn5 min5 tsɨn5 fu3	yun4 lan4 sen3 len4 min4 zen4 fu3	yun2 nan2 sheng3 ren2 min2 zheng4 fu3	文			10		
上海市人民政府	sɔŋ6 hai3 sɿ6 lɨn5 min5 tsɨn5 fu3	song5 hai3 si5 len4 min4 zen4 fu3	shang4 hai3 shi4 ren2 min2 zheng4 fu3	文			9		
人工河	lɨn5 kuŋ1 ho2	len4 gung1 ho2	ren2 gong1 he2	文			9		
新新人类	ɕin1 ɕin1 lɨn5 lui6	xin1 xin1 len4 lui5	xin1 xin1 ren2 lei4	文			9		
人工化	lɨn5 kuŋ1 ɸᴀ5	len4 gung1 fa4	ren2 gong1 hua4	文			8		
人类学系	lɨn5 lui6 hoʔ7 ɕi6	len4 lui5 hok6 xi5	ren2 lei4 xue2 xi4	文			7		
山东省人民政府	san1 tuŋ1 sen3 lɨn5 min5 tsɨn5 fu3	san1 dung1 sen3 len4 min4 zen4 fu3	shan1 dong1 sheng3 ren2 min2 zheng4 fu3	文			7		
人民院	lɨn5 min5 yon6	len4 min4 yuon5	ren2 min2 yuan4	文			6		
令人起敬	lin6 lɨn5 tɕʰi3 tɕin5	lin5 len4 qi3 jin4	ling4 ren2 qi3 jing4	文			6		
巴基斯坦人民党	pa1 tɕi1 sɿ1 tʰan3 lɨn5 min5 tɔŋ3	ba1 ji1 si1 tan3 len4 min4 dong3	ba1 ji1 si1 tan3 ren2 min2 dang3	文			6		
江苏省人民政府	kɔŋ1 su1 sen3 lɨn5 min5 tsɨn5 fu3	gong1 su1 sen3 len4 min4 zen4 fu3	jiang1 su1 sheng3 ren2 min2 zheng4 fu3	文			6		
人民剧场	lɨn5 min5 tɕy5 tsʰɔŋ3	len4 min4 jyu4 cong3	ren2 min2 ju4 chang3	文			5		
成都市人民政府	tsʰɨn2 tu1 sɿ6 lɨn5 min5 tsɨn5 fu3	cen2 du1 si5 len4 min4 zen4 fu3	cheng2 du1 shi4 ren2 min2 zheng4 fu3	文			5		
人民陪审员	lɨn5 min5 pʰi2 sɨn3 yon5	len4 min4 pi2 sen3 yuon4	ren2 min2 pei2 shen3 yuan2	文			4		
大连市人民政府	tʰai6 liɛn5 sɿ6 lɨn5 min5 tsɨn5 fu3	tai5 lien4 si5 len4 min4 zen4 fu3	da4 lian2 shi4 ren2 min2 zheng4 fu3	文			4		
新加坡人民行动党	ɕin1 ka1 po1 lɨn5 min5 ɕin5 tʰuŋ6 tɔŋ3	xin1 ga1 bo1 len4 min4 xin4 tung5 dong3	xin1 jia1 po1 ren2 min2 xing2 dong4 dang3	文			4		
中华人民	tsuŋ1 ɸᴀ5 lɨn5 min5	zung1 fa4 len4 min4	zhong1 hua2 ren2 min2	文			75003		
人工智慧	lɨn5 kuŋ1 tsɿ5 fɨi6	len4 gung1 zi4 fei5	ren2 gong1 zhi4 hui4	文			3		
江西省人民政府	kɔŋ1 ɕi1 sen3 lɨn5 min5 tsɨn5 fu3	gong1 xi1 sen3 len4 min4 zen4 fu3	jiang1 xi1 sheng3 ren2 min2 zheng4 fu3	文			2		
斗风	tɛu3 fuŋ1	deu3 fung1	dou4 feng1	赣			60000		
作田	tsɔʔ7 tʰiɛn2	zok6 tien2	zuo4 tian2	赣			60000		
淘汤	tʰau2 tʰɔŋ1	tau2 tong1	tao2 tang1	赣			60000		
爷子	ia5 tsɿ3	ya4 zi3	ye2 zi5	赣	老子	lao3 zi5	60000		
早晨	tsau3 sɨn5	zau3 sen4	zao3 chen2	赣			65000		
中边	tsuŋ1 piɛn1	zung1 bien1	zhong1 bian1	赣			60000	中午	
夜边	ia6 piɛn1	ya5 bien1	ye4 bian1	赣			60000	傍晚	
冲凉	tsʰuŋ1 liɔŋ5	cung1 liong4	chong1 liang2	赣			60000	洗澡	
上昼	sɔŋ6 tsɛu5	song5 zeu4	shang4 zhou4	赣			85000	上午	
下昼	ha6 tsɛu5	ha5 zeu4	xia4 zhou4	赣			85000	下午	
落雨	lɔʔ8 y3	lok7 yu3	luo4 yu3	赣	下雨	xia1 yu3	85000		
结棍	tɕiɛt7 kun5	jiet6 gun4	jie2 gun4	赣	厉害	li4 hai4	60000		
后生	hɛu6 saŋ1	heu5 sang1	hou4 sheng1	白	后辈	hou4 bei4	110000		
落心	lɔʔ8 ɕin1	lok7 xin1	luo4 xin1	赣			60000		
打罗	ta3 lo5	da3 lo4	da3 luo2	赣	黑社会	hei1 she4 hui4	110000		
线车	ɕiɛn5 tsʰa1	xien4 ca1	xian4 che1	赣			90000		
学堂	hoʔ7 tʰɔŋ2	hok6 tong2	xue2 tang2	赣	学校	xue2 xiao4	135000		
博士	pɔʔ7 sɿ6	bok6 si5	bo2 shi4	赣			135000		
间里	kan1 li3	gan1 li3	jian1 li3	赣			60000		
头世	tʰɛu2 ɕi5	teu2 xi4	tou2 shi4	赣			65000	造孽/作孽	
厅下	tʰiaŋ1 ha6	tiang1 ha5	ting1 xia4	赣			60000		
装憨	tsɔŋ1 hon1	zong1 hon1	zhuang1 han1	赣			60000		
锅口	uo1 kʰiɛu3	wo1 kieu3	guo1 kou3	赣			60000		
灶下	tsau5 ha6	zau4 ha5	zao4 xia4	赣			60000		
蕹菜	ŋ̍5 tsʰai3	ng4 cai3	weng4 cai4	赣			60000		
㦿子	kʰan3 tsɿ3	kan3 zi3	qian3 zi5	赣			60000		
屋场	uʔ7 tsʰɔŋ3	wuk6 cong3	wu1 chang3	赣			60000		
拗捩	ŋau5 liɛt7	ngau4 liet6	ao3 lie4	赣	顽皮	wan2 pi2	110000		
彤红	tʰuŋ2 fuŋ5	tung2 fung4	tong2 hong2	赣			60000		
乜烂	mie1 lan6	mie1 lan5	mie1 lan4	赣	烂熟	lan4 shu2	60000		
嫩黄	lɨn6 uɔŋ5	len5 wong4	nen4 huang2	赣			60000		
墨乌	mɛt7 u1	met6 wu1	mo4 wu1	赣			60000	黑	
墨咕墨乌	mɛt7 ku1 mɛt7 u1	met6 gu1 met6 wu1	mo4 gu1 mo4 wu1	赣			60000		
埋人	mai5 ȵin5	mai4 nin4	mai2 ren2	赣			60000	死人	
相骂	ɕiɔŋ1 ma6	xiong1 ma5	xiang1 ma4	赣			60000		
斗霸	tɛu3 pa5	deu3 ba4	dou4 ba4	赣	作对	zuo4 dui4	60000		
坐备	tsʰo6 pʰi5	co5 pi4	zuo4 bei4	赣			60000		
救架	tɕiu5 ka5	jiu4 ga4	jiu4 jia4	赣			60000		
我等	ŋo3 tɛn3	ngo3 den3	wo3 deng3	赣			60000		
唆奅	so1 pʰau1	so1 pau1	suo1 pao4	赣	吹牛	chui1 niu2	200000		
刻时里	kʰiɛt7 ɕi5 li3	kiet6 xi4 li3	ke4 shi2 li3	赣		shi2 ke4	120000		
细伢子	ɕi5 ŋa5 tsɿ3	xi4 nga4 zi3	xi4 ya2 zi5	赣	小孩子	xiao3 hai2 zi5	125000		
许只	he3 tsat7	he3 zat6	xu3 zhi3	白	那个	na4 ge5	325000		
许里	he3 li3	he3 li3	xu3 li3	赣	那里	na4 li3	125000		
箇里	ko3 li3	go3 li3	ge4 li3	赣	这里	zhe4 li3	175000		
箇只	ko3 tsat7	go3 zat6	ge4 zhi1	白	这个	zhe4 ge4	350000	这	
箇个	ko3 ko5	go3 go4	ge4 ge4	赣	这个	zhe4 ge4	350000		
该个	kai1 ko5	gai1 go4	gai1 ge4	赣	这个	zhe4 ge4	125000		
该只	kai1 tsat7	gai1 zat6	gai1 zhi1	白	这个	zhe4 ge4	100000		
该里	kai1 li3	gai1 li3	gai1 li3	赣	这里	zhe4 li3	100000		
崽哩子	tsai3 li0 tsɿ3	zai3 li0 zi3	zai3 li1 zi5	赣	男孩子	nan2 hai2 zi	105000		
女崽子	ȵy3 tsai3 tsɿ3	nyu3 zai3 zi3	nv3 zai3 zi	赣	女孩子	nv3 hai2 zi	150000		
细人	ɕi5 ȵin5	xi4 nin4	xi4 ren2	赣	小孩	xiao3 hai2	100000		
细人子	ɕi5 ȵin5 tsɿ0	xi4 nin4 zi0	xi4 ren2 zi	赣	小孩子	xiao3 hai2 zi3	100000		
莽长莽大	mɔŋ3 tsʰɔŋ2 mɔŋ3 tʰai6	mong3 cong2 mong3 tai5	mang3 zhang3 mang3 da4	赣			125000	长大	
话事	ua6 sɿ6	wa5 si5	hua4 shi4	赣	说话	shuo1 hua4	200000		
什哩	ɕit7 li3	xit6 li3	shi2 li	赣	什么	shen3 me2	350000		
箇样	ko3 iɔŋ6	go3 yong5	ge4 yang4	赣	这样	zhe4 yang4	305000		
许样	he3 iɔŋ6	he3 yong5	xu3 yang4	赣	那样	na4 yang4	150000		
乱嚼	lon6 tɕʰiɔʔ8	lon5 qiok7	luan4 jiao2	赣	胡说	hu2 shuo1	100000		
嚼蛆	tɕʰiɔʔ8 tɕʰy1	qiok7 qyu1	jiao2 qu1	赣			125000		
夹沙糕	kat7 sa1 kau1	gat6 sa1 gau1	jia2 sha1 gao1	赣	神经病	shen2 jing1 bing4	150000		
睏觉	kɔʔ6 kɔʔ7	kun5 gok6	kun3 jiao4	赣	睡觉	shui4 jiao4	300000		
故是	ku5 sɿ6	gu4 si5	gu4 shi4	赣	所以	suo3 yi3	185000		
故是	ku5 sɿ6	gu4 si5	gu4 shi4	赣	所以	suo3 yi3	185000		
故是话	ku5 sɿ6 ua6	gu4 si5 wa5	gu4 shi4 hua4	赣	所以说	suo3 yi3 shuo1	125000		
故是话	ku5 sɿ6 ua6	gu4 si5 wa5	gu4 shi4 hua4	赣	所以说	suo3 yi3 shuo1	125000		
煊红	ɕyon1 fuŋ5	xyuon1 fung4	xuan1 hong2	赣			100000		
榷门	kʰɔʔ8 mɨn5	kok7 men4	que4 men2	赣	敲门	qiao1 men2	100000		
老坐	lau3 tsʰo6	lau3 co5	lao3 zuo4	赣	长者	zhang3 zhe3	100000		
躿精鬼瘦	kʰaŋ1 tɕin1 kui3 sɛu5	kang1 jin1 gui3 seu4	kang1 jing1 gui3 shou4	赣			100000	瘦	
该钱	kai1 tɕʰiɛn2	gai1 qien2	gai1 qian2	赣	欠钱	qian4 qian2	100000		
丩酸	tɕiu1 son1	jiu1 son1	jiu1 suan1	赣			100000	酸/很酸	
丩圆	tɕiu1 yon5	jiu1 yuon4	jiu1 yuan2	赣			100000	圆/圆滚滚/很圆	
喫价	tɕʰiaʔ7 ka5	qiak6 ga4	chi1 jia4	赣	厉害	li4 hai4	175000	牛逼/高手	
鼻公	pʰit8 kuŋ1	pit7 gung1	bi2 gong1	赣			100000	鼻子/鼻	
挭仗	kaŋ3 tsɔŋ5	gang3 zong4	geng3 zhang4	赣	争吵	zheng1 chao3	100000	吵架	
栽禾	tsai1 uo2	zai1 wo2	zai1 he2	赣	种田	zhong4 tian2	100000	种地	
腥水	ɕiaŋ1 sui3	xiang1 sui3	xing1 shui3	赣	泄密	xie4 mi4	100000	告密	
搛菜	tɕʰiɛn3 tsʰai3	qien3 cai3	jian1 cai4	赣	夹菜	jia1 cai4	105000		
囡孲子	mau1 ŋa1 tsɿ3	mau1 nga1 zi3	nan1 ya1 zi5	赣	婴儿	ying1 er2	100000	婴/婴孩	
谈詑	tʰan2 tʰo2	tan2 to2	tan2 yi2	赣	聊天	liao2 tian1	100000	闲聊/话事	
蹍人	tsʰun6 ȵin5	cun5 nin4	nian3 ren2	赣	踹人	chuai4 ren2	100000	踢人	
老短	lau3 ton3	lau3 don3	lao3 duan3	赣	青年	qing1 nian2	100000	年轻人	
短命鬼	ton3 miaŋ6 kui3	don3 miang5 gui3	duan3 ming4 gui3	白			100000	年轻人	
短到	ton3 tau5	don3 dau4	duan3 dao4	赣	拦截	lan2 jie2	100000		
现世	ɕiɛn5 ɕi5	xien4 xi4	xian4 shi4	赣	耻辱	chi3 ru3	175000	丢人/耻	
仰上	ȵiɔŋ3 sɔŋ6	niong3 song5	yang3 shang4	赣	立刻	li4 ke4	100000	马上	
嗾祸	sɛu1 fo6	seu1 fo5	sou3 huo4	赣	离间	li2 jian4	100000	挑拨	
誺尿	lai5 ȵiɛu6	lai4 nieu5	chi1 niao4	赣	尿床	niao4 chuang2	100000		
沸滚	fɨi5 kun3	fei4 gun3	fei4 gun3	赣	烫	tang4	100000	炽	
斗霸	tɛu5 pa5	deu4 ba4	dou4 ba4	赣	作对	zuo4 dui4	100000	对着干	
瞌困	kʰɔʔ7 kʰun3	kok6 kun3	ke1 kun4	赣	睡意	shui4 yi4	100000	疲倦	
造恶	tsʰau6 ŋɔʔ7	cau5 ngok6	zao4 e4	赣			125000	作孽/头世	
鏾鸡	ɕiɛn5 tɕi1	xien4 ji1	san3 ji1	赣	阉鸡	yan1 ji1	60000		
鬝头	kʰat7 tʰɛu2	kat6 teu2	qian1 tou2	赣	秃头	tu1 tou2	85000	秃顶/秃子	
垢圿	kiɛu3 kuat7	gieu3 guat6	gou4 jia2	赣	体垢	ti3 gou4	125000		
巴锅	pa1 uo1	ba1 wo1	ba1 guo1	赣			100000	糟糕/巴了锅	
巴了锅	pa1 liɛu0 uo1	ba1 lieu0 wo1	ba1 le5 guo1	赣	差	cha4	100000	很差	
攠攠摸摸	mi1 mi1 mo1 mo1	mi1 mi1 mo1 mo1	mi2 mi2 mo1 mo1	赣	拖延	tuo1 yan2	100000	慢吞吞/碍	
口胃	kʰiɛu3 ui6	kieu3 wui5	kou3 wei4	赣	胃口	wei4 kou3	100000		
牢监	lau5 kan1	lau4 gan1	lao2 jian1	赣	监牢	jian1 lao2	150000	监狱	
老棺材	lau3 kuon1 tsʰai2	lau3 guon1 cai2	lao3 guan1 cai2	赣	老男人	lao3 nan2 ren2	100000	老头/老头子	
老妖精	lau3 iɛu1 tɕiaŋ1	lau3 yeu1 jiang1	lao3 yao1 jing1	白	老女人	lao3 nv3 ren2	100000	老太婆	
丈元	tsʰɔŋ6 ȵyon5	cong5 nyuon4	zhang4 yuan2	赣	丈人	zhang4 ren2	100000	老丈人	
蚻巴子	tsʰat8 pa1 tsɿ3	cat7 ba1 zi3	zha2 ba1 zi5	赣	蟑螂	zhang1 lang2	100000		
眠梦	miɛn5 muŋ6	mien4 mung5	mian2 meng4	赣			100000	做梦/作梦	
喫赢手	tɕʰiaʔ7 iaŋ5 seu0	qiak6 yang4 seu0	chi1 ying2 shou3	赣	占便宜	zhan4 pian2 yi2	100000	优势	
喼绿	tɕit7 lyt6	jit6 lyut5	jie1 lv4	赣			100000	绿色/很绿/绿油油/绿	
黆黄	sɨn1 uɔŋ5	sen1 wong4	guang1 huang2	赣			125000	黄/很黄	
整病	tsaŋ5 pʰiaŋ6	zang4 piang5	zheng3 bing4	白	治病	zhi4 bing4	125000		
着气	tsʰɔʔ8 tɕʰi3	cok7 qi3	zhe5 qi4	赣	生气	sheng1 qi4	155000	发火	
洋泥	iɔŋ5 ȵi5	yong4 ni4	yang2 ni2	赣	水泥	shui3 ni2	100000		
脚㬹	tɕiɔʔ7 tsaŋ1	jiok6 zang1	jiao3 zheng1	赣	脚后跟	jiao3 hou4 gen1	100000		
后㬹	hɛu6 tsaŋ1	heu5 zang1	hou4 zheng1	赣			100000	㬹	
啷样	lɔːŋ1 iɔŋ6	long1 yong5	long3 yang4	赣	怎样	zen3 yang4	550000	怎么/怎么样	
净是	tɕʰiaŋ6 sɿ6	qiang5 si5	jing4 shi4	白			300000	都是/都	
裤头子	kʰu3 tʰɛu2 tsɿ3	ku3 teu2 zi3	ku4 tou2 zi5	赣	内裤	nei4 ku4	100000	裤头	
咚明	tɔŋ3 min5	dong3 min4	dong1 ming2	赣	透明	tou4 ming2	100000		
老角	lau3 tɕiɔʔ7	lau3 jiok6	lao3 jiao3	赣	老手	lao3 shou3	125000	老/熟练	
嫩角	lɨn6 tɕiɔʔ7	len5 jiok6	nen4 jiao3	赣	新手	xin1 shou3	100000	徒弟/新人	
嗦角	so1 tɕiɔʔ7	so1 jiok6	suo5 jiao3	赣			100000	笨/差/鼻涕泡	
鼻涕泡	pʰit8 ti0 pʰau1	pit7 di0 pau1	bi2 ti4 pao4	赣			100000		
天收嗰	tʰiɛn1 sɛu1 ko0	tien1 seu1 go0	tian1 shou1 ge3	赣			100000	短命鬼	
打短命嗰	ta3 ton3 miaŋ6 ko0	da3 don3 miang5 go0	da3 duan3 ming4 ge3	白			100000	短命鬼	
接脚	tɕiɛt7 tɕiɔʔ7	jiet6 jiok6	jie1 jiao3	赣			100000	接替/继承/接盘	
赚超	tsʰan6 tsʰɛu1	can5 ceu1	zhuan4 chao1	赣	大赚	da4 zhuan4	100000	赚钱	
姎子	iɔŋ1 tsɿ3	yong1 zi3	yang1 zi5	赣	姑娘	gu1 niang2	100000		
辣婆子	lat7 pʰo2 tsɿ3	lat6 po2 zi3	la4 po2 zi5	文	女强人	nv3 qiang2 ren2	100000		
摭时	sa5 sɿ5	za4 si4	zhi2 shi2	赣	赶紧	gan3 jin3	155000	赶快/快点	
拣东西	kan3 tuŋ1 ɕi1	gan3 dung1 xi1	jian3 dong1 xi1	赣	收拾东西	shou1 shi2 dong1 xi1	100000	收拾	
绝了灭	tɕʰyot7 liɛu0 miɛt7	qyuot6 lieu0 miet6	jue2 le5 mie4	赣	很	hen3	100000	极其/非常	
告诵	kau5 sʊŋ5	gau4 sung4	gao4 song4	赣	告诉	gao4 su4	310000		
好喫屄	hau3 tɕʰiaʔ7 piet7	hau3 qiak6 biet6	hao3 chi1 bi1	赣	好吃	hao3 chi1	100000		
曱巴子	tsʰat8 pa1 tsɿ3	cat7 ba1 zi3	yue1 ba1 zi5	赣	蟑螂	zhang1 lang2	100000		
奸雀子	kan1 tɕʰiɔʔ7 tsɿ3	gan1 qiok6 zi3	jian1 qiao1 zi3	赣			100000	麻雀	
璧蛇子	pit7 sa5 tsɿ3	bit6 sa4 zi3	bi4 she2 zi5	赣			100000	壁虎	
晶光水掸	tɕin1 kuɔŋ1 sui3 tʰan2	jin1 guong1 sui3 tan2	jing1 guang1 shui3 dan3	赣	透亮	tou4 liang4	100000		
掸亮	tʰan2 liɔŋ6	tan2 liong5	dan3 liang4	赣			100000	晶光水掸	
蓬香	pʰuŋ2 ɕiɔŋ1	pung2 xiong1	peng2 xiang1	赣	香	xiang1	100000		
乜乌	mie1 u1	mie1 wu1	mie1 wu1	赣	很黑	hen3 hei1	100000	黑	
閕口	ŋa1 kʰiɛu3	nga1 kieu3	xia1 kou3	赣	张口	zhang1 kou3	125000		
有眼	iu3 ŋæn3	yiu3 ngan3	you3 yan3	赣	着落	zhuo2 luo4	100000	门路	
要眼	iɛu5 ŋæn3	yeu4 ngan3	yao4 yan3	赣	索贿	suo3 hui4	100000	贿赂	
赛眼	sai5 ŋæn3	sai4 ngan3	sai4 yan3	赣	行贿	xing2 hui4	100000	贿赂	
懂眼	tuŋ3 ŋæn3	dung3 ngan3	dong3 yan3	赣			100000	明白	
脱卵	tʰot7 lon3	tot6 lon3	tuo1 luan3	赣			100000	算了	
自家	tsʰɿ6 kan3	ci5 gan3	zi4 jia1	赣	自己	zi4 ji3	350000		
屄腥	piet7 ɕiaŋ1	biet6 xiang1	bi1 xing1	赣	腥臭	xing1 chou4	100000	腥味	
嗄臭	hɔʔ7 tsʰɛu3	hok6 ceu3	a2 chou4	赣			105000	臭	
凶凶喝喝	ɕiuŋ1 ɕiuŋ1 hot7 hot7	xiung1 xiung1 hot6 hot6	xiong1 xiong1 he1 he1	赣	呵斥	he1 chi4	100000	凶	
蒙蒙躲躲	muŋ1 muŋ1 to3 to3	mung1 mung1 do3 do3	meng2 meng2 duo3 duo3	白	躲猫猫	duo3 mao1 mao1	100000		
脱搜	tʰot7 sɛu1	tot6 seu1	tuo1 sou1	赣	拉倒	la1 dao3	125000	算了/完蛋	
脱了卵	tʰot7 liɛu0 lon3	tot6 lieu0 lon3	tuo1 le5 luan3	赣			100000	脱卵	
脱了搜	tʰot7 liɛu0 sɛu1	tot6 lieu0 seu1	tuo1 le5 sou1	赣			100000	脱搜	
当真	tɔʔ7 tɕin1	dok6 jin1	dang1 zhen1	白			350000	确实	
打货	ta3 ɸo5	da3 fo4	da3 huo4	赣	购货	gou4 huo4	100000	购物	
䁐店	iaŋ5 tiɛn5	yang4 dien4	ying1 dian4	赣	看店	kan4 dian4	100000		
两巴老子	liɔŋ3 pa1 lau3 tsɿ3	liong3 ba1 lau3 zi3	liang3 ba1 lao3 zi5	赣			100000	夫妻	
开脊	kʰai1 tɕiaʔ7	kai1 jiak6	kai1 ji2	赣			100000	直说	
杀猴子	sat7 hɛu2 tsɿ3	sat6 heu2 zi3	sha1 hou2 zi5	赣	宰客	zai3 ke4	100000		
告花哩	kau5 fa1 li3	gau4 fa1 li3	gao4 hua1 li1	赣	乞丐	qi3 gai4	100000		
作式子	tsɔʔ7 ɕiʔ7 tsɿ3	zok6 xik6 zi3	zuo4 shi4 zi5	赣	摆谱	bai3 pu3	125000	时髦/打扮/摆弄	
血污滴答	ɕyot7 u1 tit7 tat7	xyuot6 wu1 dit6 dat6	xue4 wu1 di1 da1	赣	血淋淋	xie3 lin2 lin2	100000	血	
一滴子	it7 tiaʔ7 tsɿ3	yit6 diak6 zi3	yi1 di1 zi5	白	一点儿	yi4 dian3 er2	225000		
一生世	it7 sɛn1 ɕi5	yit6 sen1 xi4	yi1 sheng1 shi4	赣			125000	一辈子	
挂纸	kuɑ5 tsɿ3	gua4 zi3	gua4 zhi3	赣			100000	扫墓/清明/祭祖	
作礼	tsɔʔ7 li3	zok6 li3	zuo4 li3	赣	客套	ke4 tao4	100000		
脚鱼	tɕiɔʔ7 ȵie2	jiok6 nie2	jiao3 yu2	赣	甲鱼	jia3 yu2	100000		
狗婆	kiɛu3 pʰo2	gieu3 po2	gou3 po2	赣	母狗	mu3 gou3	100000		
毫子	hau2 tsɿ3	hau2 zi3	hao2 zi5	赣	硬币	ying4 bi4	100000		
䁐门	iaŋ5 mɨn5	yang4 men4	ying1 men2	赣	看门	kan1 men2	110000	看	
一径哩	it7 tɕiaŋ5 li0	yit6 jiang4 li0	yi1 jing4 li1	白	一直	yi4 zhi2	305000	长期/经常	
锹硬	kʰot7 ŋaŋ6	kot6 ngang5	qiao1 ying4	赣			100000	硬/很硬/非常硬	
跌格子	tiɛt7 kaʔ7 tsɿ3	diet6 gak6 zi3	die1 ge2 zi5	赣	摆谱	bai3 pu3	125000	排面/排场	
摊尸	tʰan1 sɿ1	tan1 si1	tan1 shi1	赣	躺平	tang3 ping2	150000	躺着	
跑火	pʰau3 fo3	pau3 fo3	pao3 huo3	赣	走运	zou3 yun4	100000	运气好/好运/幸福	
被火	pʰi5 fo3	pi4 fo3	bei4 huo3	赣	被子	bei4 zi5	100000	衣被	
哪只	la3 tsat7	la3 zat6	na3 zhi3	白	哪个	na3 ge5	330000	哪	
䁐到	iaŋ5 tau5	yang4 dau4	ying1 dao4	赣	看住	kan4 zhu4	100000	看守/䁐	
刑人	ɕin5 ȵin5	xin4 nin4	xing2 ren2	赣	坑人	keng1 ren2	100000	欺负/整人	
哇呀吔	ua1 ŋa5 ia5	wa1 nga4 ye2	wa5 ya5 ye3	赣	哇塞	wa1 sai1	100000		
牙扮	ŋa5 pan5	nga4 ban4	ya2 ban4	赣	难伺候	nan2 ci4 hou4	100000	乖戾	
鸡啄屁眼	tɕi1 tɔʔ7 pʰi3 ŋæn3	ji1 dok6 pi3 ngan3	ji1 zhuo2 pi4 yan3	赣	瞎搞	xia1 gao3	100000	乱来	
大姑娘	tʰo6 ku1 ȵiɔŋ5	to5 gu1 niong4	da4 gu1 niang2	赣	姑母	gu1 mu3	100000		
大姑爷	tʰo6 ku1 ia5	to5 gu1 ya4	da4 gu1 ye2	赣	姑父	gu1 fu4	100000	姑爹	
卵鸡	lo3 tɕi1	lo3 ji1	luan3 ji1	白	鸡鸡	ji1 ji1	100000	阴茎	
痨药	lau6 iɔʔ7	lau5 yok6	lao2 yao4	赣			100000	毒药	
瞎秋	hat7 tɕʰiu1	hat6 qiu1	xia1 qiu1	赣	喷嚏	pen1 ti4	100000		
佮伙	kot7 fo3	got6 fo3	ge2 huo3	赣	合伙	he2 huo3	150000		
跕色子	tiɛt7 sɛt7 tsɿ3	diet6 set6 zi3	dian3 shai3 zi3	赣	掷色子	zhi4 shai3 zi3	100000	投骰子	
捩毛巾	liɛt7 mau5 tɕin1	liet6 mau4 jin1	lie4 mao2 jin1	赣	拧毛巾	ning3 mao2 jin1	100000		
擉咑姆娘	tsʰɔʔ7 m5 m6 ȵiɔŋ5	cok6 dak6 m5 niong4	chuo4 da1 mu3 niang2	赣	操你妈	cao1 ni3 ma1	130000	我操/卧槽/我去	
却剥	tɕʰiɔʔ7 pɔʔ7	qiok6 bok6	que4 bo1	赣	卑劣	bei1 lie4	100000	坏/龌龊	
我擉	ŋo3 tsʰɔʔ7	ngo3 cok6	wo3 chuo4	赣	我操	wo3 cao1	100000	我去	
嘎死了	ka2 sɿ3 liɛu0	ga2 si3 lieu0	ga1 si3 le5	赣	完了蛋	wan2 le5 dan4	100000	去了祸	
去祸	tɕʰiᴇ3 fo6	qie3 fo5	qu4 huo4	白	完蛋	wan2 dan4	125000	去了祸	
去了祸	tɕʰiᴇ3 liɛu0 fo6	qie3 lieu0 fo5	qu4 le5 huo4	白	糟糕	zao1 gao1	125000	去祸	
蛤蟆仁子	ha5 ma0 lɨn5 tsɿ3	ha4 ma0 len4 zi3	ha2 ma5 ren2 zi5	赣	蝌蚪	ke1 dou3	125000		
嘉劳子	ka1 lau5 tsɿ3	ga1 lau4 zi3	jia1 lao2 zi5	赣			105000	蝉	
檐老鼠	ien5 lau3 ɕy3	yen4 lau3 xyu3	yan2 lao3 shu3	赣			125000	蝙蝠	
寒斤子	hon2 tɕin1 tsɿ3	hon2 jin1 zi3	han2 jin1 zi5	赣			100000	蚯蚓	
毛辣里	mau5 lat7 li3	mau4 lat6 li3	mao2 la4 li3	文			100000	毛毛虫	
毛辣子	mau5 lat7 tsɿ3	mau4 lat6 zi3	mao2 la4 zi5	文			100000	毛辣里/毛毛虫	
清时蛮早	tɕʰin1 sɿ5 man1 tsau3	qin1 si4 man1 zau3	qing1 shi2 man2 zao3	赣			180000	一大早/很早/早晨	
断夜边子	tʰon6 ia6 piɛn1 tsɿ3	ton5 ya5 bien1 zi3	duan4 ye4 bian1 zi5	赣			110000	傍晚/黄昏	
三十夜晚	san1 ɕit8 ia6 uan3	san1 xit7 ya5 wan3	san1 shi2 ye4 wan3	白	除夕/除夕夜	chu2 xi1 / chu2 xi1 ye4	100000		
村盘子	tsʰun1 pʰon2 tsɿ3	cun1 pon2 zi3	cun1 pan2 zi5	赣			100000	村庄	
村盘	tsʰun1 pʰon2	cun1 pon2	cun1 pan2	赣			125000	村庄	
堂瓦里	tʰɔŋ2 ua3 li3	tong2 wa3 li3	tang2 wa3 li3	赣			100000	客厅	
眼睛居里	ŋæn3 tɕiaŋ1 tɕy1 li3	ngan3 jiang1 jyu1 li3	yan3 jing1 ju1 li3	白			100000	眼珠	
颈拉里	tɕiaŋ3 la1 li3	jiang3 la1 li3	jing3 la1 li3	赣			100000	颈脖子	
胸面下	ɕiuŋ1 miɛn6 ha6	xiung1 mien5 ha5	xiong1 mian4 xia4	赣	胸脯	xiong1 pu2	100000	胸膛	
肋八骨	lɛt7 pat7 kut7	let6 bat6 gut6	le1 ba1 gu3	赣	肋骨	lei4 gu3	100000		
指头子	tsɿ3 tʰɛu2 tsɿ3	zi3 teu2 zi3	zhi3 tou5 zi5	赣			125000	手指	
指麻头子	tsɿ3 ma5 tʰɛu2 tsɿ3	zi3 ma4 teu2 zi3	zhi3 ma2 tou2 zi5	赣			100000	手指	
鱼肚子	ȵie2 tu3 tsɿ3	nie2 du3 zi3	yu2 du3 zi5	赣	小腿肚	xiao3 tui3 du4	100000		
换方	uon6 fɔŋ1	won5 fong1	huan4 fang1	赣	二手商	er4 shou3 shang1	100000		
锅倌里	uo1 kuon1 li3	wo1 guon1 li3	guo1 guan1 li3	赣	生意人	sheng1 yi4 ren2	100000	商贩	
裤里	kʰu3 li3	ku3 li3	ku4 li3	赣			100000	裤子	
罯屑	ŋot7 ɕiɛt7	ngot6 xiet6	an3 xie4	赣	垃圾	la1 ji1	155000		
格子	kaʔ7 tsɿ3	gak6 zi3	ge2 zi5	赣	窗户	chuang1 hu4	125000		
磨摞谷子	mo2 lo5 kuʔ7 tsɿ3	mo2 lo4 guk6 zi3	mo2 luo4 gu3 zi5	赣	鹅卵石	e2 luan3 shi2	100000	石子/小石子	
瓢杆	pʰiɛu2 kon1	pieu2 gon1	piao2 gan1	赣	勺子	shao2 zi5	100000	调羹	
嗲嗲	tiᴀ1 tiᴀ1	dia1 dia1	die1 die1	赣			105000	祖父/爷爷	
憋崽子	piet7 tsai3 tsɿ3	biet6 zai3 zi3	bie1 zai3 zi5	赣	坏孩子	huai4 hai2 zi5	100000	叛逆少年	
腾厚	tʰɛn2 hɛu6	ten2 heu5	teng2 hou4	赣	很厚	hen3 hou4	100000		
揪韧	tɕiu1 ȵin6	jiu1 nin5	jiu1 ren4	赣	嚼劲	jue2 jin4	100000		
腌臜	ŋa1 tsa1	nga1 za1	a1 za1	赣	脏乱	zang4 luan4	100000		
溜尖	liu1 tɕiɛn1	liu1 jien1	liu1 jian1	赣			100000		
咧滑	liet7 uat7	liet6 wat6	lie3 hua2	赣	滑溜	hua2 liu1	100000		
得转	tɛt7 tson5	det6 zon4	de2 zhuan3	赣			100000	聪明/精灵/精明	
风快	fuŋ1 kʰuai3	fung1 kuai3	feng1 kuai4	赣			100000	快速	
弄菜	luŋ6 tsʰai3	lung5 cai3	nong4 cai4	赣	做菜	zuo4 cai4	100000		
㨂捶	ton3 tsʰui2	don3 cui2	dong3 chui2	赣	猜拳	cai1 quan2	100000	剪刀石头布	
觘角	tsʰau3 kɔʔ7	cau3 gok6	chao4 jiao3	赣	行贿	xing2 hui4	150000	走后门	
正搭八气	tsɨn5 tat7 pat7 tɕʰi3	zen4 dat6 bat6 qi3	zheng4 da1 ba1 qi4	赣	正经	zheng4 jing1	150000		
浯死	u5 sɿ3	wu4 si3	wu2 si3	赣	溺水	ni4 shui3	100000	淹死	
安心安意	ŋon1 ɕin1 ŋon1 i5	ngon1 xin1 ngon1 yi4	an1 xin1 an1 yi4	赣	无忧无虑	wu2 you1 wu2 lv4	100000		
平整	pʰiaŋ2 tsaŋ5	piang2 zang4	ping2 zheng3	白	平顺	ping2 shun4	100000		
神命里	sɨn5 miaŋ6 li3	sen4 miang5 li3	shen2 ming4 li3	白	拼命	pin1 ming4	125000		
好生子	hau3 saŋ1 tsɿ3	hau3 sang1 zi3	hao3 sheng1 zi5	白			125000	好好/认真	
样嗰	iɔŋ6 ko0	yong5 go0	yang4 ge3	赣	一样/样的/一样的	yi1 yang4/yang4 de5/yi1 yang4 de5	270000		
啷扤	lɔːŋ1 u3	long1 wu3	long3 wu4	赣	怎么做	zen3 me5 zuo4	100000		
啷舞	lɔːŋ1 u3	long1 wu3	long3 wu3	赣	怎么做	zen3 me5 zuo4	100000		
话不定	ua6 pet7 tʰiaŋ6	wa5 bet6 tiang5	hua4 bu4 ding4	白	说不定	shuo1 bu4 ding4	100000		
两只	liɔŋ3 tsat7	liong3 zat6	liang3 zhi3	白			232566	两个	
城里	saŋ5 li3	sang4 li3	cheng2 li3	白			102264		
认定	lɨn6 tʰiaŋ6	len5 tiang5	ren4 ding4	白			26464		
白领	pʰaʔ8 liaŋ3	pak7 liang3	bai2 ling3	白			1071		
明年	miaŋ5 ȵiɛn5	miang4 nien4	ming2 nian2	白			5944		
火星	fo3 ɕiaŋ1	fo3 xiang1	huo3 xing1	白			25497		
几只	tɕi3 tsat7	ji3 zat6	ji3 zhi1	白			155424	几个	
三只	san1 tsat7	san1 zat6	san1 zhi3	白			25318	三个	
青草	tɕʰiaŋ1 tsʰau3	qiang1 cau3	qing1 cao3	白			296		
青色	tɕʰiaŋ1 sɛt7	qiang1 set6	qing1 se4	白			25264		
兵丁	pin1 tin1	bin1 din1	bing1 ding1	文			254		
君士坦丁堡	tɕyn1 sɿ6 tʰan3 tin1 pau3	jyun1 si5 tan3 din1 bau3	jun1 shi4 tan3 ding1 bao3	文			242		
拉丁文	la1 tin1 uen5	la1 din1 wun4	la1 ding1 wen2	文			213		
四只	sɿ5 tsat7	si4 zat6	si4 zhi3	白			25203		
拉丁	la1 tin1	la1 din1	la1 ding1	文			5193		
领带	liaŋ3 tai5	liang3 dai4	ling3 dai4	白			191		
多只	to1 tsat7	do1 zat6	duo1 zhi3	白			25188		
青菜	tɕʰiaŋ1 tsʰai3	qiang1 cai3	qing1 cai4	白			25164	蔬菜	
拉丁语	la1 tin1 ȵy3	la1 din1 nyu3	la1 ding1 yu3	文			5163		
拉丁字母	la1 tin1 tsʰɿ6 mu3	la1 din1 ci5 mu3	la1 ding1 zi4 mu3	文			162		
衣领	i1 liaŋ3	yi1 liang3	yi1 ling3	白			152		
人丁	lɨn5 tin1	len4 din1	ren2 ding1	文			140		
丁香	tin1 ɕiɔŋ1	din1 xiong1	ding1 xiang1	文			132		
数千只	su5 tɕʰiɛn1 tsat7	su4 qien1 zat6	shu4 qian1 zhi3	白			131		
补丁	pu3 tin1	bu3 din1	bu3 ding1	文			200128		
壮丁	tsɔŋ5 tin1	zong4 din1	zhuang4 ding1	文			120		
星子	ɕiaŋ1 tsɿ3	xiang1 zi3	xing1 zi5	白			109		
领子	liaŋ3 tsɿ3	liang3 zi3	ling3 zi5	白			90		
五只	ŋ̍3 tsat7	ng3 zat6	wu3 zhi3	白			75		
君士坦丁	tɕyn1 sɿ6 tʰan3 tin1	jyun1 si5 tan3 din1	jun1 shi4 tan3 ding1	文			68		
红领巾	fuŋ5 liaŋ3 tɕin1	fung4 liang3 jin1	hong2 ling3 jin1	白			60		
青苔	tɕʰiaŋ1 tʰai1	qiang1 tai1	qing1 tai2	白			55		
六只	liuʔ7 tsat7	liuk6 zat6	liu4 zhi3	白			51		
丁点	tin1 tiɛn3	din1 dien3	ding1 dian3	文			28		
丁字	tin1 tsʰɿ6	din1 ci5	ding1 zi4	文			27		
九只	tɕiu3 tsat7	jiu3 zat6	jiu3 zhi3	白			20		
人丁兴旺	lɨn5 tin1 ɕin1 uɔŋ6	len4 din1 xin1 wong5	ren2 ding1 xing1 wang4	文			17		
青布	tɕʰiaŋ1 pu5	qiang1 bu4	qing1 bu4	白			16		
丙丁	pin3 tin1	bin3 din1	bing3 ding1	文			11		
火星子	fo3 ɕiaŋ1 tsɿ3	fo3 xiang1 zi3	huo3 xing1 zi5	白			8		
垦丁	kʰiɛn3 tin1	kien3 din1	ken3 ding1	文			6		
丁亥	tin1 hai6	din1 hai5	ding1 hai4	文			5		
秤星	tsʰɨn3 ɕiaŋ1	cen3 xiang1	cheng4 xing1	白			3		
粉领	fɨn3 liaŋ3	fen3 liang3	fen3 ling3	白			3		
零丁	lin5 tin1	lin4 din1	ling2 ding1	文			2		
鸡丁	tɕi1 tin1	ji1 din1	ji1 ding1	文			2		
万老八	uan6 lau3 pat7	wan5 lau3 bat6	wan4 lao3 ba1	赣	假货	jia3 huo4	125000	假冒伪劣/虚假	
二五八成	ɵ6 ŋ̍3 pat7 tsʰɨn2	o5 ng3 bat6 cen2	er4 wu3 ba1 cheng2	文	半吊子	ban4 diao4 zi5	100000	嗦角	
拌粉	pʰon6 fɨn3	pon5 fen3	ban4 fen3	赣			100000		
瓦罐汤	ua3 kuon5 tʰɔŋ1	wa3 guon4 tong1	wa3 guan4 tang1	赣			100000		
许些	he3 ɕiɛt7	he3 xiet6	xu3 xie1	赣	那些	na4 xie1	350000		
箇些	ko3 ɕiɛt7	go3 xiet6	ge4 xie1	赣	这些	zhe4 xie1	325000		
细态子	ɕi5 tʰai3 tsɿ3	xi4 tai3 zi3	xi4 tai4 zi5	赣	小时候	xiao3 shi2 hou4	150000		
什哩	sɿʔ7 li3	sik6 li3	shen2 li1	赣	什么	shen2 me5	350000		
什啊	ɕit7 ŋa1	xit6 nga1	shen2 a5	赣	什么	shen2 me5	100000		
什啊	sɿʔ7 ŋa1	sik6 nga1	shen2 a5	赣	什么	shen2 me5	100000		
福气坨坨	fuʔ7 tɕʰi3 tʰo2 tʰo2	fuk6 qi3 to2 to2	fu2 qi4 tuo2 tuo2	赣			100000	有福	
许么	he3	he3 me0	xu3 me5	赣	那么	na4 me5	350000		
再着	tsai5 tsoʔ7	zai4 zok6	zai4 zhe5	赣	再说	zai4 shuo1	150000	再话	
再话	tsai5 ua6	zai4 wa5	zai4 hua4	赣	再说	zai4 shuo1	100000	再着	
箇么	kɔʔ6	go3 me0	ge4 me5	赣	这么	zhe4 me5	225000		
我嗰	ŋo3 ko0	ngo3 go0	wo3 ge3	赣	我的	wo3 de5	200000		
你嗰	nen3 ko0	nen3 go0	ni3 ge3	赣	你的	ni3 de5	150000		
佢嗰	tɕie3 ko0	jie3 go0	qu2 ge3	赣	他的	ta1 de5	125000		
佢嗰	tɕie3 ko0	jie3 go0	qu2 ge3	赣	她的	ta1 de5	125000		
佢嗰	tɕie3 ko0	jie3 go0	qu2 ge3	赣	它的	ta1 de5	125000		
渠嗰	tɕʰie2 ko0	qie2 go0	qu2 ge3	赣	她的	ta1 de5	175000		
渠嗰	tɕʰie2 ko0	qie2 go0	qu2 ge3	赣	它的	ta1 de5	175000		
箇边	ko3 piɛn1	go3 bien1	ge4 bian1	赣	这边	zhe4 bian1	100000		
许边	he3 piɛn1	he3 bien1	xu3 bian1	赣	那边	na4 bian1	100000		
为什哩	ui6 ɕit7 li3	wui5 xit6 li3	wei4 shen2 li1	赣	为什么	wei4 shen2 me5	350000		
露卵	lu6 lon3	lu5 lon3	lu4 luan3	赣	拉倒	la1 dao3	125000		
话法	ua6 fat7	wa5 fat6	hua4 fa3	赣	说法	shuo1 fa3	125000		
作福认真	tsɔʔ7 fuʔ7 lɨn6 tsɨn1	zok6 fuk6 len5 zen1	zuo4 fu2 ren4 zhen1	赣			100000	认真	
当正	tɔʔ7 tsaŋ5	dok6 zang4	dang1 zheng4	白	端正	duan1 zheng4	150000	正好	
明日	miaŋ5 ȵit7	miang4 nit6	ming2 ri4	白	明天	ming2 tian1	205000		
今日	tɕin1 ȵiaʔ8	jin1 niak7	jin1 ri4	白	今天	jin1 tian1	350000		
底下	tit7 ka6	dit6 ga5	di3 xia4	白			150000		
着吓	tsʰɔʔ8 haʔ7	cok7 hak6	zuo4 xia4	赣	惊吓	jing1 xia4	125000		
来事	lei5 sɿ6	lei4 si5	lai2 shi4	赣	厉害	li4 hai4	100000		
昨日	tsʰoʔ7 ȵit7	cok6 nit6	zuo2 ri4	白	昨天	zuo2 tian1	175000		
前日	tɕʰiɛn2 ȵit7	qien2 nit6	qian2 ri4	白	前天	qian2 tian1	100000		
后日	hɛu6 ȵit7	heu5 nit6	hou4 ri4	白	后天	hou4 tian1	100000		
大前日	tʰai6 tɕʰiɛn2 ȵit7	tai5 qien2 nit6	da4 qian2 ri4	白	大前天	da4 qian2 tian1	100000		
大后日	tʰai6 hɛu6 ȵit7	tai5 heu5 nit6	da4 hou4 ri4	白	大后天	da4 hou4 tian1	100000		
日上	ȵit7 sɔŋ6	nit6 song5	ri4 shang4	白	白天	bai2 tian1	125000		
翼膀	iɛt8 pɔŋ3	yet7 bong3	yi4 bang3	赣	翅膀	chi4 bang3	150000		
翼胛	iɛt8 kaŋʔ7	yet7 gangk6	yi4 jia3	赣	翅膀	chi4 bang3	325000		
叶飞子	iɛt7 fɨi1 tsɿ3	yet6 fei1 zi3	ye4 fei1 zi5	赣			100000	飞蛾	
到刮里	tau5 kuat7 li3	dau4 guat6 li3	dao4 gua1 li3	赣	到处	dao4 chu4	100000		
暗暗角角	ŋæn5 ŋæn5 kɔʔ7 kɔʔ7	ngan4 ngan4 gok6 gok6	an4 an4 jiao3 jiao3	赣	边边角角	bian1 bian1 jiao3 jiao3	100000		
层三压四	tsʰɛn2 san1 ŋat7 sɿ5	cen2 san1 ngat6 si4	ceng2 san1 ya1 si4	赣	层层叠叠	ceng2 ceng2 die2 die2	100000		
箇种	ko3 tsuŋ3	go3 zung3	ge4 zhong3	赣	这种	zhe4 zhong3	350000		
许种	he3 tsuŋ3	he3 zung3	xu3 zhong3	赣	那种	na4 zhong3	250000		
舞正	u3 tsaŋ5	wu3 zang4	wu3 zheng4	白	完成	wan2 cheng2	175000	做好	
下数	ha6 sɿ0	ha5 si0	xia4 shu4	赣			155000	概念/把握	
绝物	tɕʰyot7 ut7	qyuot6 wut6	jue2 wu4	赣	傻逼	sha3 bi1	100000		
昼饭	tɕiu5 fan6	jiu4 fan5	zhou4 fan4	赣	午饭	wu3 fan4	125000		
莫嘎	mot8 kat7	mot7 gat6	mo4 ga1	赣	难道	nan2 dao4	105000		
着革	tsʰɔʔ8 kiɛt7	cok7 giet6	zhe5 ge2	赣	担心	dan1 xin1	125000	忧虑/焦虑	
猪兜	tsu1 tɛu1	zu1 deu1	zhu1 dou1	赣	笨蛋	ben4 dan4	100000		
冎淡	kuaʔ7 tʰan6	guak6 tan5	gua3 dan4	赣	清淡	qing1 dan4	100000		
枼薄	se1 pʰɔʔ8	se1 pok7	ye4 bao2	赣	轻薄	qing1 bo2	100000		
蹦蹦蚻蚻	puŋ5 puŋ5 tsʰat8 tsʰat8	bung4 bung4 cat7 cat7	beng4 beng4 zha2 zha2	赣	蹦蹦跳跳	beng4 beng4 tiao4 tiao4	100000		
寻人	tɕʰin2 ȵin5	qin2 nin4	xun2 ren2	白	找人	zhao3 ren2	125000		
跟到	kiɛn1 tau5	gien1 dau4	gen1 dao4	赣			350000	与	
尤口	ɕiu5 kʰiɛu3	xiu4 kieu3	you2 kou3	赣			150000		
滁槎	tɕʰy2 tsʰa2	qyu2 ca2	chu2 cha2	赣			100000		
老弟	lau3 tʰi0	lau3 ti0	lao3 di4	赣	弟弟	di4 di5	105000		
公家老子	kuŋ1 ka1 lau3 tsɿ3	gung1 ga1 lau3 zi3	gong1 jia1 lao3 zi5	赣			100000		
公家婆子	kuŋ1 ka1 pʰo2 tsɿ3	gung1 ga1 po2 zi3	gong1 jia1 po2 zi5	赣			100000		
赢手	iaŋ5 seu0	yang4 seu0	ying2 shou3	赣			100000		
日日	ȵit7 ȵit7	nit6 nit6	ri4 ri4	白	天天	tian1 tian1	105000		
一日到夜	it7 ȵit7 tau5 ia6	yit6 nit6 dau4 ya5	yi1 ri4 dao4 ye4	白	一天到晚	yi1 tian1 dao4 wan3	275000		
滋泥	tsɿ1 ȵi5	zi1 ni4	zi1 ni2	赣	烂泥	lan4 ni2	100000		
慈菇	tsʰɿ2 ku1	ci2 gu1	ci2 gu1	赣			100000		
世界头上	ɕi5 kai5 tʰɛu2 sɔŋ6	xi4 gai4 teu2 song5	shi4 jie4 tou2 shang4	赣	世界上	shi4 jie4 shang4	280000		
四脚蛇	sɿ5 tɕiɔʔ7 sa5	si4 jiok6 sa4	si4 jiao3 she2	赣	蜥蜴	xi1 yi4	100000		
背脊骨	pi5 tɕiaʔ7 kut7	bi4 jiak6 gut6	bei4 ji3 gu3	赣			100000		
闭痧	pi5 sa1	bi4 sa1	bi4 sha1	赣			100000	中暑	
脾寒	pʰi2 hon2	pi2 hon2	pi2 han2	赣	疟疾	nve4 ji2	100000		
背静	pʰi5 tɕʰin0	pi4 qin0	bei4 jing4	赣			100000		
米糁子肉	mi3 son0 tsɿ0 y	mi3 son0 zi0 niuk6	mi3 san3 zi5 rou4	赣			100000		
眉心俏	mi5 ɕin1 tɕʰiɛu3	mi4 xin1 qieu3	mei2 xin1 qiao4	赣			100000		
弥勒佛	mi5 lɛt0 fɨt7	mi4 let0 fet6	mi2 le4 fo2	赣			100000		
谜子	mi6 tsɿ0	mi5 zi0	mi2 zi5	赣	谜语	mi2 yu3	100000		
踢踢拖拖	tʰit7 tʰit7 tʰo1 tʰo1	tit6 tit6 to1 to1	ti1 ti1 tuo1 tuo1	赣			100000		
蹄胯子	tʰi2 kʰu3 tsɿ0	ti2 ku3 zi0	ti2 kua4 zi5	赣	猪蹄	zhu1 ti2	100000		
礼拜天	li3 pai5 tʰiɛn1	li3 bai4 tien1	li3 bai4 ri4	赣	星期日	xing1 qi1 ri4	100000		
肌骨子人	tɕi1 kut0 tsɿ0 ȵin5	ji1 gut0 zi0 nin4	ji1 gu3 zi5 ren2	赣			100000		
叽呀	tɕi1 ŋa5	ji1 nga4	ji1 ya5	赣			100000		
鹅崽子	ŋo5 tsai3 tsɿ0	ngo4 zai3 zi0	e2 zai3 zi5	赣			100000		
鹅毛瞎	ŋo5 mau0 hat7	ngo4 mau0 hat6	e2 mao2 xia1	赣	夜盲	ye4 mang2	100000		
几时间	tɕi3 sɿ0 kan1	ji3 si0 gan1	ji3 shi2 jian1	赣	何时	he2 shi2	100000		
记到	tɕi5 tau5	ji4 dau4	ji4 dao4	赣	记住	ji4 zhu4	125000		
寄娘	tɕi5 ȵiɔŋ5	ji4 niong4	ji4 niang2	赣	女仆	nv3 pu2	100000		
齐佢	tɕʰi2 tɕie3	qi2 jie3	qi2 qu2	赣	任其	ren4 qi2	100000		
齐整	tɕʰi2 tsaŋ5	qi2 zang4	qi2 zheng3	白	漂亮	piao4 liang4	100000		
起炕	tɕʰi3 kʰɔŋ3	qi3 kong3	qi3 kang4	赣			100000		
气鼓卵	tɕʰi3 ku0 lon3	qi3 gu0 lon3	qi4 gu3 luan3	赣	疝气	shan4 qi4	100000		
气逼	tɕʰi3 pit7	qi3 bit6	qi4 bi1	赣	气喘	qi4 chuan3	100000		
气逼命恨	tɕʰi3 pit7 miaŋ6 hɛn6	qi3 bit6 miang5 hen5	qi4 bi1 ming4 hen4	白	气喘吁吁	qi4 chuan3 xu1 xu1	100000		
气力	tɕʰi3 lit0	qi3 lit0	qi4 li4	赣			105000	力气	
泥水	ȵi5 sui0	ni4 sui0	ni2 shui3	赣	泥匠	ni2 jiang4	100000		
细细子	ɕi5 ɕi5 tsɿ0	xi4 xi4 zi0	xi4 xi4 zi5	赣			100000		
细姐	ɕi5 tɕia3	xi4 jia3	xi4 jie3	赣			100000		
细姑婆	ɕi5 ku1 pʰo2	xi4 gu1 po2	xi4 gu1 po2	赣	小姑婆	xiao3 gu1 po2	100000		
细鬼	ɕi5 kui3	xi4 gui3	xi4 gui3	赣	小孩	xiao3 hai2	100000		
细名	ɕi5 miᴀŋ5	xi4 miang4	xi4 ming2	白	小名	xiao3 ming2	100000		
菩萨	pʰu2 sat0	pu2 sat0	pu2 sa4	赣			100000		
母量	mu3 liɔŋ0	mu3 liong0	mu3 liang4	赣	估量	gu1 liang2	100000		
狐臊	fu5 sau1	fu4 sau1	hu2 sao1	赣	狐臭	hu2 chou4	100000		
富贵虫	fu5 kui0 tsʰuŋ2	fu4 gui0 cung2	fu4 gui4 chong2	赣	虱子	shi1 zi5	100000		
户叫	fu6 tɕiɛu5	fu5 jieu4	hu4 jiao4	赣	呼呼大睡	hu1 hu1 da4 shui4	100000		
土狗子	tʰu3 kiɛu0 tsɿ0	tu3 gieu0 zi0	tu3 gou3 zi5	赣	蝼蛄	lou2 gu1	100000		
露水珠子	lu6 sui0 tsu1 tsɿ0	lu5 sui0 zu1 zi0	lu4 shui3 zhu1 zi5	赣	露珠	lu4 zhu1	100000		
豆腐泡子	tʰɛu6 fu0 pʰau1 tsɿ0	teu5 fu0 pau1 zi0	dou4 fu3 pao1 zi3	赣			100000	豆泡	
来得赢	lei5 tɛt0 iaŋ5	lei4 det0 yang4	lai2 de5 ying2	赣	来得及	lai2 de5 ji2	100000		
辣湿	lat8 sɨt7	lat7 set6	la4 shi1	赣	湿透	shi1 tou4	100000		
多音字	to1 in1 tsʰɿ6	do1 yin1 ci5	duo1 yin1 zi4	赣			150000		
听话	tʰiaŋ1 ua6	tiang1 wa5	ting1 hua4	白	听说	ting1 shuo1	175000		
哪日	la3 ȵit7	la3 nit6	na3 ri4	白	哪天	na3 tian1	150000		
许日	he3 ȵit7	he3 nit6	xu3 ri4	白	那天/那日	na4 tian1/na4 ri4	754		
什东西	ɕit7 tuŋ1 ɕi0	xit6 dung1 xi0	shen2 dong1 xi1	赣	何物	he2 wu4	100000		
什时间	ɕit7 sɿ5 kan1	xit6 si4 gan1	shen2 shi2 jian1	赣	何时	he2 shi2	160000		
做什哩	tsu5 ɕit7 li3	zu4 xit6 li3	zuo4 shen2 li1	赣			230000		
谢埠	tɕʰia6 pʰu0	qia5 pu0	xie4 bu4	白			125000		
是指	sɿ6 tsɿ3	si5 zi3	shi4 zhi3	赣			175000		
较下毛	kau5 ha6 mau5	gau4 ha5 mau4	jiao4 xia4 mao2	赣			200000		
有影	iu3 iaŋ3	yiu3 yang3	you3 ying3	赣	有望	you3 wang4	100000		
冇有影	mau1 iu3 iaŋ3	mau1 yiu3 yang3	mao3 you3 ying3	赣			350000		
都是	tu1 sɿ6	du1 si5	dou1 shi4	赣			350000		
都要	tu1 iɛu5	du1 yeu4	dou1 yao4	赣			350000		
脚落车	tɕiɔʔ7 lɔʔ8 tsʰa1	jiok6 lok7 ca1	jiao3 luo4 che1	赣	自行车	zi4 xing2 che1	100000		
脚踏车	tɕiɔʔ7 tʰat7 tsʰa1	jiok6 tat6 ca1	jiao3 ta4 che1	赣	单车	dan1 che1	100000		
踉脚落车	laŋ1 tɕiɔʔ7 lɔʔ8 tsʰa1	lang1 jiok6 lok7 ca1	liang2 jiao3 luo4 che1	赣	骑车	qi2 che1	100000		
深圳	sɨn1 tsɨn5	sen1 zen4	shen1 zhen4	赣			350000		
㰵喫	tsuʔ7 tɕʰiaʔ7	zuk6 qiak6	zu2 chi1	赣	喂食	wei4 shi2	100000		
做种	tsu5 tsuŋ3	zu4 zung3	zuo4 zhong3	赣			100000		
做得	tsu5 tɛt0	zu4 det0	zuo4 de2	赣			175000	可以	
做叽	tsu5 tɕi1	zu4 ji1	zuo4 ji1	赣	做声	zuo4 sheng1	100000		
做吱	tsu5 tɕit7	zu4 jit6	zuo4 zhi1	赣	吭声	keng1 sheng1	100000		
裤带子	kʰu3 tai5 tsɿ0	ku3 dai4 zi0	ku4 dai4 zi5	赣	腰带	yao1 dai4	100000		
乌鸡婆	u1 tɕi1 pʰo2	wu1 ji1 po2	wu1 ji1 po2	赣			100000		
乌云陡暗	u1 yn5 tɛu3 ŋon5	wu1 yun4 deu3 ngon4	wu1 yun2 dou3 an4	赣			100000	乌云密布	
乌漆摩黑	u1 tɕʰit0 ma1 hɛt7	wu1 qit0 ma1 het6	wu1 qi1 mo2 hei1	赣			100000		
猪崽子	tɕy1 tsai3 tsɿ0	jyu1 zai3 zi0	zhu1 zai3 zi5	赣	小猪	xiao3 zhu1	100000		
招财	tsɛu1 tsʰai2	zeu1 cai2	zhao1 cai2	赣			100000	2	
顺风	sun6 fuŋ0	sun5 fung0	shun4 feng1	赣			100000	耳朵	
猪旺子	tɕy1 uɔŋ6 tsɿ0	jyu1 wong5 zi0	zhu1 wang4 zi5	赣	猪血	zhu1 xue4	100000		
女客	ȵy3 kʰaʔ7	nyu3 kak6	nv3 ke4	赣			100000	妻子	
树桠子	ɕy6 ŋa1 tsɿ0	xyu5 nga1 zi0	shu4 ya1 zi5	赣	树枝	shu4 zhi1	100000		
树蔸	ɕy6 tɛu1	xyu5 deu1	shu4 dou1	赣	树根	shu4 gen1	100000		
树杪子	ɕy6 miɛu3 tsɿ0	xyu5 mieu3 zi0	shu4 miao3 zi5	赣	树梢	shu4 shao1	100000		
迂子老马	y1 tsɿ0 lau3 ma3	yu1 zi0 lau3 ma3	yu1 zi5 lao3 ma3	赣			100000	迂腐	
更加	kiɛn5 ka3	gien4 ga3	geng4 jia1	赣			350000		
扒饭	pʰa2 fan6	pa2 fan5	ba1 fan4	赣			100000		
㰵饭	tsuʔ7 fan6	zuk6 fan5	zu2 fan4	赣			100000	喂饭	
蚂寅子	ma3 yin0 tsɿ0	ma3 yin0 zi0	ma3 yin2 zi5	赣			100000	蚂蚁	
麻哩极刻	ma5 li3 tɕʰit7 kʰiɛt7	ma4 li3 qit6 kiet6	ma2 li1 ji2 ke4	赣	粗糙	cu1 cao1	100000		
花生林子	fa1 sɛn1 lin5 tsɿ0	fa1 sen1 lin4 zi0	hua1 sheng1 lin2 zi5	文			100000	花生米	
化宝子	ɸᴀ5 pau0 tsɿ0	fa4 bau0 zi0	hua4 bao3 zi5	赣	纨绔子弟	wan2 ku4 zi3 di4	150000		
斜了舵	ɕia5 liɛu0 tʰo6	xia4 lieu0 to5	xie2 le5 duo4	赣	出格	chu1 ge2	125000	离谱	
打批子	ta3 pʰi1 tsɿ0	da3 pi1 zi0	da3 pi1 zi5	赣	打手	da3 shou3	100000		
打匍泅	ta3 pʰu2 tɕʰiu0	da3 pu2 qiu0	da3 pu2 qiu2	赣			100000		
打马马肩	ta3 ma3 ma3 tɕiɛn1	da3 ma3 ma3 jien1	da3 ma3 ma3 jian1	赣			100000		
牙祭	ŋa5 tɕi0	nga4 ji0	ya2 ji4	赣	盛宴	sheng4 yan4	100000		
打夜作	ta3 ia6 tsɔʔ0	da3 ya5 zok0	da3 ye4 zuo4	赣	通宵达旦	tong1 xiao1 da2 dan4	100000		
打破嘴	ta3 pʰo3 tsui0	da3 po3 zui0	da3 po4 zui3	赣			100000		
打磨磨转	ta3 mo6 mo0 tson5	da3 mo5 mo0 zon4	da3 mo2 mo2 zhuan3	赣	转圈	zhuan4 quan1	150000		
打个转身	ta3 ko0 tson3 sɨn1	da3 go0 zon3 sen1	da3 ge4 zhuan3 shen1	赣			100000		
打嗝	ta3 kie6	da3 gie5	da3 ge2	赣			100000		
打臊胯	ta3 sau5 kʰa0	da3 sau4 ka0	da3 sao1 kua4	赣	裸身	luo3 shen1	100000	裸体	
臊胯	sau5 kʰa0	sau4 ka0	sao1 kua4	赣	裸身	luo3 shen1	100000		
打小生	ta3 ɕiɛu3 saŋ1	da3 xieu3 sang1	da3 xiao3 sheng1	白			100000	流产	
打乱话	ta3 lon6 ua6	da3 lon5 wa5	da3 luan4 hua4	赣	胡说	hu2 shuo1	100000		
打春	ta3 tsʰun1	da3 cun1	da3 chun1	赣			100000	立春	
瞌睏	kʰɔʔ7 kʰun0	kok6 kun0	ke1 kun4	赣	瞌睡	ke1 shui4	100000		
打瞌睏	ta3 kʰɔʔ7 kʰun0	da3 kok6 kun0	da3 ke1 kun4	赣	打瞌睡	da3 ke1 shui4	100000		
霍闪	fɔʔ7 sɛn5	fok6 sen4	huo4 shan3	赣			100000	闪电	
打霍闪	ta3 fɔʔ7 sɨn0	da3 fok6 sen0	da3 huo4 shan3	赣			100000	打雷	
嘢屑	ye6 ɕiɛt0	yue5 xiet0	ye3 xie4	赣			160000	邋遢	
车围四舷	tsʰa1 ui5 sɿ5 ɕiɛn5	ca1 wui4 si4 xien4	che1 wei2 si4 xian2	赣			100000	边缘	
差滴子	tsʰa1 tiaʔ7 tsɿ0	ca1 diak6 zi0	cha4 di1 zi5	白	差点	cha4 dian3	100000		
秺帚	tsʰa6 tseu3	ca5 zeu3	du4 zhou3	赣			100000	扫帚	
万后日	uan6 hɛu6 ȵit7	wan5 heu5 nit6	wan4 hou4 ri4	白	大后天	da4 hou4 tian1	100000		
玩万	uan5 uan6	wan4 wan5	wan2 wan4	赣	弄虚作假	nong4 xu1 zuo4 jia3	200000		
吓死巴人	haʔ7 sɿ3 pa1 ȵin5	hak6 si3 ba1 nin4	xia4 si3 ba1 ren2	赣	脏乱	zang4 luan4	125000		
南昌话	lan5 tsʰɔŋ1 ua6	lan4 cong1 wa5	nan2 chang1 hua4	赣			350000		
泥人	ȵi5 ȵin5	ni4 nin4	ni2 ren2	赣			100000	恶心	
冇有	mau1 iu3	mau1 yiu3	mao3 you3	赣	没有	mei2 you3	350000		
也是	ia3 sɿ6	ya3 si5	ye3 shi4	赣			350000		
什意思	ɕit7 i5 sɿ1	xit6 yi4 si1	shen2 yi4 si5	赣			100000		
赖门赖壁	lai6 mɨn5 lai6 piaʔ7	lai5 men4 lai5 biak6	lai4 men2 lai4 bi4	赣			100000		
化宝子	fon5 pau0 tsɿ0	fon4 bau0 zi0	hua4 bao3 zi5	赣			150000		
瘕公痨	ha1 kuŋ1 lau5	ha1 gung1 lau4	jia3 gong1 lao2	赣			100000		
夜夜吴	ia6 ia0 u5	ya5 ya0 wu4	ye4 ye4 wu2	赣			100000	不认真	
话得张	ua6 tɛt0 tsɔŋ1	wa5 det0 zong1	hua4 de2 zhang1	赣			100000	听话	
话不张	ua6 pet7 tsɔŋ1	wa5 bet6 zong1	hua4 bu4 zhang1	赣			100000		
驮肚	tʰo2 tʰu6	to2 tu5	tuo2 du4	赣			100000	怀孕	
驮骂	tʰo2 ma6	to2 ma5	tuo2 ma4	赣	挨批	ai1 pi1	100000		
驮打	tʰo2 ta3	to2 da3	tuo2 da3	赣	挨打	ai2 da3	100000		
驮沓子	tʰo2 tat7 tsɿ0	to2 dat6 zi0	tuo2 ta4 zi3	赣			125000	处罚	
泻肚	ɕia5 tʰu6	xia4 tu5	xie4 du4	赣			100000	腹泻	
垛牌	tʰo6 pʰai2	to5 pai2	duo3 pai2	赣	码牌	ma3 pai2	100000		
尽是	tɕin3 sɿ6	jin3 si5	jin4 shi4	赣	总是	zong3 shi4	125000		
裸联	lo3 liɛn5	lo3 lien4	luo3 lian2	赣			100000		
罗隐秀才	lo5 in3 ɕiu5 tsʰai2	lo4 yin3 xiu4 cai2	luo2 yin3 xiu4 cai2	赣			100000		
来晏了	lei5 ŋæn5 liɛu0	lei4 ngan4 lieu0	lai2 yan4 le5	赣			100000	迟到	
章搭	tsɔŋ1 tat7	zong1 dat6	zhang1 da1	赣	章法	zhang1 fa3	105000		
路毙	lu6 pʰi0	lu5 pi0	lu4 bi4	赣	混混	hun4 hun4	100000		
字段	tsʰɿ6 tʰon6	ci5 ton5	zi4 duan4	赣			250000		
一只	it7 tsat7	yit6 zat6	yi1 zhi1	赣			350000	一个	
箇时	ko3 sɿ5	go3 si4	ge4 shi2	赣	这时	zhe4 shi2	91628		
箇次	ko3 tsʰɿ3	go3 ci3	ge4 ci4	赣	这次	zhe4 ci4	9832		
箇位	ko3 ui6	go3 wui5	ge4 wei4	赣	这位	zhe4 wei4	7656		
箇件	ko3 tɕʰiɛn6	go3 qien5	ge4 jian4	赣	这件	zhe4 jian4	4399		
箇场	ko3 tsʰɔŋ2	go3 cong2	ge4 chang3	赣	这场	zhe4 chang3	3143		
箇般	ko3 pon1	go3 bon1	ge4 ban1	赣	这般	zhe4 ban1	3009		
箇话	ko3 ua6	go3 wa5	ge4 hua4	赣	这话	zhe4 hua4	2680		
箇时候	ko3 sɿ5 hɛu6	go3 si4 heu5	ge4 shi2 hou4	赣	这时候	zhe4 shi2 hou4	1934		
箇方面	ko3 fɔŋ1 miɛn6	go3 fong1 mien5	ge4 fang1 mian4	赣	这方面	zhe4 fang1 mian4	1729		
箇项	ko3 hɔːŋ6	go3 hong5	ge4 xiang4	赣	这项	zhe4 xiang4	1499		
箇份	ko3 fɨn6	go3 fen5	ge4 fen4	赣	这份	zhe4 fen4	1470		
箇天	ko3 tʰiɛn1	go3 tien1	ge4 tian1	赣	这天	zhe4 tian1	1453		
箇部	ko3 pʰu6	go3 pu5	ge4 bu4	赣	这部	zhe4 bu4	1127		
箇块	ko3 kʰuai3	go3 kuai3	ge4 kuai4	赣	这块	zhe4 kuai4	1078		
箇家	ko3 ka1	go3 ga1	ge4 jia1	赣	这家	zhe4 jia1	1031		
箇点	ko3 tiɛn3	go3 dien3	ge4 dian3	赣	这点	zhe4 dian3	877		
箇一下	ko3 it7 ha6	go3 yit6 ha5	ge4 yi1 xia4	赣	这一下	zhe4 yi1 xia4	800		
箇回	ko3 fɨi5	go3 fei4	ge4 hui2	赣	这回	zhe4 hui2	788		
箇笔	ko3 pit7	go3 bit6	ge4 bi3	赣	这笔	zhe4 bi3	755		
箇部分	ko3 pʰu6 fɨn1	go3 pu5 fen1	ge4 bu4 fen4	赣	这部分	zhe4 bu4 fen4	599		
箇样一来	ko3 iɔŋ6 it7 lei5	go3 yong5 yit6 lei4	ge4 yang4 yi1 lai2	赣	这样一来	zhe4 yang4 yi1 lai2	518		
箇本	ko3 pɨn3	go3 ben3	ge4 ben3	赣	这本	zhe4 ben3	459		
箇样的话	ko3 iɔŋ6 tit7 ua6	go3 yong5 dit6 wa5	ge4 yang4 de5 hua4	赣	这样的话	zhe4 yang4 de5 hua4	362		
箇帮	ko3 pɔŋ1	go3 bong1	ge4 bang1	赣	这帮	zhe4 bang1	355		
箇就是说	ko3 tɕʰiu6 sɿ6 sot7	go3 qiu5 si5 sot6	ge4 jiu4 shi4 shuo1	赣	这就是说	zhe4 jiu4 shi4 shuo1	25263		
箇一来	ko3 it7 lei5	go3 yit6 lei4	ge4 yi1 lai2	赣	这一来	zhe4 yi1 lai2	231		
箇伙	ko3 fo3	go3 fo3	ge4 huo3	赣	这伙	zhe4 huo3	228		
箇么着	ko3 iɛu1 tsoʔ7	go3 yeu1 zok6	ge4 me5 zhe5	赣	这么着	zhe4 me5 zhe5	165		
箇根	ko3 kiɛn1	go3 gien1	ge4 gen1	赣	这根	zhe4 gen1	156		
箇辆	ko3 liɔŋ3	go3 liong3	ge4 liang4	赣	这辆	zhe4 liang4	123		
箇么些	ko3 iɛu1 ɕiɛt7	go3 yeu1 xiet6	ge4 me5 xie1	赣	这么些	zhe4 me5 xie1	77		
箇下子	ko3 ha6 tsɿ3	go3 ha5 zi3	ge4 xia4 zi5	赣	这下子	zhe4 xia4 zi5	70		
箇方	ko3 fɔŋ1	go3 fong1	ge4 fang1	赣	这方	zhe4 fang1	60		
箇么样	ko3 iɛu1 iɔŋ6	go3 yeu1 yong5	ge4 me5 yang4	赣	这么样	zhe4 me5 yang4	35		
箇栋	ko3 tuŋ5	go3 dung4	ge4 dong4	赣	这栋	zhe4 dong4	34		
箇歌	ko3 ko1	go3 go1	ge4 ge1	赣	这歌	zhe4 ge1	14		
箇山望着那山高	ko3 san1 uɔŋ6 tsoʔ7 la3 san1 kau1	go3 san1 wong5 zok6 la3 san1 gau1	ge4 shan1 wang4 zhe5 na4 shan1 gao1	赣	这山望着那山高	zhe4 shan1 wang4 zhe5 na4 shan1 gao1	11		
真嗰	tsɨn1 ko0	zen1 go0	zhen1 ge3	赣	真的	zhen1 de5	6277		
似嗰	sɿ6 ko0	si5 go0	shi4 ge3	赣	似的	shi4 de5	4637		
别嗰	pʰiɛt8 ko0	piet7 go0	bie2 ge3	赣	别的	bie2 de5	194354		
般嗰	pon1 ko0	bon1 go0	ban1 ge3	赣	般的	ban1 de5	2260		
小小嗰	ɕiɛu3 ɕiɛu3 ko0	xieu3 xieu3 go0	xiao3 xiao3 ge3	赣	小小的	xiao3 xiao3 de5	2061		
他妈嗰	tʰa1 ma1 ko0	ta1 ma1 go0	ta1 ma1 ge3	赣	他妈的	ta1 ma1 de5	850		
长长嗰	tsʰɔŋ2 tsʰɔŋ2 ko0	cong2 cong2 go0	chang2 chang2 ge3	赣	长长的	chang2 chang2 de5	5686		
大大嗰	tʰai6 tʰai6 ko0	tai5 tai5 go0	da4 da4 ge3	赣	大大的	da4 da4 de5	25669		
冷冷嗰	laŋ3 laŋ3 ko0	lang3 lang3 go0	leng3 leng3 ge3	赣	冷冷的	leng3 leng3 de5	612		
端嗰	ton1 ko0	don1 go0	duan1 ge3	赣	端的	duan1 de5	520		
厚厚嗰	hɛu6 hɛu6 ko0	heu5 heu5 go0	hou4 hou4 ge3	赣	厚厚的	hou4 hou4 de5	461		
短短嗰	ton3 ton3 ko0	don3 don3 go0	duan3 duan3 ge3	赣	短短的	duan3 duan3 de5	436		
淡淡嗰	tʰan6 tʰan6 ko0	tan5 tan5 go0	dan4 dan4 ge3	赣	淡淡的	dan4 dan4 de5	418		
高高嗰	kau1 kau1 ko0	gau1 gau1 go0	gao1 gao1 ge3	赣	高高的	gao1 gao1 de5	283		
标嗰	piɛu1 ko0	bieu1 go0	biao1 ge3	赣	标的	biao1 di4	270		
美嗰	mi3 ko0	mi3 go0	mei3 ge3	赣	美的	mei3 de5	230		
悄悄嗰	tɕʰieu1 tɕʰieu1 ko0	qieu1 qieu1 go0	qiao1 qiao1 ge3	赣	悄悄的	qiao1 qiao1 de5	226		
细细嗰	ɕi5 ɕi5 ko0	xi4 xi4 go0	xi4 xi4 ge3	赣	细细的	xi4 xi4 de5	213		
暖暖嗰	lon3 lon3 ko0	lon3 lon3 go0	nuan3 nuan3 ge3	赣	暖暖的	nuan3 nuan3 de5	206		
掌柜嗰	tsɔŋ3 kʰui6 ko0	zong3 kui5 go0	zhang3 gui4 ge3	赣	掌柜的	zhang3 gui4 de5	205		
圆圆嗰	yon5 yon5 ko0	yuon4 yuon4 go0	yuan2 yuan2 ge3	赣	圆圆的	yuan2 yuan2 de5	203		
薄薄嗰	pʰo6 pʰo6 ko0	po5 po5 go0	bao2 bao2 ge3	赣	薄薄的	bao2 bao2 de5	198		
缓缓嗰	fon3 fon3 ko0	fon3 fon3 go0	huan3 huan3 ge3	赣	缓缓的	huan3 huan3 de5	177		
满满嗰	mon3 mon3 ko0	mon3 mon3 go0	man3 man3 ge3	赣	满满的	man3 man3 de5	163		
静静嗰	tɕʰin6 tɕʰin6 ko0	qin5 qin5 go0	jing4 jing4 ge3	赣	静静的	jing4 jing4 de5	142		
无穷嗰	u5 tɕʰiuŋ2 ko0	wu4 qiung2 go0	wu2 qiong2 ge3	赣	无穷的	wu2 qiong2 de5	135		
重重嗰	tsʰuŋ2 tsʰuŋ2 ko0	cung2 cung2 go0	chong2 chong2 ge3	赣	重重的	chong2 chong2 de5	132		
当家嗰	tɔŋ1 ka1 ko0	dong1 ga1 go0	dang1 jia1 ge3	赣	当家的	dang1 jia1 de5	123		
浓浓嗰	ȵiuŋ2 ȵiuŋ2 ko0	niung2 niung2 go0	nong2 nong2 ge3	赣	浓浓的	nong2 nong2 de5	119		
红红嗰	fuŋ5 fuŋ5 ko0	fung4 fung4 go0	hong2 hong2 ge3	赣	红红的	hong2 hong2 de5	113		
说真嗰	sot7 tsɨn1 ko0	sot6 zen1 go0	shuo1 zhen1 ge3	赣	说真的	shuo1 zhen1 de5	108		
狭长嗰	hat7 tsʰɔŋ2 ko0	hat6 cong2 go0	xia2 chang2 ge3	赣	狭长的	xia2 chang2 de5	104		
胖胖嗰	pʰon2 pʰon2 ko0	pon2 pon2 go0	pang4 pang4 ge3	赣	胖胖的	pang4 pang4 de5	85		
生生嗰	sɛn1 sɛn1 ko0	sen1 sen1 go0	sheng1 sheng1 ge3	赣	生生的	sheng1 sheng1 de5	82		
低低嗰	ti1 ti1 ko0	di1 di1 go0	di1 di1 ge3	赣	低低的	di1 di1 de5	80		
沉沉嗰	tsʰən2 tsʰən2 ko0	cen2 cen2 go0	chen2 chen2 ge3	赣	沉沉的	chen2 chen2 de5	80		
白白嗰	pʰaʔ8 pʰaʔ8 ko0	pak7 pak7 go0	bai2 bai2 ge3	赣	白白的	bai2 bai2 de5	63		
密密嗰	mɛt7 mɛt7 ko0	met6 met6 go0	mi4 mi4 ge3	赣	密密的	mi4 mi4 de5	61		
浅浅嗰	tɕʰiɛn3 tɕʰiɛn3 ko0	qien3 qien3 go0	qian3 qian3 ge3	赣	浅浅的	qian3 qian3 de5	61		
窄窄嗰	tsɛt7 tsɛt7 ko0	zet6 zet6 go0	zhai3 zhai3 ge3	赣	窄窄的	zhai3 zhai3 de5	55		
平平嗰	pʰin2 pʰin2 ko0	pin2 pin2 go0	ping2 ping2 ge3	赣	平平的	ping2 ping2 de5	54		
弯弯嗰	uan1 uan1 ko0	wan1 wan1 go0	wan1 wan1 ge3	赣	弯弯的	wan1 wan1 de5	53		
甜甜嗰	tʰiɛn2 tʰiɛn2 ko0	tien2 tien2 go0	tian2 tian2 ge3	赣	甜甜的	tian2 tian2 de5	53		
死死嗰	sɿ3 sɿ3 ko0	si3 si3 go0	si3 si3 ge3	赣	死死的	si3 si3 de5	50		
鼓鼓嗰	ku3 ku3 ko0	gu3 gu3 go0	gu3 gu3 ge3	赣	鼓鼓的	gu3 gu3 de5	47		
众矢之嗰	tsuŋ5 sɿ3 tsɿ1 ko0	zung4 si3 zi1 go0	zhong4 shi3 zhi1 ge3	赣	众矢之的	zhong4 shi3 zhi1 di4	47		
瘦瘦嗰	sɛu5 sɛu5 ko0	seu4 seu4 go0	shou4 shou4 ge3	赣	瘦瘦的	shou4 shou4 de5	46		
黑黑嗰	hɛt7 hɛt7 ko0	het6 het6 go0	hei1 hei1 ge3	赣	黑黑的	hei1 hei1 de5	40		
怪怪嗰	kuai5 kuai5 ko0	guai4 guai4 go0	guai4 guai4 ge3	赣	怪怪的	guai4 guai4 de5	38		
酸酸嗰	son1 son1 ko0	son1 son1 go0	suan1 suan1 ge3	赣	酸酸的	suan1 suan1 de5	34		
直直嗰	tsɿʔ8 tsɿʔ8 ko0	zik7 zik7 go0	zhi2 zhi2 ge3	赣	直直的	zhi2 zhi2 de5	28		
矮矮嗰	ŋai3 ŋai3 ko0	ngai3 ngai3 go0	ai3 ai3 ge3	赣	矮矮的	ai3 ai3 de5	28		
亮亮嗰	liɔŋ6 liɔŋ6 ko0	liong5 liong5 go0	liang4 liang4 ge3	赣	亮亮的	liang4 liang4 de5	26		
黄黄嗰	uɔŋ5 uɔŋ5 ko0	wong4 wong4 go0	huang2 huang2 ge3	赣	黄黄的	huang2 huang2 de5	25026		
动真格嗰	tʰuŋ6 tsɨn1 kiɛt7 ko0	tung5 zen1 giet6 go0	dong4 zhen1 ge2 ge3	赣	动真格的	dong4 zhen1 ge2 de5	25		
多彩嗰	to1 tsʰai3 ko0	do1 cai3 go0	duo1 cai3 ge3	赣	多彩的	duo1 cai3 de5	24		
悠悠嗰	iu1 iu1 ko0	yiu1 yiu1 go0	you1 you1 ge3	赣	悠悠的	you1 you1 de5	24		
累累嗰	lui5 lui5 ko0	lui4 lui4 go0	lei3 lei3 ge3	赣	累累的	lei3 lei3 de5	24		
红红绿绿嗰	fuŋ5 fuŋ5 lyt6 lyt6 ko0	fung4 fung4 lyut5 lyut5 go0	hong2 hong2 lv4 lv4 ge3	赣	红红绿绿的	hong2 hong2 lv4 lv4 de5	22		
宽宽嗰	kʰuon1 kʰuon1 ko0	kuon1 kuon1 go0	kuan1 kuan1 ge3	赣	宽宽的	kuan1 kuan1 de5	21		
赫赫嗰	hɛt7 hɛt7 ko0	het6 het6 go0	he4 he4 ge3	赣	赫赫的	he4 he4 de5	21		
勃勃嗰	pʰoʔ7 pʰoʔ7 ko0	pok6 pok6 go0	bo2 bo2 ge3	赣	勃勃的	bo2 bo2 de5	19		
没得说嗰	mɨt7 tɛt7 sot7 ko0	met6 det6 sot6 go0	mei2 de2 shuo1 ge3	赣	没得说的	mei2 de2 shuo1 de5	19		
湿湿嗰	sɨt7 sɨt7 ko0	set6 set6 go0	shi1 shi1 ge3	赣	湿湿的	shi1 shi1 de5	18		
真格嗰	tsɨn1 kiɛt7 ko0	zen1 giet6 go0	zhen1 ge2 ge3	赣	真格的	zhen1 ge2 de5	18		
一语中嗰	it7 ȵy3 tsuŋ1 ko0	yit6 nyu3 zung1 go0	yi1 yu3 zhong1 ge3	赣	一语中的	yi1 yu3 zhong4 di4	17		
清清嗰	tɕʰin1 tɕʰin1 ko0	qin1 qin1 go0	qing1 qing1 ge3	赣	清清的	qing1 qing1 de5	16		
凉凉嗰	liɔŋ5 liɔŋ5 ko0	liong4 liong4 go0	liang2 liang2 ge3	赣	凉凉的	liang2 liang2 de5	14		
喷香嗰	pʰən1 ɕiɔŋ1 ko0	pen1 xiong1 go0	pen4 xiang1 ge3	赣	喷香的	pen4 xiang1 de5	14		
扁扁嗰	piɛn3 piɛn3 ko0	bien3 bien3 go0	bian3 bian3 ge3	赣	扁扁的	bian3 bian3 de5	14		
没说嗰	mɨt7 sot7 ko0	met6 sot6 go0	mei2 shuo1 ge3	赣	没说的	mei2 shuo1 de5	14		
嫩嫩嗰	lɨn6 lɨn6 ko0	len5 len5 go0	nen4 nen4 ge3	赣	嫩嫩的	nen4 nen4 de5	13		
肥肥嗰	fɨi5 fɨi5 ko0	fei4 fei4 go0	fei2 fei2 ge3	赣	肥肥的	fei2 fei2 de5	12		
张平嗰	tsɔŋ1 pʰin2 ko0	zong1 pin2 go0	zhang1 ping2 ge3	赣	张平的	zhang1 ping2 de5	10		
憨憨嗰	hon1 hon1 ko0	hon1 hon1 go0	han1 han1 ge3	赣	憨憨的	han1 han1 de5	10		
阴阴嗰	in1 in1 ko0	yin1 yin1 go0	yin1 yin1 ge3	赣	阴阴的	yin1 yin1 de5	10		
吃香嗰喝辣嗰	tɕʰiaʔ7 ɕiɔŋ1 ko0 hot7 lat8 ko0	qiak6 xiong1 go0 hot6 lat7 go0	chi1 xiang1 ge3 he1 la4 ge3	官	吃香的喝辣的	chi1 xiang1 de5 he1 la4 de5	10		
柔柔嗰	lɛu5 lɛu5 ko0	leu4 leu4 go0	rou2 rou2 ge3	赣	柔柔的	rou2 rou2 de5	9		
铮铮嗰	tsʰen1 tsʰen1 ko0	cen1 cen1 go0	zheng1 zheng1 ge3	赣	铮铮的	zheng1 zheng1 de5	9		
乱乱嗰	lon6 lon6 ko0	lon5 lon5 go0	luan4 luan4 ge3	赣	乱乱的	luan4 luan4 de5	8		
木木嗰	muʔ7 muʔ7 ko0	muk6 muk6 go0	mu4 mu4 ge3	赣	木木的	mu4 mu4 de5	8		
香香嗰	ɕiɔŋ1 ɕiɔŋ1 ko0	xiong1 xiong1 go0	xiang1 xiang1 ge3	赣	香香的	xiang1 xiang1 de5	8		
曲曲弯弯嗰	tɕʰyt7 tɕʰyt7 uan1 uan1 ko0	qyut6 qyut6 wan1 wan1 go0	qu1 qu1 wan1 wan1 ge3	赣	曲曲弯弯的	qu1 qu1 wan1 wan1 de5	8		
蓝蓝嗰	lan5 lan5 ko0	lan4 lan4 go0	lan2 lan2 ge3	赣	蓝蓝的	lan2 lan2 de5	7		
辣辣嗰	lat8 lat8 ko0	lat7 lat7 go0	la4 la4 ge3	赣	辣辣的	la4 la4 de5	7		
许时	he3 sɿ5	he3 si4	xu3 shi2	赣	那时	na4 shi2	4465		
许位	he3 ui6	he3 wui5	xu3 wei4	赣	那位	na4 wei4	1919		
许末	he3 mot7	he3 mot6	xu3 mo4	赣	那末	na4 mo4	1100		
许条	he3 tʰiɛu2	he3 tieu2	xu3 tiao2	赣	那条	na4 tiao2	891		
许年	he3 ȵiɛn5	he3 nien4	xu3 nian2	赣	那年	na4 nian2	657		
许次	he3 tsʰɿ3	he3 ci3	xu3 ci4	赣	那次	na4 ci4	644		
许大	he3 tʰai6	he3 tai5	xu3 da4	赣	那大	na4 da4	395		
许双	he3 sɔŋ1	he3 song1	xu3 shuang1	赣	那双	na4 shuang1	387		
许段	he3 tʰon6	he3 ton5	xu3 duan4	赣	那段	na4 duan4	382		
许场	he3 tsʰɔŋ2	he3 cong2	xu3 chang3	赣	那场	na4 chang3	364		
许马	he3 ma1	he3 ma1	xu3 ma3	赣	那马	na4 ma3	230		
许根	he3 kiɛn1	he3 gien1	xu3 gen1	赣	那根	na4 gen1	213		
许般	he3 pon1	he3 bon1	xu3 ban1	赣	那般	na4 ban1	203		
许晚	he3 uan3	he3 wan3	xu3 wan3	赣	那晚	na4 wan3	183		
许幅	he3 fuʔ7	he3 fuk6	xu3 fu2	赣	那幅	na4 fu2	125		
许阵子	he3 tsʰɨn6 tsɿ3	he3 cen5 zi3	xu3 zhen4 zi5	赣	那阵子	na4 zhen4 zi5	74		
许也好	he3 ia3 hau3	he3 ya3 hau3	xu3 ye3 hao3	赣	那也好	na4 ye3 hao3	66		
许么些	he3 iɛu1 ɕiɛt7	he3 yeu1 xiet6	xu3 me5 xie1	赣	那么些	na4 me5 xie1	52		
许么样	he3 iɛu1 iɔŋ6	he3 yeu1 yong5	xu3 me5 yang4	赣	那么样	na4 me5 yang4	14		
许栋	he3 tuŋ5	he3 dung4	xu3 dong4	赣	那栋	na4 dong4	13		
一声	it7 saŋ1	yit6 sang1	yi1 sheng1	白			16017		
声音	sɨn1 in1	sen1 yin1	sheng1 yin1	文			135340		
大声	tʰai6 saŋ1	tai5 sang1	da4 sheng1	白			4698		
低声	ti1 saŋ1	di1 sang1	di1 sheng1	白			3202		
声明	sɨn1 min5	sen1 min4	sheng1 ming2	文			12689		
声响	sɨn1 ɕiɔŋ3	sen1 xiong3	sheng1 xiang3	文			2029		
齐声	tɕʰi2 sɨn1	qi2 sen1	qi2 sheng1	文			1544		
声道	sɨn1 tʰau6	sen1 tau5	sheng1 dao4	文			1414		
小声	ɕiɛu3 saŋ1	xieu3 sang1	xiao3 sheng1	白			1161		
笑声	ɕiɛu5 saŋ1	xieu4 sang1	xiao4 sheng1	白			1011		
厉声	li6 sɨn1	li5 sen1	li4 sheng1	文			977		
呼声	fu1 saŋ1	fu1 sang1	hu1 sheng1	白			25963		
高声	kau1 sɨn1	gau1 sen1	gao1 sheng1	文			942		
无声	u5 sɨn1	wu4 sen1	wu2 sheng1	文			25896		
叫声	tɕiɛu5 saŋ1	jieu4 sang1	jiao4 sheng1	白			25861		
炮声	pʰau3 saŋ1	pau3 sang1	pao4 sheng1	白			794		
几声	tɕi3 saŋ1	ji3 sang1	ji3 sheng1	白			785		
连声	liɛn5 saŋ1	lien4 sang1	lian2 sheng1	白			782		
哭声	kʰuʔ7 saŋ1	kuk6 sang1	ku1 sheng1	白			771		
风声	fuŋ1 saŋ1	fung1 sang1	feng1 sheng1	白			766		
声势	sɨn1 sɿ5	sen1 si4	sheng1 shi4	文			749		
声称	sɨn1 tsʰɨn1	sen1 cen1	sheng1 cheng1	文			145747		
脚步声	tɕiɔʔ7 pʰu6 saŋ1	jiok6 pu5 sang1	jiao3 bu4 sheng1	白			705		
两声	liɔŋ3 saŋ1	liong3 sang1	liang3 sheng1	白			663		
名声	miᴀŋ5 sɨn1	miang4 sen1	ming2 sheng1	文			653		
喊声	han3 saŋ1	han3 sang1	han3 sheng1	白			627		
轻声	tɕʰin1 sɨn1	qin1 sen1	qing1 sheng1	文			90603		
声誉	sɨn1 y6	sen1 yu5	sheng1 yu4	文			574		
放声	fɔŋ5 sɨn1	fong4 sen1	fang4 sheng1	文			554		
歌声	ko1 saŋ1	go1 sang1	ge1 sheng1	白			541		
掌声	tsɔŋ3 saŋ1	zong3 sang1	zhang3 sheng1	白			536		
响声	ɕiɔŋ3 sɨn1	xiong3 sen1	xiang3 sheng1	文			518		
噪声	tsau5 sɨn1	zau4 sen1	zao4 sheng1	文			488		
不动声色	pet7 tʰuŋ6 sɨn1 sɛt7	bet6 tung5 sen1 set6	bu4 dong4 sheng1 se4	文			5456		
枪声	tɕʰiɔŋ1 saŋ1	qiong1 sang1	qiang1 sheng1	白			454		
声学	sɨn1 hɔʔ8	sen1 hok7	sheng1 xue2	文			408		
赵宏声	tsʰɛu6 fɛn2 sɨn1	ceu5 fen2 sen1	zhao4 hong2 sheng1	文			407		
声息	sɨn1 ɕit7	sen1 xit6	sheng1 xi1	文			404		
欢呼声	fon1 fu1 saŋ1	fon1 fu1 sang1	huan1 hu1 sheng1	白			380		
声调	sɨn1 tʰiɛu6	sen1 tieu5	sheng1 diao4	文			250365		
同声	tʰuŋ2 sɨn1	tung2 sen1	tong2 sheng1	文			348		
声势浩大	sɨn1 sɿ5 hau6 tʰai6	sen1 si4 hau5 tai5	sheng1 shi4 hao4 da4	文			347		
声名	sɨn1 min5	sen1 min4	sheng1 ming2	文			345		
应声	in5 sɨn1	yin4 sen1	ying1 sheng1	文			340		
雷声	lui5 saŋ1	lui4 sang1	lei2 sheng1	白			337		
悄声	tɕʰieu1 sɨn1	qieu1 sen1	qiao3 sheng1	文			334		
鼓声	ku3 saŋ1	gu3 sang1	gu3 sheng1	白			328		
失声	sɨt7 saŋ1	set6 sang1	shi1 sheng1	白			320		
声望	sɨn1 uɔŋ6	sen1 wong5	sheng1 wang4	文			302		
声援	sɨn1 yon5	sen1 yuon4	sheng1 yuan2	文			290		
钟声	tsuŋ1 saŋ1	zung1 sang1	zhong1 sheng1	白			285		
马蹄声	ma1 tʰi2 saŋ1	ma1 ti2 sang1	ma3 ti2 sheng1	白			283		
三声	san1 saŋ1	san1 sang1	san1 sheng1	白			281		
人声	ȵin5 saŋ1	nin4 sang1	ren2 sheng1	白			281		
铃声	liaŋ6 saŋ1	liang5 sang1	ling2 sheng1	白			276		
王树声	uɔŋ5 su6 sɨn1	wong4 su5 sen1	wang2 shu4 sheng1	文			275		
声波	sɨn1 po1	sen1 bo1	sheng1 bo1	文			270		
俞正声	y5 tsɨn5 sɨn1	yu4 zen4 sen1	yu2 zheng4 sheng1	文			266		
超声	tsʰɛu1 sɨn1	ceu1 sen1	chao1 sheng1	文			257		
声乐	sɨn1 iɔʔ7	sen1 yok6	sheng1 yue4	文			256		
姜声扬	tɕiɔŋ1 sɨn1 iɔŋ5	jiong1 sen1 yong4	jiang1 sheng1 yang2	文			256		
蒋树声	tɕiɔŋ3 su6 sɨn1	jiong3 su5 sen1	jiang3 shu4 sheng1	文			256		
吼声	hɛu3 saŋ1	heu3 sang1	hou3 sheng1	白			244		
水声	sui3 saŋ1	sui3 sang1	shui3 sheng1	白			220		
一声不吭	it7 sɨn1 pet7 hɔŋ2	yit6 sen1 bet6 hong2	yi1 sheng1 bu4 keng1	文			215		
回声	fɨi5 saŋ1	fei4 sang1	hui2 sheng1	白			215		
不做声	pet7 tsu5 saŋ1	bet6 zu4 sang1	bu4 zuo4 sheng1	白			5203		
口口声声	kʰiɛu3 kʰiɛu3 saŋ1 saŋ1	kieu3 kieu3 sang1 sang1	kou3 kou3 sheng1 sheng1	白			203		
蹄声	tʰi2 saŋ1	ti2 sang1	ti2 sheng1	白			203		
心声	ɕin1 sɨn1	xin1 sen1	xin1 sheng1	文			201		
声东击西	sɨn1 tuŋ1 tɕit7 ɕi1	sen1 dung1 jit6 xi1	sheng1 dong1 ji1 xi1	文			200		
尾声	ui3 sɨn1	wui3 sen1	wei3 sheng1	文			200		
默不作声	mɛt7 pet7 tsɔʔ7 sɨn1	met6 bet6 zok6 sen1	mo4 bu4 zuo4 sheng1	文			200		
大声疾呼	tʰai6 sɨn1 tɕʰit7 fu1	tai5 sen1 qit6 fu1	da4 sheng1 ji2 hu1	文			199		
鼾声	hon1 saŋ1	hon1 sang1	han1 sheng1	白			198		
欢声雷动	fon1 sɨn1 lui5 tʰuŋ6	fon1 sen1 lui4 tung5	huan1 sheng1 lei2 dong4	文			197		
鼓乐声	ku3 iɔʔ7 saŋ1	gu3 yok6 sang1	gu3 yue4 sheng1	白			192		
发声	fat7 sɨn1	fat6 sen1	fa1 sheng1	文			191		
相声	ɕiɔŋ1 saŋ1	xiong1 sang1	xiang4 sheng1	白			191		
语声	ȵy3 saŋ1	nyu3 sang1	yu3 sheng1	白			191		
无声无息	u5 sɨn1 u5 ɕit7	wu4 sen1 wu4 xit6	wu2 sheng1 wu2 xi1	文			186		
琴声	tɕʰin2 saŋ1	qin2 sang1	qin2 sheng1	白			184		
一声不响	it7 sɨn1 pet7 ɕiɔŋ3	yit6 sen1 bet6 xiong3	yi4 sheng1 bu4 xiang3	文			181		
笛声	tʰit8 saŋ1	tit7 sang1	di2 sheng1	白			170		
鸦雀无声	ŋa1 tɕʰiɔʔ7 u5 saŋ1	nga1 qiok6 wu4 sang1	ya1 que4 wu2 sheng1	白			168		
口号声	kʰiɛu3 hau6 saŋ1	kieu3 hau5 sang1	kou3 hao4 sheng1	白			162		
超声波	tsʰɛu1 sɨn1 po1	ceu1 sen1 bo1	chao1 sheng1 bo1	文			160		
乐声	lɔʔ7 saŋ1	lok6 sang1	le4 sheng1	白			153		
数声	su5 saŋ1	su4 sang1	shu4 sheng1	白			151		
喧闹声	ɕyon1 lau6 saŋ1	xyuon1 lau5 sang1	xuan1 nao4 sheng1	白			149		
一声令下	it7 sɨn1 lin6 ha6	yit6 sen1 lin5 ha5	yi1 sheng1 ling4 xia4	文			146		
声纳	sɨn1 lat7	sen1 lat6	sheng1 na4	文			145		
和声	fo5 saŋ1	fo4 sang1	he2 sheng1	白			141		
吱声	tsɿ1 saŋ1	zi1 sang1	zhi1 sheng1	白			140		
啸声	ɕieu5 saŋ1	xieu4 sang1	xiao4 sheng1	白			137		
轻声道	tɕʰin1 sɨn1 tʰau6	qin1 sen1 tau5	qing1 sheng1 dao4	文			135		
箫声	ɕiɛu1 saŋ1	xieu1 sang1	xiao1 sheng1	白			131		
声速	sɨn1 suʔ7	sen1 suk6	sheng1 su4	文			128		
声张	sɨn1 tsɔŋ1	sen1 zong1	sheng1 zhang1	文			126		
悄无声息	tɕʰieu1 u5 sɨn1 ɕit7	qieu1 wu4 sen1 xit6	qiao1 wu2 sheng1 xi1	文			126		
声讨	sɨn1 tʰau3	sen1 tau3	sheng1 tao3	文			120		
有声	iu3 saŋ1	yiu3 sang1	you3 sheng1	白			117		
唉声叹气	ŋai1 sɨn1 tʰan3 tɕʰi3	ngai1 sen1 tan3 qi3	ai1 sheng1 tan4 qi4	文			116		
声母	sɨn1 mu3	sen1 mu3	sheng1 mu3	文			30116		
虚张声势	ɕy1 tsɔŋ1 sɨn1 sɿ5	xyu1 zong1 sen1 si4	xu1 zhang1 sheng1 shi4	文			116		
声声	saŋ1 saŋ1	sang1 sang1	sheng1 sheng1	白			115		
莫声谷	mot8 sɨn1 kuʔ7	mot7 sen1 guk6	mo4 sheng1 gu3	文			115		
骂声	ma6 saŋ1	ma5 sang1	ma4 sheng1	白			115		
有声有色	iu3 sɨn1 iu3 sɛt7	yiu3 sen1 yiu3 set6	you3 sheng1 you3 se4	文			114		
声腔	sɨn1 tɕʰiɔŋ1	sen1 qiong1	sheng1 qiang1	文			109		
爆炸声	pau5 tsᴀ5 saŋ1	bau4 za4 sang1	bao4 zha4 sheng1	白			109		
不声不响	pet7 sɨn1 pet7 ɕiɔŋ3	bet6 sen1 bet6 xiong3	bu4 sheng1 bu4 xiang3	文			105		
一声声	it7 saŋ1 saŋ1	yit6 sang1 sang1	yi1 sheng1 sheng1	白			101		
异口同声	i6 kʰiɛu3 tʰuŋ2 sɨn1	yi5 kieu3 tung2 sen1	yi4 kou3 tong2 sheng1	文			101		
声言	sɨn1 ȵiɛn5	sen1 nien4	sheng1 yan2	文			99		
雨声	y3 saŋ1	yu3 sang1	yu3 sheng1	白			99		
循声	ɕyn5 sɨn1	xyun4 sen1	xun2 sheng1	文			98		
忍气吞声	lɨn3 tɕʰi3 tʰɛn1 sɨn1	len3 qi3 ten1 sen1	ren3 qi4 tun1 sheng1	文			98		
音乐声	in1 iɔʔ7 saŋ1	yin1 yok6 sang1	yin1 yue4 sheng1	白			98		
鸣声	mɨn5 saŋ1	men4 sang1	ming2 sheng1	白			97		
说话声	sot7 ua6 saŋ1	sot6 wa5 sang1	shuo1 hua4 sheng1	白			95		
锣声	lo5 saŋ1	lo4 sang1	luo2 sheng1	白			95		
声威	sɨn1 ui1	sen1 wui1	sheng1 wei1	文			93		
声色	sɨn1 sɛt7	sen1 set6	sheng1 se4	文			93		
声嘶力竭	sɨn1 ɕi1 lit7 tɕiɛt7	sen1 xi1 lit6 jiet6	sheng1 si1 li4 jie2	文			90		
四声	sɿ5 saŋ1	si4 sang1	si4 sheng1	白			88		
鞭炮声	piɛn1 pʰau3 saŋ1	bien1 pau3 sang1	bian1 pao4 sheng1	白			88		
蜚声	fɨi3 sɨn1	fei3 sen1	fei1 sheng1	文			84		
声部	sɨn1 pʰu6	sen1 pu5	sheng1 bu4	文			83		
敲门声	kʰau1 mɨn5 saŋ1	kau1 men4 sang1	qiao1 men2 sheng1	白			77		
销声匿迹	ɕiɛu1 sɨn1 ȵit7 tɕit7	xieu1 sen1 nit6 jit6	xiao1 sheng1 ni4 ji4	文			76		
声色俱厉	sɨn1 sɛt7 tɕy1 li6	sen1 set6 jyu1 li5	sheng1 se4 ju4 li4	文			75		
呐喊声	lat7 han3 saŋ1	lat6 han3 sang1	na4 han3 sheng1	白			73		
轰鸣声	fuŋ1 mɨn5 saŋ1	fung1 men4 sang1	hong1 ming2 sheng1	白			72		
人声鼎沸	ȵin5 sɨn1 tin3 fɨi5	nin4 sen1 din3 fei4	ren2 sheng1 ding3 fei4	文			71		
声气	sɨn1 tɕʰi3	sen1 qi3	sheng1 qi4	文			71		
哨声	sau5 saŋ1	sau4 sang1	shao4 sheng1	白			70		
超声速	tsʰɛu1 sɨn1 suʔ7	ceu1 sen1 suk6	chao1 sheng1 su4	文			66		
先声	ɕiɛn1 saŋ1	xien1 sang1	xian1 sheng1	白			64		
隔声	kat7 saŋ1	gat6 sang1	ge2 sheng1	白			61		
声浪	sɨn1 lɔŋ6	sen1 long5	sheng1 lang4	文			60		
立体声	lit7 tʰi3 sɨn1	lit6 ti3 sen1	li4 ti3 sheng1	文			59		
低声下气	ti1 sɨn1 ha6 tɕʰi3	di1 sen1 ha5 qi3	di1 sheng1 xia4 qi4	文			57		
欢声	fon1 sɨn1	fon1 sen1	huan1 sheng1	文			57		
声带	sɨn1 tai5	sen1 dai4	sheng1 dai4	文			55		
扬声器	iɔŋ5 sɨn1 tɕʰi3	yong4 sen1 qi3	yang2 sheng1 qi4	文			54		
号角声	hau6 kɔʔ7 saŋ1	hau5 gok6 sang1	hao4 jiao3 sheng1	白			53		
怨声载道	yon5 sɨn1 tsai0 tʰau6	yuon4 sen1 zai0 tau5	yuan4 sheng1 zai4 dao4	文			51		
声像	sɨn1 tɕʰiɔŋ6	sen1 qiong5	sheng1 xiang4	文			50		
怪声	kuai5 saŋ1	guai4 sang1	guai4 sheng1	白			50		
随声附和	sui5 sɨn1 fu6 fo5	sui4 sen1 fu5 fo4	sui2 sheng1 fu4 he4	文			50		
先声夺人	ɕiɛn1 sɨn1 tʰot7 ȵin5	xien1 sen1 tot6 nin4	xian1 sheng1 duo2 ren2	文			49		
欢声笑语	fon1 sɨn1 ɕiɛu5 ȵy3	fon1 sen1 xieu4 nyu3	huan1 sheng1 xiao4 yu3	文			49		
留声机	liu5 sɨn1 tɕi1	liu4 sen1 ji1	liu2 sheng1 ji1	文			49		
绘声绘色	fɨi6 sɨn1 fɨi6 sɛt7	fei5 sen1 fei5 set6	hui4 sheng1 hui4 se4	文			49		
吆喝声	ieu1 hot7 saŋ1	yeu1 hot6 sang1	yao1 he1 sheng1	白			46		
吸声	ɕit7 sɨn1	xit6 sen1	xi1 sheng1	文			46		
声韵	sɨn1 yn6	sen1 yun5	sheng1 yun4	文			46		
女声	ȵy3 saŋ1	nyu3 sang1	nv3 sheng1	白			46		
喝彩声	hot7 tsʰai3 saŋ1	hot6 cai3 sang1	he4 cai3 sheng1	白			45		
声名狼藉	sɨn1 min5 lɔŋ5 tɕʰiᴀ6	sen1 min4 long4 qia5	sheng1 ming2 lang2 ji2	文			45		
涛声	tʰau2 saŋ1	tau2 sang1	tao1 sheng1	白			45		
锣鼓声	lo5 ku3 saŋ1	lo4 gu3 sang1	luo2 gu3 sheng1	白			44		
闻声	uen5 sɨn1	wun4 sen1	wen2 sheng1	文			44		
声泪俱下	sɨn1 li6 tɕy1 ha6	sen1 li5 jyu1 ha5	sheng1 lei4 ju4 xia4	赣			43		
惨叫声	tsʰan3 tɕiɛu5 saŋ1	can3 jieu4 sang1	can3 jiao4 sheng1	白			43		
不露声色	pet7 lu6 sɨn1 sɛt7	bet6 lu5 sen1 set6	bu4 lu4 sheng1 se4	文			42		
五声	ŋ̍3 saŋ1	ng3 sang1	wu3 sheng1	白			42		
次声波	tsʰɿ3 sɨn1 po1	ci3 sen1 bo1	ci4 sheng1 bo1	文			42		
声讯	sɨn1 ɕin5	sen1 xin4	sheng1 xun4	文			40		
电声	tʰiɛn6 saŋ1	tien5 sang1	dian4 sheng1	白			40		
警报声	tɕin3 pau5 saŋ1	jin3 bau4 sang1	jing3 bao4 sheng1	白			40		
声频	sɨn1 pʰin2	sen1 pin2	sheng1 pin2	文			39		
喇叭声	la6 pa0 saŋ1	la5 ba0 sang1	la3 ba1 sheng1	白			38		
第一声	tʰi6 it7 saŋ1	ti5 yit6 sang1	di4 yi1 sheng1	白			38		
细声细气	ɕi5 sɨn1 ɕi5 tɕʰi3	xi4 sen1 xi4 qi3	xi4 sheng1 xi4 qi4	文			38		
啼声	tʰi2 saŋ1	ti2 sang1	ti2 sheng1	白			37		
低噪声	ti1 tsau5 saŋ1	di1 zau4 sang1	di1 zao4 sheng1	白			36		
声光	sɨn1 kuɔŋ1	sen1 guong1	sheng1 guang1	文			36		
声律	sɨn1 lit7	sen1 lit6	sheng1 lv4	文			34		
消声器	ɕiɛu1 sɨn1 tɕʰi3	xieu1 sen1 qi3	xiao1 sheng1 qi4	文			34		
金声	tɕin1 saŋ1	jin1 sang1	jin1 sheng1	白			33		
声压	sɨn1 ŋat7	sen1 ngat6	sheng1 ya1	文			32		
平声	pʰin2 sɨn1	pin2 sen1	ping2 sheng1	文			31		
消声	ɕiɛu1 sɨn1	xieu1 sen1	xiao1 sheng1	文			31		
呼喊声	fu1 han3 saŋ1	fu1 han3 sang1	hu1 han3 sheng1	白			30		
喊叫声	han3 tɕiɛu5 saŋ1	han3 jieu4 sang1	han3 jiao4 sheng1	白			30		
喝声道	hot7 sɨn1 tʰau6	hot6 sen1 tau5	he1 sheng1 dao4	文			30		
闷声不响	mɨn6 sɨn1 pet7 ɕiɔŋ3	men5 sen1 bet6 xiong3	men1 sheng1 bu4 xiang3	文			30		
呼叫声	fu1 tɕiɛu5 saŋ1	fu1 jieu4 sang1	hu1 jiao4 sheng1	白			29		
呼吸声	fu1 ɕit7 saŋ1	fu1 xit6 sang1	hu1 xi1 sheng1	白			29		
瓮声瓮气	uŋ5 sɨn1 uŋ5 tɕʰi3	wung4 sen1 wung4 qi3	weng4 sheng1 weng4 qi4	文			29		
名声大振	min5 sɨn1 tʰai6 tsɨn5	min4 sen1 tai5 zen4	ming2 sheng1 da4 zhen4	文			28		
撞击声	tsʰɔŋ6 tɕit7 saŋ1	cong5 jit6 sang1	zhuang4 ji1 sheng1	白			28		
隆隆声	luŋ5 luŋ5 saŋ1	lung4 lung4 sang1	long2 long2 sheng1	白			28		
吞声	tʰɛn1 sɨn1	ten1 sen1	tun1 sheng1	文			27		
声门	sɨn1 mɨn5	sen1 men4	sheng1 men2	文			27		
次声	tsʰɿ3 sɨn1	ci3 sen1	ci4 sheng1	文			27		
鸟声	ȵiɛu3 saŋ1	nieu3 sang1	niao3 sheng1	白			27		
叫卖声	tɕiɛu5 kʰɔʔ7 saŋ1	jieu4 kok6 sang1	jiao4 mai4 sheng1	白			26		
呼喝声	fu1 hot7 saŋ1	fu1 hot6 sang1	hu1 he4 sheng1	白			26		
哭喊声	kʰuʔ7 han3 saŋ1	kuk6 han3 sang1	ku1 han3 sheng1	白			26		
嘘声	ɕy1 saŋ1	xyu1 sang1	xu1 sheng1	白			26		
噤声	tɕʰin6 sɨn1	qin5 sen1	jin4 sheng1	文			26		
尖叫声	tɕiɛn1 tɕiɛu5 saŋ1	jien1 jieu4 sang1	jian1 jiao4 sheng1	白			26		
粗声粗气	tsʰu1 sɨn1 tsʰu1 tɕʰi3	cu1 sen1 cu1 qi3	cu1 sheng1 cu1 qi4	文			26		
七声	tɕʰit7 saŋ1	qit6 sang1	qi1 sheng1	白			25		
传声器	tsʰon2 sɨn1 tɕʰi3	con2 sen1 qi3	chuan2 sheng1 qi4	文			25		
国歌声	kuɛt7 ko1 saŋ1	guet6 go1 sang1	guo2 ge1 sheng1	白			25		
形声字	ɕin5 sɨn1 tsʰɿ6	xin4 sen1 ci5	xing2 sheng1 zi4	文			25		
汽笛声	tɕʰi3 tʰit8 saŋ1	qi3 tit7 sang1	qi4 di2 sheng1	白			25		
走漏风声	tsɛu3 lɛu6 fuŋ1 saŋ1	zeu3 leu5 fung1 sang1	zou3 lou4 feng1 sheng1	白			25		
一两声	it7 liɔŋ3 saŋ1	yit6 liong3 sang1	yi1 liang3 sheng1	白			24		
号声	hau6 saŋ1	hau5 sang1	hao4 sheng1	白			24		
扬声	iɔŋ5 sɨn1	yong4 sen1	yang2 sheng1	文			24		
爆竹声	pau5 tsuʔ7 saŋ1	bau4 zuk6 sang1	bao4 zhu2 sheng1	白			24		
男声	lan5 saŋ1	lan4 sang1	nan2 sheng1	白			24		
叫骂声	tɕiɛu5 ma6 saŋ1	jieu4 ma5 sang1	jiao4 ma4 sheng1	白			23		
掷地有声	tsʰɿt8 tʰi6 iu3 saŋ1	cit7 ti5 yiu3 sang1	zhi4 di4 you3 sheng1	白			23		
闷声	mɨn6 saŋ1	men5 sang1	men1 sheng1	白			23		
入声	luʔ7 sɨn1	luk6 sen1	ru4 sheng1	文			250022		
哄笑声	fuŋ3 ɕiɛu5 saŋ1	fung3 xieu4 sang1	hong1 xiao4 sheng1	白			22		
声强	sɨn1 tɕʰiɔŋ2	sen1 qiong2	sheng1 qiang2	文			22		
大放悲声	tʰai6 fɔŋ5 pi1 sɨn1	tai5 fong4 bi1 sen1	da4 fang4 bei1 sheng1	文			22		
风声鹤唳	fuŋ1 sɨn1 hoʔ7 li6	fung1 sen1 hok6 li5	feng1 sheng1 he4 li4	文			22		
敲击声	kʰau1 tɕit7 saŋ1	kau1 jit6 sang1	qiao1 ji1 sheng1	白			21		
声名显赫	sɨn1 min5 ɕiɛn3 hɛt7	sen1 min4 xien3 het6	sheng1 ming2 xian3 he4	文			20		
声如洪钟	sɨn1 lu5 fuŋ5 tsuŋ1	sen1 lu4 fung4 zung1	sheng1 ru2 hong2 zhong1	赣			20		
声情并茂	sɨn1 tɕʰin2 pin5 mɛu6	sen1 qin2 bin4 meu5	sheng1 qing2 bing4 mao4	文			20		
新声	ɕin1 sɨn1	xin1 sen1	xin1 sheng1	文			20		
读书声	tʰuʔ8 su1 saŋ1	tuk7 su1 sang1	du2 shu1 sheng1	白			20		
马达声	ma1 tʰat7 saŋ1	ma1 tat6 sang1	ma3 da2 sheng1	白			20		
哭泣声	kʰuʔ7 tɕʰit7 saŋ1	kuk6 qit6 sang1	ku1 qi4 sheng1	白			19		
声名远播	sɨn1 min5 yon3 po5	sen1 min4 yuon3 bo4	sheng1 ming2 yuan3 bo1	文			19		
形声	ɕin5 sɨn1	xin4 sen1	xing2 sheng1	文			19		
怪声怪气	kuai5 sɨn1 kuai5 tɕʰi3	guai4 sen1 guai4 qi3	guai4 sheng1 guai4 qi4	文			19		
诺诺连声	lɔʔ7 lɔʔ7 liɛn5 saŋ1	lok6 lok6 lien4 sang1	nuo4 nuo4 lian2 sheng1	白			19		
传声筒	tsʰon2 sɨn1 tʰuŋ2	con2 sen1 tung2	chuan2 sheng1 tong3	文			18		
双声	sɔŋ1 sɨn1	song1 sen1	shuang1 sheng1	文			18		
叫好声	tɕiɛu5 hau3 saŋ1	jieu4 hau3 sang1	jiao4 hao3 sheng1	白			18		
吼叫声	hɛu3 tɕiɛu5 saŋ1	heu3 jieu4 sang1	hou3 jiao4 sheng1	白			18		
哭叫声	kʰuʔ7 tɕiɛu5 saŋ1	kuk6 jieu4 sang1	ku1 jiao4 sheng1	白			18		
声场	sɨn1 tsʰɔŋ2	sen1 cong2	sheng1 chang3	文			18		
声色犬马	sɨn1 sɛt7 tɕʰyon3 ma1	sen1 set6 qyuon3 ma1	sheng1 se4 quan3 ma3	文			18		
万籁无声	uan6 lai6 u5 sɨn1	wan5 lai5 wu4 sen1	wan4 lai4 wu2 sheng1	文			17		
名声在外	min5 sɨn1 tsʰai6 uai6	min4 sen1 cai5 wai5	ming2 sheng1 zai4 wai4	文			17		
桨声	tɕiɔŋ3 saŋ1	jiong3 sang1	jiang3 sheng1	白			17		
欢笑声	fon1 ɕiɛu5 saŋ1	fon1 xieu4 sang1	huan1 xiao4 sheng1	白			17		
乐曲声	iɔʔ7 tɕʰyt7 saŋ1	yok6 qyut6 sang1	yue4 qu3 sheng1	白			16		
心跳声	ɕin1 tʰiɛu3 saŋ1	xin1 tieu3 sang1	xin1 tiao4 sheng1	白			16		
悄然无声	tɕʰieu1 lɛn5 u5 saŋ1	qieu1 len4 wu4 sang1	qiao3 ran2 wu2 sheng1	白			16		
机器声	tɕi1 tɕʰi3 saŋ1	ji1 qi3 sang1	ji1 qi4 sheng1	白			16		
议论声	ȵi6 lɨn6 saŋ1	ni5 len5 sang1	yi4 lun4 sheng1	白			16		
发声器	fat7 sɨn1 tɕʰi3	fat6 sen1 qi3	fa1 sheng1 qi4	文			15		
叩门声	kʰiɛu3 mɨn5 saŋ1	kieu3 men4 sang1	kou4 men2 sheng1	白			15		
传声	tsʰon2 saŋ1	con2 sang1	chuan2 sheng1	白			14		
声誉鹊起	sɨn1 y6 tɕʰiɔʔ7 tɕʰi3	sen1 yu5 qiok6 qi3	sheng1 yu4 que4 qi3	文			14		
蛙声	ua1 saŋ1	wa1 sang1	wa1 sheng1	白			14		
号子声	hau6 tsɿ3 saŋ1	hau5 zi3 sang1	hao4 zi5 sheng1	白			13		
声价	sɨn1 ka5	sen1 ga4	sheng1 jia4	文			13		
声名大噪	sɨn1 min5 tʰai6 tsau5	sen1 min4 tai5 zau4	sheng1 ming2 da4 zao4	文			13		
童声	tʰuŋ2 saŋ1	tung2 sang1	tong2 sheng1	白			13		
于无声处	y5 u5 sɨn1 tsʰu3	yu4 wu4 sen1 cu3	yu2 wu2 sheng1 chu4	文			12		
仄声	tset7 sɨn1	zet6 sen1	ze4 sheng1	文			12		
半声	pon5 sɨn1	bon4 sen1	ban4 sheng1	文			12		
声名鹊起	sɨn1 min5 tɕʰiɔʔ7 tɕʰi3	sen1 min4 qiok6 qi3	sheng1 ming2 que4 qi3	文			12		
怨声	yon5 saŋ1	yuon4 sang1	yuan4 sheng1	白			12		
掌声雷动	tsɔŋ3 sɨn1 lui5 tʰuŋ6	zong3 sen1 lui4 tung5	zhang3 sheng1 lei2 dong4	文			12		
有声片	iu3 sɨn1 pʰiɛn5	yiu3 sen1 pien4	you3 sheng1 pian4	文			12		
第二声	tʰi6 ɵ6 sɨn1	ti5 o5 sen1	di4 er4 sheng1	文			12		
美声	mi3 sɨn1	mi3 sen1	mei3 sheng1	文			12		
鸣叫声	mɨn5 tɕiɛu5 saŋ1	men4 jieu4 sang1	ming2 jiao4 sheng1	白			12		
吵闹声	tsʰau3 lau6 saŋ1	cau3 lau5 sang1	chao3 nao4 sheng1	白			11		
声压级	sɨn1 ŋat7 tɕit7	sen1 ngat6 jit6	sheng1 ya1 ji2	文			11		
好几声	hau3 tɕi3 saŋ1	hau3 ji3 sang1	hao3 ji3 sheng1	白			11		
抽泣声	tsʰeu1 tɕʰit7 saŋ1	ceu1 qit6 sang1	chou1 qi4 sheng1	白			11		
梁晓声	liɔŋ5 ɕiɛu3 saŋ1	liong4 xieu3 sang1	liang2 xiao3 sheng1	白			11		
象声词	ɕiɔŋ6 sɨn1 tsʰɿ2	xiong5 sen1 ci2	xiang4 sheng1 ci2	文			11		
郑鹤声	tsʰɨn6 hoʔ7 saŋ1	cen5 hok6 sang1	zheng4 he4 sheng1	白			11		
争吵声	tsaŋ1 tsʰau3 saŋ1	zang1 cau3 sang1	zheng1 chao3 sheng1	白			10		
助威声	tsʰu6 ui1 saŋ1	cu5 wui1 sang1	zhu4 wei1 sheng1	白			10		
变声	piɛn5 sɨn1	bien4 sen1	bian4 sheng1	文			10		
噪声源	tsau5 sɨn1 ȵyon5	zau4 sen1 nyuon4	zao4 sheng1 yuan2	文			10		
声辩	sɨn1 pʰiɛn6	sen1 pien5	sheng1 bian4	文			10		
柔声细语	lɛu5 sɨn1 ɕi5 ȵy3	leu4 sen1 xi4 nyu3	rou2 sheng1 xi4 yu3	文			10		
爆裂声	pau5 liɛt7 saŋ1	bau4 liet6 sang1	bao4 lie4 sheng1	白			10		
背景噪声	pi5 tɕin3 tsau5 sɨn1	bi4 jin3 zau4 sen1	bei4 jing3 zao4 sheng1	文			10		
一口一声	it7 kʰiɛu3 it7 saŋ1	yit6 kieu3 yit6 sang1	yi1 kou3 yi1 sheng1	白			9		
万声	uan6 sɨn1	wan5 sen1	wan4 sheng1	文			9		
上声	sɔŋ6 sɨn1	song5 sen1	shang3 sheng1	文			9		
口哨声	kʰiɛu3 sau5 saŋ1	kieu3 sau4 sang1	kou3 shao4 sheng1	白			9		
呼救声	fu1 tɕiu5 saŋ1	fu1 jiu4 sang1	hu1 jiu4 sheng1	白			9		
咆哮声	pʰau2 hau1 saŋ1	pau2 hau1 sang1	pao2 xiao1 sheng1	白			9		
平地一声雷	pʰin2 tʰi6 it7 sɨn1 lui5	pin2 ti5 yit6 sen1 lui4	ping2 di4 yi1 sheng1 lei2	文			9		
怒吼声	lu6 hɛu3 saŋ1	lu5 heu3 sang1	nu4 hou3 sheng1	白			9		
敛声屏气	lien3 sɨn1 pʰin2 tɕʰi3	lien3 sen1 pin2 qi3	lian3 sheng1 bing3 qi4	文			9		
水声学	sui3 sɨn1 hɔʔ8	sui3 sen1 hok7	shui3 sheng1 xue2	文			9		
谐声	hai2 sɨn1	hai2 sen1	xie2 sheng1	文			9		
轻声细语	tɕʰin1 sɨn1 ɕi5 ȵy3	qin1 sen1 xi4 nyu3	qing1 sheng1 xi4 yu3	文			9		
鼓掌声	ku3 tsɔŋ3 saŋ1	gu3 zong3 sang1	gu3 zhang3 sheng1	白			9		
两三声	liɔŋ3 san1 saŋ1	liong3 san1 sang1	liang3 san1 sheng1	白			8		
书声	su1 saŋ1	su1 sang1	shu1 sheng1	白			8		
冷声	laŋ3 sɨn1	lang3 sen1	leng3 sheng1	文			8		
啜泣声	tsʰɔʔ7 tɕʰit7 saŋ1	cok6 qit6 sang1	chuo4 qi4 sheng1	白			8		
声乐系	sɨn1 iɔʔ7 ɕi6	sen1 yok6 xi5	sheng1 yue4 xi4	文			8		
声旁	sɨn1 pʰɔŋ2	sen1 pong2	sheng1 pang2	文			8		
应声虫	in5 sɨn1 tsʰuŋ2	yin4 sen1 cung2	ying4 sheng1 chong2	文			8		
惊叹声	tɕin1 tʰan3 saŋ1	jin1 tan3 sang1	jing1 tan4 sheng1	白			8		
次声武器	tsʰɿ3 sɨn1 u3 tɕʰi3	ci3 sen1 wu3 qi3	ci4 sheng1 wu3 qi4	文			8		
水流声	sui3 liu5 saŋ1	sui3 liu4 sang1	shui3 liu2 sheng1	白			8		
润物细无声	lɨn6 ut7 ɕi5 u5 sɨn1	len5 wut6 xi4 wu4 sen1	run4 wu4 xi4 wu2 sheng1	文			8		
美国雷声公司	mi3 kuɛt7 lui5 sɨn1 kuŋ1 sɿ1	mi3 guet6 lui4 sen1 gung1 si1	mei3 guo2 lei2 sheng1 gong1 si1	文			8		
诵经声	sʊŋ5 tɕin1 saŋ1	sung4 jin1 sang1	song4 jing1 sheng1	白			8		
十声	ɕit8 saŋ1	xit7 sang1	shi2 sheng1	白			7		
单口相声	tan1 kʰiɛu3 ɕiɔŋ1 sɨn1	dan1 kieu3 xiong1 sen1	dan1 kou3 xiang4 sheng1	文			7		
反对声	fan3 tui5 saŋ1	fan3 dui4 sang1	fan3 dui4 sheng1	白			7		
呼唤声	fu1 fon6 saŋ1	fu1 fon5 sang1	hu1 huan4 sheng1	白			7		
嚎叫声	hau2 tɕiɛu5 saŋ1	hau2 jieu4 sang1	hao2 jiao4 sheng1	白			7		
声光化电	sɨn1 kuɔŋ1 ɸᴀ5 tʰiɛn6	sen1 guong1 fa4 tien5	sheng1 guang1 hua4 dian4	文			7		
声控	sɨn1 kʰuŋ3	sen1 kung3	sheng1 kong4	文			7		
声音笑貌	sɨn1 in1 ɕiɛu5 mau6	sen1 yin1 xieu4 mau5	sheng1 yin1 xiao4 mao4	文			7		
好声好气	hau3 saŋ1 hau3 tɕʰi3	hau3 sang1 hau3 qi3	hao3 sheng1 hao3 qi4	白			7		
家声	ka1 sɨn1	ga1 sen1	jia1 sheng1	文			7		
寂无人声	tɕʰit7 u5 ȵin5 saŋ1	qit6 wu4 nin4 sang1	ji4 wu2 ren2 sheng1	白			7		
礼炮声	li3 pʰau3 saŋ1	li3 pau3 sang1	li3 pao4 sheng1	白			7		
空之声	kʰuŋ1 tsɿ1 sɨn1	kung1 zi1 sen1	kong1 zhi1 sheng1	文			7		
讲话声	kɔŋ3 ua6 saŋ1	gong3 wa5 sang1	jiang3 hua4 sheng1	白			7		
通华声	tʰuŋ1 ɸᴀ5 saŋ1	tung1 fa4 sang1	tong1 hua2 sheng1	白			7		
劈实	pʰiaʔ7 ɕiʔ7	piak6 xik6	pi1 shi2	赣	满满当当	man3 man3 dang1 dang1	100000		
常委会	tsʰɔŋ2 ui3 fɨi6	cong2 wui3 fei5	chang2 wei3 hui4	文			7079		
生命	sɛn1 miaŋ6	sen1 miang5	sheng1 ming4	白			31986		
日常	lɛt7 tsʰɔŋ2	let6 cong2	ri4 chang2	文			114737		
性命	ɕin5 miaŋ6	xin4 miang5	xing4 ming4	白			4207		
节省	tɕiɛt7 saŋ3	jiet6 sang3	jie2 sheng3	白			55695		
常人	tsʰɔŋ2 ȵin5	cong2 nin4	chang2 ren2	文			520		
救命	tɕiu5 miaŋ6	jiu4 miang5	jiu4 ming4	白			474		
生病	saŋ1 pʰiaŋ6	sang1 piang5	sheng1 bing4	白			469		
政协常委会	tsɨn5 ɕiɛt7 tsʰɔŋ2 ui3 fɨi6	zen4 xiet6 cong2 wui3 fei5	zheng4 xie2 chang2 wei3 hui4	文			256		
省得	saŋ3 tɛt7	sang3 det6	sheng3 de5	白			80246		
呼和浩特	fu1 fo5 hau6 tʰet7	fu1 fo4 hau5 tet6	hu1 he2 hao4 te4	赣			241		
正常人	tsɨn5 tsʰɔŋ2 ȵin5	zen4 cong2 nin4	zheng4 chang2 ren2	文			231		
算命	son5 miaŋ6	son4 miang5	suan4 ming4	白			25216		
生人	saŋ1 ȵin5	sang1 nin4	sheng1 ren2	白			199		
生铁	saŋ1 tʰiɛt7	sang1 tiet6	sheng1 tie3	白			183		
红袖	fuŋ5 ɕiu6	fung4 xiu5	hong2 xiu4	文			141		
省事	saŋ3 sɿ6	sang3 si5	sheng3 shi4	白			117		
省钱	saŋ3 tɕʰiɛn2	sang3 qien2	sheng3 qian2	白			89		
宿命	ɕiuʔ7 miaŋ6	xiuk6 miang5	su4 ming4	白			83		
乘人之危	tsʰən2 ȵin5 tsɿ1 ui1	cen2 nin4 zi1 wui1	cheng2 ren2 zhi1 wei1	文			75		
特委会	tʰet7 ui3 fɨi6	tet6 wui3 fei5	te4 wei3 hui4	赣			75		
茶话会	tsʰa2 fa6 fɨi6	ca2 fa5 fei5	cha2 hua4 hui4	文			73		
安理会常任理事国	ŋon1 li3 fɨi6 tsʰɔŋ2 lɨn6 li3 sɿ6 kuɛt7	ngon1 li3 fei5 cong2 len5 li3 si5 guet6	an1 li3 hui4 chang2 ren4 li3 shi4 guo2	文			67		
呼和浩特市	fu1 fo5 hau6 tʰet7 sɿ6	fu1 fo4 hau5 tet6 si5	hu1 he2 hao4 te4 shi4	赣			66		
吴孟明	u5 muŋ6 min5	wu4 mung5 min4	wu2 meng4 ming2	文			59		
人之常情	ȵin5 tsɿ1 tsʰɔŋ2 tɕʰin2	nin4 zi1 cong2 qin2	ren2 zhi1 chang2 qing2	文			58		
和硕特	fo5 sɔʔ7 tʰet7	fo4 sok6 tet6	he2 shuo4 te4	赣			52		
常会	tsʰɔŋ2 fɨi6	cong2 fei5	chang2 hui4	文			45		
特出	tʰet7 tsʰuʔ7	tet6 cuk6	te4 chu1	赣			45		
省吃俭用	saŋ3 tɕʰiaʔ7 tɕʰiɛn6 iuŋ6	sang3 qiak6 qien5 yung5	sheng3 chi1 jian3 yong4	官			45		
人人自危	ȵin5 ȵin5 tsʰɿ6 ui1	nin4 nin4 ci5 wui1	ren2 ren2 zi4 wei1	文			44		
长命百岁	tsʰɔŋ2 miaŋ6 paʔ7 sui5	cong2 miang5 bak6 sui4	chang2 ming4 bai3 sui4	白			25040		
平常人	pʰin2 tsʰɔŋ2 ȵin5	pin2 cong2 nin4	ping2 chang2 ren2	文			35		
常熟人	tsʰɔŋ2 suʔ8 ȵin5	cong2 suk7 nin4	chang2 shu2 ren2	文			27		
中央政治局常委会	tsuŋ1 iɔŋ1 tsɨn5 tsʰɿ6 tɕʰyt7 tsʰɔŋ2 ui3 fɨi6	zung1 yong1 zen4 ci5 qyut6 cong2 wui3 fei5	zhong1 yang1 zheng4 zhi4 ju2 chang2 wei3 hui4	文			18		
出没无常	tsʰuʔ7 mɨt7 u5 tsʰɔŋ2	cuk6 met6 wu4 cong2	chu1 mo4 wu2 chang2	文			17		
哥特人	ko1 tʰet7 ȵin5	go1 tet6 nin4	ge1 te4 ren2	赣			17		
认生	lɨn6 saŋ1	len5 sang1	ren4 sheng1	白			14		
欺生	tɕʰi1 saŋ1	qi1 sang1	qi1 sheng1	白			13		
中常会	tsuŋ1 tsʰɔŋ2 fɨi6	zung1 cong2 fei5	zhong1 chang2 hui4	文			12		
人情之常	lɨn5 tɕʰin2 tsɿ1 tsʰɔŋ2	len4 qin2 zi1 cong2	ren2 qing2 zhi1 chang2	文			11		
人机对话	ȵin5 tɕi1 tui5 fa6	nin4 ji1 dui4 fa5	ren2 ji1 dui4 hua4	文			11		
科普特人	kʰuo1 pʰu3 tʰet7 ȵin5	kuo1 pu3 tet6 nin4	ke1 pu3 te4 ren2	赣			10		
常州人	tsʰɔŋ2 tsɛu1 ȵin5	cong2 zeu1 nin4	chang2 zhou1 ren2	文			9		
红袖章	fuŋ5 ɕiu6 tsɔŋ1	fung4 xiu5 zong1	hong2 xiu4 zhang1	文			9		
常务委员会	tsʰɔŋ2 u6 ui3 yon5 fɨi6	cong2 wu5 wui3 yuon4 fei5	chang2 wu4 wei3 yuan2 hui4	文			8		
怀特兄弟	uai5 tʰet7 ɕiaŋ1 tʰi6	wai4 tet6 xiang1 ti5	huai2 te4 xiong1 di4	赣			8		
明斯特	min5 sɿ1 tʰet7	min4 si1 tet6	ming2 si1 te4	赣			8		
喀麦隆共和国	kʰiet7 met7 luŋ5 kʰuŋ6 fo5 kuɛt7	kiet6 met6 lung4 kung5 fo4 guet6	ka1 mai4 long2 gong4 he2 guo2	白			7		
孟家人	muŋ6 ka1 ȵin5	mung5 ga1 nin4	meng4 jia1 ren2	文			7		
常氏兄弟	tsʰɔŋ2 sɿ6 ɕiaŋ1 tʰi6	cong2 si5 xiang1 ti5	chang2 shi4 xiong1 di4	文			7		
每只	mi3 tsat7	mi3 zat6	mei3 zhi3	赣			100000	每个	
生崽	saŋ1 tsai3	sang1 zai3	sheng1 zai3	白	生子	sheng1 zi5	100000		
生女	saŋ1 ȵy3	sang1 nyu3	sheng1 nv3	白	生女儿	sheng1 nv3 er2	100000		
瞎嚼	hat7 tɕʰiɔʔ8	hat6 qiok7	xia1 jue2	赣	瞎说	xia1 shuo1	100000		
掺位子	tsʰan1 ui6 tsɿ0	can1 wui5 zi0	can4 wei4 zi5	赣	占座	zhan4 zuo4	100000		
不正	pet7 tsaŋ5	bet6 zang4	bu4 zheng4	白			223560	不成	
佢们	tɕie3 mɨn5	jie3 men4	qu2 men5	赣	他们	ta1 men5	305000		
佢们	tɕie3 mɨn5	jie3 men4	qu2 men5	赣	她们	ta1 men5	305000		
佢们	tɕie3 mɨn5	jie3 men4	qu2 men5	赣	它们	ta1 men5	305000		
艾溪湖	ŋai6 tɕʰi1 fu5	ngai5 qi1 fu4	ai4 xi1 hu2	赣			100000		
青云谱	tɕʰin1 yn5 pʰu3	qin1 yun4 pu3	qing1 yun2 pu3	赣			100000		
战争	tsɛn5 tsɛn1	zen4 zen1	zhan4 zheng1	文			264823		
斗争	tɛu3 tsɛn1	deu3 zen1	dou4 zheng1	文			59529		
竞争	tɕʰin6 tsɛn1	qin5 zen1	jing4 zheng1	文			55985		
争取	tsaŋ1 tɕʰy3	zang1 qyu3	zheng1 qu3	白			184048		
抗日战争	kʰɔŋ2 lɛt7 tsɛn5 tsɛn1	kong2 let6 zen4 zen1	kang4 ri4 zhan4 zheng1	文			2153		
争夺	tsaŋ1 tʰot7	zang1 tot6	zheng1 duo2	白			27142		
争论	tsaŋ1 lɨn6	zang1 len5	zheng1 lun4	白			1337		
竞争力	tɕʰin6 tsɛn1 lit7	qin5 zen1 lit6	jing4 zheng1 li4	文			1310		
争议	tsɛn1 ȵi6	zen1 ni5	zheng1 yi4	文			26105		
解放战争	kai3 fɔŋ5 tsɛn5 tsɛn1	gai3 fong4 zen4 zen1	jie3 fang4 zhan4 zheng1	文			966		
阶级斗争	kai1 tɕit7 tɛu3 tsɛn1	gai1 jit6 deu3 zen1	jie1 ji2 dou4 zheng1	文			947		
力争	lit7 tsɛn1	lit6 zen1	li4 zheng1	文			657		
争执	tsɛn1 tsɨt7	zen1 zet6	zheng1 zhi2	文			624		
抗争	kʰɔŋ2 tsɛn1	kong2 zen1	kang4 zheng1	文			584		
鸦片战争	ŋa1 pʰiɛn5 tsɛn5 tsɛn1	nga1 pien4 zen4 zen1	ya1 pian4 zhan4 zheng1	文			555		
争相	tsɛn1 ɕiɔŋ1	zen1 xiong1	zheng1 xiang1	文			517		
争端	tsɛn1 ton1	zen1 don1	zheng1 duan1	文			497		
争斗	tsaŋ1 tɛu3	zang1 deu3	zheng1 dou4	白			467		
游击战争	iu5 tɕit7 tsɛn5 tsɛn1	yiu4 jit6 zen4 zen1	you2 ji1 zhan4 zheng1	文			440		
土地革命战争	tʰu3 tʰi6 kiɛt7 min6 tsɛn5 tsɛn1	tu3 ti5 giet6 min5 zen4 zen1	tu3 di4 ge2 ming4 zhan4 zheng1	文			370		
兵家必争之地	pin1 ka1 pit7 tsɛn1 tsɿ1 tʰi6	bin1 ga1 bit6 zen1 zi1 ti5	bing1 jia1 bi4 zheng1 zhi1 di4	文			347		
争辩	tsɛn1 pʰiɛn6	zen1 pien5	zheng1 bian4	文			321		
革命战争	kiɛt7 min6 tsɛn5 tsɛn1	giet6 min5 zen4 zen1	ge2 ming4 zhan4 zheng1	文			315		
甲午战争	kat7 u3 tsɛn5 tsɛn1	gat6 wu3 zen4 zen1	jia3 wu3 zhan4 zheng1	文			287		
朝鲜战争	tsʰɛu2 ɕiɛn3 tsɛn5 tsɛn1	ceu2 xien3 zen4 zen1	chao2 xian1 zhan4 zheng1	文			280		
北伐战争	pɛt7 fat7 tsɛn5 tsɛn1	bet6 fat6 zen4 zen1	bei3 fa2 zhan4 zheng1	文			279		
纷争	fɨn1 tsɛn1	fen1 zen1	fen1 zheng1	文			270		
海湾战争	hai3 uan1 tsɛn5 tsɛn1	hai3 wan1 zen4 zen1	hai3 wan1 zhan4 zheng1	文			239		
争气	tsaŋ1 tɕʰi3	zang1 qi3	zheng1 qi4	白			65460		
不争	pet7 tsaŋ1	bet6 zang1	bu4 zheng1	白			172		
世界反法西斯战争	ɕi5 kai5 fan3 fat7 ɕi1 sɿ1 tsɛn5 tsɛn1	xi4 gai4 fan3 fat6 xi1 si1 zen4 zen1	shi4 jie4 fan3 fa3 xi1 si1 zhan4 zheng1	文			172		
太平洋战争	tʰai3 pʰin2 iɔŋ5 tsɛn5 tsɛn1	tai3 pin2 yong4 zen4 zen1	tai4 ping2 yang2 zhan4 zheng1	文			172		
争霸	tsɛn1 pa5	zen1 ba4	zheng1 ba4	文			165		
争奇斗艳	tsɛn1 tɕʰi2 tɛu3 iɛn6	zen1 qi2 deu3 yen5	zheng1 qi2 dou4 yan4	文			162		
抗美援朝战争	kʰɔŋ2 mi3 yon5 tsʰɛu2 tsɛn5 tsɛn1	kong2 mi3 yuon4 ceu2 zen4 zen1	kang4 mei3 yuan2 chao2 zhan4 zheng1	文			150		
竞争者	tɕʰin6 tsɛn1 tsa3	qin5 zen1 za3	jing4 zheng1 zhe3	文			148		
争得	tsaŋ1 tɛt7	zang1 det6	zheng1 de5	白			147		
百家争鸣	pet7 ka1 tsɛn1 mɨn5	bet6 ga1 zen1 men4	bai3 jia1 zheng1 ming2	文			144		
争抢	tsaŋ1 tɕʰiɔŋ3	zang1 qiong3	zheng1 qiang3	白			143		
赵争争	tsʰɛu6 tsɛn1 tsɛn1	ceu5 zen1 zen1	zhao4 zheng1 zheng1	文			140		
争先恐后	tsɛn1 ɕiɛn1 kʰuŋ3 hɛu6	zen1 xien1 kung3 heu5	zheng1 xian1 kong3 hou4	文			131		
农民战争	luŋ5 min5 tsɛn5 tsɛn1	lung4 min4 zen4 zen1	nong2 min2 zhan4 zheng1	文			130		
争权夺利	tsɛn1 tɕʰyon2 tʰot7 li6	zen1 qyuon2 tot6 li5	zheng1 quan2 duo2 li4	文			107		
争夺战	tsɛn1 tʰot7 tsɛn5	zen1 tot6 zen4	zheng1 duo2 zhan4	文			96		
论争	lɨn6 tsɛn1	len5 zen1	lun4 zheng1	文			94		
争先	tsɛn1 ɕiɛn1	zen1 xien1	zheng1 xian1	文			92		
核战争	het8 tsɛn5 tsɛn1	het7 zen4 zen1	he2 zhan4 zheng1	文			92		
卫国战争	ui6 kuɛt7 tsɛn5 tsɛn1	wui5 guet6 zen4 zen1	wei4 guo2 zhan4 zheng1	文			81		
竞争性	tɕʰin6 tsɛn1 ɕin5	qin5 zen1 xin4	jing4 zheng1 xing4	文			79		
争雄	tsɛn1 ɕiuŋ5	zen1 xiung4	zheng1 xiong2	文			78		
南北战争	lan5 pɛt7 tsɛn5 tsɛn1	lan4 bet6 zen4 zen1	nan2 bei3 zhan4 zheng1	文			78		
争权	tsaŋ1 tɕʰyon2	zang1 qyuon2	zheng1 quan2	白			77		
中东战争	tsuŋ1 tuŋ1 tsɛn5 tsɛn1	zung1 dung1 zen4 zen1	zhong1 dong1 zhan4 zheng1	文			70		
越南战争	yot7 lan5 tsɛn5 tsɛn1	yuot6 lan4 zen4 zen1	yue4 nan2 zhan4 zheng1	文			69		
争光	tsɛn1 kuɔŋ1	zen1 guong1	zheng1 guang1	文			68		
争论不休	tsaŋ1 lɨn6 pet7 ɕiu1	zang1 len5 bet6 xiu1	zheng1 lun4 bu4 xiu1	白			65		
争胜	tsɛn1 sɨn5	zen1 sen4	zheng1 sheng4	文			62		
与世无争	y3 ɕi5 u5 tsɛn1	yu3 xi4 wu4 zen1	yu3 shi4 wu2 zheng1	文			56		
争战	tsɛn1 tsɛn5	zen1 zen4	zheng1 zhan4	文			55		
争闹	tsɛn1 lau6	zen1 lau5	zheng1 nao4	文			52		
反法西斯战争	fan3 fat7 ɕi1 sɿ1 tsɛn5 tsɛn1	fan3 fat6 xi1 si1 zen4 zen1	fan3 fa3 xi1 si1 zhan4 zheng1	文			51		
争创	tsɛn1 tsʰɔŋ3	zen1 cong3	zheng1 chuang4	文			48		
据理力争	tɕy5 li3 lit7 tsɛn1	jyu4 li3 lit6 zen1	ju4 li3 li4 zheng1	文			48		
明争暗斗	min5 tsɛn1 ŋon5 tɛu3	min4 zen1 ngon4 deu3	ming2 zheng1 an4 dou4	文			48		
争持	tsɛn1 tsʰɿ2	zen1 ci2	zheng1 chi2	文			46		
战争史	tsɛn5 tsɛn1 sɿ3	zen4 zen1 si3	zhan4 zheng1 shi3	文			44		
争宠	tsɛn1 tsʰuŋ3	zen1 cung3	zheng1 chong3	文			43		
国内革命战争	kuɛt7 lui6 kiɛt7 min6 tsɛn5 tsɛn1	guet6 lui5 giet6 min5 zen4 zen1	guo2 nei4 ge2 ming4 zhan4 zheng1	文			42		
争鸣	tsɛn1 mɨn5	zen1 men4	zheng1 ming2	文			40		
争竞	tsɛn1 tɕʰin6	zen1 qin5	zheng1 jing4	文			37		
争风吃醋	tsɛn1 fuŋ1 tɕʰiaʔ7 tsʰu3	zen1 fung1 qiak6 cu3	zheng1 feng1 chi1 cu4	官			37		
力争上游	lit7 tsɛn1 sɔŋ6 iu5	lit6 zen1 song5 yiu4	li4 zheng1 shang4 you2	文			37		
无可争议	u5 kʰo3 tsɛn1 ȵi6	wu4 ko3 zen1 ni5	wu2 ke3 zheng1 yi4	文			37		
争锋	tsɛn1 fuŋ1	zen1 fung1	zheng1 feng1	文			36		
常规战争	sɔŋ5 kui1 tsɛn5 tsɛn1	song4 gui1 zen4 zen1	chang2 gui1 zhan4 zheng1	文			36		
争强好胜	tsɛn1 tɕʰiɔŋ2 hau3 sɨn5	zen1 qiong2 hau3 sen4	zheng1 qiang2 hao4 sheng4	文			34		
争分夺秒	tsɛn1 fɨn1 tʰot7 miɛu3	zen1 fen1 tot6 mieu3	zheng1 fen1 duo2 miao3	文			31		
第一次鸦片战争	tʰi6 it7 tsʰɿ3 ŋa1 pʰiɛn5 tsɛn5 tsɛn1	ti5 yit6 ci3 nga1 pien4 zen4 zen1	di4 yi1 ci4 ya1 pian4 zhan4 zheng1	文			27		
争做	tsɛn1 tsu5	zen1 zu4	zheng1 zuo4	文			26		
争辉	tsɛn1 fɨi1	zen1 fei1	zheng1 hui1	文			24		
争当	tsɛn1 tɔŋ1	zen1 dong1	zheng1 dang1	文			23		
分秒必争	fɨn1 miɛu3 pit7 tsɛn1	fen1 mieu3 bit6 zen1	fen1 miao3 bi4 zheng1	文			23		
鹬蚌相争	yt7 pʰɔŋ6 ɕiɔŋ1 tsɛn1	yut6 pong5 xiong1 zen1	yu4 bang4 xiang1 zheng1	文			21		
分争	fɨn1 tsɛn1	fen1 zen1	fen1 zheng1	文			20		
必争之地	pit7 tsɛn1 tsɿ1 tʰi6	bit6 zen1 zi1 ti5	bi4 zheng1 zhi1 di4	文			20		
无可争辩	u5 kʰo3 tsɛn1 pʰiɛn6	wu4 ko3 zen1 pien5	wu2 ke3 zheng1 bian4	文			20		
竞争法	tɕʰin6 tsɛn1 fat7	qin5 zen1 fat6	jing4 zheng1 fa3	文			20		
你争我夺	nen3 tsɛn1 ŋo3 tʰot7	nen3 zen1 ngo3 tot6	ni3 zheng1 wo3 duo2	文			19		
斗争性	tɛu3 tsɛn1 ɕin5	deu3 zen1 xin4	dou4 zheng1 xing4	文			19		
门户之争	mɨn5 fu6 tsɿ1 tsɛn1	men4 fu5 zi1 zen1	men2 hu4 zhi1 zheng1	文			19		
只争朝夕	tsɿʔ7 tsɛn1 tsɛu1 ɕit7	zik6 zen1 zeu1 xit6	zhi3 zheng1 zhao1 xi1	文			18		
楚汉相争	tsʰu3 hon6 ɕiɔŋ1 tsɛn1	cu3 hon5 xiong1 zen1	chu3 han4 xiang1 zheng1	文			18		
争食	tsɛn1 sɨt7	zen1 set6	zheng1 shi2	文			17		
争冠	tsɛn1 kuon1	zen1 guon1	zheng1 guan1	文			16		
龙争虎斗	luŋ5 tsɛn1 fu3 tɛu3	lung4 zen1 fu3 deu3	long2 zheng1 hu3 dou4	文			15		
争购	tsɛn1 kiɛu5	zen1 gieu4	zheng1 gou4	文			14		
抗法战争	kʰɔŋ2 fat7 tsɛn5 tsɛn1	kong2 fat6 zen4 zen1	kang4 fa3 zhan4 zheng1	文			14		
竞争能力	tɕʰin6 tsɛn1 lɛn5 lit7	qin5 zen1 len4 lit6	jing4 zheng1 neng2 li4	文			14		
争妍	tsɛn1 ȵiɛn2	zen1 nien2	zheng1 yan2	文			12		
奋勇争先	ɸən5 iuŋ3 tsɛn1 ɕiɛn1	fen4 yung3 zen1 xien1	fen4 yong3 zheng1 xian1	文			12		
斗争史	tɛu3 tsɛn1 sɿ3	deu3 zen1 si3	dou4 zheng1 shi3	文			12		
非正义战争	fɨi1 tsɨn5 ȵi6 tsɛn5 tsɛn1	fei1 zen4 ni5 zen4 zen1	fei1 zheng4 yi4 zhan4 zheng1	文			12		
寸土必争	tsʰun3 tʰu3 pit7 tsɛn1	cun3 tu3 bit6 zen1	cun4 tu3 bi4 zheng1	文			11		
保平争	pau3 pʰin2 tsɛn1	bau3 pin2 zen1	bao3 ping2 zheng1	文			10		
拼争	pʰin1 tsɛn1	pin1 zen1	pin1 zheng1	文			10		
生存斗争	sɛn1 tsʰun2 tɛu3 tsɛn1	sen1 cun2 deu3 zen1	sheng1 cun2 dou4 zheng1	文			10		
争夺者	tsɛn1 tʰot7 tsa3	zen1 tot6 za3	zheng1 duo2 zhe3	文			9		
争议性	tsɛn1 ȵi6 ɕin5	zen1 ni5 xin4	zheng1 yi4 xing4	文			9		
国争光	kuɛt7 tsɛn1 kuɔŋ1	guet6 zen1 guong1	guo2 zheng1 guang1	文			9		
奋争	ɸən5 tsɛn1	fen4 zen1	fen4 zheng1	文			9		
诸子争	tɕy1 tsɿ3 tsɛn1	jyu1 zi3 zen1	zhu1 zi5 zheng1	文			9		
与人无争	y3 ȵin5 u5 tsɛn1	yu3 nin4 wu4 zen1	yu3 ren2 wu2 zheng1	文			8		
争霸赛	tsɛn1 pa5 sai5	zen1 ba4 sai4	zheng1 ba4 sai4	文			8		
争名夺利	tsɛn1 min5 tʰot7 li6	zen1 min4 tot6 li5	zheng1 ming2 duo2 li4	文			7		
争强斗胜	tsɛn1 tɕʰiɔŋ2 tɛu3 sɨn5	zen1 qiong2 deu3 sen4	zheng1 qiang2 dou4 sheng4	文			7		
梅雪争	mi5 ɕyot7 tsɛn1	mi4 xyuot6 zen1	mei2 xue3 zheng1	文			7		
百舸争流	paʔ7 ko3 tsɛn1 liu5	bak6 go3 zen1 liu4	bai3 ge3 zheng1 liu2	文			7		
馆子店	kuon3 tsɿ0 tiɛn5	guon3 zi0 dien4	guan3 zi5 dian4	赣			100000	饭馆/餐厅	
现饭	ɕiɛn6 fan6	xien5 fan5	xian4 fan4	赣	剩饭	sheng4 fan4	100000		
现菜	ɕiɛn6 tsʰai3	xien5 cai3	xian4 cai4	赣	剩菜	sheng4 cai4	100000		
撇脱	pʰiɛt7 tʰot7	piet6 tot6	pie1 tuo1	赣	方便/利索/爽快	fang1 bian4/li4 suo3/shuang3 kuai4	125000		
挨到	ŋai1 tau5	ngai1 dau4	ai1 dao4	赣	动辄	dong4 zhe2	100000		
毛伢子	mau1 ŋa0 tsɿ0	mau1 nga0 zi0	mao2 ya2 zi5	白	婴儿	ying1 er2	100000		
道地	tʰau6 tʰi6	tau5 ti5	dao4 di4	赣			100000	地道	
驮到	tʰo2 tau5	to2 dau4	tuo2 dao4	赣	遭到/碰到	zao1 dao4/peng4 dao4	100000		
年轻	ȵiɛn5 tɕʰiaŋ1	nien4 qiang1	nian2 qing1	白			4919		
轻轻	tɕʰiaŋ1 tɕʰiaŋ1	qiang1 qiang1	qing1 qing1	白			29408		
轻松	tɕʰin1 suŋ1	qin1 sung1	qing1 song1	文			26979		
年轻人	ȵiɛn5 tɕʰiaŋ1 ȵin5	nien4 qiang1 nin4	nian2 qing1 ren2	白			76923		
减轻	kan3 tɕʰin1	gan3 qin1	jian3 qing1	文			1504		
轻易	tɕʰin1 i6	qin1 yi5	qing1 yi4	文			51474		
轻轻地	tɕʰiaŋ1 tɕʰiaŋ1 tʰi6	qiang1 qiang1 ti5	qing1 qing1 di4	白			903		
轻工业	tɕʰin1 kuŋ1 ȵiɛt7	qin1 gung1 niet6	qing1 gong1 ye4	文			717		
轻工	tɕʰin1 kuŋ1	qin1 gung1	qing1 gong1	文			706		
轻型	tɕʰin1 ɕin5	qin1 xin4	qing1 xing2	文			639		
轻微	tɕʰin1 ui5	qin1 wui4	qing1 wei1	文			538		
轻视	tɕʰin1 sɿ6	qin1 si5	qing1 shi4	文			472		
轻重	tɕʰin1 tsʰuŋ2	qin1 cung2	qing1 zhong4	文			467		
轻蔑	tɕʰin1 miɛt8	qin1 miet7	qing1 mie4	文			309		
轻盈	tɕʰin1 in5	qin1 yin4	qing1 ying2	文			232		
轻装	tɕʰin1 tsɔŋ1	qin1 zong1	qing1 zhuang1	文			221		
轻纺	tɕʰin1 fɔŋ3	qin1 fong3	qing1 fang3	文			210		
举足轻重	tɕy3 tɕiuʔ7 tɕʰin1 tsʰuŋ2	jyu3 jiuk6 qin1 cung2	ju3 zu2 qing1 zhong4	文			209		
轻度	tɕʰin1 tʰu6	qin1 tu5	qing1 du4	文			209		
轻而易举	tɕʰin1 ɵ5 i6 tɕy3	qin1 o4 yi5 jyu3	qing1 er2 yi4 ju3	文			196		
轻敌	tɕʰin1 tʰit8	qin1 tit7	qing1 di2	文			194		
轻武器	tɕʰin1 u3 tɕʰi3	qin1 wu3 qi3	qing1 wu3 qi4	文			189		
轻柔	tɕʰin1 lɛu5	qin1 leu4	qing1 rou2	文			187		
轻描淡写	tɕʰin1 miɛu5 tʰan6 ɕia3	qin1 mieu4 tan5 xia3	qing1 miao2 dan4 xie3	文			184		
轻飘飘	tɕʰin1 pʰiɛu1 pʰiɛu1	qin1 pieu1 pieu1	qing1 piao1 piao1	文			184		
年轻力壮	ȵiɛn5 tɕʰiaŋ1 lit7 tsɔŋ5	nien4 qiang1 lit6 zong4	nian2 qing1 li4 zhuang4	白			180		
轻身	tɕʰin1 sɨn1	qin1 sen1	qing1 shen1	文			178		
轻举妄动	tɕʰin1 tɕy3 uɔŋ6 tʰuŋ6	qin1 jyu3 wong5 tung5	qing1 ju3 wang4 dong4	文			169		
轻快	tɕʰiaŋ1 kʰuai3	qiang1 kuai3	qing1 kuai4	白			50167		
轻率	tɕʰin1 lyt8	qin1 lyut7	qing1 shuai4	文			167		
轻便	tɕʰin1 pʰiɛn2	qin1 pien2	qing1 bian4	文			166		
轻巧	tɕʰin1 tɕʰiɛu3	qin1 qieu3	qing1 qiao3	文			148		
轻骑	tɕʰin1 tɕʰi2	qin1 qi2	qing1 qi2	文			120		
轻捷	tɕʰin1 tɕʰiɛt8	qin1 qiet7	qing1 jie2	文			112		
轻伤	tɕʰin1 sɔŋ1	qin1 song1	qing1 shang1	文			110		
轻骑兵	tɕʰin1 tɕʰi2 pin1	qin1 qi2 bin1	qing1 qi2 bing1	文			107		
轻忽	tɕʰin1 fɨt7	qin1 fet6	qing1 hu1	文			105		
轻信	tɕʰin1 ɕin5	qin1 xin4	qing1 xin4	文			103		
无足轻重	u5 tɕiuʔ7 tɕʰin1 tsʰuŋ2	wu4 jiuk6 qin1 cung2	wu2 zu2 qing1 zhong4	文			100		
轻灵	tɕʰin1 lin5	qin1 lin4	qing1 ling2	文			96		
轻机枪	tɕʰin1 tɕi1 tɕʰiɔŋ1	qin1 ji1 qiong1	qing1 ji1 qiang1	文			95		
轻浮	tɕʰin1 feu5	qin1 feu4	qing1 fu2	文			93		
掉以轻心	tʰiɛu3 i3 tɕʰin1 ɕin1	tieu3 yi3 qin1 xin1	diao4 yi3 qing1 xin1	文			90		
从轻	tsʰuŋ2 tɕʰin1	cung2 qin1	cong2 qing1	文			89		
轻取	tɕʰin1 tɕʰy3	qin1 qyu3	qing1 qu3	文			81		
轻手轻脚	tɕʰin1 seu3 tɕʰin1 tɕiɔʔ7	qin1 seu3 qin1 jiok6	qing1 shou3 qing1 jiao3	文			75		
轻型坦克	tɕʰin1 ɕin5 tʰan3 kʰiɛt7	qin1 xin4 tan3 kiet6	qing1 xing2 tan3 ke4	文			69		
年轻化	ȵiɛn5 tɕʰiaŋ1 ɸᴀ5	nien4 qiang1 fa4	nian2 qing1 hua4	白			62		
轻重缓急	tɕʰin1 tsʰuŋ2 fon3 tɕit7	qin1 cung2 fon3 jit6	qing1 zhong4 huan3 ji2	文			52		
轻贱	tɕʰin1 tɕʰiɛn6	qin1 qien5	qing1 jian4	文			51		
轻质	tɕʰin1 tsɨt7	qin1 zet6	qing1 zhi4	文			49		
轻生	tɕʰin1 sɛn1	qin1 sen1	qing1 sheng1	文			48		
轻轻松松	tɕʰiaŋ1 tɕʰiaŋ1 suŋ1 suŋ1	qiang1 qiang1 sung1 sung1	qing1 qing1 song1 song1	白			47		
轻佻	tɕʰin1 tieu3	qin1 dieu3	qing1 tiao1	文			44		
轻狂	tɕʰin1 kʰuɔŋ2	qin1 kuong2	qing1 kuang2	文			42		
轻软	tɕʰin1 ȵyon3	qin1 nyuon3	qing1 ruan3	文			40		
举重若轻	tɕy3 tsʰuŋ2 lɔʔ7 tɕʰin1	jyu3 cung2 lok6 qin1	ju3 zhong4 ruo4 qing1	文			37		
年轻有为	ȵiɛn5 tɕʰiaŋ1 iu3 ui6	nien4 qiang1 yiu3 wui5	nian2 qing1 you3 wei2	白			37		
年轻气盛	ȵiɛn5 tɕʰiaŋ1 tɕʰi3 sɨn6	nien4 qiang1 qi3 sen5	nian2 qing1 qi4 sheng4	白			35		
轻点	tɕʰin1 tiɛn3	qin1 dien3	qing1 dian3	文			35		
看轻	kʰon3 tɕʰin1	kon3 qin1	kan4 qing1	文			31		
轻慢	tɕʰin1 man6	qin1 man5	qing1 man4	文			31		
一轻	it7 tɕʰin1	yit6 qin1	yi1 qing1	文			30		
重男轻女	tsʰuŋ2 lan5 tɕʰin1 ȵy3	cung2 lan4 qin1 nyu3	zhong4 nan2 qing1 nv3	文			30		
驾轻就熟	ka5 tɕʰin1 tɕʰiu6 suʔ8	ga4 qin1 qiu5 suk7	jia4 qing1 jiu4 shu2	文			28		
头重脚轻	tʰɛu2 tsʰuŋ2 tɕiɔʔ7 tɕʰin1	teu2 cung2 jiok6 qin1	tou2 zhong4 jiao3 qing1	文			27		
轻兵	tɕʰin1 pin1	qin1 bin1	qing1 bing1	文			27		
轻舟	tɕʰin1 tsɛu1	qin1 zeu1	qing1 zhou1	文			27		
不知轻重	pet7 tsɿ1 tɕʰin1 tsʰuŋ2	bet6 zi1 qin1 cung2	bu4 zhi1 qing1 zhong4	文			26		
轻音乐	tɕʰin1 in1 iɔʔ7	qin1 yin1 yok6	qing1 yin1 yue4	文			26		
轻风	tɕʰin1 fuŋ1	qin1 fung1	qing1 feng1	文			26		
人微言轻	ȵin5 ui5 ȵiɛn5 tɕʰin1	nin4 wui4 nien4 qin1	ren2 wei1 yan2 qing1	文			24		
质轻	tsɨt7 tɕʰin1	zet6 qin1	zhi4 qing1	文			24		
轻车熟路	tɕʰin1 tsʰa1 suʔ8 lu6	qin1 ca1 suk7 lu5	qing1 che1 shu2 lu4	文			23		
手轻	seu3 tɕʰin1	seu3 qin1	shou3 qing1	文			22		
轻装上阵	tɕʰin1 tsɔŋ1 sɔŋ6 tsʰɨn6	qin1 zong1 song5 cen5	qing1 zhuang1 shang4 zhen4	文			22		
轻重工业	tɕʰin1 tsʰuŋ2 kuŋ1 ȵiɛt7	qin1 cung2 gung1 niet6	qing1 zhong4 gong1 ye4	文			22		
轻飘	tɕʰin1 pʰiɛu1	qin1 pieu1	qing1 piao1	文			19		
轻元素	tɕʰin1 ȵyon5 su5	qin1 nyuon4 su4	qing1 yuan2 su4	文			18		
文轻武	uen5 tɕʰin1 u3	wun4 qin1 wu3	wen2 qing1 wu3	文			16		
轻工业部	tɕʰin1 kuŋ1 ȵiɛt7 pʰu6	qin1 gung1 niet6 pu5	qing1 gong1 ye4 bu4	文			16		
轻车	tɕʰin1 tsʰa1	qin1 ca1	qing1 che1	文			16		
轻轨	tɕʰin1 kui3	qin1 gui3	qing1 gui3	文			15		
从轻发落	tsʰuŋ2 tɕʰin1 fat7 lɔʔ8	cung2 qin1 fat6 lok7	cong2 qing1 fa1 luo4	文			14		
轻水	tɕʰin1 sui3	qin1 sui3	qing1 shui3	文			14		
轻金属	tɕʰin1 tɕin1 suʔ8	qin1 jin1 suk7	qing1 jin1 shu3	文			14		
避重就轻	pʰi5 tsʰuŋ2 tɕʰiu6 tɕʰin1	pi4 cung2 qiu5 qin1	bi4 zhong4 jiu4 qing1	文			14		
轻于鸿毛	tɕʰin1 y5 fuŋ5 mau5	qin1 yu4 fung4 mau4	qing1 yu2 hong2 mao2	文			13		
轻吊	tɕʰin1 tiɛu5	qin1 dieu4	qing1 diao4	文			13		
轻工业品	tɕʰin1 kuŋ1 ȵiɛt7 pʰin3	qin1 gung1 niet6 pin3	qing1 gong1 ye4 pin3	文			13		
轻量级	tɕʰin1 liɔŋ5 tɕit7	qin1 liong4 jit6	qing1 liang4 ji2	文			13		
二轻	ɵ6 tɕʰin1	o5 qin1	er4 qing1	文			12		
津轻海峡	tɕin1 tɕʰin1 hai3 hat8	jin1 qin1 hai3 hat7	jin1 qing1 hai3 xia2	文			12		
轻扬	tɕʰin1 iɔŋ5	qin1 yong4	qing1 yang2	文			12		
轻拂	tɕʰin1 ɸət7	qin1 fet6	qing1 fu2	文			12		
轻木	tɕʰin1 muʔ7	qin1 muk6	qing1 mu4	文			12		
轻松感	tɕʰin1 suŋ1 kon3	qin1 sung1 gon3	qing1 song1 gan3	文			12		
文人相轻	uen5 ȵin5 ɕiɔŋ1 tɕʰin1	wun4 nin4 xiong1 qin1	wen2 ren2 xiang1 qing1	文			11		
没轻没重	mɨt7 tɕʰin1 mɨt7 tsʰuŋ2	met6 qin1 met6 cung2	mei2 qing1 mei2 zhong4	文			11		
轻装简从	tɕʰin1 tsɔŋ1 kan3 tsʰuŋ2	qin1 zong1 gan3 cung2	qing1 zhuang1 jian3 cong2	文			11		
云淡风轻	yn5 tʰan6 fuŋ1 tɕʰin1	yun4 tan5 fung1 qin1	yun2 dan4 feng1 qing1	文			10		
轻活	tɕʰin1 uot8	qin1 wot7	qing1 huo2	文			9		
轻质油	tɕʰin1 tsɨt7 iu5	qin1 zet6 yiu4	qing1 zhi4 you2	文			9		
轻载	tɕʰin1 tsai0	qin1 zai0	qing1 zai4	文			9		
轻量	tɕʰin1 liɔŋ5	qin1 liong4	qing1 liang4	文			9		
轻闲	tɕʰin1 han2	qin1 han2	qing1 xian2	文			9		
孰轻孰重	suʔ8 tɕʰin1 suʔ8 tsʰuŋ2	suk7 qin1 suk7 cung2	shu2 qing1 shu2 zhong4	文			8		
男儿有泪不轻弹	lan5 ɵ5 iu3 li6 pet7 tɕʰin1 tʰan2	lan4 o4 yiu3 li5 bet6 qin1 tan2	nan2 er2 you3 lei4 bu4 qing1 tan2	赣			8		
自轻自贱	tsʰɿ6 tɕʰin1 tsʰɿ6 tɕʰiɛn6	ci5 qin1 ci5 qien5	zi4 qing1 zi4 jian4	文			8		
轻链	tɕʰin1 liɛn6	qin1 lien5	qing1 lian4	文			8		
轻工业局	tɕʰin1 kuŋ1 ȵiɛt7 tɕʰyt7	qin1 gung1 niet6 qyut6	qing1 gong1 ye4 ju2	文			7		
轻车简从	tɕʰin1 tsʰa1 kan3 tsʰuŋ2	qin1 ca1 gan3 cung2	qing1 che1 jian3 cong2	文			7		
喫饭	tɕʰiaʔ7 fan6	qiak6 fan5	chi1 fan4	赣	吃饭	chi1 fan4	3082		
不喫	pet7 tɕʰiaʔ7	bet6 qiak6	bu4 chi1	赣	不吃	bu4 chi1	1059		
大喫一惊	tʰai6 tɕʰiaʔ7 it7 tɕin1	tai5 qiak6 yit6 jin1	da4 chi1 yi1 jing1	赣	大吃一惊	da4 chi1 yi1 jing1	1033		
喫惊	tɕʰiaʔ7 tɕin1	qiak6 jin1	chi1 jing1	赣	吃惊	chi1 jing1	942		
小喫	ɕiɛu3 tɕʰiaʔ7	xieu3 qiak6	xiao3 chi1	赣	小吃	xiao3 chi1	938		
喫法	tɕʰiaʔ7 fat7	qiak6 fat6	chi1 fa3	赣	吃法	chi1 fa3	559		
喫掉	tɕʰiaʔ7 tʰiɛu3	qiak6 tieu3	chi1 diao4	赣	吃掉	chi1 diao4	323		
喫喝	tɕʰiaʔ7 hot7	qiak6 hot6	chi1 he1	赣	吃喝	chi1 he1	317		
喫亏	tɕʰiaʔ7 kʰui1	qiak6 kui1	chi1 kui1	赣	吃亏	chi1 kui1	282		
喫苦	tɕʰiaʔ7 kʰu3	qiak6 ku3	chi1 ku3	赣	吃苦	chi1 ku3	246		
喫药	tɕʰiaʔ7 iɔʔ7	qiak6 yok6	chi1 yao4	赣	吃药	chi1 yao4	235		
喫力	tɕʰiaʔ7 lit7	qiak6 lit6	chi1 li4	赣	吃力	chi1 li4	172		
口喫	kʰiɛu3 tɕʰiaʔ7	kieu3 qiak6	kou3 chi1	赣	口吃	kou3 chi1	135		
喫紧	tɕʰiaʔ7 tɕin3	qiak6 jin3	chi1 jin3	赣	吃紧	chi1 jin3	133		
喫食	tɕʰiaʔ7 sɨt7	qiak6 set6	chi1 shi2	赣	吃食	chi1 shi2	115		
喫香	tɕʰiaʔ7 ɕiɔŋ1	qiak6 xiong1	chi1 xiang1	赣	吃香	chi1 xiang1	100		
喫醋	tɕʰiaʔ7 tsʰu3	qiak6 cu3	chi1 cu4	赣	吃醋	chi1 cu4	94		
喫不消	tɕʰiaʔ7 pet7 ɕiɛu1	qiak6 bet6 xieu1	chi1 bu4 xiao1	赣	吃不消	chi1 bu4 xiao1	88		
白喫	pʰaʔ8 tɕʰiaʔ7	pak7 qiak6	bai2 chi1	赣	白吃	bai2 chi1	67		
大喫大喝	tʰai6 tɕʰiaʔ7 tʰai6 hot7	tai5 qiak6 tai5 hot6	da4 chi1 da4 he1	赣	大吃大喝	da4 chi1 da4 he1	67		
喫喝玩乐	tɕʰiaʔ7 hot7 uan5 lɔʔ7	qiak6 hot6 wan4 lok6	chi1 he1 wan2 le4	赣	吃喝玩乐	chi1 he1 wan2 le4	62		
喫苦耐劳	tɕʰiaʔ7 kʰu3 lai6 lau5	qiak6 ku3 lai5 lau4	chi1 ku3 nai4 lao2	赣	吃苦耐劳	chi1 ku3 nai4 lao2	62		
喫大亏	tɕʰiaʔ7 tʰai6 kʰui1	qiak6 tai5 kui1	chi1 da4 kui1	赣	吃大亏	chi1 da4 kui1	60		
混饭喫	fɨn6 fan6 tɕʰiaʔ7	fen5 fan5 qiak6	hun4 fan4 chi1	赣	混饭吃	hun4 fan4 chi1	57		
自讨苦喫	tsʰɿ6 tʰau3 kʰu3 tɕʰiaʔ7	ci5 tau3 ku3 qiak6	zi4 tao3 ku3 chi1	赣	自讨苦吃	zi4 tao3 ku3 chi1	49		
喫光	tɕʰiaʔ7 kuɔŋ1	qiak6 guong1	chi1 guang1	赣	吃光	chi1 guang1	47		
喫不了兜着走	tɕʰiaʔ7 pet7 liɛu3 tɛu1 tsoʔ7 tsɛu3	qiak6 bet6 lieu3 deu1 zok6 zeu3	chi1 bu4 liao3 dou1 zhe5 zou3	赣	吃不了兜着走	chi1 bu4 liao3 dou1 zhe5 zou3	46		
喫透	tɕʰiaʔ7 tʰɛu3	qiak6 teu3	chi1 tou4	赣	吃透	chi1 tou4	45		
省喫俭用	saŋ3 tɕʰiaʔ7 tɕʰiɛn6 iuŋ6	sang3 qiak6 qien5 yung5	sheng3 chi1 jian3 yong4	白	省吃俭用	sheng3 chi1 jian3 yong4	45		
喫斋	tɕʰiaʔ7 tsai1	qiak6 zai1	chi1 zhai1	赣	吃斋	chi1 zhai1	43		
喫荤	tɕʰiaʔ7 fɨn1	qiak6 fen1	chi1 hun1	赣	吃荤	chi1 hun1	41		
喫不得	tɕʰiaʔ7 pet7 tɛt7	qiak6 bet6 det6	chi1 bu4 de2	赣	吃不得	chi1 bu4 de2	38		
贪喫	tʰon1 tɕʰiaʔ7	ton1 qiak6	tan1 chi1	赣	贪吃	tan1 chi1	37		
争风喫醋	tsɛn1 fuŋ1 tɕʰiaʔ7 tsʰu3	zen1 fung1 qiak6 cu3	zheng1 feng1 chi1 cu4	赣	争风吃醋	zheng1 feng1 chi1 cu4	37		
好喫好喝	hau3 tɕʰiaʔ7 hau3 hot7	hau3 qiak6 hau3 hot6	hao3 chi1 hao3 he1	赣	好吃好喝	hao3 chi1 hao3 he1	37		
喫败仗	tɕʰiaʔ7 pʰai6 tsʰɔŋ6	qiak6 pai5 cong5	chi1 bai4 zhang4	赣	吃败仗	chi1 bai4 zhang4	35		
喫请	tɕʰiaʔ7 tɕʰiaŋ3	qiak6 qiang3	chi1 qing3	赣	吃请	chi1 qing3	32		
喫素	tɕʰiaʔ7 su5	qiak6 su4	chi1 su4	赣	吃素	chi1 su4	31		
喫喝嫖赌	tɕʰiaʔ7 hot7 pʰiɛu2 tu3	qiak6 hot6 pieu2 du3	chi1 he1 piao2 du3	赣	吃喝嫖赌	chi1 he1 piao2 du3	28		
喫不起	tɕʰiaʔ7 pet7 tɕʰi3	qiak6 bet6 qi3	chi1 bu4 qi3	赣	吃不起	chi1 bu4 qi3	26		
小喫店	ɕiɛu3 tɕʰiaʔ7 tiɛn5	xieu3 qiak6 dien4	xiao3 chi1 dian4	赣	小吃店	xiao3 chi1 dian4	25		
喫空额	tɕʰiaʔ7 kʰuŋ1 ŋiɛt7	qiak6 kung1 ngiet6	chi1 kong4 e2	赣	吃空额	chi1 kong4 e2	23		
喫苦头	tɕʰiaʔ7 kʰu3 tʰɛu2	qiak6 ku3 teu2	chi1 ku3 tou2	赣	吃苦头	chi1 ku3 tou2	23		
喫喫喝喝	tɕʰiaʔ7 tɕʰiaʔ7 hot7 hot7	qiak6 qiak6 hot6 hot6	chi1 chi1 he1 he1	赣	吃吃喝喝	chi1 chi1 he1 he1	23		
多喫多占	to1 tɕʰiaʔ7 to1 tsɛn5	do1 qiak6 do1 zen4	duo1 chi1 duo1 zhan4	赣	多吃多占	duo1 chi1 duo1 zhan4	23		
喫得下	tɕʰiaʔ7 tɛt7 ha6	qiak6 det6 ha5	chi1 de2 xia4	赣	吃得下	chi1 de5 xia4	22		
公款喫喝	kuŋ1 kʰuon3 tɕʰiaʔ7 hot7	gung1 kuon3 qiak6 hot6	gong1 kuan3 chi1 he1	赣	公款吃喝	gong1 kuan3 chi1 he1	22		
坐喫山空	tsʰo6 tɕʰiaʔ7 san1 kʰuŋ1	co5 qiak6 san1 kung1	zuo4 chi1 shan1 kong1	赣	坐吃山空	zuo4 chi1 shan1 kong1	22		
好喫懒做	hau3 tɕʰiaʔ7 lan3 tsu5	hau3 qiak6 lan3 zu4	hao3 chi1 lan3 zuo4	赣	好吃懒做	hao4 chi1 lan3 zuo4	22		
请喫	tɕʰiaŋ3 tɕʰiaʔ7	qiang3 qiak6	qing3 chi1	赣	请吃	qing3 chi1	21		
好汉不喫眼前亏	hau3 hon6 pet7 tɕʰiaʔ7 ŋæn3 tɕʰiɛn2 kʰui1	hau3 hon5 bet6 qiak6 ngan3 qien2 kui1	hao3 han4 bu4 chi1 yan3 qian2 kui1	赣	好汉不吃眼前亏	hao3 han4 bu4 chi1 yan3 qian2 kui1	21		
喫白食	tɕʰiaʔ7 pʰaʔ8 sɨt7	qiak6 pak7 set6	chi1 bai2 shi2	赣	吃白食	chi1 bai2 shi2	20		
喫闲饭	tɕʰiaʔ7 han2 fan6	qiak6 han2 fan5	chi1 xian2 fan4	赣	吃闲饭	chi1 xian2 fan4	20		
喫里扒外	tɕʰiaʔ7 li3 pa1 uai6	qiak6 li3 ba1 wai5	chi1 li3 ba1 wai4	赣	吃里扒外	chi1 li3 pa2 wai4	20		
难喫	lan5 tɕʰiaʔ7	lan4 qiak6	nan2 chi1	赣	难吃	nan2 chi1	19		
喫不住	tɕʰiaʔ7 pet7 tsʰu6	qiak6 bet6 cu5	chi1 bu2 zhu4	赣	吃不住	chi1 bu2 zhu4	18		
狗喫屎	kiɛu3 tɕʰiaʔ7 sɿ3	gieu3 qiak6 si3	gou3 chi1 shi3	赣	狗吃屎	gou3 chi1 shi3	18		
喫官司	tɕʰiaʔ7 kuon1 sɿ1	qiak6 guon1 si1	chi1 guan1 si1	赣	吃官司	chi1 guan1 si1	16		
敬酒不喫喫罚酒	tɕin5 tɕiu3 pet7 tɕʰiaʔ7 tɕʰiaʔ7 fat8 tɕiu3	jin4 jiu3 bet6 qiak6 qiak6 fat7 jiu3	jing4 jiu3 bu4 chi1 chi1 fa2 jiu3	赣	敬酒不吃吃罚酒	jing4 jiu3 bu4 chi1 chi1 fa2 jiu3	16		
喫干饭	tɕʰiaʔ7 kon1 fan6	qiak6 gon1 fan5	chi1 gan1 fan4	赣	吃干饭	chi1 gan1 fan4	15		
喫力不讨好	tɕʰiaʔ7 lit7 pet7 tʰau3 hau3	qiak6 lit6 bet6 tau3 hau3	chi1 li4 bu4 tao3 hao3	赣	吃力不讨好	chi1 li4 bu4 tao3 hao3	15		
喫大锅饭	tɕʰiaʔ7 tʰai6 uo1 fan6	qiak6 tai5 wo1 fan5	chi1 da4 guo1 fan4	赣	吃大锅饭	chi1 da4 guo1 fan4	14		
靠山喫山	kʰau3 san1 tɕʰiaʔ7 san1	kau3 san1 qiak6 san1	kao4 shan1 chi1 shan1	赣	靠山吃山	kao4 shan1 chi1 shan1	14		
大鱼喫小鱼	tʰai6 ȵie2 tɕʰiaʔ7 ɕiɛu3 ȵie2	tai5 nie2 qiak6 xieu3 nie2	da4 yu2 chi1 xiao3 yu2	赣	大鱼吃小鱼	da4 yu2 chi1 xiao3 yu2	14		
喫一堑	tɕʰiaʔ7 it7 tɕʰien3	qiak6 yit6 qien3	chi1 yi1 qian4	赣	吃一堑	chi1 yi1 qian4	13		
喫得消	tɕʰiaʔ7 tɛt7 ɕiɛu1	qiak6 det6 xieu1	chi1 de2 xiao1	赣	吃得消	chi1 de5 xiao1	11		
自找苦喫	tsʰɿ6 tsau3 kʰu3 tɕʰiaʔ7	ci5 zau3 ku3 qiak6	zi4 zhao3 ku3 chi1	赣	自找苦吃	zi4 zhao3 ku3 chi1	11		
喫住行	tɕʰiaʔ7 tsʰu6 ɕin5	qiak6 cu5 xin4	chi1 zhu4 xing2	赣	吃住行	chi1 zhu4 xing2	10		
喫豆腐	tɕʰiaʔ7 tʰɛu6 fu3	qiak6 teu5 fu3	chi1 dou4 fu3	赣	吃豆腐	chi1 dou4 fu3	10		
喫馆子	tɕʰiaʔ7 kuon3 tsɿ3	qiak6 guon3 zi3	chi1 guan3 zi5	赣	吃馆子	chi1 guan3 zi5	10		
靠天喫饭	kʰau3 tʰiɛn1 tɕʰiaʔ7 fan6	kau3 tien1 qiak6 fan5	kao4 tian1 chi1 fan4	赣	靠天吃饭	kao4 tian1 chi1 fan4	10		
喫香嗰喝辣嗰	tɕʰiaʔ7 ɕiɔŋ1 ko0 hot7 lat8 ko0	qiak6 xiong1 go0 hot6 lat7 go0	chi1 xiang1 ge3 he1 la4 ge3	赣	吃香嗰喝辣嗰	chi1 xiang1 ge3 he1 la4 ge3	10		
包喫	pau1 tɕʰiaʔ7	bau1 qiak6	bao1 chi1	赣	包吃	bao1 chi1	9		
喫大户	tɕʰiaʔ7 tʰai6 fu6	qiak6 tai5 fu5	chi1 da4 hu4	赣	吃大户	chi1 da4 hu4	9		
喫得开	tɕʰiaʔ7 tɛt7 kʰai1	qiak6 det6 kai1	chi1 de2 kai1	赣	吃得开	chi1 de5 kai1	9		
靠水喫水	kʰau3 sui3 tɕʰiaʔ7 sui3	kau3 sui3 qiak6 sui3	kao4 shui3 chi1 shui3	赣	靠水吃水	kao4 shui3 chi1 shui3	9		
哑巴喫黄连	ŋa3 pa1 tɕʰiaʔ7 uɔŋ5 liɛn5	nga3 ba1 qiak6 wong4 lien4	ya3 ba5 chi1 huang2 lian2	赣	哑巴吃黄连	ya3 ba1 chi1 huang2 lian2	9		
喫白饭	tɕʰiaʔ7 pʰaʔ8 fan6	qiak6 pak7 fan5	chi1 bai2 fan4	赣	吃白饭	chi1 bai2 fan4	8		
喫老本	tɕʰiaʔ7 lau3 pɨn3	qiak6 lau3 ben3	chi1 lao3 ben3	赣	吃老本	chi1 lao3 ben3	8		
喫后悔药	tɕʰiaʔ7 hɛu6 fɨi3 iɔʔ7	qiak6 heu5 fei3 yok6	chi1 hou4 hui3 yao4	赣	吃后悔药	chi1 hou4 hui3 yao4	8		
缺喫少穿	tɕʰyot7 tɕʰiaʔ7 sɛu3 tsʰon1	qyuot6 qiak6 seu3 con1	que1 chi1 shao3 chuan1	赣	缺吃少穿	que1 chi1 shao3 chuan1	8		
癞蛤蟆想喫天鹅肉	lai6 ha5 ma0 ɕiɔŋ3 tɕʰiaʔ7 tʰiɛn1 ŋo5 y	lai5 ha4 ma0 xiong3 qiak6 tien1 ngo4 niuk6	lai4 ha2 ma5 xiang3 chi1 tian1 e2 rou4	赣	癞蛤蟆想吃天鹅肉	lai4 ha2 ma5 xiang3 chi1 tian1 e2 rou4	8		
喫派饭	tɕʰiaʔ7 pʰai3 fan6	qiak6 pai3 fan5	chi1 pai4 fan4	赣	吃派饭	chi1 pai4 fan4	7		
小喫摊	ɕiɛu3 tɕʰiaʔ7 tʰan1	xieu3 qiak6 tan1	xiao3 chi1 tan1	赣	小吃摊	xiao3 chi1 tan1	7		
喫香喝辣	tɕʰiaʔ7 ɕiɔŋ1 hot7 lat8	qiak6 xiong1 hot6 lat7	chi1 xiang1 he1 la4	赣	吃香喝辣	chi1 xiang1 he1 la4	7		
喫一堑长一智	tɕʰiaʔ7 it7 tɕʰien3 tsɔŋ3 it7 tsɿ5	qiak6 yit6 qien3 zong3 yit6 zi4	chi1 yi1 qian4 zhang3 yi1 zhi4	赣	吃一堑长一智	chi1 yi1 qian4 zhang3 yi1 zhi4	7		
有滴子	iu3 tiaʔ7 tsɿ0	yiu3 diak6 zi0	you3 di1 zi5	白	有点儿	you3 dian3 er2	250000		
滴子	tiaʔ7 tsɿ0	diak6 zi0	di1 zi5	白			350000	点	
舷上	ɕiɛn5 sɔŋ6	xien4 song5	xian2 shang4	赣			100000	边上	
舷舷子上	ɕiɛn5 ɕiɛn5 tsɿ0 sɔŋ6	xien4 xien4 zi0 song5	xian2 xian2 zi5 shang4	赣			100000	边上	
由到	iu5 tau0	yiu4 dau0	you2 dao4	赣	任由	ren4 you2	100000		
㧸门	pʰᴀŋ1 mɨn5	pang1 men4	peng1 men2	赣	敲门	qiao1 men2	125000		
油洌了	iu5 lɛt6 liɛu0	yiu4 lie5 lieu0	you2 lie4 le5	赣	油腻	you2 ni4	100000		
净细	tɕʰiaŋ6 ɕi0	qiang5 xi0	jing4 xi4	白	珍惜/爱惜	zhen1 xi1/ai4 xi1	100000		
嗰啊	ko0 a0	go0 a0	ge3 a5	赣			110000	嘎	
好是	hau3 sɿ6	hau3 si5	hao3 shi4	赣	不如/还不如	bu4 ru2/hai2 bu4 ru2	100000		
窜死	tsʰon5 sɿ3	con4 si3	cuan4 si3	赣	乱跑	luan4 pao3	140000		
窜死修坟	tsʰon5 sɿ3 ɕiu1 fɨn5	con4 si3 xiu1 fen4	cuan4 si3 xiu1 fen2	赣	乱跑	luan4 pao3	100000		
劈塞	pʰiaʔ7 sɛt7	piak6 set6	pi1 sai1	赣	满满当当	man3 man3 dang1 dang1	100000		
搦得	laʔ7 tɛt7	lak6 det6	nuo4 de2	白	拿给/拿到	na2 gei3/na2 dao4	86865		
撑清	tsʰaŋ5 tɕʰin1	cang4 qin1	cheng1 qing1	文	弄懂	nong4 dong3	56489		
嘢哩嘢屑	ye6 li0 ye6 ɕiɛt7	yue5 li0 yue5 xiet6	ye3 li1 ye3 xie4	赣	邋里邋遢	la1 li3 la1 ta1	100000		
零碎	liaŋ5 sui5	liang4 sui4	ling2 sui4	白	零食	ling2 shi2	246845		
匍到	pʰu2 tau5	pu2 dau4	pu2 dao4	赣	趴着	pa1 zhe5	56972		
好哩哩	hau3 li3 li3	hau3 li3 li3	hao3 li1 li1	赣	无缘无故/好好的	wu2 yuan2 wu2 gu4/hao3 hao3 de5	89974		
申请	sɨn1 tɕʰin3	sen1 qin3	shen1 qing3	文			47869		
出生	tsʰuʔ7 saŋ1	cuk6 sang1	chu1 sheng1	白			26979		
新生	ɕin1 saŋ1	xin1 sang1	xin1 sheng1	白			1379		
好生	hau3 saŋ1	hau3 sang1	hao3 sheng1	白			1321		
生育	saŋ1 ȵiuʔ7	sang1 niuk6	sheng1 yu4	白			958		
生出	saŋ1 tsʰuʔ7	sang1 cuk6	sheng1 chu1	白			75849		
妖精	iɛu1 tɕiaŋ1	yeu1 jiang1	yao1 jing1	白			701		
请客	tɕʰiaŋ3 kʰaʔ7	qiang3 kak6	qing3 ke4	白			252		
请假	tɕʰiaŋ3 ka3	qiang3 ga3	qing3 jia4	白			25229		
邀请赛	iɛu1 tɕʰin3 sai5	yeu1 qin3 sai4	yao1 qing3 sai4	文			133		
省略	saŋ3 liɔʔ7	sang3 liok6	sheng3 lve4	白			50129		
申请人	sɨn1 tɕʰin3 ȵin5	sen1 qin3 nin4	shen1 qing3 ren2	文			128		
申请书	sɨn1 tɕʰin3 su1	sen1 qin3 su1	shen1 qing3 shu1	文			83		
生水	saŋ1 sui3	sang1 sui3	sheng1 shui3	白			6559		
省心	saŋ3 ɕin1	sang3 xin1	sheng3 xin1	白			44		
零用钱	liaŋ5 iuŋ6 tɕʰiɛn2	liang4 yung5 qien2	ling2 yong4 qian2	白			34		
请求权	tɕʰin3 tɕʰiu2 tɕʰyon2	qin3 qiu2 qyuon2	qing3 qiu2 quan2	文			33		
精怪	tɕiaŋ1 kuai5	jiang1 guai4	jing1 guai4	白			25032		
零头	liaŋ5 tʰɛu2	liang4 teu2	ling2 tou2	白			26		
马屁精	ma1 pʰi3 tɕiaŋ1	ma1 pi3 jiang1	ma3 pi4 jing1	白			24		
为民请命	ui6 min5 tɕʰin3 min6	wui5 min4 qin3 min5	wei4 min2 qing3 ming4	文			23		
负荆请罪	fu6 tɕin1 tɕʰin3 tsʰui6	fu5 jin1 qin3 cui5	fu4 jing1 qing3 zui4	文			22		
生菜	saŋ1 tsʰai3	sang1 cai3	sheng1 cai4	白			21		
申请单	sɨn1 tɕʰin3 tan1	sen1 qin3 dan1	shen1 qing3 dan1	文			21		
被申请人	pʰi5 sɨn1 tɕʰin3 ȵin5	pi4 sen1 qin3 nin4	bei4 shen1 qing3 ren2	文			21		
呈请	tsʰɨn2 tɕʰin3	cen2 qin3	cheng2 qing3	文			20		
蜘蛛精	tsɿ1 tɕy1 tɕiaŋ1	zi1 jyu1 jiang1	zhi1 zhu1 jing1	白			15		
糊精	fu6 tɕiaŋ1	fu5 jiang1	hu2 jing1	白			14		
鬼灵精	kui3 lin5 tɕiaŋ1	gui3 lin4 jiang1	gui3 ling2 jing1	白			14		
小妖精	ɕiɛu3 iɛu1 tɕiaŋ1	xieu3 yeu1 jiang1	xiao3 yao1 jing1	白			12		
精肉	tɕiaŋ1 y	jiang1 niuk6	jing1 rou4	白			11		
邀功请赏	iɛu1 kuŋ1 tɕʰin3 sɔŋ3	yeu1 gung1 qin3 song3	yao1 gong1 qing3 shang3	文			11		
一个零	it7 ko5 liaŋ5	yit6 go4 liang4	yi2 ge4 ling2	白			10		
请君入瓮	tɕʰin3 tɕyn1 luʔ7 uŋ5	qin3 jyun1 luk6 wung4	qing3 jun1 ru4 weng4	文			10		
零用	liaŋ5 iuŋ6	liang4 yung5	ling2 yong4	白			10		
零钞	liaŋ5 tsʰau1	liang4 cau1	ling2 chao1	白			9		
省掉	saŋ3 tʰiɛu3	sang3 tieu3	sheng3 diao4	白			8		
请益	tɕʰin3 it7	qin3 yit6	qing3 yi4	文			8		
省略句	saŋ3 liɔʔ7 tɕy5	sang3 liok6 jyu4	sheng3 lve4 ju4	白			7		
惊醒	tɕiaŋ1 ɕiaŋ3	jiang1 xiang3	jing1 xing3	白			75582		
警觉	tɕiaŋ3 kɔʔ7	jiang3 gok6	jing3 jue2	白			25301		
警觉性	tɕiaŋ3 kɔʔ7 ɕin5	jiang3 gok6 xin4	jing3 jue2 xing4	白			9		
就作	tɕʰiu6 tsɔʔ0	qiu5 zok0	jiu4 zuo4	赣	就当	jiu4 dang1	105000		
几大	tɕi3 tʰai6	ji3 tai5	ji3 da4	赣	多大	duo1 da4	105000		
几好	tɕi3 hau3	ji3 hau3	ji3 hao3	赣	多好	duo1 hao3	100000		
几久	tɕi3 tɕiu3	ji3 jiu3	ji3 jiu3	赣	多久	duo1 jiu3	100000		
随到	sui5 tau0	sui4 dau0	sui2 dao4	赣	随着	sui2 zhe5	10614		
看到	kʰon3 tau0	kon3 dau0	kan4 dao4	赣	看着	kan4 zhe5	256766		
接到	tɕiɛt7 tau0	jiet6 dau0	jie1 dao4	赣			256206	接着	
想到	ɕiɔŋ3 tau0	xiong3 dau0	xiang3 dao4	赣	想着	xiang3 zhe5	177808		
指到	tsɿ3 tau0	zi3 dau0	zhi3 dao4	赣	指着	zhi3 zhe5	2192		
沿到	ȵyon5 tau0	nyuon4 dau0	yan2 dao4	赣	沿着	yan2 zhe5	1699		
顺到	sun6 tau0	sun5 dau0	shun4 dao4	赣	顺着	shun4 zhe5	1178		
打到	ta3 tau0	da3 dau0	da3 dao4	赣	打着	da3 zhe5	1052		
跟到	kiɛn1 tau0	gien1 dau0	gen1 dao4	赣	跟着	gen1 zhe5	251018		
怀到	ɸai5 tau0	fai4 dau0	huai2 dao4	赣	怀着	huai2 zhe5	901		
向到	ɕiɔŋ5 tau0	xiong4 dau0	xiang4 dao4	赣	向着	xiang4 zhe5	827		
朝到	tsʰɛu2 tau0	ceu2 dau0	chao2 dao4	赣	朝着	chao2 zhe5	797		
当到	tɔŋ1 tau0	dong1 dau0	dang1 dao4	赣	当着	dang1 zhe5	665		
为到	ui6 tau0	wui5 dau0	wei4 dao4	赣	为着	wei4 zhe5	622		
趁到	tsʰɨn5 tau0	cen4 dau0	chen4 dao4	赣	趁着	chen4 zhe5	531		
冲到	tsʰuŋ1 tau0	cung1 dau0	chong1 dao4	赣	冲着	chong1 zhe5	503		
借到	tɕia5 tau0	jia4 dau0	jie4 dao4	赣	借着	jie4 zhe5	458		
赶到	kon3 tau0	gon3 dau0	gan3 dao4	赣	赶着	gan3 zhe5	403		
靠到	kʰau3 tau0	kau3 dau0	kao4 dao4	赣	靠着	kao4 zhe5	394		
贴到	tʰiɛt7 tau0	tiet6 dau0	tie1 dao4	赣	贴着	tie1 zhe5	370		
本到	pɨn3 tau0	ben3 dau0	ben3 dao4	赣	本着	ben3 zhe5	350		
按到	ŋon5 tau0	ngon4 dau0	an4 dao4	赣	按着	an4 zhe5	349		
觉到	kɔʔ7 tau0	gok6 dau0	jue2 dao4	赣	觉着	jue2 zhe5	340		
挨到	ŋai1 tau0	ngai1 dau0	ai1 dao4	赣	挨着	ai1 zhe5	313		
乘到	sɨn5 tau0	sen4 dau0	cheng2 dao4	赣	乘着	cheng2 zhe5	304		
凭到	pʰin2 tau0	pin2 dau0	ping2 dao4	赣	凭着	ping2 zhe5	223		
吸到	ɕit7 tau0	xit6 dau0	xi1 dao4	赣	吸着	xi1 zhuo2	146		
划到	fa2 tau0	fa2 dau0	hua4 dao4	赣	划着	hua4 zhe5	108		
背到	pi5 tau0	bi4 dau0	bei4 dao4	赣	背着	bei4 zhe5	62		
数到	su5 tau0	su4 dau0	shu4 dao4	赣	数着	shu4 zhe5	61		
照到	tsɛu5 tau0	zeu4 dau0	zhao4 dao4	赣	照着	zhao4 zhe5	42		
连到	liɛn5 tau0	lien4 dau0	lian2 dao4	赣	连着	lian2 zhe5	24		
睏着	kʰun6 tsʰɔʔ8	kun5 cok7	kun4 zhe5	赣	睡着	shui4 zhao2	150000		
产品经理	tsʰan3 pʰin3 tɕin1 li3	can3 pin3 jin1 li3	chan3 pin3 jing1 li3	赣			14565		
文读	uen5 tʰuʔ7	wun4 tuk6	wen2 du2	赣			56896		
白读	pʰaʔ8 tʰuʔ8	pak7 tuk7	bai2 du2	赣			16796		
城里面	saŋ5 li3 miɛn6	sang4 li3 mien5	cheng2 li3 mian4	白			14435		
抽中	tɕʰiu1 tsuŋ1	qiu1 zung1	chou1 zhong1	赣			40000		
汉语方言	hon6 ȵy3 fɔŋ1 ȵiɛn5	hon5 nyu3 fong1 nien4	han4 yu3 fang1 yan2	赣			20000		
得正	tɛt7 tsaŋ5	det6 zang4	de2	白			13428		
哪些问题	la3 ɕiɛt7 uen6 tʰi2	la3 xiet6 wun5 ti2	na3 xie1	赣			11883		
到时间	tau5 sɿ5 kan1	dau4 si4 gan1	dao4	赣			22955		
时间戳	sɿ5 kan1 tsʰɔʔ7	si4 gan1 cok6	shi2 jian1 chuo1	赣			230000		
做出来	tsu5 tsʰuʔ7 lei5	zu4 cuk6 lei4	zuo4 chu1 lai2	赣			20000		
关联词语	kuan1 liɛn5 tsʰɿ2 ȵy3	guan1 lien4 ci2 nyu3	guan1 lian2 ci2 yu3	赣			95000		
不需要	pet7 ɕy1 iɛu1	bet6 xyu1 yeu1	bu4 xu1 yao4	赣			350000		
学霸	hoʔ7 pa5	hok6 ba4	xue2 ba4	赣			14801		
命令行	min6 lin6 hɔŋ2	min5 lin5 hong2	ming4 ling4 xing2	赣			25000		
太多	tʰai3 to1	tai3 do1	tai4 duo1	赣			41487		
不大晓得	pet7 tʰai6 ɕiɛu3 tɛt7	bet6 tai5 xieu3 det6	bu4 da4	赣			61662		
不重复	pet7 tsʰuŋ2 fuʔ7	bet6 cung2 fuk6	bu4	赣			10298		
最明显	tsui5 min5 ɕiɛn3	zui4 min4 xien3	zui4	赣			13686		
会话	ui6 ua6	wui5 wa5	hui4 hua4	赣			44681		
本来是	pɨn3 lei5 sɿ6	ben3 lei4 si5	ben3 lai2 shi4	赣			20000		
负定义	fu6 tʰin6 ȵi6	fu5 tin5 ni5	fu4	赣			37342		
瞎改	hat7 kai3	hat6 gai3	xia1 gai3	赣			11865		
好搞笑	hau3 kau3 ɕiɛu5	hau3 gau3 xieu4	hao3 gao3 xiao4	赣			19236		
分别是	fɨn1 pʰiɛt8 sɿ6	fen1 piet7 si5	fen1 bie2 shi4	赣			20000		
相对于	ɕiɔŋ1 tui5 y5	xiong1 dui4 yu4	xiang1 dui4 yu2	赣			45000		
更早	kiɛn5 tsau3	gien4 zau3	geng4 zao3	赣			25000		
到了	tau5 liɛu0	dau4 lieu0	dao4 le5	赣			100000		
聚类	tɕʰy6 lui6	qyu5 lui5	ju4 lei4	赣			20000		
当然啰	tɔŋ1 lɛn5 lo5	dong1 len4 lo4	dang1 ran2 luo1	赣			10491		
比较大	pi3 kau5 tʰai6	bi3 gau4 tai5	bi3 jiao4 da4	赣			20000		
本文件	pɨn3 uen5 tɕʰiɛn6	ben3 wun4 qien5	ben3	赣			13431		
而不是	ɵ5 pet7 sɿ6	o4 bet6 si5	er2	赣			215000		
更大	kiɛn5 tʰai6	gien4 tai5	geng4 da4	赣			10693		
安卓	ŋon1 tsɔʔ7	ngon1 zok6	an1 zhuo2	赣			265000		
最全面	tsui5 tɕʰyon2 miɛn6	zui4 qyuon2 mien5	zui4 quan2 mian4	赣			40000		
副标题	fu5 piɛu1 tʰi2	fu4 bieu1 ti2	fu4	赣			65000		
常见度	sɔŋ5 tɕiɛn5 tʰu6	song4 jien4 tu5	chang2 jian4 du4	赣			11302		
过程中	kuo5 tsʰɨn2 tsuŋ1	guo4 cen2 zung1	guo4 cheng2 zhong1	赣			20000		
一定要	it7 tʰin6 iɛu1	yit6 tin5 yeu1	yi2 ding4 yao4	赣			25000		
有帮助	iu3 pɔŋ1 tsʰu6	yiu3 bong1 cu5	you3	赣			10932		
全平台	tɕʰyon2 pʰin2 tʰai2	qyuon2 pin2 tai2	quan2 ping2 tai2	赣			45000		
可能是	kʰo3 lɛn5 sɿ6	ko3 len4 si5	ke3 neng2 shi4	赣			10925		
乱编	lon6 piɛn1	lon5 bien1	luan4 bian1	赣			20000		
最有	tsui5 iu3	zui4 yiu3	zui4 you3	赣			16531		
修改时间	ɕiu1 kai3 sɿ5 kan1	xiu1 gai3 si4 gan1	xiu1 gai3	赣			12017		
解包	kai3 pau1	gai3 bau1	jie3 bao1	赣			11209		
标准日本语	piɛu1 tsun3 lɛt7 pɨn3 ȵy3	bieu1 zun3 let6 ben3 nyu3	biao1 zhun3 ri4 ben3 yu3	文			40000		
线性代数	ɕiɛn5 ɕin5 tʰai6 su5	xien4 xin4 tai5 su4	xian4 xing4 dai4 shu4	赣			11042		
不想要	pet7 ɕiɔŋ3 iɛu1	bet6 xiong3 yeu1	bu4 xiang3 yao4	赣			10749		
还要把	hat7 iɛu1 pa3	hat6 yeu1 ba3	hai2 yao4 ba3	赣			12739		
本条目	pɨn3 tʰiɛu2 muʔ7	ben3 tieu2 muk6	ben3	赣			15335		
吴语	u5 ȵy3	wu4 nyu3	wu2 yu3	赣			61877		
重做	tsʰuŋ6 tsu5	cung5 zu4	zhong4 zuo4	赣			20000		
不太	pet7 tʰai3	bet6 tai3	bu4 tai4	赣			42919		
先做	ɕiɛn1 tsu5	xien1 zu4	xian1 zuo4	赣			11769		
几多人	tɕi3 to1 ȵin5	ji3 do1 nin4	ji3 duo1 ren2	赣			13641		
跳过	tʰiɛu3 kuo5	tieu3 guo4	tiao4 guo4	赣			35000		
日本语	lɛt7 pɨn3 ȵy3	let6 ben3 nyu3	ri4 ben3 yu3	文			40000		
该字	kai1 tsʰɿ6	gai1 ci5	gai1 zi4	赣			25000		
本词	pɨn3 tsʰɿ2	ben3 ci2	ben3 ci2	赣			36618		
如果是	lu5 kuo3 sɿ6	lu4 guo3 si5	ru2 guo3 shi4	赣			20000		
生僻字	sɛn1 pʰit7 tsʰɿ6	sen1 pit6 ci5	sheng1 pi4 zi4	赣			45025		
重试	tsʰuŋ6 sɿ5	cung5 si4	zhong4 shi4	赣			27106		
关键是	kuan1 tɕʰien2 sɿ6	guan1 qien2 si5	guan1 jian4 shi4	赣			45000		
发出来	fat7 tsʰuʔ7 lei5	fat6 cuk6 lei4	fa1 chu1 lai2	赣			20000		
有可能	iu3 kʰo3 lɛn5	yiu3 ko3 len4	you3 ke3 neng2	赣			35000		
音系	in1 ɕi0	yin1 xi0	yin1 xi4	赣			130000		
要到	iɛu1 tau5	yeu1 dau4	yao4 dao4	赣			12798		
处理方法	tsʰu3 li3 fɔŋ1 fat7	cu3 li3 fong1 fat6	chu3 li3 fang1 fa3	赣			40000		
一句话	it7 tɕy5 ua6	yit6 jyu4 wa5	yi1 ju4 hua4	赣			45000		
音声	in1 sɨn1	yin1 sen1	yin1 sheng1	文			12176		
安装包	ŋon1 tsɔŋ1 pau1	ngon1 zong1 bau1	an1 zhuang1 bao1	赣			110000		
不就	pet7 tɕʰiu6	bet6 qiu5	bu4 jiu4	赣			120000		
中国人	tsuŋ1 kuɛt7 ȵin5	zung1 guet6 nin4	zhong1 guo2 ren2	赣			39145		
就会	tɕʰiu6 ui6	qiu5 wui5	jiu4 hui4	赣			225000		
看下	kʰon1 ha6	kon1 ha5	kan4 xia4	赣			85000		
有哪些	iu3 la3 ɕiɛt7	yiu3 la3 xiet6	you3 na3 xie1	赣			32161		
懒音	lan3 in1	lan3 yin1	lan3 yin1	赣			13113		
搁到	kɔʔ7 tau5	gok6 dau4	ge1 dao4	赣			275000	搁得	
最简单	tsui5 kan3 tan1	zui4 gan3 dan1	zui4	赣			20000		
麻丘	ma5 tɕʰiu1	ma4 qiu1	ma2 qiu1	赣			11418		
就应该	tɕʰiu6 in5 kai1	qiu5 yin4 gai1	jiu4	赣			12202		
群系	tɕʰyn2 ɕi6	qyun2 xi5	qun2 xi4	赣			20000		
不知道	pet7 tsɿ1 tʰau6	bet6 zi1 tau5	bu4 zhi1 dao4	赣			20000		
理论上	li3 lɨn6 sɔŋ6	li3 len5 song5	li3 lun4	赣			90000		
版本更新	pan3 pɨn3 kiɛn5 ɕin1	ban3 ben3 gien4 xin1	ban3 ben3 geng1 xin1	赣			20000		
往期	uɔŋ3 tɕʰi2	wong3 qi2	wang3 qi1	赣			15782		
音典	in1 tiɛn3	yin1 dien3	yin1 dian3	赣			180000		
习得	ɕit7 tɛt7	xit6 det6	xi2 de2	赣			20000		
好用	hau3 iuŋ6	hau3 yung5	hao3 yong4	赣			68068		
并不	pʰin6 pet7	pin5 bet6	bing4 bu4	赣			20000		
大公司	tʰai6 kuŋ1 sɿ1	tai5 gung1 si1	da4	赣			14461		
喃字	lan5 tsʰɿ6	lan4 ci5	nan2 zi4	赣			11667		
最多	tsui5 to1	zui4 do1	zui4 duo1	赣			37104		
只能是	tsɿʔ7 lɛn5 sɿ6	zik6 len4 si5	zhi3 neng2 shi4	赣			25000		
就像	tɕʰiu6 tɕʰiɔŋ6	qiu5 qiong5	jiu4 xiang4	赣			135000		
小问题	ɕiɛu3 uen6 tʰi2	xieu3 wun5 ti2	xiao3	赣			11610		
文白	uen5 pʰaʔ8	wun4 pak7	wen2 bai2	赣			250000		
三定律	san1 tʰin6 lit7	san1 tin5 lit6	san1	赣			11801		
有办法	iu3 pʰan6 fat7	yiu3 pan5 fat6	you3 ban4 fa3	赣			45000		
问题是	uen6 tʰi2 sɿ6	wun5 ti2 si5	wen4 ti2 shi4	赣			190000		
发语音	fat7 ȵy3 in1	fat6 nyu3 yin1	fa1	赣			11426		
标日	piɛu1 lɛt7	bieu1 let6	biao1 ri4	文			12319		
清北	tɕʰiaŋ1 pɛt7	qiang1 bet6	qing1 bei3	白			13930		
词库	tsʰɿ2 kʰu3	ci2 ku3	ci2 ku4	赣			160000		
一定是	it7 tʰin6 sɿ6	yit6 tin5 si5	yi2 ding4 shi4	赣			13961		
想办法	ɕiɔŋ3 pʰan6 fat7	xiong3 pan5 fat6	xiang3 ban4 fa3	赣			20000		
我需要	ŋo3 ɕy1 iɛu1	ngo3 xyu1 yeu1	wo3 xu1 yao4	赣			80122		
翘舌	tɕʰiɛu2 sɛt7	qieu2 set6	qiao4 she2	赣			13633		
而又	ɵ5 iu6	o4 yiu5	er2 you4	赣			11182		
蛮好	man1 hau3	man1 hau3	man2 hao3	赣	挺好/很好	tin3 hao3/hen3 hao3	130000		
补全	pu3 tɕʰyon2	bu3 qyuon2	bu3 quan2	赣			145000		
国族	kuɛt7 tsʰuʔ7	guet6 cuk6	guo2 zu2	赣			14759		
样例	iɔŋ6 li6	yong5 li5	yang4 li4	赣			23264		
到现在	tau5 ɕiɛn6 tsʰai6	dau4 xien5 cai5	dao4	赣			13818		
要不要	iɛu1 pet7 iɛu1	yeu1 bet6 yeu1	yao4	赣			75000		
开高速	kʰai1 kau1 suʔ7	kai1 gau1 suk6	kai1	赣			13505		
理解了	li3 kai3 liɛu0	li3 gai3 lieu0	li3 jie3 le5	赣			11191		
喫了	tɕʰiaʔ7 liɛu0	qiak6 lieu0	chi1 le5	赣			39829		
翻页	fan1 iɛt7	fan1 yet6	fan1 ye4	赣			45000		
知乎	tsɿ1 fu5	zi1 fu4	zhi1 hu1	赣			12729		
还需要	hat7 ɕy1 iɛu1	hat6 xyu1 yeu1	hai2 xu1 yao4	赣			105000		
问我	uen6 ŋo3	wun5 ngo3	wen4 wo3	赣			230000		
只需要	tsɿʔ7 ɕy1 iɛu1	zik6 xyu1 yeu1	zhi3 xu1 yao4	赣			55000		
末地	mot7 tʰi6	mot6 ti5	mo4 di4	赣			40000		
闽南语	min3 lan5 ȵy3	min3 lan4 nyu3	min3 nan2 yu3	赣			145000		
是由	sɿ6 iu5	si5 yiu4	shi4 you2	赣			11431		
越多	yot7 to1	yuot6 do1	yue4 duo1	赣			20000		
过多	kuo5 to1	guo4 do1	guo4 duo1	赣			70000		
复辅音	fuʔ7 pʰu3 in1	fuk6 pu3 yin1	fu4 fu3 yin1	赣			12730		
倒是	tau5 sɿ6	dau4 si5	dao4 shi4	赣			14932		
都可以	tu1 kʰo3 i3	du1 ko3 yi3	dou1 ke3 yi3	赣			20000		
不是话	pet7 sɿ6 ua6	bet6 si5 wa5	bu2 shi4 hua4	赣	不是说	bu2 shi4 shuo1	20000		
是用	sɿ6 iuŋ6	si5 yung5	shi4	赣			11661		
又是	iu6 sɿ6	yiu5 si5	you4 shi4	赣			13785		
南京话	lan5 tɕin1 ua6	lan4 jin1 wa5	nan2 jing1 hua4	赣			20000		
项目规范	hɔːŋ6 muʔ7 kui1 fan6	hong5 muk6 gui1 fan5	xiang4 mu4 gui1 fan4	赣			20000		
又会	iu6 ui6	yiu5 wui5	you4 hui4	赣			13673		
我要	ŋo3 iɛu1	ngo3 yeu1	wo3 yao4	赣			95000		
写出来	ɕia3 tsʰuʔ7 lei5	xia3 cuk6 lei4	xie3 chu1 lai2	赣			25000		
打出来	ta3 tsʰuʔ7 lei5	da3 cuk6 lei4	da3 chu1 lai2	赣			20000		
跟我	kiɛn1 ŋo3	gien1 ngo3	gen1 wo3	赣			390000		
都有	tu1 iu3	du1 yiu3	dou1 you3	赣			210000		
哪些子	la3 ɕiɛt7 tsɿ3	la3 xiet6 zi3	na3 xie1 zi5	赣			36386		
有问题	iu3 uen6 tʰi2	yiu3 wun5 ti2	you3	赣			270000		
是为了	sɿ6 ui6 liɛu0	si5 wui5 lieu0	shi4	赣			10585		
在先	cei6 ɕiɛn1	cei5 xien1	zai4 xian1	赣			14190		
本质上	pɨn3 tsɨt7 sɔŋ6	ben3 zet6 song5	ben3 zhi4 shang4	赣			25000		
发钱	fat7 tɕʰiɛn2	fat6 qien2	fa1 qian2	赣			20000		
有个	iu3 ko5	yiu3 go4	you3 ge4	赣			25000		
有一些	iu3 it7 ɕiɛt7	yiu3 yit6 xiet6	you3	赣			12867		
一些人	it7 ɕiɛt7 ȵin5	yit6 xiet6 nin4	yi1 xie1 ren2	赣			20000		
见得	tɕiɛn5 tɛt0	jien4 det0	jian4 de2	赣			32522	见到	
回得	fɨi5 tɛt0	fei4 det0	hui2 de2	赣			6103	回到	
想得	ɕiɔŋ3 tɛt0	xiong3 det0	xiang3 de2	赣			5735	想到	
听得	tʰiaŋ1 tɛt0	tiang1 det0	ting1 de2	白			15294	听到	
遇得	ȵy6 tɛt0	nyu5 det0	yu4 de2	赣			5143	遇到	
送得	suŋ5 tɛt0	sung4 det0	song4 de2	赣	送给	song4 gei3	1679	送到	
碰得	pʰuŋ3 tɛt0	pung3 det0	peng4 de2	赣			1547	碰到	
谈得	tʰan2 tɛt0	tan2 det0	tan2 de2	赣			1263	谈到	
等得	tɛn3 tɛt0	den3 det0	deng3 de2	赣			1083	等到	
放得	fɔŋ5 tɛt0	fong4 det0	fang4 de2	赣			1018	放到	
料得	liɛu6 tɛt0	lieu5 det0	liao4 de2	赣			1018	料到	
传得	tsʰon2 tɛt0	con2 det0	chuan2 de2	赣	传给	chuan2 gei3	494	传到	
带得	tai5 tɛt0	dai4 det0	dai4 de2	赣	带给	dai4 gei3	449	带到	
落得	lɔʔ8 tɛt0	lok7 det0	luo4 de5	赣			782	落到	
运得	yn6 tɛt0	yun5 det0	yun4 de2	赣			309	运到	
交得	kau1 tɛt0	gau1 det0	jiao1 de2	赣	交给	jiao1 gei3	3204	交到	
临得	lin5 tɛt0	lin4 det0	lin2 de2	赣			117	临到	
发得	fat7 tɛt0	fat6 det0	fa1 de2	赣	发给	fa1 gei3	483	发到	
挂得	kuɑ5 tɛt0	gua4 det0	gua4 de2	赣			62	挂到	
撞得	tsʰɔŋ6 tɛt0	cong5 det0	zhuang4 de2	赣			60000	撞到	
搁得	kɔʔ7 tɛt0	gok6 det0	ge1 de2	赣			160000	搁到	
渳一口	mit7 it7 kʰiɛu3	mit6 yit6 kieu3	mi3 yi1 kou3	赣			37650		
留得	liu5 tɛt0	liu4 det0	liu2 de2	赣	留给	liu2 gei3	5778		
分得	fɨn1 tɛt0	fen1 det0	fen1 de5	赣	分给	fen1 gei3	25391		
输得	su1 tɛt0	su1 det0	shu1 de2	赣	输给	shu1 gei3	358		
付得	fu5 tɛt0	fu4 det0	fu4 de2	赣	付给	fu4 gei3	297		
还得	hat7 tɛt0	hat6 det0	hai2 de2	赣	还给	huan2 gei3	269		
让得	ȵiɔŋ6 tɛt0	niong5 det0	rang4 de2	赣	让给	rang4 gei3	258		
写得	ɕia3 tɛt0	xia3 det0	xie3 de2	赣	写给	xie3 gei3	227		
借得	tɕia5 tɛt0	jia4 det0	jie4 de2	赣	借给	jie4 gei3	213		
转得	tson3 tɛt0	zon3 det0	zhuan3 de2	赣	转给	zhuan3 gei3	148		
教得	kau5 tɛt0	gau4 det0	jiao4 de2	赣	教给	jiao1 gei3	131		
拨得	pot7 tɛt0	bot6 det0	bo1 de2	赣	拨给	bo1 gei3	117		
配得	pʰi3 tɛt0	pi3 det0	pei4 de2	赣	配给	pei4 ji3	112		
拿得	laʔ7 tɛt0	lak6 det0	na2 de2	赣	拿给	na2 gei3	83		
赠得	tsʰɛn6 tɛt0	cen5 det0	zeng4 de2	赣	赠给	zeng4 gei3	83		
租得	tsu1 tɛt0	zu1 det0	zu1 de2	赣	租给	zu1 gei3	55		
败得	pʰai6 tɛt0	pai5 det0	bai4 de2	赣	败给	bai4 gei3	47		
捐得	tɕyon1 tɛt0	jyuon1 det0	juan1 de2	赣	捐给	juan1 gei3	39		
奖得	tɕiɔŋ3 tɛt0	jiong3 det0	jiang3 de2	赣	奖给	jiang3 gei3	23		
㿹皮	tʰat7 pʰi2	tat6 pi2	ta4 pi2	赣			121036	脱皮	
罗家集	lo5 ka1 tɕit7	lo4 ga1 jit6	luo2 jia1 ji2	赣			100000		
掉了	tʰiɛu3 liɛu0	tieu3 lieu0	diao4 le5	官			130000		
一心一头	it7 ɕin1 it7 tʰɛu2	yit6 xin1 yit6 teu2	yi1 xin1 yi1 tou2	赣	一心一意	yi4 xin1 yi2 yi4	100000		
涿湿	tɔʔ7 sɨt7	dok6 set6	zhuo1 shi1	赣	淋湿	lin2 shi1	45		
涿雨	tɔʔ7 y3	dok6 yu3	zhuo1 yu3	赣	淋雨	lin2 yu3	18		
能不能	lɛn5 pet7 lɛn5	len4 bet6 len4	neng2	赣			53795		
还会	hat7 ui6	hat6 wui5	hai2 hui4	赣			120181		
词频	tsʰɿ2 pʰin2	ci2 pin2	ci2 pin2	赣			61930		
不存在	pet7 tsʰun2 tsʰai6	bet6 cun2 cai5	bu4	赣			52486		
再一次	tsai5 it7 tsʰɿ3	zai4 yit6 ci3	zai4	赣			40001		
如果有	lu5 kuo3 iu3	lu4 guo3 yiu3	ru2 guo3 you3	赣			20000		
标记为	piɛu1 tɕi5 ui6	bieu1 ji4 wui5	biao1 ji4 wei4	赣			20000		
掌掴	tsɔŋ3 kuet7	zong3 guet6	zhang3 guai1	赣			13861		
出来了	tsʰuʔ7 lei5 liɛu0	cuk6 lei4 lieu0	chu1 lai2 le5	赣			20001		
全量	tɕʰyon2 liɔŋ0	qyuon2 liong0	quan2 liang4	赣			65001		
觉得好像	kɔʔ7 tɛt7 hau3 tɕʰiɔŋ6	gok6 det6 hau3 qiong5	jue2 de5 hao3 xiang4	赣			20000		
还有什哩	hat7 iu3 ɕit7 li3	hat6 yiu3 xit6 li3	hai2 you3 shen2 li1	赣			20000		
还在	hat7 cei6	hat6 cei5	hai2 zai4	赣			95001		
老蛤	lau3 kot7	lau3 got6	lao3 ha2	赣	青蛙	qing1 wa1	100000		
嘁嘁嚼嚼	tɕʰit7 tɕʰit7 tɕʰiɔʔ8 tɕʰiɔʔ8	qit6 qit6 qiok7 qiok7	qi1 qi1 jue2 jue2	赣	唠唠叨叨	lao2 lao2 dao1 dao1	100000		
依到	i1 tau0	yi1 dau0	yi1 dao4	赣	由着/按照	you2 zhe5/an4 zhao4	100000		
弆到	kie3 tau0	gie3 dau0	ju3 dao4	赣	隐藏	yin3 cang2	100000		
作兴	tsɔʔ7 ɕin1	zok6 xin1	zuo4 xing1	赣	欣赏	xin1 shang3	100000		
窸窸窣窣	ɕit7 ɕit7 sot7 sot7	xit6 xit6 sot6 sot6	xi1 xi1 su1 su1	赣			100000		
戒箍子	kai5 ku1 tsɿ0	gai4 gu1 zi0	jie4 gu1 zi5	赣	戒指	jie4 zhi3	100000		
一泊	it7 pʰɔʔ8	yit6 pok7	yi1 po1	赣	一泡	yi1 pao4	100000		
着羞	tsʰɔʔ8 ɕiu1	cok7 xiu1	zhe5 xiu1	赣	丢人	diu1 ren2	100000		
笪砭	tat7 pien1	dat6 bien1	da2 bian1	赣	摔坏	shuai1 huai4	100000		
猪窠	tɕy1 kʰuo1	jyu1 kuo1	zhu1 ke1	赣	猪圈	zhu1 quan1	100000		
个把	ko5 pa3	go4 ba3	ge4 ba3	赣			100000		
天光边子	tʰiɛn1 kuɔŋ1 piɛn1 tsɿ0	tien1 guong1 bien1 zi0	tian1 guang1 bian1 zi5	赣			100000	黎明	
䐁上	tuʔ7 sɔŋ6	duk6 song5	zhuo2 shang4	赣	底部	di3 bu4	100000		
䐁下	tuʔ7 ha6	duk6 ha5	zhuo2 xia4	赣	底部	di3 bu4	100000		
到䐁	tau5 tuʔ7	dau4 duk6	dao4 zhuo2	赣	到头	dao4 tou2	100000		
好吧	hau3 pa1	hau3 ba1	hao3 ba5	赣			11037		
十年前	ɕit8 ȵiɛn5 tɕʰiɛn2	xit7 nien4 qien2	shi2 nian2	白			1		
之处	tsɿ1 tɕʰy3	zi1 qyu3	zhi1 chu4	赣			53639		
考编	kʰau3 piɛn1	kau3 bien1	kao3 bian1	赣			12138		
图层	tʰu2 tsʰɛn2	tu2 cen2	tu2 ceng2	赣			51965		
又在	iu6 cei6	yiu5 cei5	you4 zai4	赣			10484		
猜到	tsʰai1 tau5	cai1 dau4	cai1 dao4	赣			11478		
会有	ui6 iu3	wui5 yiu3	hui4 you3	赣			89256		
回退	fɨi5 tʰui3	fei4 tui3	hui2 tui4	赣			37089		
帮我	pɔŋ1 ŋo3	bong1 ngo3	bang1 wo3	赣			70000		
已经是	i3 tɕin1 sɿ6	yi3 jin1 si5	yi3 jing1 shi4	赣			20000		
疑母字	ȵi5 mu3 tsʰɿ6	ni4 mu3 ci5	yi2 mu3 zi4	赣			20001		
通勤	tʰuŋ1 tɕʰin2	tung1 qin2	tong1 qin2	赣			11725		
还能	hat7 lɛn5	hat6 len4	hai2 neng2	赣			20712		
等你	tɛn3 nen3	den3 nen3	deng3 ni3	赣			14447		
太强	tʰai3 tɕʰiɔŋ2	tai3 qiong2	tai4 qiang2	赣			18931		
周目	tsɛu1 muʔ7	zeu1 muk6	zhou1 mu4	赣			13885		
就可以	tɕʰiu6 kʰo3 i3	qiu5 ko3 yi3	jiu4	赣			134288		
群主	tɕʰyn2 tsu3	qyun2 zu3	qun2 zhu3	赣			5001		
走起	tsɛu3 tɕʰi3	zeu3 qi3	zou3 qi3	赣			12656		
刮来	kuat7 lei5	guat6 lei4	gua1 lai2	赣			1		
玩过	uan5 kuo5	wan4 guo4	wan2 guo4	赣			13676		
有机会	iu3 tɕi1 fɨi6	yiu3 ji1 fei5	you3 ji1 hui4	赣			31470		
做不到	tsu5 pet7 tau5	zu4 bet6 dau4	zuo4 bu2 dao4	赣			25000		
卵用	lon3 iuŋ6	lon3 yung5	luan3	赣			16870		
来了	lei5 liɛu0	lei4 lieu0	lai2 le5	赣			32693		
懂不懂	tuŋ3 pet7 tuŋ3	dung3 bet6 dung3	dong3 bu4 dong3	赣			15024		
跟你	kiɛn1 nen3	gien1 nen3	gen1 ni3	赣			10912		
不考虑	pet7 kʰau3 li6	bet6 kau3 li5	bu4	赣			13463		
大日本帝国	tʰai6 lɛt7 pɨn3 ti5 kuɛt7	tai5 let6 ben3 di4 guet6	da4	文			12880		
梦到	muŋ6 tau5	mung5 dau4	meng4 dao4	赣			11727		
私钥	sɿ1 ȵyot7	si1 nyuot6	si1	赣			30112		
词元	tsʰɿ2 ȵyon5	ci2 nyuon4	ci2	赣			13546		
望一眼	mɔŋ6 it7 ŋæn3	mong5 yit6 ngan3	wang4	白			12654		
全是	tɕʰyon2 sɿ6	qyuon2 si5	quan2 shi4	赣			16255		
有时间	iu3 sɿ5 kan5	yiu3 si4 gan4	you3 shi2 jian1	赣			15156		
看懂	kʰon1 tuŋ3	kon1 dung3	kan4 dong3	赣			41625		
北帝	pɛt7 ti5	bet6 di4	bei3 di4	赣			14050		
我是	ŋo3 sɿ6	ngo3 si5	wo3 shi4	赣			62422		
小时间	ɕiɛu3 sɿ5 kan5	xieu3 si4 gan4	xiao3 shi2 jian1	赣			30671		
上上	sɔŋ6 sɔŋ6	song5 song5	shang4	赣			14767		
出租屋	tsʰuʔ7 tsu1 uʔ7	cuk6 zu1 wuk6	chu1 zu1 wu1	赣			10907		
死循环	sɿ3 ɕyn5 fan5	si3 xyun4 fan4	si3	赣			13984		
算过	son5 kuo5	son4 guo4	suan4 guo4	赣			10529		
急得	tɕit7 tɛt7	jit6 det6	ji2 de2	赣			10800		
五年前	ŋ̍3 ȵiɛn5 tɕʰiɛn2	ng3 nien4 qien2	wu3 nian2 qian2	赣			5001		
考公	kʰau3 kuŋ1	kau3 gung1	kao3 gong1	赣			20001		
测试点	tsʰɛt7 sɿ5 tiɛn3	cet6 si4 dien3	ce4 shi4 dian3	赣			12696		
相当多	ɕiɔŋ1 tɔŋ1 to1	xiong1 dong1 do1	xiang1 dang1 duo1	赣			10122		
是在	sɿ6 cei6	si5 cei5	shi4 zai4	赣			12245		
到此	tau5 tsʰɿ3	dau4 ci3	dao4 ci3	赣			12660		
快来	kʰuai3 lei5	kuai3 lei4	kuai4 lai2	赣			14082		
中证	tsuŋ1 tsɨn5	zung1 zen4	zhong1 zheng4	赣			12332		
现金流	ɕiɛn6 tɕin1 liu5	xien5 jin1 liu4	xian4 jin1 liu2	赣			14023		
不晓得	pet7 ɕiɛu3 tɛt7	bet6 xieu3 det6	bu4	赣			179584		
试错	sɿ5 tsʰo3	si4 co3	shi4 cuo4	赣			11465		
念错	ȵiɛn6 tsʰo3	nien5 co3	nian4 cuo4	赣			12111		
要有	iɛu1 iu3	yeu1 yiu3	yao4 you3	赣			38049		
才是	tsʰai2 sɿ6	cai2 si5	cai2 shi4	赣			27034		
摔坏	sai1 fai6	sai1 fai5	shuai1 huai4	赣			1		
财报	tsʰai2 pau5	cai2 bau4	cai2 bao4	赣			12184		
对啊	tui5 ŋa1	dui4 nga1	dui4 a5	赣			32733		
赣菜	kon5 tsʰai3	gon4 cai3	gan4 cai4	赣			13408		
解决了	kai3 tɕyot7 liɛu0	gai3 jyuot6 lieu0	jie3 jue2 le5	赣			20000		
百科全书	paʔ7 kʰuo1 tɕʰyon2 su1	bak6 kuo1 qyuon2 su1	bai3 ke1 quan2 shu1	赣			20000		
政治正确	tsɨn5 tsʰɿ6 tsɨn5 kʰɔʔ7	zen4 ci5 zen4 kok6	zheng4 zhi4 zheng4 que4	赣			20000		
喫得	tɕʰiaʔ7 tɛt7	qiak6 det6	chi1 de2	赣			11458		
小编	ɕiɛu3 piɛn1	xieu3 bien1	xiao3 bian1	赣			10618		
也要	ia3 iɛu1	ya3 yeu1	ye3 yao4	赣			70000		
年月	ȵiɛn5 ȵyot8	nien4 nyuot7	nian2 yue4	赣			10917		
哪只人	la3 tsat7 ȵin5	la3 zat6 nin4	na3 zhi3 ren2	赣			14429		
箇是	ko3 sɿ6	go3 si5	ge4 shi4	赣	这是	zhe4 shi4	10428		
搦到	laʔ7 tau5	lak6 dau4	nuo4 dao4	赣			13917		
立秋	lit7 tɕʰiu1	lit6 qiu1	li4 qiu1	赣			13330		
修复了	ɕiu1 fuʔ7 liɛu0	xiu1 fuk6 lieu0	xiu1 fu4 le5	赣			20000		
工作区	kuŋ1 tsɔʔ7 tɕʰy1	gung1 zok6 qyu1	gong1 zuo4 qu1	赣			20000		
会不会	ui6 pet7 ui6	wui5 bet6 wui5	hui4	赣			17661		
不规范	pet7 kui1 fan6	bet6 gui1 fan5	bu4	赣			13003		
好哦	hau3 ŋo5	hau3 ngo4	hao3 o2	赣			25000		
给我	tɕit7 ŋo3	jit6 ngo3	gei3 wo3	赣			85001	搦得我	
又要	iu6 iɛu1	yiu5 yeu1	you4 yao4	赣			10305		
有些子	iu3 ɕiɛt7 tsɿ3	yiu3 xiet6 zi3	you3 xie1 zi5	赣			20000		
许就	he3 tɕʰiu6	he3 qiu5	xu3 jiu4	赣	那就	na4 jiu4	1		
嘴巴皮子	tsui3 pa1 pʰi2 tsɿ0	zui3 ba1 pi2 zi0	zui3 ba1 pi2 zi5	赣			100000		
䁐牛	iaŋ5 ȵiu5	yang4 niu4	ying1 niu2	赣	放牛	fang4 niu2	156320		
太阿公	tʰai3 ŋa0 kuŋ1	tai3 nga0 gung1	tai4 e1 gong1	赣			100000		
太阿婆	tʰai3 ŋa0 pʰo2	tai3 nga0 po2	tai4 e1 po2	赣			100000		
凭得	pʰen6 tɛt7	pen5 det6	ping2 de2	赣	靠在	kao4 zai4	156120		
攒劲	tsan3 tɕin5	zan3 jin4	zan3 jin4	赣	使劲	shi3 jin4	156350	用力	
一十几日	it7 ɕit8 tɕi3 ȵit7	yit6 xit7 ji3 nit6	yi1 shi2 ji3 ri4	赣	一十几天	yi1 shi2 ji3 tian1	109		
一十多日	it7 ɕit8 to1 ȵit7	yit6 xit7 do1 nit6	yi1 shi2 duo1 ri4	赣	一十多天	yi1 shi2 duo1 tian1	84		
二十多日	ɵ6 ɕit8 to1 ȵit7	o5 xit7 do1 nit6	er4 shi2 duo1 ri4	赣	二十多天	er4 shi2 duo1 tian1	44		
六十六日	liuʔ7 ɕit8 liuʔ7 ȵit7	liuk6 xit7 liuk6 nit6	liu4 shi2 liu4 ri4	赣	六十六天	liu4 shi2 liu4 tian1	20		
几十日	tɕi3 ɕit8 ȵit7	ji3 xit7 nit6	ji3 shi2 ri4	赣	几十天	ji3 shi2 tian1	20		
五十二日	ŋ̍3 ɕit8 ɵ6 ȵit7	ng3 xit7 o5 nit6	wu3 shi2 er4 ri4	赣	五十二天	wu3 shi2 er4 tian1	19		
四十三日	sɿ5 ɕit8 san1 ȵit7	si4 xit7 san1 nit6	si4 shi2 san1 ri4	赣	四十三天	si4 shi2 san1 tian1	19		
四十五日	sɿ5 ɕit8 ŋ̍3 ȵit7	si4 xit7 ng3 nit6	si4 shi2 wu3 ri4	赣	四十五天	si4 shi2 wu3 tian1	19		
第十日	tʰi6 ɕit8 ȵit7	ti5 xit7 nit6	di4 shi2 ri4	赣	第十天	di4 shi2 tian1	18		
六十四日	liuʔ7 ɕit8 sɿ5 ȵit7	liuk6 xit7 si4 nit6	liu4 shi2 si4 ri4	赣	六十四天	liu4 shi2 si4 tian1	17		
一十余日	it7 ɕit8 y5 ȵit7	yit6 xit7 yu4 nit6	yi1 shi2 yu2 ri4	赣	一十余天	yi1 shi2 yu2 tian1	15		
十万日	ɕit8 uan6 ȵit7	xit7 wan5 nit6	shi2 wan4 ri4	赣	十万天	shi2 wan4 tian1	13		
三百六十五日	san1 paʔ7 liuʔ7 ɕit8 ŋ̍3 ȵit7	san1 bak6 liuk6 xit7 ng3 nit6	san1 bai3 liu4 shi2 wu3 ri4	赣	三百六十五天	san1 bai3 liu4 shi2 wu3 tian1	11		
五十日	ŋ̍3 ɕit8 ȵit7	ng3 xit7 nit6	wu3 shi2 ri4	赣	五十天	wu3 shi2 tian1	11		
三十三日	san1 ɕit8 san1 ȵit7	san1 xit7 san1 nit6	san1 shi2 san1 ri4	赣	三十三天	san1 shi2 san1 tian1	10		
六十日	liuʔ7 ɕit8 ȵit7	liuk6 xit7 nit6	liu4 shi2 ri4	赣	六十天	liu4 shi2 tian1	8		
二十几日	ɵ6 ɕit8 tɕi3 ȵit7	o5 xit7 ji3 nit6	er4 shi2 ji3 ri4	赣	二十几天	er4 shi2 ji3 tian1	7		
横子	uaŋ6 tsɿ0	wang5 zi0	heng2 zi5	赣			141203		
白露	pʰet8 lu6	pet7 lu5	bai2 lu4	文			156430		
治鱼	tsʰɿ2 ȵie2	ci2 nie2	zhi4 yu2	赣			156430		
声气	saŋ1 tɕʰi0	sang1 qi0	sheng1 qi4	白			146320	声音	
玩水	uan5 sui3	wan4 sui3	wan2 shui3	赣			166563	游泳	
关按	kuan1 ŋon5	guan1 ngon4	guan1 an4	赣	关紧	guan1 jin3	16450		
盘根挖树	pʰon2 kiɛn1 ua1 su6	pon2 gien1 wa1 su5	pan2 gen1 wa1 shu4	赣			146580	刨根问底	
断夜	tʰon6 ia6	ton5 ya5	duan4 ye4	赣			123050	断夜边子	
窜飙	tsʰon5 pieu1	con4 bieu1	cuan4 biao1	赣			153021	窜死	
牵床	tɕʰiɛn1 tsʰɔŋ2	qien1 cong2	qian1 chuang2	赣	铺床	pu1 chuang2	156430		
牵到	tɕʰiɛn1 tau5	qien1 dau4	qian1 dao4	赣			165610	牵挂	
拈菜	ȵiɛn1 tsʰai3	nien1 cai3	nian1 cai4	赣			132250	夹菜	
日本	lɛt7 pɨn3	let6 ben3	ri4 ben3	文			175307		
十分	sɨt8 fɨn1	set7 fen1	shi2 fen1	文			31428		
抗日	kʰɔŋ2 lɛt7	kong2 let6	kang4 ri4	文			5260		
日子	ȵit7 tsɿ3	nit6 zi3	ri4 zi5	白			35113		
一名	it7 miᴀŋ5	yit6 miang4	yi1 ming2	白			4733		
人生	lɨn5 sɛn1	len4 sen1	ren2 sheng1	文			4255		
十年	ɕit8 ȵiɛn5	xit7 nien4	shi2 nian2	白			158649		
十堰	sɨt8 ien3	set7 yen3	shi2 yan4	文			3611		
日期	lɛt7 tɕʰi2	let6 qi2	ri4 qi1	文			53571		
日军	lɛt7 tɕyn1	let6 jyun1	ri4 jun1	文			3377		
日益	lɛt7 it7	let6 yit6	ri4 yi4	文			3196		
十堰市	sɨt8 ien3 sɿ6	set7 yen3 si5	shi2 yan4 shi4	文			3089		
一日	it7 ȵit7	yit6 nit6	yi1 ri4	白	一天	yi1 tian1	132277		
排名	pʰai2 miᴀŋ5	pai2 miang4	pai2 ming2	白			2256		
日前	lɛt7 tɕʰiɛn2	let6 qien2	ri4 qian2	文			2144		
名叫	miᴀŋ5 tɕiɛu5	miang4 jieu4	ming2 jiao4	白			2141		
节日	tɕiɛt7 lɛt7	jiet6 let6	jie2 ri4	文			2105		
又名	iu6 miᴀŋ5	yiu5 miang4	you4 ming2	白			2093		
近日	tɕʰin6 lɛt7	qin5 let6	jin4 ri4	文			2033		
当日	tɔŋ1 ȵit7	dong1 nit6	dang1 ri4	白	当天	dang1 tian1	2031		
改名	kai3 miᴀŋ5	gai3 miang4	gai3 ming2	白			12013		
平日	pʰin2 lɛt7	pin2 let6	ping2 ri4	文			1952		
每日	mi3 ȵit7	mi3 nit6	mei3 ri4	白	每天	mei3 tian1	66941		
日月	lɛt7 ȵyot8	let6 nyuot7	ri4 yue4	文			1940		
两名	liɔŋ3 miᴀŋ5	liong3 miang4	liang3 ming2	白			1886		
一十八年	it7 sɨt8 pat7 ȵiɛn5	yit6 set7 bat6 nien4	yi1 shi2 ba1 nian2	文	十八年	shi2 ba1 nian2	1859		
一十五年	it7 sɨt8 ŋ̍3 ȵiɛn5	yit6 set7 ng3 nien4	yi1 shi2 wu3 nian2	文	十五年	shi2 wu3 nian2	1817		
次日	tsʰɿ3 lɛt7	ci3 let6	ci4 ri4	文			1719		
一十四	it7 ɕit8 sɿ5	yit6 xit7 si4	yi1 shi2 si4	白	十四	shi2 si4	1634		
十大	sɨt8 tʰai6	set7 tai5	shi2 da4	文			1619		
报名	pau5 miᴀŋ5	bau4 miang4	bao4 ming2	白			1606		
二十	ɵ6 ɕit8	o5 xit7	er4 shi2	白			16408		
日后	lɛt7 hɛu6	let6 heu5	ri4 hou4	文			1384		
昔日	ɕit7 lɛt7	xit6 let6	xi1 ri4	文			1373		
几十年	tɕi3 ɕit8 ȵiɛn5	ji3 xit7 nien4	ji3 shi2 nian2	白			1361		
惊人	tɕin1 lɨn5	jin1 len4	jing1 ren2	文			1321		
日报	lɛt7 pau5	let6 bau4	ri4 bao4	文			26228		
二十年	ɵ6 ɕit8 ȵiɛn5	o5 xit7 nien4	er4 shi2 nian2	白			1227		
日历	lɛt7 lit7	let6 lit6	ri4 li4	文			1125		
一十一	it7 ɕit8 it7	yit6 xit7 yit6	yi1 shi2 yi1	白	十一	shi2 yi1	1116		
日志	lɛt7 tsɿ5	let6 zi4	ri4 zhi4	文			211110		
十月	ɕit8 ȵyot8	xit7 nyuot7	shi2 yue4	赣			1030		
生日	sɛn1 lɛt7	sen1 let6	sheng1 ri4	文			6028		
中日	tsuŋ1 lɛt7	zung1 let6	zhong1 ri4	文			1005		
十个	ɕit8 ko5	xit7 go4	shi2 ge4	白			977		
日趋	lɛt7 tɕʰy1	let6 qyu1	ri4 qu1	文			926		
日夜	ȵit7 ia6	nit6 ya5	ri4 ye4	白			871		
三十年	san1 ɕit8 ȵiɛn5	san1 xit7 nien4	san1 shi2 nian2	白			837		
十一届三中全会	sɨt8 it7 kai5 san1 tsuŋ1 tɕʰyon2 fɨi6	set7 yit6 gai4 san1 zung1 qyuon2 fei5	shi2 yi1 jie4 san1 zhong1 quan2 hui4	文			836		
工作日	kuŋ1 tsɔʔ7 lɛt7	gung1 zok6 let6	gong1 zuo4 ri4	文			789		
数日	su5 lɛt7	su4 let6	shu4 ri4	文			785		
一十七年	it7 ɕit8 tɕʰit7 ȵiɛn5	yit6 xit7 qit6 nien4	yi1 shi2 qi1 nian2	白	十七年	shi2 qi1 nian2	779		
那日	la3 ȵit7	la3 nit6	na4 ri4	白			754		
三十	san1 ɕit8	san1 xit7	san1 shi2	白			10747		
三日	san1 ȵit7	san1 nit6	san1 ri4	白	三天		735		
十足	sɨt8 tɕiuʔ7	set7 jiuk6	shi2 zu2	文			732		
往日	uɔŋ3 lɛt7	wong3 let6	wang3 ri4	文			719		
几日	tɕi3 ȵit7	ji3 nit6	ji3 ri4	白	几天	ji3 tian1	702		
一十三年	it7 sɨt8 san1 ȵiɛn5	yit6 set7 san1 nien4	yi1 shi2 san1 nian2	文	十三年	shi2 san1 nian2	698		
一十二年	it7 sɨt8 ɵ6 ȵiɛn5	yit6 set7 o5 nien4	yi1 shi2 er4 nian2	文	十二年	shi2 er4 nian2	698		
五十	ŋ̍3 ɕit8	ng3 xit7	wu3 shi2	白			666		
三名	san1 miᴀŋ5	san1 miang4	san1 ming2	白			663		
十一五	sɨt8 it7 ŋ̍3	set7 yit6 ng3	shi2 yi1 wu3	文			661		
日渐	lɛt7 tɕʰiɛn6	let6 qien5	ri4 jian4	文			661		
四名	sɿ5 miᴀŋ5	si4 miang4	si4 ming2	白			655		
别名	pʰiɛt8 miᴀŋ5	piet7 miang4	bie2 ming2	白			25646		
日记	lɛt7 tɕi5	let6 ji4	ri4 ji4	文			639		
日照	lɛt7 tsɛu5	let6 zeu4	ri4 zhao4	文			621		
十五大	sɨt8 ŋ̍3 tʰai6	set7 ng3 tai5	shi2 wu3 da4	文			606		
一十几个	it7 ɕit8 tɕi3 ko5	yit6 xit7 ji3 go4	yi1 shi2 ji3 ge4	白	十几个	shi2 ji3 ge4	599		
二十七年	ɵ6 ɕit8 tɕʰit7 ȵiɛn5	o5 xit7 qit6 nien4	er4 shi2 qi1 nian2	白			580		
一十二月	it7 ɕit8 ɵ6 ȵyot8	yit6 xit7 o5 nyuot7	yi1 shi2 er4 yue4	赣	十二月	shi2 er4 yue4	575		
一十几年	it7 ɕit8 tɕi3 ȵiɛn5	yit6 xit7 ji3 nien4	yi1 shi2 ji3 nian2	白	十几年	shi2 ji3 nian2	575		
十万	ɕit8 uan6	xit7 wan5	shi2 wan4	白			571		
一十九年	it7 ɕit8 tɕiu3 ȵiɛn5	yit6 xit7 jiu3 nien4	yi1 shi2 jiu3 nian2	白	十九年	shi2 jiu3 nian2	566		
一十一月	it7 ɕit8 it7 ȵyot8	yit6 xit7 yit6 nyuot7	yi1 shi2 yi1 yue4	赣	十一月	shi2 yi1 yue4	565		
早日	tsau3 lɛt7	zau3 let6	zao3 ri4	文			565		
日元	lɛt7 yon5	let6 yuon4	ri4 yuan2	文			544		
第一名	tʰi6 it7 miᴀŋ5	ti5 yit6 miang4	di4 yi4 ming2	白			543		
一十六年	it7 sɨt8 liuʔ7 ȵiɛn5	yit6 set7 liuk6 nien4	yi1 shi2 liu4 nian2	文	十六年	shi2 liu4 nian2	522		
二十四年	ɵ6 ɕit8 sɿ5 ȵiɛn5	o5 xit7 si4 nien4	er4 shi2 si4 nian2	白			518		
十一届	sɨt8 it7 kai5	set7 yit6 gai4	shi2 yi1 jie4	文			518		
几十个	tɕi3 ɕit8 ko5	ji3 xit7 go4	ji3 shi2 ge4	白			517		
一十一年	it7 ɕit8 it7 ȵiɛn5	yit6 xit7 yit6 nien4	yi1 shi2 yi1 nian2	白	十一年	shi2 yi1 nian2	508		
一十四年	it7 ɕit8 sɿ5 ȵiɛn5	yit6 xit7 si4 nien4	yi1 shi2 si4 nian2	白	十四年	shi2 si4 nian2	496		
四十	sɿ5 ɕit8	si4 xit7	si4 shi2	白			5494		
抗日救亡	kʰɔŋ2 lɛt7 tɕiu5 uɔŋ5	kong2 let6 jiu4 wong4	kang4 ri4 jiu4 wang2	文			493		
日用	lɛt7 iuŋ6	let6 yung5	ri4 yong4	文			475		
交易日	kau1 it7 lɛt7	gau1 yit6 let6	jiao1 yi4 ri4	文			466		
一十多年	it7 ɕit8 to1 ȵiɛn5	yit6 xit7 do1 nien4	yi1 shi2 duo1 nian2	白	十多年	shi2 duo1 nian2	465		
日方	lɛt7 fɔŋ1	let6 fong1	ri4 fang1	文			452		
半日	pon5 ȵit7	bon4 nit6	ban4 ri4	白	半天		25449		
人情	lɨn5 tɕʰin2	len4 qin2	ren2 qing2	文			447		
日内瓦	lɛt7 lui6 ua3	let6 lui5 wa3	ri4 nei4 wa3	文			444		
十倍	ɕit8 pʰi5	xit7 pi4	shi2 bei4	白			25437		
即日	tɕit7 lɛt7	jit6 let6	ji2 ri4	文			437		
尼日利亚	ȵi5 lɛt7 li6 ŋa3	ni4 let6 li5 nga3	ni2 ri4 li4 ya4	文			435		
五名	ŋ̍3 miᴀŋ5	ng3 miang4	wu3 ming2	白			423		
六十	liuʔ7 ɕit8	liuk6 xit7	liu4 shi2	白			423		
十里	ɕit8 li3	xit7 li3	shi2 li3	白			414		
万名	uan6 miᴀŋ5	wan5 miang4	wan4 ming2	白			409		
十月革命	ɕit8 ȵyot8 kiɛt7 min6	xit7 nyuot7 giet6 min5	shi2 yue4 ge2 ming4	赣			409		
三十多年	san1 ɕit8 to1 ȵiɛn5	san1 xit7 do1 nien4	san1 shi2 duo1 nian2	白			406		
日出	lɛt7 tsʰuʔ7	let6 cuk6	ri4 chu1	文			394		
几十	tɕi3 ɕit8	ji3 xit7	ji3 shi2	白			389		
吭声	hɔŋ2 sɨn1	hong2 sen1	keng1 sheng1	文			382		
两日	liɔŋ3 ȵit7	liong3 nit6	liang3 ri4	白	两天	liang3 tian1	379		
一十余年	it7 ɕit8 y5 ȵiɛn5	yit6 xit7 yu4 nien4	yi1 shi2 yu2 nian2	白	十余年	shi2 yu2 nian2	378		
时日	sɿ5 lɛt7	si4 let6	shi2 ri4	文			377		
一十余	it7 ɕit8 y5	yit6 xit7 yu4	yi1 shi2 yu2	白	十余	shi2 yu2	376		
一十三个	it7 ɕit8 san1 ko5	yit6 xit7 san1 go4	yi1 shi2 san1 ge4	白	十三个	shi2 san1 ge4	375		
第三名	tʰi6 san1 miᴀŋ5	ti5 san1 miang4	di4 san1 ming2	白			372		
二十六年	ɵ6 ɕit8 liuʔ7 ȵiɛn5	o5 xit7 liuk6 nien4	er4 shi2 liu4 nian2	白			362		
日本政府	lɛt7 pɨn3 tsɨn5 fu3	let6 ben3 zen4 fu3	ri4 ben3 zheng4 fu3	文			25358		
十名	ɕit8 miᴀŋ5	xit7 miang4	shi2 ming2	白			355		
七十	tɕʰit7 ɕit8	qit6 xit7	qi1 shi2	白			353		
金正日	tɕin1 tsɨn5 lɛt7	jin1 zen4 let6	jin1 zheng4 ri4	文			352		
过日子	kuo5 ȵit7 tsɿ3	guo4 nit6 zi3	guo4 ri4 zi5	白			351		
人参	lɨn5 sɨn1	len4 sen1	ren2 shen1	文			13472		
登记日	tɛn1 tɕi5 lɛt7	den1 ji4 let6	deng1 ji4 ri4	文			347		
二十一	ɵ6 ɕit8 it7	o5 xit7 yit6	er4 shi2 yi1	白			346		
二十一条	ɵ6 ɕit8 it7 tʰiɛu2	o5 xit7 yit6 tieu2	er4 shi2 yi1 tiao2	白			344		
九十	tɕiu3 ɕit8	jiu3 xit7	jiu3 shi2	白			340		
假日	ka3 lɛt7	ga3 let6	jia4 ri4	文			338		
周日	tsɛu1 lɛt7	zeu1 let6	zhou1 ri4	文			25337		
连日	liɛn5 lɛt7	lien4 let6	lian2 ri4	文			336		
十次	ɕit8 tsʰɿ3	xit7 ci3	shi2 ci4	白			335		
二十七日	ɵ6 ɕit8 tɕʰit7 ȵit7	o5 xit7 qit6 nit6	er4 shi2 qi1 ri4	白	二十七天	er4 shi2 qi1 tian1	334		
第十届	tʰi6 ɕit8 kai5	ti5 xit7 gai4	di4 shi2 jie4	白			330		
日程	lɛt7 tsʰɨn2	let6 cen2	ri4 cheng2	文			322		
二十多年	ɵ6 ɕit8 to1 ȵiɛn5	o5 xit7 do1 nien4	er4 shi2 duo1 nian2	白			321		
一十几	it7 ɕit8 tɕi3	yit6 xit7 ji3	yi1 shi2 ji3	白	十几	shi2 ji3	320		
日光	lɛt7 kuɔŋ1	let6 guong1	ri4 guang1	文			316		
二十四	ɵ6 ɕit8 sɿ5	o5 xit7 si4	er4 shi2 si4	白			5313		
十道	ɕit8 tʰau6	xit7 tau5	shi2 dao4	白			306		
四十年	sɿ5 ɕit8 ȵiɛn5	si4 xit7 nien4	si4 shi2 nian2	白			25306		
日本自卫队	lɛt7 pɨn3 tsʰɿ6 ui6 tui5	let6 ben3 ci5 wui5 dui4	ri4 ben3 zi4 wei4 dui4	文			306		
合十	hot8 ɕit8	hot7 xit7	he2 shi2	白			300		
白果	pʰet8 kuo3	pet7 guo3	bai2 guo3	文	银杏	yin2 xing4	5299		
三十六	san1 ɕit8 liuʔ7	san1 xit7 liuk6	san1 shi2 liu4	白			294		
八十年代	pat7 ɕit8 ȵiɛn5 tʰai6	bat6 xit7 nien4 tai5	ba1 shi2 nian2 dai4	白			294		
二十二年	ɵ6 ɕit8 ɵ6 ȵiɛn5	o5 xit7 o5 nien4	er4 shi2 er4 nian2	白			291		
抗日民族统一战线	kʰɔŋ2 lɛt7 min5 tsʰuʔ7 tʰuŋ3 it7 tsɛn5 ɕiɛn5	kong2 let6 min4 cuk6 tung3 yit6 zen4 xien4	kang4 ri4 min2 zu2 tong3 yi1 zhan4 xian4	文			291		
几十斤	tɕi3 ɕit8 tɕin1	ji3 xit7 jin1	ji3 shi2 jin1	白			285		
一十五道	it7 ɕit8 ŋ̍3 tʰau6	yit6 xit7 ng3 tau5	yi1 shi2 wu3 dao4	白	十五道	shi2 wu3 dao4	277		
皮日休	pʰi2 lɛt7 ɕiu1	pi2 let6 xiu1	pi2 ri4 xiu1	文			275		
一十二五	it7 ɕit8 ɵ6 ŋ̍3	yit6 xit7 o5 ng3	yi1 shi2 er4 wu3	白	十二五	shi2 er4 wu3	274		
一十八日	it7 ɕit8 pat7 ȵit7	yit6 xit7 bat6 nit6	shi2 ba1 ri4	白	十八天		271		
整日	tsɨn3 ȵit7	zen3 nit6	zheng3 ri4	白	整天	zheng3 tian1	270		
日本国会	lɛt7 pɨn3 kuɛt7 fɨi6	let6 ben3 guet6 fei5	ri4 ben3 guo2 hui4	文			269		
七日	tɕʰit7 ȵit7	qit6 nit6	qi1 ri4	白	七天		268		
日落	lɛt7 lɔʔ8	let6 lok7	ri4 luo4	文			268		
纪念日	tɕi5 ȵiɛn6 lɛt7	ji4 nien5 let6	ji4 nian4 ri4	文			266		
日语	lɛt7 ȵy3	let6 nyu3	ri4 yu3	文			250264		
二十五	ɵ6 ɕit8 ŋ̍3	o5 xit7 ng3	er4 shi2 wu3	白			263		
四十五里	sɿ5 ɕit8 ŋ̍3 li3	si4 xit7 ng3 li3	si4 shi2 wu3 li3	白			263		
接待日	tɕiɛt7 tʰai6 lɛt7	jiet6 tai5 let6	jie1 dai4 ri4	文			262		
二十万	ɵ6 ɕit8 uan6	o5 xit7 wan5	er4 shi2 wan4	白			260		
熊十力	ɕiuŋ5 ɕit8 lit7	xiung4 xit7 lit6	xiong2 shi2 li4	白			260		
抗日救亡运动	kʰɔŋ2 lɛt7 tɕiu5 uɔŋ5 yn6 tʰuŋ6	kong2 let6 jiu4 wong4 yun5 tung5	kang4 ri4 jiu4 wang2 yun4 dong4	文			259		
终日	tsuŋ1 lɛt7	zung1 let6	zhong1 ri4	文			259		
一十四所	it7 ɕit8 sɿ5 so3	yit6 xit7 si4 so3	yi1 shi2 si4 suo3	白	十四所	shi2 si4 suo3	258		
十字军	sɨt8 tsʰɿ6 tɕyn1	set7 ci5 jyun1	shi2 zi4 jun1	文			258		
好日子	hau3 ȵit7 tsɿ3	hau3 nit6 zi3	hao3 ri4 zi5	白			258		
一十多起	it7 ɕit8 to1 tɕʰi3	yit6 xit7 do1 qi3	yi1 shi2 duo1 qi3	白	十多起	shi2 duo1 qi3	257		
第一十七期	tʰi6 it7 ɕit8 tɕʰit7 tɕʰi2	ti5 yit6 xit7 qit6 qi2	di4 yi1 shi2 qi1 qi1	白	第十七期	di4 shi2 qi1 qi1	257		
乌日图	u1 lɛt7 tʰu2	wu1 let6 tu2	wu1 ri4 tu2	文			256		
十一五首年	sɨt8 it7 ŋ̍3 seu3 ȵiɛn5	set7 yit6 ng3 seu3 nien4	shi2 yi1 wu3 shou3 nian2	文			256		
一十八岁	it7 sɨt8 pat7 sui5	yit6 set7 bat6 sui4	yi1 shi2 ba1 sui4	文	十八岁	shi2 ba1 sui4	256		
第三十一次	tʰi6 san1 ɕit8 it7 tsʰɿ3	ti5 san1 xit7 yit6 ci3	di4 san1 shi2 yi1 ci4	白			256		
署名	ɕy3 miᴀŋ5	xyu3 miang4	shu3 ming2	白			255		
一十五日	it7 ɕit8 ŋ̍3 ȵit7	yit6 xit7 ng3 nit6	shi2 wu3 ri4	白	十五天		254		
多日	to1 ȵit7	do1 nit6	duo1 ri4	白			252		
第二名	tʰi6 ɵ6 miᴀŋ5	ti5 o5 miang4	di4 er4 ming2	白			252		
同日	tʰuŋ2 ȵit7	tung2 nit6	tong2 ri4	白			250		
二十五年	ɵ6 ɕit8 ŋ̍3 ȵiɛn5	o5 xit7 ng3 nien4	er4 shi2 wu3 nian2	白			249		
二十一年	ɵ6 ɕit8 it7 ȵiɛn5	o5 xit7 yit6 nien4	er4 shi2 yi1 nian2	白			248		
一十二个	it7 ɕit8 ɵ6 ko5	yit6 xit7 o5 go4	yi1 shi2 er4 ge4	白	十二个	shi2 er4 ge4	248		
一十余丈	it7 ɕit8 y5 tsʰɔŋ6	yit6 xit7 yu4 cong5	yi1 shi2 yu2 zhang4	白	十余丈	shi2 yu2 zhang4	248		
尼日尔	ȵi5 lɛt7 ɵ3	ni4 let6 o3	ni2 ri4 er3	文			248		
十岁	ɕit8 sui5	xit7 sui4	shi2 sui4	白			245		
二十岁	ɵ6 ɕit8 sui5	o5 xit7 sui4	er4 shi2 sui4	白			244		
几十万	tɕi3 ɕit8 uan6	ji3 xit7 wan5	ji3 shi2 wan4	白			244		
二十三年	ɵ6 ɕit8 san1 ȵiɛn5	o5 xit7 san1 nien4	er4 shi2 san1 nian2	白			242		
宜人	i5 lɨn5	yi4 len4	yi2 ren2	文			236		
一十几岁	it7 ɕit8 tɕi3 sui5	yit6 xit7 ji3 sui4	yi1 shi2 ji3 sui4	白	十几岁	shi2 ji3 sui4	235		
八名	pat7 miᴀŋ5	bat6 miang4	ba1 ming2	白			228		
十四大	sɨt8 sɿ5 tʰai6	set7 si4 tai5	shi2 si4 da4	文			224		
第一十一	tʰi6 it7 ɕit8 it7	ti5 yit6 xit7 yit6	di4 yi1 shi2 yi1	白	第十一	di4 shi2 yi1	220		
日寇	lɛt7 kʰiɛu3	let6 kieu3	ri4 kou4	文			215		
第十	tʰi6 ɕit8	ti5 xit7	di4 shi2	白			213		
夏日	ha6 lɛt7	ha5 let6	xia4 ri4	文			212		
时至今日	sɿ5 tsɿ5 tɕin1 lɛt7	si4 zi4 jin1 let6	shi2 zhi4 jin1 ri4	文			212		
二十八年	ɵ6 ɕit8 pat7 ȵiɛn5	o5 xit7 bat6 nien4	er4 shi2 ba1 nian2	白			208		
日耳曼	lɛt7 ɵ3 mon6	let6 o3 mon5	ri4 er3 man4	文			208		
节假日	tɕiɛt7 ka3 lɛt7	jiet6 ga3 let6	jie2 jia4 ri4	文			208		
七十二	tɕʰit7 ɕit8 ɵ6	qit6 xit7 o5	qi1 shi2 er4	白			206		
二三十	ɵ6 san1 ɕit8	o5 san1 xit7	er4 san1 shi2	白			206		
十三届	sɨt8 san1 kai5	set7 san1 gai4	shi2 san1 jie4	文			5201		
亲日派	tɕʰin1 lɛt7 pʰai3	qin1 let6 pai3	qin1 ri4 pai4	文			199		
化名	ɸᴀ5 miᴀŋ5	fa4 miang4	hua4 ming2	白			199		
向日葵	ɕiɔŋ5 lɛt7 kʰui2	xiong4 let6 kui2	xiang4 ri4 kui2	文			25196		
五日	ŋ̍3 ȵit7	ng3 nit6	wu3 ri4	白	五天		195		
一十几分钟	it7 ɕit8 tɕi3 fɨn1 tsuŋ1	yit6 xit7 ji3 fen1 zung1	yi1 shi2 ji3 fen1 zhong1	白	十几分钟	shi2 ji3 fen1 zhong1	194		
白日	pʰaʔ8 lɛt7	pak7 let6	bai2 ri4	文			192		
素日	su5 lɛt7	su4 let6	su4 ri4	文			188		
十字	sɨt8 tsʰɿ6	set7 ci5	shi2 zi4	文			187		
五十年	ŋ̍3 ɕit8 ȵiɛn5	ng3 xit7 nien4	wu3 shi2 nian2	白			184		
二十个	ɵ6 ɕit8 ko5	o5 xit7 go4	er4 shi2 ge4	白			182		
二十里	ɵ6 ɕit8 li3	o5 xit7 li3	er4 shi2 li3	白			182		
一十余万	it7 ɕit8 y5 uan6	yit6 xit7 yu4 wan5	yi1 shi2 yu2 wan4	白	十余万	shi2 yu2 wan4	181		
有朝一日	iu3 tsɛu1 it7 lɛt7	yiu3 zeu1 yit6 let6	you3 zhao1 yi1 ri4	文			180		
百十	paʔ7 ɕit8	bak6 xit7	bai3 shi2	白			5179		
二十九年	ɵ6 ɕit8 tɕiu3 ȵiɛn5	o5 xit7 jiu3 nien4	er4 shi2 jiu3 nian2	白			178		
中国日报	tsuŋ1 kuɛt7 lɛt7 pau5	zung1 guet6 let6 bau4	zhong1 guo2 ri4 bao4	文			177		
旭日	ɕiuʔ7 lɛt7	xiuk6 let6	xu4 ri4	文			175		
一十六岁	it7 ɕit8 liuʔ7 sui5	yit6 xit7 liuk6 sui4	yi1 shi2 liu4 sui4	白	十六岁	shi2 liu4 sui4	173		
末日	mot7 lɛt7	mot6 let6	mo4 ri4	文			173		
三十岁	san1 ɕit8 sui5	san1 xit7 sui4	san1 shi2 sui4	白			172		
亿日元	i5 lɛt7 yon5	yi4 let6 yuon4	yi4 ri4 yuan2	文			172		
日均	lɛt7 tɕyn1	let6 jyun1	ri4 jun1	文			172		
八十年	pat7 ɕit8 ȵiɛn5	bat6 xit7 nien4	ba1 shi2 nian2	白			171		
来日	lei5 ȵit7	lei4 nit6	lai2 ri4	白			25171		
三十里	san1 ɕit8 li3	san1 xit7 li3	san1 shi2 li3	白			170		
十字路口	sɨt8 tsʰɿ6 lu6 kʰiɛu3	set7 ci5 lu5 kieu3	shi2 zi4 lu4 kou3	文			170		
星期日	ɕin1 tɕʰi2 lɛt7	xin1 qi2 let6	xing1 qi1 ri4	文			170		
全日制	tɕʰyon2 lɛt7 tsɿ5	qyuon2 let6 zi4	quan2 ri4 zhi4	文			168		
十三大	sɨt8 san1 tʰai6	set7 san1 tai5	shi2 san1 da4	文			168		
旧日	tɕʰiu6 ȵit7	qiu5 nit6	jiu4 ri4	白			167		
十二大	sɨt8 ɵ6 tʰai6	set7 o5 tai5	shi2 er4 da4	文			166		
一十余里	it7 ɕit8 y5 li3	yit6 xit7 yu4 li3	yi1 shi2 yu2 li3	白	十余里	shi2 yu2 li3	163		
降龙十八掌	kɔŋ5 luŋ5 sɨt8 pat7 tsɔŋ3	gong4 lung4 set7 bat6 zong3	xiang2 long2 shi2 ba1 zhang3	文			163		
一十五岁	it7 ɕit8 ŋ̍3 sui5	yit6 xit7 ng3 sui4	yi1 shi2 wu3 sui4	白	十五岁	shi2 wu3 sui4	162		
点名	tiɛn3 miᴀŋ5	dien3 miang4	dian3 ming2	白			162		
狗日	kiɛu3 lɛt7	gieu3 let6	gou3 ri4	文			162		
四十岁	sɿ5 ɕit8 sui5	si4 xit7 sui4	si4 shi2 sui4	白			160		
八十	pat7 ɕit8	bat6 xit7	ba1 shi2	白			157		
十届	ɕit8 kai5	xit7 gai4	shi2 jie4	白			157		
风吹日晒	fuŋ1 tsʰui1 lɛt7 sai5	fung1 cui1 let6 sai4	feng1 chui1 ri4 shai4	文			156		
日隆	lɛt7 luŋ5	let6 lung4	ri4 long2	文			155		
十两	ɕit8 liɔŋ3	xit7 liong3	shi2 liang3	白			154		
一十几条	it7 ɕit8 tɕi3 tʰiɛu2	yit6 xit7 ji3 tieu2	yi1 shi2 ji3 tiao2	白	十几条	shi2 ji3 tiao2	154		
日见	lɛt7 tɕiɛn5	let6 jien4	ri4 jian4	文			153		
三十一年	san1 ɕit8 it7 ȵiɛn5	san1 xit7 yit6 nien4	san1 shi2 yi1 nian2	白			152		
十二届	sɨt8 ɵ6 kai5	set7 o5 gai4	shi2 er4 jie4	文			152		
数百名	su5 paʔ7 miᴀŋ5	su4 bak6 miang4	shu4 bai3 ming2	白			151		
十字架	sɨt8 tsʰɿ6 ka5	set7 ci5 ga4	shi2 zi4 jia4	文			150		
一十七岁	it7 ɕit8 tɕʰit7 sui5	yit6 xit7 qit6 sui4	yi1 shi2 qi1 sui4	白	十七岁	shi2 qi1 sui4	149		
十分之一	ɕit8 fɨn1 tsɿ1 it7	xit7 fen1 zi1 yit6	shi2 fen1 zhi1 yi1	白			149		
二十余	ɵ6 ɕit8 y5	o5 xit7 yu4	er4 shi2 yu2	白			148		
十分钟	ɕit8 fɨn1 tsuŋ1	xit7 fen1 zung1	shi2 fen1 zhong1	白			30145		
十点	ɕit8 tiɛn3	xit7 dien3	shi2 dian3	白			145		
二十余年	ɵ6 ɕit8 y5 ȵiɛn5	o5 xit7 yu4 nien4	er4 shi2 yu2 nian2	白			144		
日间	ȵit7 kan1	nit6 gan1	ri4 jian1	白			143		
几十张	tɕi3 ɕit8 tsɔŋ1	ji3 xit7 zong1	ji3 shi2 zhang1	白			142		
国庆日	kuɛt7 tɕʰin3 lɛt7	guet6 qin3 let6	guo2 qing4 ri4	文			140		
日用品	lɛt7 iuŋ6 pʰin3	let6 yung5 pin3	ri4 yong4 pin3	文			140		
一十几万	it7 ɕit8 tɕi3 uan6	yit6 xit7 ji3 wan5	yi1 shi2 ji3 wan4	白	十几万	shi2 ji3 wan4	139		
四日	sɿ5 ȵit7	si4 nit6	si4 ri4	白	四天		139		
十四届	sɨt8 sɿ5 kai5	set7 si4 gai4	shi2 si4 jie4	文			138		
十之八九	ɕit8 tsɿ1 pat7 tɕiu3	xit7 zi1 bat6 jiu3	shi2 zhi1 ba1 jiu3	白			137		
日本防卫厅	lɛt7 pɨn3 fɔŋ5 ui6 tʰin1	let6 ben3 fong4 wui5 tin1	ri4 ben3 fang2 wei4 ting1	文			137		
百日	paʔ7 ȵit7	bak6 nit6	bai3 ri4	白			137		
十年寒窗	sɨt8 ȵiɛn5 hon2 tsʰɔŋ1	set7 nien4 hon2 cong1	shi2 nian2 han2 chuang1	文			136		
度日	tʰu6 lɛt7	tu5 let6	du4 ri4	文			136		
百家	pet7 ka1	bet6 ga1	bai3 jia1	文			136		
何日	ho2 lɛt7	ho2 let6	he2 ri4	文			135		
日头	ȵit7 tʰɛu2	nit6 teu2	ri4 tou5	白	太阳	tai4 yang2	450000		
五十岁	ŋ̍3 ɕit8 sui5	ng3 xit7 sui4	wu3 shi2 sui4	白			134		
冬日	tuŋ1 ȵit7	dung1 nit6	dong1 ri4	白			133		
红十字会	fuŋ5 sɨt8 tsʰɿ6 fɨi6	fung4 set7 ci5 fei5	hong2 shi2 zi4 hui4	文			133		
九日	tɕiu3 ȵit7	jiu3 nit6	jiu3 ri4	白	九天		132		
五十两	ŋ̍3 ɕit8 liɔŋ3	ng3 xit7 liong3	wu3 shi2 liang3	白			131		
一十三点	it7 ɕit8 san1 tiɛn3	yit6 xit7 san1 dien3	yi1 shi2 san1 dian3	白	十三点	shi2 san1 dian3	131		
三十三年	san1 ɕit8 san1 ȵiɛn5	san1 xit7 san1 nien4	san1 shi2 san1 nian2	白			129		
十百	ɕit8 paʔ7	xit7 bak6	shi2 bai3	白			129		
四十八斤	sɿ5 ɕit8 pat7 tɕin1	si4 xit7 bat6 jin1	si4 shi2 ba1 jin1	白			129		
七七四十九响	tɕʰit7 tɕʰit7 sɿ5 ɕit8 tɕiu3 ɕiɔŋ3	qit6 qit6 si4 xit7 jiu3 xiong3	qi1 qi1 si4 shi2 jiu3 xiang3	白			128		
三十六扇	san1 ɕit8 liuʔ7 sɛn5	san1 xit7 liuk6 sen4	san1 shi2 liu4 shan4	白			128		
八日	pat7 ȵit7	bat6 nit6	ba1 ri4	白	八天		128		
六十根	liuʔ7 ɕit8 kiɛn1	liuk6 xit7 gien1	liu4 shi2 gen1	白			128		
百四十六	paʔ7 sɿ5 ɕit8 liuʔ7	bak6 si4 xit7 liuk6	bai3 si4 shi2 liu4	白			128		
一五一十	it7 ŋ̍3 it7 ɕit8	yit6 ng3 yit6 xit7	yi4 wu3 yi4 shi2	白			127		
六名	liuʔ7 miᴀŋ5	liuk6 miang4	liu4 ming2	白			127		
十二指肠	sɨt8 ɵ6 tsɿ3 tsʰɔŋ2	set7 o5 zi3 cong2	shi2 er4 zhi3 chang2	文			127		
一十六个	it7 ɕit8 liuʔ7 ko5	yit6 xit7 liuk6 go4	yi1 shi2 liu4 ge4	白	十六个	shi2 liu4 ge4	127		
一十多个	it7 ɕit8 to1 ko5	yit6 xit7 do1 go4	yi1 shi2 duo1 ge4	白	十多个	shi2 duo1 ge4	125		
日新月异	lɛt7 ɕin1 ȵyot7 i6	let6 xin1 nyuot6 yi5	ri4 xin1 yue4 yi4	文			125		
第十次	tʰi6 ɕit8 tsʰɿ3	ti5 xit7 ci3	di4 shi2 ci4	白			125		
连日来	liɛn5 lɛt7 lei5	lien4 let6 lei4	lian2 ri4 lai2	文			124		
三十万	san1 ɕit8 uan6	san1 xit7 wan5	san1 shi2 wan4	白			123		
日日夜夜	ȵit7 ȵit7 ia6 ia6	nit6 nit6 ya5 ya5	ri4 ri4 ye4 ye4	白			123		
假日办	ka3 lɛt7 pʰan6	ga3 let6 pan5	jia4 ri4 ban4	文			122		
第一十八	tʰi6 it7 ɕit8 pat7	ti5 yit6 xit7 bat6	di4 yi1 shi2 ba1	白	第十八	di4 shi2 ba1	122		
七名	tɕʰit7 miᴀŋ5	qit6 miang4	qi1 ming2	白			120		
六十年	liuʔ7 ɕit8 ȵiɛn5	liuk6 xit7 nien4	liu4 shi2 nian2	白			120		
名流	min5 liu5	min4 liu4	ming2 liu2	文			119		
二十万两	ɵ6 ɕit8 uan6 liɔŋ3	o5 xit7 wan5 liong3	er4 shi2 wan4 liang3	白			118		
烈日	liɛt7 lɛt7	liet6 let6	lie4 ri4	文			118		
百名	paʔ7 miᴀŋ5	bak6 miang4	bai3 ming2	白			117		
第二日	tʰi6 ɵ6 ȵit7	ti5 o5 nit6	di4 er4 ri4	白			175117		
一十九日	it7 ɕit8 tɕiu3 ȵit7	yit6 xit7 jiu3 nit6	shi2 jiu3 ri4	白	一十九天		116		
日数	lɛt7 su5	let6 su4	ri4 shu4	文			116		
三十二年	san1 ɕit8 ɵ6 ȵiɛn5	san1 xit7 o5 nien4	san1 shi2 er4 nian2	白			115		
二日	ɵ6 ȵit7	o5 nit6	er4 ri4	白			114		
一十七日	it7 ɕit8 tɕʰit7 ȵit7	yit6 xit7 qit6 nit6	shi2 qi1 ri4	白	一十七天		114		
一十余招	it7 ɕit8 y5 tsɛu1	yit6 xit7 yu4 zeu1	yi1 shi2 yu2 zhao1	白	十余招	shi2 yu2 zhao1	113		
五十万	ŋ̍3 ɕit8 uan6	ng3 xit7 wan5	wu3 shi2 wan4	白			112		
一十一个	it7 ɕit8 it7 ko5	yit6 xit7 yit6 go4	yi1 shi2 yi2 ge4	白	十一个	shi2 yi2 ge4	112		
日本海	lɛt7 pɨn3 hai3	let6 ben3 hai3	ri4 ben3 hai3	文			112		
风土人情	fuŋ1 tʰu3 lɨn5 tɕʰin2	fung1 tu3 len4 qin2	feng1 tu3 ren2 qing2	文			112		
四十二章	sɿ5 ɕit8 ɵ6 tsɔŋ1	si4 xit7 o5 zong1	si4 shi2 er4 zhang1	白			111		
一日游	it7 lɛt7 iu5	yit6 let6 yiu4	yi1 ri4 you2	文			109		
二十八	ɵ6 ɕit8 pat7	o5 xit7 bat6	er4 shi2 ba1	白			109		
一十余名	it7 ɕit8 y5 min5	yit6 xit7 yu4 min4	yi1 shi2 yu2 ming2	白	十余名	shi2 yu2 ming2	109		
日复一日	lɛt7 fuʔ7 it7 lɛt7	let6 fuk6 yit6 let6	ri4 fu4 yi2 ri4	文			109		
第一十二	tʰi6 it7 ɕit8 ɵ6	ti5 yit6 xit7 o5	di4 yi1 shi2 er4	白	第十二	di4 shi2 er4	109		
议事日程	i6 sɿ6 lɛt7 tsʰɨn2	yi5 si5 let6 cen2	yi4 shi4 ri4 cheng2	文			109		
二十三	ɵ6 ɕit8 san1	o5 xit7 san1	er4 shi2 san1	白			5107		
改日	kai3 ȵit7	gai3 nit6	gai3 ri4	白	改天		100107		
二十八宿	ɵ6 ɕit8 pat7 ɕiuʔ7	o5 xit7 bat6 xiuk6	er4 shi2 ba1 xiu4	白			106		
日耳曼人	lɛt7 ɵ3 mon6 ȵin5	let6 o3 mon5 nin4	ri4 er3 man4 ren2	文			106		
一十三岁	it7 ɕit8 san1 sui5	yit6 xit7 san1 sui4	yi1 shi2 san1 sui4	白	十三岁	shi2 san1 sui4	105		
十佳	ɕit8 ka1	xit7 ga1	shi2 jia1	白			105		
尼日尔河	ȵi5 lɛt7 ɵ3 ho2	ni4 let6 o3 ho2	ni2 ri4 er3 he2	文			105		
朝日	tsɛu1 lɛt7	zeu1 let6	zhao1 ri4	文			105		
二十名	ɵ6 ɕit8 miᴀŋ5	o5 xit7 miang4	er4 shi2 ming2	白			104		
李十娘	li3 sɨt8 ȵiɔŋ5	li3 set7 niong4	li3 shi2 niang2	文			104		
落日	lɔʔ8 lɛt7	lok7 let6	luo4 ri4	文			104		
二十六	ɵ6 ɕit8 liuʔ7	o5 xit7 liuk6	er4 shi2 liu4	白			103		
几十里	tɕi3 ɕit8 li3	ji3 xit7 li3	ji3 shi2 li3	白			103		
四十八	sɿ5 ɕit8 pat7	si4 xit7 bat6	si4 shi2 ba1	白			103		
二十米	ɵ6 ɕit8 mi3	o5 xit7 mi3	er4 shi2 mi3	白			102		
列日涅夫	liɛt7 lɛt7 ȵiet7 fu1	liet6 let6 niet6 fu1	lie4 ri4 nie4 fu1	文			101		
一十四岁	it7 ɕit8 sɿ5 sui5	yit6 xit7 si4 sui4	yi1 shi2 si4 sui4	白	十四岁	shi2 si4 sui4	101		
七十年	tɕʰit7 ɕit8 ȵiɛn5	qit6 xit7 nien4	qi1 shi2 nian2	白			98		
三十余	san1 ɕit8 y5	san1 xit7 yu4	san1 shi2 yu2	白			98		
五十里	ŋ̍3 ɕit8 li3	ng3 xit7 li3	wu3 shi2 li3	白			98		
六十万	liuʔ7 ɕit8 uan6	liuk6 xit7 wan5	liu4 shi2 wan4	白			98		
一十二岁	it7 ɕit8 ɵ6 sui5	yit6 xit7 o5 sui4	yi1 shi2 er4 sui4	白	十二岁	shi2 er4 sui4	98		
一十二点	it7 ɕit8 ɵ6 tiɛn3	yit6 xit7 o5 dien3	yi1 shi2 er4 dian3	白	十二点	shi2 er4 dian3	98		
十指	ɕit8 tsɿ3	xit7 zi3	shi2 zhi3	白			98		
六日	liuʔ7 ȵit7	liuk6 nit6	liu4 ri4	白	六天		97		
第一十四	tʰi6 it7 ɕit8 sɿ5	ti5 yit6 xit7 si4	di4 yi1 shi2 si4	白	第十四	di4 shi2 si4	97		
二十九	ɵ6 ɕit8 tɕiu3	o5 xit7 jiu3	er4 shi2 jiu3	白			96		
双十	sɔŋ1 ɕit8	song1 xit7	shuang1 shi2	白			96		
三十多岁	san1 ɕit8 to1 sui5	san1 xit7 do1 sui4	san1 shi2 duo1 sui4	白			95		
二十八日	ɵ6 ɕit8 pat7 ȵit7	o5 xit7 bat6 nit6	er4 shi2 ba1 ri4	白	二十八天		5095		
光天化日	kuɔŋ1 tʰiɛn1 ɸᴀ5 lɛt7	guong1 tien1 fa4 let6	guang1 tian1 hua4 ri4	文			95		
十条	ɕit8 tʰiɛu2	xit7 tieu2	shi2 tiao2	白			60095		
四十多岁	sɿ5 ɕit8 to1 sui5	si4 xit7 do1 sui4	si4 shi2 duo1 sui4	白			95		
第一十五	tʰi6 it7 ɕit8 ŋ̍3	ti5 yit6 xit7 ng3	di4 yi1 shi2 wu3	白	第十五	di4 shi2 wu3	95		
二十七	ɵ6 ɕit8 tɕʰit7	o5 xit7 qit6	er4 shi2 qi1	白			94		
十斤	ɕit8 tɕin1	xit7 jin1	shi2 jin1	白			94		
十有八九	ɕit8 iu3 pat7 tɕiu3	xit7 yiu3 bat6 jiu3	shi2 you3 ba1 jiu3	白			94		
日伪	lɛt7 ui3	let6 wui3	ri4 wei3	文			94		
红日	fuŋ5 lɛt7	fung4 let6	hong2 ri4	文			94		
三十五年	san1 ɕit8 ŋ̍3 ȵiɛn5	san1 xit7 ng3 nien4	san1 shi2 wu3 nian2	白			93		
一十六日	it7 ɕit8 liuʔ7 ȵit7	yit6 xit7 liuk6 nit6	shi2 liu4 ri4	白	十六天		93		
十招	ɕit8 tsɛu1	xit7 zeu1	shi2 zhao1	白			93		
百分之八十	paʔ7 fɨn1 tsɿ1 pat7 ɕit8	bak6 fen1 zi1 bat6 xit7	bai3 fen1 zhi1 ba1 shi2	白			93		
几十名	tɕi3 ɕit8 miᴀŋ5	ji3 xit7 miang4	ji3 shi2 ming2	白			92		
第三日	tʰi6 san1 ȵit7	ti5 san1 nit6	di4 san1 ri4	白	第三天		92		
一十三日	it7 ɕit8 san1 ȵit7	yit6 xit7 san1 nit6	shi2 san1 ri4	白	十三天		91		
与日俱增	y3 lɛt7 tɕy1 tsɛn1	yu3 let6 jyu1 zen1	yu3 ri4 ju4 zeng1	文			90		
二十两	ɵ6 ɕit8 liɔŋ3	o5 xit7 liong3	er4 shi2 liang3	白			90		
一十四日	it7 ɕit8 sɿ5 ȵit7	yit6 xit7 si4 nit6	yi1 shi2 si4 ri4	白	十四天	shi2 si4 ri4	90		
第十章	tʰi6 ɕit8 tsɔŋ1	ti5 xit7 zong1	di4 shi2 zhang1	白			90		
二十多岁	ɵ6 ɕit8 to1 sui5	o5 xit7 do1 sui4	er4 shi2 duo1 sui4	白			89		
一十一日	it7 ɕit8 it7 ȵit7	yit6 xit7 yit6 nit6	yi1 shi2 yi1 ri4	白	十一天	shi2 yi1 ri4	88		
日立	lɛt7 lit7	let6 lit6	ri4 li4	文			88		
三十六年	san1 ɕit8 liuʔ7 ȵiɛn5	san1 xit7 liuk6 nien4	san1 shi2 liu4 nian2	白			86		
光明日报	kuɔŋ1 min5 lɛt7 pau5	guong1 min4 let6 bau4	guang1 ming2 ri4 bao4	文			86		
一十七八岁	it7 ɕit8 tɕʰit7 pat7 sui5	yit6 xit7 qit6 bat6 sui4	yi1 shi2 qi1 ba1 sui4	白	十七八岁	shi2 qi1 ba1 sui4	86		
二十三日	ɵ6 ɕit8 san1 ȵit7	o5 xit7 san1 nit6	er4 shi2 san1 ri4	白	二十三天		85		
二十二	ɵ6 ɕit8 ɵ6	o5 xit7 o5	er4 shi2 er4	白			85		
六十岁	liuʔ7 ɕit8 sui5	liuk6 xit7 sui4	liu4 shi2 sui4	白			85		
一十二日	it7 ɕit8 ɵ6 ȵit7	yit6 xit7 o5 nit6	shi2 er4 ri4	白	十二天		85		
十数	ɕit8 su5	xit7 su4	shi2 shu4	白			85		
十种	ɕit8 tsuŋ3	xit7 zung3	shi2 zhong3	白			85		
不可同日而语	pet7 kʰo3 tʰuŋ2 lɛt7 ɵ5 ȵy3	bet6 ko3 tung2 let6 o4 nyu3	bu4 ke3 tong2 ri4 er2 yu3	文			83		
一十八道	it7 ɕit8 pat7 tʰau6	yit6 xit7 bat6 tau5	yi1 shi2 ba1 dao4	白	十八道	shi2 ba1 dao4	83		
十块	ɕit8 kʰuai3	xit7 kuai3	shi2 kuai4	白			83		
千名	tɕʰiɛn1 miᴀŋ5	qien1 miang4	qian1 ming2	白			83		
吉日	tɕit7 lɛt7	jit6 let6	ji2 ri4	文			83		
红十字	fuŋ5 sɨt8 tsʰɿ6	fung4 set7 ci5	hong2 shi2 zi4	文			83		
一十二分	it7 ɕit8 ɵ6 fɨn1	yit6 xit7 o5 fen1	yi1 shi2 er4 fen1	白	十二分	shi2 er4 fen1	82		
华尔街日报	ɸᴀ5 ɵ3 kai1 lɛt7 pau5	fa4 o3 gai1 let6 bau4	hua2 er3 jie1 ri4 bao4	文			82		
几十米	tɕi3 ɕit8 mi3	ji3 xit7 mi3	ji3 shi2 mi3	白			81		
数千名	su5 tɕʰiɛn1 miᴀŋ5	su4 qien1 miang4	shu4 qian1 ming2	白			81		
某日	mɛu3 ȵit7	meu3 nit6	mou3 ri4	白	某天		81		
二十余里	ɵ6 ɕit8 y5 li3	o5 xit7 yu4 li3	er4 shi2 yu2 li3	白			80		
十根	ɕit8 kiɛn1	xit7 gien1	shi2 gen1	白			80		
十万火急	sɨt8 uan6 fo3 tɕit7	set7 wan5 fo3 jit6	shi2 wan4 huo3 ji2	文			79		
第一十三	tʰi6 it7 ɕit8 san1	ti5 yit6 xit7 san1	di4 yi1 shi2 san1	白	第十三	di4 shi2 san1	79		
第一十二章	tʰi6 it7 ɕit8 ɵ6 tsɔŋ1	ti5 yit6 xit7 o5 zong1	di4 yi1 shi2 er4 zhang1	白	第十二章	di4 shi2 er4 zhang1	79		
七十岁	tɕʰit7 ɕit8 sui5	qit6 xit7 sui4	qi1 shi2 sui4	白			78		
三十八年	san1 ɕit8 pat7 ȵiɛn5	san1 xit7 bat6 nien4	san1 shi2 ba1 nian2	白			78		
人名	ȵin5 miᴀŋ5	nin4 miang4	ren2 ming2	白			78		
六十四	liuʔ7 ɕit8 sɿ5	liuk6 xit7 si4	liu4 shi2 si4	白			78		
一十多名	it7 ɕit8 to1 min5	yit6 xit7 do1 min4	yi1 shi2 duo1 ming2	白	十多名	shi2 duo1 ming2	78		
指日可待	tsɿ3 lɛt7 kʰo3 tʰai6	zi3 let6 ko3 tai5	zhi3 ri4 ke3 dai4	文			78		
第一十一章	tʰi6 it7 ɕit8 it7 tsɔŋ1	ti5 yit6 xit7 yit6 zong1	di4 yi1 shi2 yi1 zhang1	白	第十一章	di4 shi2 yi1 zhang1	78		
一百名	it7 paʔ7 miᴀŋ5	yit6 bak6 miang4	yi4 bai3 ming2	白			77		
三十二	san1 ɕit8 ɵ6	san1 xit7 o5	san1 shi2 er4	白			77		
二十六日	ɵ6 ɕit8 liuʔ7 ȵit7	o5 xit7 liuk6 nit6	er4 shi2 liu4 ri4	白	二十六天		77		
一十四个	it7 sɨt8 sɿ5 ko5	yit6 set7 si4 go4	yi1 shi2 si4 ge4	文	十四个	shi2 si4 ge4	77		
生养	saŋ1 iɔŋ3	sang1 yong3	sheng1 yang3	白			1377		
逐日	tsʰuʔ7 lɛt7	cuk6 let6	zhu2 ri4	文			77		
十万两	ɕit8 uan6 liɔŋ3	xit7 wan5 liong3	shi2 wan4 liang3	白			76		
七八名	tɕʰit7 pat7 miᴀŋ5	qit6 bat6 miang4	qi1 ba1 ming2	白			75		
二十几个	ɵ6 ɕit8 tɕi3 ko5	o5 xit7 ji3 go4	er4 shi2 ji3 ge4	白			75		
五六十	ŋ̍3 liuʔ7 ɕit8	ng3 liuk6 xit7	wu3 liu4 shi2	白			75		
十家	ɕit8 ka1	xit7 ga1	shi2 jia1	白			75		
出头之日	tsʰuʔ7 tʰɛu2 tsɿ1 lɛt7	cuk6 teu2 zi1 let6	chu1 tou2 zhi1 ri4	文			74		
十位	ɕit8 ui6	xit7 wui5	shi2 wei4	白			74		
十数个	sɨt8 su5 ko5	set7 su4 go4	shi2 shu4 ge4	文			74		
旷日持久	kʰuɔŋ3 lɛt7 tsʰɿ2 tɕiu3	kuong3 let6 ci2 jiu3	kuang4 ri4 chi2 jiu3	文			74		
二十二日	ɵ6 ɕit8 ɵ6 ȵit7	o5 xit7 o5 nit6	er4 shi2 er4 ri4	白	二十二天		73		
一十几米	it7 ɕit8 tɕi3 mi3	yit6 xit7 ji3 mi3	yi1 shi2 ji3 mi3	白	十几米	shi2 ji3 mi3	73		
十步	ɕit8 pʰu6	xit7 pu5	shi2 bu4	白			73		
三十四年	san1 ɕit8 sɿ5 ȵiɛn5	san1 xit7 si4 nien4	san1 shi2 si4 nian2	白			72		
日本队	lɛt7 pɨn3 tui5	let6 ben3 dui4	ri4 ben3 dui4	文			72		
首日	seu3 lɛt7	seu3 let6	shou3 ri4	文			72		
二十四日	ɵ6 ɕit8 sɿ5 ȵit7	o5 xit7 si4 nit6	er4 shi2 si4 ri4	白	二十四天		71		
二十多个	ɵ6 ɕit8 to1 ko5	o5 xit7 do1 go4	er4 shi2 duo1 ge4	白			71		
双休日	sɔŋ1 ɕiu1 lɛt7	song1 xiu1 let6	shuang1 xiu1 ri4	文			71		
日月星辰	lɛt7 ȵyot7 ɕin1 sɨn5	let6 nyuot6 xin1 sen4	ri4 yue4 xing1 chen2	文			71		
第十二届	tʰi6 sɨt8 ɵ6 kai5	ti5 set7 o5 gai4	di4 shi2 er4 jie4	文			71		
第一十四章	tʰi6 it7 ɕit8 sɿ5 tsɔŋ1	ti5 yit6 xit7 si4 zong1	di4 yi1 shi2 si4 zhang1	白	第十四章	di4 shi2 si4 zhang1	71		
十字街头	sɨt8 tsʰɿ6 kai1 tʰɛu2	set7 ci5 gai1 teu2	shi2 zi4 jie1 tou2	文			70		
四十七年	sɿ5 ɕit8 tɕʰit7 ȵiɛn5	si4 xit7 qit6 nien4	si4 shi2 qi1 nian2	白			70		
诸子百家	tɕy1 tsɿ3 pet7 ka1	jyu1 zi3 bet6 ga1	zhu1 zi3 bai3 jia1	文			70		
青天白日	tɕʰin1 tʰiɛn1 pʰaʔ8 lɛt7	qin1 tien1 pak7 let6	qing1 tian1 bai2 ri4	文			70		
三十多个	san1 ɕit8 to1 ko5	san1 xit7 do1 go4	san1 shi2 duo1 ge4	白			69		
二十九日	ɵ6 ɕit8 tɕiu3 ȵit7	o5 xit7 jiu3 nit6	er4 shi2 jiu3 ri4	白	二十九天		69		
四十四年	sɿ5 ɕit8 sɿ5 ȵiɛn5	si4 xit7 si4 nien4	si4 shi2 si4 nian2	白			69		
四十多年	sɿ5 ɕit8 to1 ȵiɛn5	si4 xit7 do1 nien4	si4 shi2 duo1 nian2	白			69		
日经	lɛt7 tɕin1	let6 jin1	ri4 jing1	文			69		
第四名	tʰi6 sɿ5 miᴀŋ5	ti5 si4 miang4	di4 si4 ming2	白			69		
十全十美	ɕit8 tɕʰyon2 ɕit8 mi3	xit7 qyuon2 xit7 mi3	shi2 quan2 shi2 mei3	白			68		
十卷	ɕit8 tɕyon5	xit7 jyuon4	shi2 juan3	白			68		
日文	lɛt7 uen5	let6 wun4	ri4 wen2	文			68		
二十一岁	ɵ6 ɕit8 it7 sui5	o5 xit7 yit6 sui4	er4 shi2 yi1 sui4	白			67		
人情味	lɨn5 tɕʰin2 ui6	len4 qin2 wui5	ren2 qing2 wei4	文			67		
一十六七岁	it7 ɕit8 liuʔ7 tɕʰit7 sui5	yit6 xit7 liuk6 qit6 sui4	yi1 shi2 liu4 qi1 sui4	白	十六七岁	shi2 liu4 qi1 sui4	67		
一十几位	it7 ɕit8 tɕi3 ui6	yit6 xit7 ji3 wui5	yi1 shi2 ji3 wei4	白	十几位	shi2 ji3 wei4	67		
一十几名	it7 ɕit8 tɕi3 min5	yit6 xit7 ji3 min4	yi1 shi2 ji3 ming2	白	十几名	shi2 ji3 ming2	67		
日喀则	lɛt7 kʰiet7 tsɛt7	let6 kiet6 zet6	ri4 ka1 ze2	文			67		
日增	lɛt7 tsɛn1	let6 zen1	ri4 zeng1	文			67		
一二日	it7 ɵ6 ȵit7	yit6 o5 nit6	yi1 er4 ri4	白	一两天		66		
三十个	san1 ɕit8 ko5	san1 xit7 go4	san1 shi2 ge4	白			66		
五十多岁	ŋ̍3 ɕit8 to1 sui5	ng3 xit7 do1 sui4	wu3 shi2 duo1 sui4	白			66		
几百名	tɕi3 paʔ7 miᴀŋ5	ji3 bak6 miang4	ji3 bai3 ming2	白			66		
十三陵	sɨt8 san1 lin5	set7 san1 lin4	shi2 san1 ling2	文			66		
单日	tan1 lɛt7	dan1 let6	dan1 ri4	文			66		
第一十三章	tʰi6 it7 ɕit8 san1 tsɔŋ1	ti5 yit6 xit7 san1 zong1	di4 yi1 shi2 san1 zhang1	白	第十三章	di4 shi2 san1 zhang1	66		
日产	lɛt7 tsʰan3	let6 can3	ri4 chan3	文			65		
第一十一卷	tʰi6 it7 ɕit8 it7 tɕyon5	ti5 yit6 xit7 yit6 jyuon4	di4 yi1 shi2 yi1 juan4	白	第十一卷	di4 shi2 yi1 juan4	65		
第一十五章	tʰi6 it7 ɕit8 ŋ̍3 tsɔŋ1	ti5 yit6 xit7 ng3 zong1	di4 yi1 shi2 wu3 zhang1	白	第十五章	di4 shi2 wu3 zhang1	65		
五光十色	ŋ̍3 kuɔŋ1 sɨt8 sɛt7	ng3 guong1 set7 set6	wu3 guang1 shi2 se4	文			64		
一十五万	it7 ɕit8 ŋ̍3 uan6	yit6 xit7 ng3 wan5	yi1 shi2 wu3 wan4	白	十五万	shi2 wu3 wan4	64		
一十五六岁	it7 ɕit8 ŋ̍3 liuʔ7 sui5	yit6 xit7 ng3 liuk6 sui4	yi1 shi2 wu3 liu4 sui4	白	十五六岁	shi2 wu3 liu4 sui4	64		
一十八代	it7 ɕit8 pat7 tʰai6	yit6 xit7 bat6 tai5	yi1 shi2 ba1 dai4	白	十八代	shi2 ba1 dai4	64		
十恶不赦	sɨt8 ŋɔʔ7 pet7 sa5	set7 ngok6 bet6 sa4	shi2 e4 bu4 she4	文			64		
十进制	ɕit8 tɕin5 tsɿ5	xit7 jin4 zi4	shi2 jin4 zhi4	白			64		
开放日	kʰai1 fɔŋ5 lɛt7	kai1 fong4 let6	kai1 fang4 ri4	文			64		
第一十六章	tʰi6 it7 ɕit8 liuʔ7 tsɔŋ1	ti5 yit6 xit7 liuk6 zong1	di4 yi1 shi2 liu4 zhang1	白	第十六章	di4 shi2 liu4 zhang1	64		
第四日	tʰi6 sɿ5 ȵit7	ti5 si4 nit6	di4 si4 ri4	白	第四天		64		
一十几里	it7 ɕit8 tɕi3 li3	yit6 xit7 ji3 li3	yi1 shi2 ji3 li3	白	十几里	shi2 ji3 li3	63		
日盛	lɛt7 sɨn6	let6 sen5	ri4 sheng4	文			63		
第二十	tʰi6 ɵ6 ɕit8	ti5 o5 xit7	di4 er4 shi2	白			63		
三四十	san1 sɿ5 ɕit8	san1 si4 xit7	san1 si4 shi2	白			62		
初十	tsʰu1 ɕit8	cu1 xit7	chu1 shi2	白			62		
一十九岁	it7 ɕit8 tɕiu3 sui5	yit6 xit7 jiu3 sui4	yi1 shi2 jiu3 sui4	白	十九岁	shi2 jiu3 sui4	62		
反日	fan3 lɛt7	fan3 let6	fan3 ri4	文			62		
四十三年	sɿ5 ɕit8 san1 ȵiɛn5	si4 xit7 san1 nien4	si4 shi2 san1 nian2	白			62		
日影	lɛt7 iaŋ3	let6 yang3	ri4 ying3	文			62		
路易十四	lu6 i6 sɨt8 sɿ5	lu5 yi5 set7 si4	lu4 yi4 shi2 si4	文			62		
三十九年	san1 ɕit8 tɕiu3 ȵiɛn5	san1 xit7 jiu3 nien4	san1 shi2 jiu3 nian2	白			61		
几十种	tɕi3 ɕit8 tsuŋ3	ji3 xit7 zung3	ji3 shi2 zhong3	白			61		
一十八个	it7 sɨt8 pat7 ko5	yit6 set7 bat6 go4	yi1 shi2 ba1 ge4	文	十八个	shi2 ba1 ge4	61		
十只	ɕit8 tsɿʔ7	xit7 zik6	shi2 zhi3	白			61		
日晒	lɛt7 sai5	let6 sai4	ri4 shai4	文			61		
日月神教	lɛt7 ȵyot7 sɨn5 kau5	let6 nyuot6 sen4 gau4	ri4 yue4 shen2 jiao4	文			61		
第十个	tʰi6 ɕit8 ko5	ti5 xit7 go4	di4 shi2 ge4	白			61		
重见天日	tsʰuŋ2 tɕiɛn5 tʰiɛn1 lɛt7	cung2 jien4 tien1 let6	chong2 jian4 tian1 ri4	文			61		
三十余年	san1 ɕit8 y5 ȵiɛn5	san1 xit7 yu4 nien4	san1 shi2 yu2 nian2	白			60		
九十年代	tɕiu3 ɕit8 ȵiɛn5 tʰai6	jiu3 xit7 nien4 tai5	jiu3 shi2 nian2 dai4	白			60		
二十四节气	ɵ6 ɕit8 sɿ5 tɕiɛt7 tɕʰi3	o5 xit7 si4 jiet6 qi3	er4 shi2 si4 jie2 qi4	白			60		
几十倍	tɕi3 ɕit8 pʰi5	ji3 xit7 pi4	ji3 shi2 bei4	白			60		
一十三道	it7 ɕit8 san1 tʰau6	yit6 xit7 san1 tau5	yi1 shi2 san1 dao4	白	十三道	shi2 san1 dao4	60		
十五届	sɨt8 ŋ̍3 kai5	set7 ng3 gai4	shi2 wu3 jie4	文			60		
春日	tsʰun1 lɛt7	cun1 let6	chun1 ri4	文			60		
横财	fen6 tsʰai2	fen5 cai2	heng4 cai2	文			60		
百无聊赖	pet7 u5 liɛu5 lai6	bet6 wu4 lieu4 lai5	bai3 wu2 liao2 lai4	文			60		
第二十章	tʰi6 ɵ6 ɕit8 tsɔŋ1	ti5 o5 xit7 zong1	di4 er4 shi2 zhang1	白			60		
第一十九路	tʰi6 it7 ɕit8 tɕiu3 lu6	ti5 yit6 xit7 jiu3 lu5	di4 yi1 shi2 jiu3 lu4	白	第十九路	di4 shi2 jiu3 lu4	60		
一日三餐	it7 lɛt7 san1 tsʰan1	yit6 let6 san1 can1	yi1 ri4 san1 can1	文			59		
二三十年	ɵ6 san1 ɕit8 ȵiɛn5	o5 san1 xit7 nien4	er4 san1 shi2 nian2	白			59		
休息日	ɕiu1 ɕit7 lɛt7	xiu1 xit6 let6	xiu1 xi1 ri4	文			59		
八十岁	pat7 ɕit8 sui5	bat6 xit7 sui4	ba1 shi2 sui4	白			59		
一十三家	it7 ɕit8 san1 ka1	yit6 xit7 san1 ga1	yi1 shi2 san1 jia1	白	十三家	shi2 san1 jia1	59		
十六大	sɨt8 liuʔ7 tʰai6	set7 liuk6 tai5	shi2 liu4 da4	文			59		
十字形	sɨt8 tsʰɿ6 ɕin5	set7 ci5 xin4	shi2 zi4 xing2	文			59		
四五十	sɿ5 ŋ̍3 ɕit8	si4 ng3 xit7	si4 wu3 shi2	白			59		
四十里	sɿ5 ɕit8 li3	si4 xit7 li3	si4 shi2 li3	白			59		
日圆	lɛt7 yon5	let6 yuon4	ri4 yuan2	文			59		
蒸蒸日上	tsɨn1 tsɨn1 lɛt7 sɔŋ6	zen1 zen1 let6 song5	zheng1 zheng1 ri4 shang4	文			59		
五十名	ŋ̍3 ɕit8 miᴀŋ5	ng3 xit7 miang4	wu3 shi2 ming2	白			58		
十丈	ɕit8 tsʰɔŋ6	xit7 cong5	shi2 zhang4	白			58		
四十万	sɿ5 ɕit8 uan6	si4 xit7 wan5	si4 shi2 wan4	白			58		
四十八年	sɿ5 ɕit8 pat7 ȵiɛn5	si4 xit7 bat6 nien4	si4 shi2 ba1 nian2	白			58		
日积月累	lɛt7 tɕit7 ȵyot7 lui6	let6 jit6 nyuot6 lui5	ri4 ji1 yue4 lei3	文			58		
第一十七章	tʰi6 it7 ɕit8 tɕʰit7 tsɔŋ1	ti5 yit6 xit7 qit6 zong1	di4 yi1 shi2 qi1 zhang1	白	第十七章	di4 shi2 qi1 zhang1	58		
三十七年	san1 ɕit8 tɕʰit7 ȵiɛn5	san1 xit7 qit6 nien4	san1 shi2 qi1 nian2	白			56		
一十五个	it7 ɕit8 ŋ̍3 ko5	yit6 xit7 ng3 go4	yi1 shi2 wu3 ge4	白	十五个	shi2 wu3 ge4	56		
十元	ɕit8 ȵyon5	xit7 nyuon4	shi2 yuan2	白			56		
一十六名	it7 ɕit8 liuʔ7 miᴀŋ5	yit6 xit7 liuk6 miang4	yi1 shi2 liu4 ming2	白	十六名	shi2 liu4 ming2	56		
四十一年	sɿ5 ɕit8 it7 ȵiɛn5	si4 xit7 yit6 nien4	si4 shi2 yi1 nian2	白			56		
第一十七路	tʰi6 it7 ɕit8 tɕʰit7 lu6	ti5 yit6 xit7 qit6 lu5	di4 yi1 shi2 qi1 lu4	白	第十七路	di4 shi2 qi1 lu4	56		
全日	tɕʰyon2 lɛt7	qyuon2 let6	quan2 ri4	文			55		
十一大	sɨt8 it7 tʰai6	set7 yit6 tai5	shi2 yi1 da4	文			55		
十万八千里	ɕit8 uan6 pat7 tɕʰiɛn1 li3	xit7 wan5 bat6 qien1 li3	shi2 wan4 ba1 qian1 li3	白			55		
第二十一章	tʰi6 ɵ6 ɕit8 it7 tsɔŋ1	ti5 o5 xit7 yit6 zong1	di4 er4 shi2 yi1 zhang1	白			55		
第一十三卷	tʰi6 it7 ɕit8 san1 tɕyon5	ti5 yit6 xit7 san1 jyuon4	di4 yi1 shi2 san1 juan3	白	第十三卷	di4 shi2 san1 juan3	55		
第一十八章	tʰi6 it7 ɕit8 pat7 tsɔŋ1	ti5 yit6 xit7 bat6 zong1	di4 yi1 shi2 ba1 zhang1	白	第十八章	di4 shi2 ba1 zhang1	55		
一十几种	it7 ɕit8 tɕi3 tsuŋ3	yit6 xit7 ji3 zung3	yi1 shi2 ji3 zhong3	白	十几种	shi2 ji3 zhong3	54		
一十四五岁	it7 ɕit8 sɿ5 ŋ̍3 sui5	yit6 xit7 si4 ng3 sui4	yi1 shi2 si4 wu3 sui4	白	十四五岁	shi2 si4 wu3 sui4	54		
天日	tʰiɛn1 lɛt7	tien1 let6	tian1 ri4	文			54		
第一十六	tʰi6 it7 ɕit8 liuʔ7	ti5 yit6 xit7 liuk6	di4 yi1 shi2 liu4	白	第十六	di4 shi2 liu4	54		
翌日	it7 lɛt7	yit6 let6	yi4 ri4	文			54		
三十五	san1 ɕit8 ŋ̍3	san1 xit7 ng3	san1 shi2 wu3	白			52		
三百名	san1 paʔ7 miᴀŋ5	san1 bak6 miang4	san1 bai3 ming2	白			52		
二十四个	ɵ6 ɕit8 sɿ5 ko5	o5 xit7 si4 go4	er4 shi2 si4 ge4	白			52		
一十二万	it7 ɕit8 ɵ6 uan6	yit6 xit7 o5 wan5	yi1 shi2 er4 wan4	白	十二万	shi2 er4 wan4	52		
十部	ɕit8 pʰu6	xit7 pu5	shi2 bu4	白			52		
四十五	sɿ5 ɕit8 ŋ̍3	si4 xit7 ng3	si4 shi2 wu3	白			52		
四十余	sɿ5 ɕit8 y5	si4 xit7 yu4	si4 shi2 yu2	白			52		
五百名	ŋ̍3 paʔ7 miᴀŋ5	ng3 bak6 miang4	wu3 bai3 ming2	白			51		
六十多岁	liuʔ7 ɕit8 to1 sui5	liuk6 xit7 do1 sui4	liu4 shi2 duo1 sui4	白			51		
一十八九岁	it7 ɕit8 pat7 tɕiu3 sui5	yit6 xit7 bat6 jiu3 sui4	yi1 shi2 ba1 jiu3 sui4	白	十八九岁	shi2 ba1 jiu3 sui4	51		
十记	ɕit8 tɕi5	xit7 ji4	shi2 ji4	白			51		
四十五年	sɿ5 ɕit8 ŋ̍3 ȵiɛn5	si4 xit7 ng3 nien4	si4 shi2 wu3 nian2	白			51		
无日	u5 lɛt7	wu4 let6	wu2 ri4	文			51		
日月潭	lɛt7 ȵyot7 tʰan2	let6 nyuot6 tan2	ri4 yue4 tan2	文			51		
日本外务省	lɛt7 pɨn3 uai6 u6 sen3	let6 ben3 wai5 wu5 sen3	ri4 ben3 wai4 wu4 sheng3	文			51		
日本航空自卫队	lɛt7 pɨn3 hɔŋ2 kʰuŋ1 tsʰɿ6 ui6 tui5	let6 ben3 hong2 kung1 ci5 wui5 dui4	ri4 ben3 hang2 kong1 zi4 wei4 dui4	文			51		
百分之十	paʔ7 fɨn1 tsɿ1 ɕit8	bak6 fen1 zi1 xit7	bai3 fen1 zhi1 shi2	白			51		
第一十一次	tʰi6 it7 ɕit8 it7 tsʰɿ3	ti5 yit6 xit7 yit6 ci3	di4 yi1 shi2 yi1 ci4	白	第十一次	di4 shi2 yi1 ci4	51		
第一十九章	tʰi6 it7 ɕit8 tɕiu3 tsɔŋ1	ti5 yit6 xit7 jiu3 zong1	di4 yi1 shi2 jiu3 zhang1	白	第十九章	di4 shi2 jiu3 zhang1	51		
第一十二次	tʰi6 it7 ɕit8 ɵ6 tsʰɿ3	ti5 yit6 xit7 o5 ci3	di4 yi1 shi2 er4 ci4	白	第十二次	di4 shi2 er4 ci4	51		
三十一	san1 ɕit8 it7	san1 xit7 yit6	san1 shi2 yi1	白			50		
一十多	it7 ɕit8 to1	yit6 xit7 do1	yi1 shi2 duo1	白	十多	shi2 duo1	50		
十拿九稳	sɨt8 laʔ7 tɕiu3 uen3	set7 lak6 jiu3 wun3	shi2 na2 jiu3 wen3	文			50		
四十二年	sɿ5 ɕit8 ɵ6 ȵiɛn5	si4 xit7 o5 nien4	si4 shi2 er4 nian2	白			50		
择日	tsʰɛt7 lɛt7	cet6 let6	ze2 ri4	文			50		
第二十一条	tʰi6 ɵ6 ɕit8 it7 tʰiɛu2	ti5 o5 xit7 yit6 tieu2	di4 er4 shi2 yi1 tiao2	白			50		
第一十一条	tʰi6 it7 ɕit8 it7 tʰiɛu2	ti5 yit6 xit7 yit6 tieu2	di4 yi1 shi2 yi1 tiao2	白	第十一条	di4 shi2 yi1 tiao2	50		
第十七届	tʰi6 sɨt8 tɕʰit7 kai5	ti5 set7 qit6 gai4	di4 shi2 qi1 jie4	文			50		
解放日报	kai3 fɔŋ5 lɛt7 pau5	gai3 fong4 let6 bau4	jie3 fang4 ri4 bao4	文			50		
运十	yn6 ɕit8	yun5 xit7	yun4 shi2	白			50		
不近人情	pet7 tɕʰin6 lɨn5 tɕʰin2	bet6 qin5 len4 qin2	bu4 jin4 ren2 qing2	文			49		
一十一点	it7 ɕit8 it7 tiɛn3	yit6 xit7 yit6 dien3	yi1 shi2 yi4 dian3	白	十一点	shi2 yi4 dian3	49		
十米	ɕit8 mi3	xit7 mi3	shi2 mi3	白			49		
二十大	ɵ6 sɨt8 tʰai6	o5 set7 tai5	er4 shi2 da4	文			48		
一十几家	it7 ɕit8 tɕi3 ka1	yit6 xit7 ji3 ga1	yi1 shi2 ji3 jia1	白	十几家	shi2 ji3 jia1	48		
如日中天	lu5 lɛt7 tsuŋ1 tʰiɛn1	lu4 let6 zung1 tien1	ru2 ri4 zhong1 tian1	文			48		
七八十	tɕʰit7 pat7 ɕit8	qit6 bat6 xit7	qi1 ba1 shi2	白			47		
三十余里	san1 ɕit8 y5 li3	san1 xit7 yu4 li3	san1 shi2 yu2 li3	白			47		
二十四史	ɵ6 ɕit8 sɿ5 sɿ3	o5 xit7 si4 si3	er4 shi2 si4 shi3	白			47		
一十几块	it7 ɕit8 tɕi3 kʰuai3	yit6 xit7 ji3 kuai3	yi1 shi2 ji3 kuai4	白	十几块	shi2 ji3 kuai4	47		
多万名	to1 uan6 miᴀŋ5	do1 wan5 miang4	duo1 wan4 ming2	白			47		
日本国	lɛt7 pɨn3 kuɛt7	let6 ben3 guet6	ri4 ben3 guo2	文			47		
第十条	tʰi6 ɕit8 tʰiɛu2	ti5 xit7 tieu2	di4 shi2 tiao2	白			47		
不管三七二十一	pet7 kuon3 san1 tɕʰit7 ɵ6 ɕit8 it7	bet6 guon3 san1 qit6 o5 xit7 yit6	bu4 guan3 san1 qi1 er4 shi2 yi1	白			46		
二三十个	ɵ6 san1 ɕit8 ko5	o5 san1 xit7 go4	er4 san1 shi2 ge4	白			46		
二十三岁	ɵ6 ɕit8 san1 sui5	o5 xit7 san1 sui4	er4 shi2 san1 sui4	白			46		
五十个	ŋ̍3 ɕit8 ko5	ng3 xit7 go4	wu3 shi2 ge4	白			46		
几十家	tɕi3 ɕit8 ka1	ji3 xit7 ga1	ji3 shi2 jia1	白			46		
一十一岁	it7 ɕit8 it7 sui5	yit6 xit7 yit6 sui4	yi1 shi2 yi1 sui4	白	十一岁	shi2 yi1 sui4	46		
十余日	ɕit8 y5 lɛt7	xit7 yu4 let6	shi2 yu2 ri4	文			46		
日夜兼程	lɛt7 ia6 kan1 tsʰɨn2	let6 ya5 gan1 cen2	ri4 ye4 jian1 cheng2	文			46		
第一十七	tʰi6 it7 ɕit8 tɕʰit7	ti5 yit6 xit7 qit6	di4 yi1 shi2 qi1	白	第十七	di4 shi2 qi1	46		
第一十三条	tʰi6 it7 ɕit8 san1 tʰiɛu2	ti5 yit6 xit7 san1 tieu2	di4 yi1 shi2 san1 tiao2	白	第十三条	di4 shi2 san1 tiao2	46		
第一十五条	tʰi6 it7 ɕit8 ŋ̍3 tʰiɛu2	ti5 yit6 xit7 ng3 tieu2	di4 yi1 shi2 wu3 tiao2	白	第十五条	di4 shi2 wu3 tiao2	46		
第一十四条	tʰi6 it7 ɕit8 sɿ5 tʰiɛu2	ti5 yit6 xit7 si4 tieu2	di4 yi1 shi2 si4 tiao2	白	第十四条	di4 shi2 si4 tiao2	46		
三十五岁	san1 ɕit8 ŋ̍3 sui5	san1 xit7 ng3 sui4	san1 shi2 wu3 sui4	白			45		
五十元	ŋ̍3 ɕit8 ȵyon5	ng3 xit7 nyuon4	wu3 shi2 yuan2	白			45		
六十里	liuʔ7 ɕit8 li3	liuk6 xit7 li3	liu4 shi2 li3	白			45		
一十八层	it7 ɕit8 pat7 tsʰɛn2	yit6 xit7 bat6 cen2	yi1 shi2 ba1 ceng2	白	十八层	shi2 ba1 ceng2	45		
一十四条	it7 ɕit8 sɿ5 tʰiɛu2	yit6 xit7 si4 tieu2	yi1 shi2 si4 tiao2	白	十四条	shi2 si4 tiao2	45		
年深日久	ȵiɛn5 sɨn1 lɛt7 tɕiu3	nien4 sen1 let6 jiu3	nian2 shen1 ri4 jiu3	文			45		
混日子	fɨn6 ȵit7 tsɿ3	fen5 nit6 zi3	hun4 ri4 zi5	白			45		
第二十二章	tʰi6 ɵ6 ɕit8 ɵ6 tsɔŋ1	ti5 o5 xit7 o5 zong1	di4 er4 shi2 er4 zhang1	白			45		
第一十九	tʰi6 it7 ɕit8 tɕiu3	ti5 yit6 xit7 jiu3	di4 yi1 shi2 jiu3	白	第十九	di4 shi2 jiu3	45		
第一十二条	tʰi6 it7 ɕit8 ɵ6 tʰiɛu2	ti5 yit6 xit7 o5 tieu2	di4 yi1 shi2 er4 tiao2	白	第十二条	di4 shi2 er4 tiao2	45		
第一十六条	tʰi6 it7 ɕit8 liuʔ7 tʰiɛu2	ti5 yit6 xit7 liuk6 tieu2	di4 yi1 shi2 liu4 tiao2	白	第十六条	di4 shi2 liu4 tiao2	45		
黄道吉日	uɔŋ5 tʰau6 tɕit7 lɛt7	wong4 tau5 jit6 let6	huang2 dao4 ji2 ri4	文			45		
七十二路	tɕʰit7 ɕit8 ɵ6 lu6	qit6 xit7 o5 lu5	qi1 shi2 er4 lu4	白			44		
二百名	ɵ6 paʔ7 miᴀŋ5	o5 bak6 miang4	er4 bai3 ming2	白			44		
六七十	liuʔ7 tɕʰit7 ɕit8	liuk6 qit6 xit7	liu4 qi1 shi2	白			44		
一十八名	it7 sɨt8 pat7 miᴀŋ5	yit6 set7 bat6 miang4	yi1 shi2 ba1 ming2	白	十八名	shi2 ba1 ming2	44		
日产量	lɛt7 tsʰan3 liɔŋ6	let6 can3 liong5	ri4 chan3 liang4	文			44		
日兴	lɛt7 ɕin1	let6 xin1	ri4 xing1	文			44		
日思夜想	lɛt7 sɿ1 ia6 ɕiɔŋ3	let6 si1 ya5 xiong3	ri4 si1 ye4 xiang3	文			44		
第三十	tʰi6 san1 ɕit8	ti5 san1 xit7	di4 san1 shi2	白			44		
第二十九	tʰi6 ɵ6 ɕit8 tɕiu3	ti5 o5 xit7 jiu3	di4 er4 shi2 jiu3	白			44		
第一十七条	tʰi6 it7 ɕit8 tɕʰit7 tʰiɛu2	ti5 yit6 xit7 qit6 tieu2	di4 yi1 shi2 qi1 tiao2	白	第十七条	di4 shi2 qi1 tiao2	44		
三十名	san1 ɕit8 miᴀŋ5	san1 xit7 miang4	san1 shi2 ming2	白			43		
几十次	tɕi3 ɕit8 tsʰɿ3	ji3 xit7 ci3	ji3 shi2 ci4	白			43		
十载	ɕit8 tsai0	xit7 zai0	shi2 zai4	白			43		
十面埋伏	sɨt8 miɛn6 mai5 fuʔ8	set7 mien5 mai4 fuk7	shi2 mian4 mai2 fu2	文			43		
四十个	sɿ5 ɕit8 ko5	si4 xit7 go4	si4 shi2 ge4	白			43		
四十九	sɿ5 ɕit8 tɕiu3	si4 xit7 jiu3	si4 shi2 jiu3	白			43		
四十六年	sɿ5 ɕit8 liuʔ7 ȵiɛn5	si4 xit7 liuk6 nien4	si4 shi2 liu4 nian2	白			43		
夜以继日	ia6 i3 tɕi5 lɛt7	ya5 yi3 ji4 let6	ye4 yi3 ji4 ri4	文			43		
整日价	tsɨn3 lɛt7 ka5	zen3 let6 ga4	zheng3 ri4 jia4	文			43		
日光浴	lɛt7 kuɔŋ1 ȵiuʔ7	let6 guong1 niuk6	ri4 guang1 yu4	文			43		
日化	lɛt7 ɸᴀ5	let6 fa4	ri4 hua4	文			43		
本日	pɨn3 lɛt7	ben3 let6	ben3 ri4	文			43		
近日来	tɕʰin6 lɛt7 lei5	qin5 let6 lei4	jin4 ri4 lai2	文			43		
三十六个	san1 ɕit8 liuʔ7 ko5	san1 xit7 liuk6 go4	san1 shi2 liu4 ge4	白			42		
二十元	ɵ6 ɕit8 ȵyon5	o5 xit7 nyuon4	er4 shi2 yuan2	白			42		
二十六岁	ɵ6 ɕit8 liuʔ7 sui5	o5 xit7 liuk6 sui4	er4 shi2 liu4 sui4	白			42		
十六届	sɨt8 liuʔ7 kai5	set7 liuk6 gai4	shi2 liu4 jie4	文			42		
十四行诗	sɨt8 sɿ5 ɕin5 sɿ1	set7 si4 xin4 si1	shi2 si4 hang2 shi1	文			42		
十方	ɕit8 fɔŋ1	xit7 fong1	shi2 fang1	白			25042		
十路	ɕit8 lu6	xit7 lu5	shi2 lu4	白			42		
天长日久	tʰiɛn1 tsʰɔŋ2 lɛt7 tɕiu3	tien1 cong2 let6 jiu3	tian1 chang2 ri4 jiu3	文			25042		
惶惶不可终日	fɔŋ5 fɔŋ5 pet7 kʰo3 tsuŋ1 lɛt7	fong4 fong4 bet6 ko3 zung1 let6	huang2 huang2 bu4 ke3 zhong1 ri4	文			42		
抗日军政大学	kʰɔŋ2 lɛt7 tɕyn1 tsɨn5 tʰai6 hoʔ7	kong2 let6 jyun1 zen4 tai5 hok6	kang4 ri4 jun1 zheng4 da4 xue2	文			42		
日全食	lɛt7 tɕʰyon2 sɿʔ7	let6 qyuon2 sik6	ri4 quan2 shi2	文			42		
白虹贯日	pʰaʔ8 fuŋ5 kuon5 lɛt7	pak7 fung4 guon4 let6	bai2 hong2 guan4 ri4	文			42		
百姓家	pet7 ɕin5 ka1	bet6 xin4 ga1	bai3 xing4 jia1	文			42		
第二十五	tʰi6 ɵ6 ɕit8 ŋ̍3	ti5 o5 xit7 ng3	di4 er4 shi2 wu3	白			42		
第十四届	tʰi6 sɨt8 sɿ5 kai5	ti5 set7 si4 gai4	di4 shi2 si4 jie4	文			42		
三十三	san1 ɕit8 san1	san1 xit7 san1	san1 shi2 san1	白			41		
三十余万	san1 ɕit8 y5 uan6	san1 xit7 yu4 wan5	san1 shi2 yu2 wan4	白			41		
三十卷	san1 ɕit8 tɕyon5	san1 xit7 jyuon4	san1 shi2 juan3	白			41		
九十九	tɕiu3 ɕit8 tɕiu3	jiu3 xit7 jiu3	jiu3 shi2 jiu3	白			5041		
二十余招	ɵ6 ɕit8 y5 tsɛu1	o5 xit7 yu4 zeu1	er4 shi2 yu2 zhao1	白			41		
五十四	ŋ̍3 ɕit8 sɿ5	ng3 xit7 si4	wu3 shi2 si4	白			41		
人情世故	lɨn5 tɕʰin2 sɿ5 ku5	len4 qin2 si4 gu4	ren2 qing2 shi4 gu4	文			41		
全国假日办	tɕʰyon2 kuɛt7 ka3 lɛt7 pʰan6	qyuon2 guet6 ga3 let6 pan5	quan2 guo2 jia4 ri4 ban4	文			41		
几十条	tɕi3 ɕit8 tʰiɛu2	ji3 xit7 tieu2	ji3 shi2 tiao2	白			41		
几千名	tɕi3 tɕʰiɛn1 miᴀŋ5	ji3 qien1 miang4	ji3 qian1 ming2	白			41		
十项	ɕit8 hɔːŋ6	xit7 hong5	shi2 xiang4	白			41		
第二十二条	tʰi6 ɵ6 ɕit8 ɵ6 tʰiɛu2	ti5 o5 xit7 o5 tieu2	di4 er4 shi2 er4 tiao2	白			41		
第一十四次	tʰi6 it7 ɕit8 sɿ5 tsʰɿ3	ti5 yit6 xit7 si4 ci3	di4 yi1 shi2 si4 ci4	白	第十四次	di4 shi2 si4 ci4	41		
蔽日	pi5 lɛt7	bi4 let6	bi4 ri4	文			41		
遮天蔽日	tsa1 tʰiɛn1 pi5 lɛt7	za1 tien1 bi4 let6	zhe1 tian1 bi4 ri4	文			25041		
一十六年	it7 ɕit8 liuʔ7 ȵiɛn5	yit6 xit7 liuk6 nien4	yi1 shi2 liu4 nian2	白	十六年		40		
万亿日元	uan6 i5 lɛt7 yon5	wan5 yi4 let6 yuon4	wan4 yi4 ri4 yuan2	文			40		
三十招	san1 ɕit8 tsɛu1	san1 xit7 zeu1	san1 shi2 zhao1	白			40		
二十二岁	ɵ6 ɕit8 ɵ6 sui5	o5 xit7 o5 sui4	er4 shi2 er4 sui4	白			40		
二十块	ɵ6 ɕit8 kʰuai3	o5 xit7 kuai3	er4 shi2 kuai4	白			40		
一十二条	it7 ɕit8 ɵ6 tʰiɛu2	yit6 xit7 o5 tieu2	yi1 shi2 er4 tiao2	白	十二条	shi2 er4 tiao2	40		
一十几步	it7 ɕit8 tɕi3 pʰu6	yit6 xit7 ji3 pu5	yi1 shi2 ji3 bu4	白	十几步	shi2 ji3 bu4	40		
一十多万	it7 ɕit8 to1 uan6	yit6 xit7 do1 wan5	yi1 shi2 duo1 wan4	白	十多万	shi2 duo1 wan4	40		
十字街口	sɨt8 tsʰɿ6 kai1 kʰiɛu3	set7 ci5 gai1 kieu3	shi2 zi4 jie1 kou3	文			40		
地球日	tʰi6 tɕʰiu2 lɛt7	ti5 qiu2 let6	di4 qiu2 ri4	文			40		
日本帝国	lɛt7 pɨn3 ti5 kuɛt7	let6 ben3 di4 guet6	ri4 ben3 di4 guo2	文			50040		
日神	lɛt7 sɨn5	let6 sen4	ri4 shen2	文			40		
第二十八章	tʰi6 ɵ6 ɕit8 pat7 tsɔŋ1	ti5 o5 xit7 bat6 zong1	di4 er4 shi2 ba1 zhang1	白			40		
七十多岁	tɕʰit7 ɕit8 to1 sui5	qit6 xit7 do1 sui4	qi1 shi2 duo1 sui4	白			39		
九名	tɕiu3 miᴀŋ5	jiu3 miang4	jiu3 ming2	白			39		
二十多	ɵ6 ɕit8 to1	o5 xit7 do1	er4 shi2 duo1	白			39		
秋日	tɕʰiu1 lɛt7	qiu1 let6	qiu1 ri4	文			39		
第二十七	tʰi6 ɵ6 ɕit8 tɕʰit7	ti5 o5 xit7 qit6	di4 er4 shi2 qi1	白			39		
第二十三	tʰi6 ɵ6 ɕit8 san1	ti5 o5 xit7 san1	di4 er4 shi2 san1	白			39		
第二十三章	tʰi6 ɵ6 ɕit8 san1 tsɔŋ1	ti5 o5 xit7 san1 zong1	di4 er4 shi2 san1 zhang1	白			39		
第二十条	tʰi6 ɵ6 ɕit8 tʰiɛu2	ti5 o5 xit7 tieu2	di4 er4 shi2 tiao2	白			39		
第一十九条	tʰi6 it7 ɕit8 tɕiu3 tʰiɛu2	ti5 yit6 xit7 jiu3 tieu2	di4 yi1 shi2 jiu3 tiao2	白	第十九条	di4 shi2 jiu3 tiao2	39		
第一十八条	tʰi6 it7 ɕit8 pat7 tʰiɛu2	ti5 yit6 xit7 bat6 tieu2	di4 yi1 shi2 ba1 tiao2	白	第十八条	di4 shi2 ba1 tiao2	39		
路易十六	lu6 i6 sɨt8 liuʔ7	lu5 yi5 set7 liuk6	lu4 yi4 shi2 liu4	文			39		
三十四	san1 ɕit8 sɿ5	san1 xit7 si4	san1 shi2 si4	白			38		
二十分钟	ɵ6 ɕit8 fɨn1 tsuŋ1	o5 xit7 fen1 zung1	er4 shi2 fen1 zhong1	白			5038		
八十万	pat7 ɕit8 uan6	bat6 xit7 wan5	ba1 shi2 wan4	白			38		
六十条	liuʔ7 ɕit8 tʰiɛu2	liuk6 xit7 tieu2	liu4 shi2 tiao2	白			38		
十八罗汉	sɨt8 pat7 lo5 hon6	set7 bat6 lo4 hon5	shi2 ba1 luo2 han4	文			38		
日晷	lɛt7 kui3	let6 gui3	ri4 gui3	文			38		
日理万机	lɛt7 li3 uan6 tɕi1	let6 li3 wan5 ji1	ri4 li3 wan4 ji1	文			38		
一千名	it7 tɕʰiɛn1 miᴀŋ5	yit6 qien1 miang4	yi1 qian1 ming2	白			37		
三十两	san1 ɕit8 liɔŋ3	san1 xit7 liong3	san1 shi2 liang3	白			37		
二十余万	ɵ6 ɕit8 y5 uan6	o5 xit7 yu4 wan5	er4 shi2 yu2 wan4	白			37		
五十五年	ŋ̍3 ɕit8 ŋ̍3 ȵiɛn5	ng3 xit7 ng3 nien4	wu3 shi2 wu3 nian2	白			37		
十万元	ɕit8 uan6 ȵyon5	xit7 wan5 nyuon4	shi2 wan4 yuan2	白			37		
一十二三岁	it7 ɕit8 ɵ6 san1 sui5	yit6 xit7 o5 san1 sui4	yi1 shi2 er4 san1 sui4	白	十二三岁	shi2 er4 san1 sui4	37		
一十五里	it7 ɕit8 ŋ̍3 li3	yit6 xit7 ng3 li3	yi1 shi2 wu3 li3	白	十五里	shi2 wu3 li3	37		
十亩	ɕit8 mɛu3	xit7 meu3	shi2 mu3	白			37		
日冕	lɛt7 mien3	let6 mien3	ri4 mian3	文			37		
暗无天日	ŋon5 u5 tʰiɛn1 lɛt7	ngon4 wu4 tien1 let6	an4 wu2 tian1 ri4	文			37		
第二十一	tʰi6 ɵ6 ɕit8 it7	ti5 o5 xit7 yit6	di4 er4 shi2 yi1	白			37		
第一十二卷	tʰi6 it7 ɕit8 ɵ6 tɕyon5	ti5 yit6 xit7 o5 jyuon4	di4 yi1 shi2 er4 juan3	白	第十二卷	di4 shi2 er4 juan3	37		
一十	it7 ɕit8	yit6 xit7	yi1 shi2	白			36		
二十斤	ɵ6 ɕit8 tɕin1	o5 xit7 jin1	er4 shi2 jin1	白			36		
五十余	ŋ̍3 ɕit8 y5	ng3 xit7 yu4	wu3 shi2 yu2	白			36		
一十几只	it7 ɕit8 tɕi3 tsɿʔ7	yit6 xit7 ji3 zik6	yi1 shi2 ji3 zhi1	白	十几只	shi2 ji3 zhi1	36		
一十几次	it7 ɕit8 tɕi3 tsʰɿ3	yit6 xit7 ji3 ci3	yi1 shi2 ji3 ci4	白	十几次	shi2 ji3 ci4	36		
十句	ɕit8 tɕy5	xit7 jyu4	shi2 ju4	白			36		
十字花科	sɨt8 tsʰɿ6 fa1 kʰuo1	set7 ci5 fa1 kuo1	shi2 zi4 hua1 ke1	文			36		
四十一	sɿ5 ɕit8 it7	si4 xit7 yit6	si4 shi2 yi1	白			36		
度日如年	tʰu6 lɛt7 lu5 ȵiɛn5	tu5 let6 lu4 nien4	du4 ri4 ru2 nian2	文			36		
第二十四	tʰi6 ɵ6 ɕit8 sɿ5	ti5 o5 xit7 si4	di4 er4 shi2 si4	白			36		
第十三届	tʰi6 sɨt8 san1 kai5	ti5 set7 san1 gai4	di4 shi2 san1 jie4	文			36		
第一十三次	tʰi6 it7 ɕit8 san1 tsʰɿ3	ti5 yit6 xit7 san1 ci3	di4 yi1 shi2 san1 ci4	白	第十三次	di4 shi2 san1 ci4	36		
第十卷	tʰi6 ɕit8 tɕyon5	ti5 xit7 jyuon4	di4 shi2 juan3	白			36		
五十五岁	ŋ̍3 ɕit8 ŋ̍3 sui5	ng3 xit7 ng3 sui4	wu3 shi2 wu3 sui4	白			35		
一十二名	it7 ɕit8 ɵ6 miᴀŋ5	yit6 xit7 o5 miang4	yi1 shi2 er4 ming2	白	十二名	shi2 er4 ming2	35		
十匹	ɕit8 pʰi2	xit7 pi2	shi2 pi3	白			35		
日式	lɛt7 sɿʔ7	let6 sik6	ri4 shi4	文			35		
百分之九十	paʔ7 fɨn1 tsɿ1 tɕiu3 ɕit8	bak6 fen1 zi1 jiu3 xit7	bai3 fen1 zhi1 jiu3 shi2	白			35		
第二十三条	tʰi6 ɵ6 ɕit8 san1 tʰiɛu2	ti5 o5 xit7 san1 tieu2	di4 er4 shi2 san1 tiao2	白			35		
第二十二	tʰi6 ɵ6 ɕit8 ɵ6	ti5 o5 xit7 o5	di4 er4 shi2 er4	白			35		
二十八岁	ɵ6 ɕit8 pat7 sui5	o5 xit7 bat6 sui4	er4 shi2 ba1 sui4	白			34		
二十几年	ɵ6 ɕit8 tɕi3 ȵiɛn5	o5 xit7 ji3 nien4	er4 shi2 ji3 nian2	白			34		
六十一	liuʔ7 ɕit8 it7	liuk6 xit7 yit6	liu4 shi2 yi1	白			34		
几十块	tɕi3 ɕit8 kʰuai3	ji3 xit7 kuai3	ji3 shi2 kuai4	白			34		
一十三四岁	it7 ɕit8 san1 sɿ5 sui5	yit6 xit7 san1 si4 sui4	yi1 shi2 san1 si4 sui4	白	十三四岁	shi2 san1 si4 sui4	34		
日本共同社	lɛt7 pɨn3 kʰuŋ6 tʰuŋ2 sa6	let6 ben3 kung5 tung2 sa5	ri4 ben3 gong4 tong2 she4	文			34		
没日没夜	mɨt7 lɛt7 mɨt7 ia6	met6 let6 met6 ya5	mei2 ri4 mei2 ye4	文			34		
百分之五十	paʔ7 fɨn1 tsɿ1 ŋ̍3 ɕit8	bak6 fen1 zi1 ng3 xit7	bai3 fen1 zhi1 wu3 shi2	白			34		
第三十一	tʰi6 san1 ɕit8 it7	ti5 san1 xit7 yit6	di4 san1 shi2 yi1	白			34		
第二十五章	tʰi6 ɵ6 ɕit8 ŋ̍3 tsɔŋ1	ti5 o5 xit7 ng3 zong1	di4 er4 shi2 wu3 zhang1	白			34		
第二十次	tʰi6 ɵ6 ɕit8 tsʰɿ3	ti5 o5 xit7 ci3	di4 er4 shi2 ci4	白			34		
第十六届	tʰi6 sɨt8 liuʔ7 kai5	ti5 set7 liuk6 gai4	di4 shi2 liu4 jie4	文			34		
近日点	tɕʰin6 lɛt7 tiɛn3	qin5 let6 dien3	jin4 ri4 dian3	文			34		
三十八	san1 ɕit8 pat7	san1 xit7 bat6	san1 shi2 ba1	白			33		
上万名	sɔŋ6 uan6 miᴀŋ5	song5 wan5 miang4	shang4 wan4 ming2	白			33		
上市日	sɔŋ6 sɿ6 lɛt7	song5 si5 let6	shang4 shi4 ri4	文			33		
二十五岁	ɵ6 ɕit8 ŋ̍3 sui5	o5 xit7 ng3 sui4	er4 shi2 wu3 sui4	白			33		
八九不离十	pat7 tɕiu3 pet7 li5 ɕit8	bat6 jiu3 bet6 li4 xit7	ba1 jiu3 bu4 li2 shi2	白			33		
八十一	pat7 ɕit8 it7	bat6 xit7 yit6	ba1 shi2 yi1	白			33		
一十九路	it7 ɕit8 tɕiu3 lu6	yit6 xit7 jiu3 lu5	yi1 shi2 jiu3 lu4	白	十九路	shi2 jiu3 lu4	33		
一十二卷	it7 ɕit8 ɵ6 tɕyon5	yit6 xit7 o5 jyuon4	yi1 shi2 er4 juan3	白	十二卷	shi2 er4 juan3	33		
一十余个	it7 ɕit8 y5 ko5	yit6 xit7 yu4 go4	yi1 shi2 yu2 ge4	白	十余个	shi2 yu2 ge4	33		
十数年	ɕit8 su5 ȵiɛn5	xit7 su4 nien4	shi2 shu4 nian2	白			33		
四十二	sɿ5 ɕit8 ɵ6	si4 xit7 o5	si4 shi2 er4	白			33		
日共	lɛt7 kʰuŋ6	let6 kung5	ri4 gong4	文			33		
日臻	lɛt7 tsən1	let6 zen1	ri4 zhen1	文			33		
日蚀	lɛt7 sɿʔ7	let6 sik6	ri4 shi2	文			33		
第三十一章	tʰi6 san1 ɕit8 it7 tsɔŋ1	ti5 san1 xit7 yit6 zong1	di4 san1 shi2 yi1 zhang1	白			33		
第二十八	tʰi6 ɵ6 ɕit8 pat7	ti5 o5 xit7 bat6	di4 er4 shi2 ba1	白			33		
第二十六	tʰi6 ɵ6 ɕit8 liuʔ7	ti5 o5 xit7 liuk6	di4 er4 shi2 liu4	白			33		
第五名	tʰi6 ŋ̍3 miᴀŋ5	ti5 ng3 miang4	di4 wu3 ming2	白			33		
七八十位	tɕʰit7 pat7 ɕit8 ui6	qit6 bat6 xit7 wui5	qi1 ba1 shi2 wei4	白			32		
二十余名	ɵ6 ɕit8 y5 min5	o5 xit7 yu4 min4	er4 shi2 yu2 ming2	白			32		
值日	tsʰət7 lɛt7	cet6 let6	zhi2 ri4	文			32		
一十余步	it7 ɕit8 y5 pʰu6	yit6 xit7 yu4 pu5	yi1 shi2 yu2 bu4	白	十余步	shi2 yu2 bu4	32		
一十四点	it7 ɕit8 sɿ5 tiɛn3	yit6 xit7 si4 dien3	yi1 shi2 si4 dian3	白	十四点	shi2 si4 dian3	32		
安息日	ŋon1 ɕit7 lɛt7	ngon1 xit6 let6	an1 xi1 ri4	文			32		
年月日	ȵiɛn5 ȵyot7 lɛt7	nien4 nyuot6 let6	nian2 yue4 ri4	文			32		
第二十三届	tʰi6 ɵ6 ɕit8 san1 kai5	ti5 o5 xit7 san1 gai4	di4 er4 shi2 san1 jie4	白			32		
第二十四条	tʰi6 ɵ6 ɕit8 sɿ5 tʰiɛu2	ti5 o5 xit7 si4 tieu2	di4 er4 shi2 si4 tiao2	白			32		
风和日丽	fuŋ1 fo5 lɛt7 li6	fung1 fo4 let6 li5	feng1 he2 ri4 li4	文			32		
万日元	uan6 lɛt7 yon5	wan5 let6 yuon4	wan4 ri4 yuan2	文			31		
二三十万	ɵ6 san1 ɕit8 uan6	o5 san1 xit7 wan5	er4 san1 shi2 wan4	白			31		
一十五分钟	it7 ɕit8 ŋ̍3 fɨn1 tsuŋ1	yit6 xit7 ng3 fen1 zung1	yi1 shi2 wu3 fen1 zhong1	白	十五分钟	shi2 wu3 fen1 zhong1	31		
一十几下	it7 ɕit8 tɕi3 ha6	yit6 xit7 ji3 ha5	yi1 shi2 ji3 xia4	白	十几下	shi2 ji3 xia4	31		
一十多里	it7 ɕit8 to1 li3	yit6 xit7 do1 li3	yi1 shi2 duo1 li3	白	十多里	shi2 duo1 li3	31		
十年浩劫	ɕit8 ȵiɛn5 hau6 tɕiɛt7	xit7 nien4 hau5 jiet6	shi2 nian2 hao4 jie2	白			31		
姜日广	tɕiɔŋ1 lɛt7 kuɔŋ3	jiong1 let6 guong3	jiang1 ri4 guang3	文			31		
日资	lɛt7 tsɿ1	let6 zi1	ri4 zi1	文			31		
第二十四届	tʰi6 ɵ6 ɕit8 sɿ5 kai5	ti5 o5 xit7 si4 gai4	di4 er4 shi2 si4 jie4	白			31		
第二十四章	tʰi6 ɵ6 ɕit8 sɿ5 tsɔŋ1	ti5 o5 xit7 si4 zong1	di4 er4 shi2 si4 zhang1	白			31		
第一十四卷	tʰi6 it7 ɕit8 sɿ5 tɕyon5	ti5 yit6 xit7 si4 jyuon4	di4 yi1 shi2 si4 juan3	白	第十四卷	di4 shi2 si4 juan3	31		
一十八年	it7 ɕit8 pat7 ȵiɛn5	yit6 xit7 bat6 nien4	yi1 shi2 ba1 nian2	白	十八年		30		
三五日	san1 ŋ̍3 lɛt7	san1 ng3 let6	san1 wu3 ri4	文			30		
二十四岁	ɵ6 ɕit8 sɿ5 sui5	o5 xit7 si4 sui4	er4 shi2 si4 sui4	白			30		
五十斤	ŋ̍3 ɕit8 tɕin1	ng3 xit7 jin1	wu3 shi2 jin1	白			30		
十件	ɕit8 tɕʰiɛn6	xit7 qien5	shi2 jian4	白			30		
一十余种	it7 ɕit8 y5 tsuŋ3	yit6 xit7 yu4 zung3	yi1 shi2 yu2 zhong3	白	十余种	shi2 yu2 zhong3	30		
十员	ɕit8 yon5	xit7 yuon4	shi2 yuan2	白			30		
日本央行	lɛt7 pɨn3 iɔŋ1 ɕin5	let6 ben3 yong1 xin4	ri4 ben3 yang1 hang2	文			30		
日本联合舰队	lɛt7 pɨn3 liɛn5 hot8 kan5 tui5	let6 ben3 lien4 hot7 gan4 dui4	ri4 ben3 lian2 he2 jian4 dui4	文			30		
日珥	lɛt7 ɵ3	let6 o3	ri4 er3	文			30		
日科夫	lɛt7 kʰuo1 fu1	let6 kuo1 fu1	ri4 ke1 fu1	文			30		
松日	suŋ1 lɛt7	sung1 let6	song1 ri4	文			5030		
格朗日	kiɛt7 lɔŋ3 lɛt7	giet6 long3 let6	ge2 lang3 ri4	文			30		
第二十五届	tʰi6 ɵ6 ɕit8 ŋ̍3 kai5	ti5 o5 xit7 ng3 gai4	di4 er4 shi2 wu3 jie4	白			30		
第一十五次	tʰi6 it7 ɕit8 ŋ̍3 tsʰɿ3	ti5 yit6 xit7 ng3 ci3	di4 yi1 shi2 wu3 ci4	白	第十五次	di4 shi2 wu3 ci4	30		
罢黜百家	pa5 tsʰuʔ7 pet7 ka1	ba4 cuk6 bet6 ga1	ba4 chu4 bai3 jia1	文			30		
三十斤	san1 ɕit8 tɕin1	san1 xit7 jin1	san1 shi2 jin1	白			29		
二十多万	ɵ6 ɕit8 to1 uan6	o5 xit7 do1 wan5	er4 shi2 duo1 wan4	白			29		
人参果	lɨn5 sɨn1 kuo3	len4 sen1 guo3	ren2 shen1 guo3	文			14292		
以一当十	i3 it7 tɔŋ1 ɕit8	yi3 yit6 dong1 xit7	yi3 yi1 dang1 shi2	白			29		
几十元	tɕi3 ɕit8 ȵyon5	ji3 xit7 nyuon4	ji3 shi2 yuan2	白			29		
一十七个	it7 ɕit8 tɕʰit7 ko5	yit6 xit7 qit6 go4	yi1 shi2 qi1 ge4	白	十七个	shi2 qi1 ge4	29		
一十七八	it7 ɕit8 tɕʰit7 pat7	yit6 xit7 qit6 bat6	yi1 shi2 qi1 ba1	白	十七八	shi2 qi1 ba1	29		
十全	ɕit8 tɕʰyon2	xit7 qyuon2	shi2 quan2	白			29		
十八般武艺	sɨt8 pat7 pon1 u3 ȵi6	set7 bat6 bon1 wu3 ni5	shi2 ba1 ban1 wu3 yi4	文			29		
年三十	ȵiɛn5 san1 ɕit8	nien4 san1 xit7	nian2 san1 shi2	白			29		
日尔曼	lɛt7 ɵ3 mon6	let6 o3 mon5	ri4 er3 man4	文			29		
日心说	lɛt7 ɕin1 sot7	let6 xin1 sot6	ri4 xin1 shuo1	文			29		
日程表	lɛt7 tsʰɨn2 piɛu3	let6 cen2 bieu3	ri4 cheng2 biao3	文			29		
百分之三十	paʔ7 fɨn1 tsɿ1 san1 ɕit8	bak6 fen1 zi1 san1 xit7	bai3 fen1 zhi1 san1 shi2	白			29		
百分之二十	paʔ7 fɨn1 tsɿ1 ɵ6 ɕit8	bak6 fen1 zi1 o5 xit7	bai3 fen1 zhi1 er4 shi2	白			29		
第二十七章	tʰi6 ɵ6 ɕit8 tɕʰit7 tsɔŋ1	ti5 o5 xit7 qit6 zong1	di4 er4 shi2 qi1 zhang1	白			29		
第十五届	tʰi6 sɨt8 ŋ̍3 kai5	ti5 set7 ng3 gai4	di4 shi2 wu3 jie4	文			29		
第四十九章	tʰi6 sɿ5 ɕit8 tɕiu3 tsɔŋ1	ti5 si4 xit7 jiu3 zong1	di4 si4 shi2 jiu3 zhang1	白			29		
七十余	tɕʰit7 ɕit8 y5	qit6 xit7 yu4	qi1 shi2 yu2	白			28		
三十多	san1 ɕit8 to1	san1 xit7 do1	san1 shi2 duo1	白			28		
上周日	sɔŋ6 tsɛu1 lɛt7	song5 zeu1 let6	shang4 zhou1 ri4	文			28		
二十响	ɵ6 ɕit8 ɕiɔŋ3	o5 xit7 xiong3	er4 shi2 xiang3	白			28		
十字街	sɨt8 tsʰɿ6 kai1	set7 ci5 gai1	shi2 zi4 jie1	文			28		
大年三十	tʰai6 ȵiɛn5 san1 ɕit8	tai5 nien4 san1 xit7	da4 nian2 san1 shi2	白			28		
安奉日	ŋon1 fuŋ6 lɛt7	ngon1 fung5 let6	an1 feng4 ri4	文			28		
忌日	tɕʰi6 lɛt7	qi5 let6	ji4 ri4	文			28		
日货	lɛt7 ɸo5	let6 fo4	ri4 huo4	文			28		
白果树	pʰet8 kuo3 su6	pet7 guo3 su5	bai2 guo3 shu4	文			28		
第七十四	tʰi6 tɕʰit7 ɕit8 sɿ5	ti5 qit6 xit7 si4	di4 qi1 shi2 si4	白			28		
第二十六章	tʰi6 ɵ6 ɕit8 liuʔ7 tsɔŋ1	ti5 o5 xit7 liuk6 zong1	di4 er4 shi2 liu4 zhang1	白			28		
一百五十	it7 paʔ7 ŋ̍3 ɕit8	yit6 bak6 ng3 xit7	yi4 bai3 wu3 shi2	白			27		
七十四	tɕʰit7 ɕit8 sɿ5	qit6 xit7 si4	qi1 shi2 si4	白			27		
二名	ɵ6 miᴀŋ5	o5 miang4	er4 ming2	白			27		
五十六年	ŋ̍3 ɕit8 liuʔ7 ȵiɛn5	ng3 xit7 liuk6 nien4	wu3 shi2 liu4 nian2	白			27		
公告日	kuŋ1 kau5 lɛt7	gung1 gau4 let6	gong1 gao4 ri4	文			27		
六七名	liuʔ7 tɕʰit7 miᴀŋ5	liuk6 qit6 miang4	liu4 qi1 ming2	白			27		
几十年如一日	tɕi3 ɕit8 ȵiɛn5 lu5 it7 lɛt7	ji3 xit7 nien4 lu4 yit6 let6	ji3 shi2 nian2 ru2 yi2 ri4	文			27		
一十三亿	it7 ɕit8 san1 i5	yit6 xit7 san1 yi4	yi1 shi2 san1 yi4	白	十三亿	shi2 san1 yi4	27		
十二生肖	sɨt8 ɵ6 sɛn1 ɕieu5	set7 o5 sen1 xieu4	shi2 er4 sheng1 xiao4	文			27		
四十三	sɿ5 ɕit8 san1	si4 xit7 san1	si4 shi2 san1	白			27		
四十余年	sɿ5 ɕit8 y5 ȵiɛn5	si4 xit7 yu4 nien4	si4 shi2 yu2 nian2	白			27		
日臻完善	lɛt7 tsən1 uon5 sɛn6	let6 zen1 won4 sen5	ri4 zhen1 wan2 shan4	文			27		
枫丹白露	fuŋ1 tan1 pʰet8 lu6	fung1 dan1 pet7 lu5	feng1 dan1 bai2 lu4	文			27		
百日咳	paʔ7 lɛt7 kʰiɛt7	bak6 let6 kiet6	bai3 ri4 ke2	文			27		
第二十五条	tʰi6 ɵ6 ɕit8 ŋ̍3 tʰiɛu2	ti5 o5 xit7 ng3 tieu2	di4 er4 shi2 wu3 tiao2	白			27		
隔日	kat7 ȵit7	gat6 nit6	ge2 ri4	白			27		
一日千里	it7 lɛt7 tɕʰiɛn1 li3	yit6 let6 qien1 li3	yi1 ri4 qian1 li3	文			26		
一百二十	it7 paʔ7 ɵ6 ɕit8	yit6 bak6 o5 xit7	yi4 bai3 er4 shi2	白			26		
三十七岁	san1 ɕit8 tɕʰit7 sui5	san1 xit7 qit6 sui4	san1 shi2 qi1 sui4	白			26		
两百名	liɔŋ3 paʔ7 miᴀŋ5	liong3 bak6 miang4	liang3 bai3 ming2	白			26		
二十出头	ɵ6 ɕit8 tsʰuʔ7 tʰɛu2	o5 xit7 cuk6 teu2	er4 shi2 chu1 tou2	白			26		
二十只	ɵ6 ɕit8 tsɿʔ7	o5 xit7 zik6	er4 shi2 zhi3	白			26		
几十千米	tɕi3 ɕit8 tɕʰiɛn1 mi3	ji3 xit7 qien1 mi3	ji3 shi2 qian1 mi3	白			26		
一十三万	it7 ɕit8 san1 uan6	yit6 xit7 san1 wan5	yi1 shi2 san1 wan4	白	十三万	shi2 san1 wan4	26		
一十三层	it7 ɕit8 san1 tsʰɛn2	yit6 xit7 san1 cen2	yi1 shi2 san1 ceng2	白	十三层	shi2 san1 ceng2	26		
一十五名	it7 sɨt8 ŋ̍3 miᴀŋ5	yit6 set7 ng3 miang4	yi1 shi2 wu3 ming2	白	十五名	shi2 wu3 ming2	26		
同日而语	tʰuŋ2 lɛt7 ɵ5 ȵy3	tung2 let6 o4 nyu3	tong2 ri4 er2 yu3	文			26		
四十七	sɿ5 ɕit8 tɕʰit7	si4 xit7 qit6	si4 shi2 qi1	白			26		
国际日期变更线	kuɛt7 tɕi5 lɛt7 tɕʰi2 piɛn5 kiɛn5 ɕiɛn5	guet6 ji4 let6 qi2 bien4 gien4 xien4	guo2 ji4 ri4 qi1 bian4 geng1 xian4	文			26		
百十个	paʔ7 ɕit8 ko5	bak6 xit7 go4	bai3 shi2 ge4	白			26		
百日维新	paʔ7 lɛt7 ui5 ɕin1	bak6 let6 wui4 xin1	bai3 ri4 wei2 xin1	文			26		
第一十九卷	tʰi6 it7 ɕit8 tɕiu3 tɕyon5	ti5 yit6 xit7 jiu3 jyuon4	di4 yi1 shi2 jiu3 juan3	白	第十九卷	di4 shi2 jiu3 juan3	26		
篇名	pʰiɛn1 miᴀŋ5	pien1 miang4	pian1 ming2	白			26		
红二十五军	fuŋ5 ɵ6 ɕit8 ŋ̍3 tɕyn1	fung4 o5 xit7 ng3 jyun1	hong2 er4 shi2 wu3 jun1	白			26		
一个三十多岁	it7 ko5 san1 ɕit8 to1 sui5	yit6 go4 san1 xit7 do1 sui4	yi2 ge4 san1 shi2 duo1 sui4	白			25		
一百二十个	it7 paʔ7 ɵ6 ɕit8 ko5	yit6 bak6 o5 xit7 go4	yi4 bai3 er4 shi2 ge4	白			25		
三十九	san1 ɕit8 tɕiu3	san1 xit7 jiu3	san1 shi2 jiu3	白			25		
二十七岁	ɵ6 ɕit8 tɕʰit7 sui5	o5 xit7 qit6 sui4	er4 shi2 qi1 sui4	白			25		
二十卷	ɵ6 ɕit8 tɕyon5	o5 xit7 jyuon4	er4 shi2 juan3	白			25		
五十六	ŋ̍3 ɕit8 liuʔ7	ng3 xit7 liuk6	wu3 shi2 liu4	白			25		
六十个	liuʔ7 ɕit8 ko5	liuk6 xit7 go4	liu4 shi2 ge4	白			25		
几十万元	tɕi3 ɕit8 uan6 ȵyon5	ji3 xit7 wan5 nyuon4	ji3 shi2 wan4 yuan2	白			25		
十段	ɕit8 tʰon6	xit7 ton5	shi2 duan4	白			25		
十遍	ɕit8 piɛn5	xit7 bien4	shi2 bian4	白			25		
四十四	sɿ5 ɕit8 sɿ5	si4 xit7 si4	si4 shi2 si4	白			25		
日丹诺	lɛt7 tan1 lɔʔ7	let6 dan1 lok6	ri4 dan1 nuo4	文			25		
日内瓦大学	lɛt7 lui6 ua3 tʰai6 hoʔ7	let6 lui5 wa3 tai5 hok6	ri4 nei4 wa3 da4 xue2	文			25		
日报社	lɛt7 pau5 sa6	let6 bau4 sa5	ri4 bao4 she4	文			25		
日本公司	lɛt7 pɨn3 kuŋ1 sɿ1	let6 ben3 gung1 si1	ri4 ben3 gong1 si1	文			25		
明晨	miaŋ5 sɨn5	miang4 sen4	ming2 chen2	白			25		
沃罗涅日	uʔ7 lo5 ȵiet7 lɛt7	wuk6 lo4 niet6 let6	wo4 luo2 nie4 ri4	文			25		
第七日	tʰi6 tɕʰit7 ȵit7	ti5 qit6 nit6	di4 qi1 ri4	白	第七天		25		
第一十五卷	tʰi6 it7 ɕit8 ŋ̍3 tɕyon5	ti5 yit6 xit7 ng3 jyuon4	di4 yi1 shi2 wu3 juan3	白	第十五卷	di4 shi2 wu3 juan3	25		
药名	iɔʔ7 miᴀŋ5	yok6 miang4	yao4 ming2	白			25		
一二十年	it7 ɵ6 ɕit8 ȵiɛn5	yit6 o5 xit7 nien4	yi1 er4 shi2 nian2	白			24		
一十五	it7 ɕit8 ŋ̍3	yit6 xit7 ng3	yi1 shi2 wu3	白			24		
一十八	it7 ɕit8 pat7	yit6 xit7 bat6	yi1 shi2 ba1	白			24		
七十二行	tɕʰit7 ɕit8 ɵ6 ɕin5	qit6 xit7 o5 xin4	qi1 shi2 er4 hang2	白			24		
中国红十字会	tsuŋ1 kuɛt7 fuŋ5 sɨt8 tsʰɿ6 fɨi6	zung1 guet6 fung4 set7 ci5 fei5	zhong1 guo2 hong2 shi2 zi4 hui4	文			24		
中日友好医院	tsuŋ1 lɛt7 iu3 hau3 i1 yon6	zung1 let6 yiu3 hau3 yi1 yuon5	zhong1 ri4 you3 hao3 yi1 yuan4	文			24		
五十四年	ŋ̍3 ɕit8 sɿ5 ȵiɛn5	ng3 xit7 si4 nien4	wu3 shi2 si4 nian2	白			24		
五十多年	ŋ̍3 ɕit8 to1 ȵiɛn5	ng3 xit7 do1 nien4	wu3 shi2 duo1 nian2	白			24		
八十里	pat7 ɕit8 li3	bat6 xit7 li3	ba1 shi2 li3	白			24		
一十七八个	it7 ɕit8 tɕʰit7 pat7 ko5	yit6 xit7 qit6 bat6 go4	yi1 shi2 qi1 ba1 ge4	白	十七八个	shi2 qi1 ba1 ge4	24		
一十五卷	it7 ɕit8 ŋ̍3 tɕyon5	yit6 xit7 ng3 jyuon4	yi1 shi2 wu3 juan3	白	十五卷	shi2 wu3 juan3	24		
一十六条	it7 ɕit8 liuʔ7 tʰiɛu2	yit6 xit7 liuk6 tieu2	yi1 shi2 liu4 tiao2	白	十六条	shi2 liu4 tiao2	24		
一十几丈	it7 ɕit8 tɕi3 tsʰɔŋ6	yit6 xit7 ji3 cong5	yi1 shi2 ji3 zhang4	白	十几丈	shi2 ji3 zhang4	24		
一十几倍	it7 ɕit8 tɕi3 pʰi5	yit6 xit7 ji3 pi4	yi1 shi2 ji3 bei4	白	十几倍	shi2 ji3 bei4	24		
一十几张	it7 ɕit8 tɕi3 tsɔŋ1	yit6 xit7 ji3 zong1	yi1 shi2 ji3 zhang1	白	十几张	shi2 ji3 zhang1	24		
一十多岁	it7 ɕit8 to1 sui5	yit6 xit7 do1 sui4	yi1 shi2 duo1 sui4	白	十多岁	shi2 duo1 sui4	24		
十数里	ɕit8 su5 li3	xit7 su4 li3	shi2 shu4 li3	白			24		
十月份	ɕit8 ȵyot8 fɨn6	xit7 nyuot7 fen5	shi2 yue4 fen4	赣			24		
白日梦	pʰaʔ8 lɛt7 muŋ6	pak7 let6 mung5	bai2 ri4 meng4	文			24		
第三十章	tʰi6 san1 ɕit8 tsɔŋ1	ti5 san1 xit7 zong1	di4 san1 shi2 zhang1	白			24		
第二十九章	tʰi6 ɵ6 ɕit8 tɕiu3 tsɔŋ1	ti5 o5 xit7 jiu3 zong1	di4 er4 shi2 jiu3 zhang1	白			24		
第二十八条	tʰi6 ɵ6 ɕit8 pat7 tʰiɛu2	ti5 o5 xit7 bat6 tieu2	di4 er4 shi2 ba1 tiao2	白			24		
第四十	tʰi6 sɿ5 ɕit8	ti5 si4 xit7	di4 si4 shi2	白			24		
除权除息日	tsʰu2 tɕʰyon2 tsʰu2 ɕit7 lɛt7	cu2 qyuon2 cu2 xit6 let6	chu2 quan2 chu2 xi1 ri4	文			24		
一十三招	it7 ɕit8 san1 tsɛu1	yit6 xit7 san1 zeu1	yi1 shi2 san1 zhao1	白	十三招		23		
七八日	tɕʰit7 pat7 ȵit7	qit6 bat6 nit6	qi1 ba1 ri4	白	七八天		23		
三十七	san1 ɕit8 tɕʰit7	san1 xit7 qit6	san1 shi2 qi1	白			23		
三十余口	san1 ɕit8 y5 kʰiɛu3	san1 xit7 yu4 kieu3	san1 shi2 yu2 kou3	白			23		
二十余丈	ɵ6 ɕit8 y5 tsʰɔŋ6	o5 xit7 yu4 cong5	er4 shi2 yu2 zhang4	白			23		
二十余日	ɵ6 ɕit8 y5 lɛt7	o5 xit7 yu4 let6	er4 shi2 yu2 ri4	文			23		
五十九	ŋ̍3 ɕit8 tɕiu3	ng3 xit7 jiu3	wu3 shi2 jiu3	白			23		
五十九年	ŋ̍3 ɕit8 tɕiu3 ȵiɛn5	ng3 xit7 jiu3 nien4	wu3 shi2 jiu3 nian2	白			23		
仁人	lɨn5 lɨn5	len4 len4	ren2 ren2	文			23		
十数万	ɕit8 su5 uan6	xit7 su4 wan5	shi2 shu4 wan4	白			23		
日光灯	lɛt7 kuɔŋ1 tɛn1	let6 guong1 den1	ri4 guang1 deng1	文			23		
日落西山	lɛt7 lɔʔ8 ɕi1 san1	let6 lok7 xi1 san1	ri4 luo4 xi1 shan1	文			23		
第三十三	tʰi6 san1 ɕit8 san1	ti5 san1 xit7 san1	di4 san1 shi2 san1	白			23		
第二十六条	tʰi6 ɵ6 ɕit8 liuʔ7 tʰiɛu2	ti5 o5 xit7 liuk6 tieu2	di4 er4 shi2 liu4 tiao2	白			23		
一个一十二	it7 ko5 it7 ɕit8 ɵ6	yit6 go4 yit6 xit7 o5	yi2 ge4 yi1 shi2 er4	白	一个十二	yi2 ge4 shi2 er4	22		
三十二岁	san1 ɕit8 ɵ6 sui5	san1 xit7 o5 sui4	san1 shi2 er4 sui4	白			22		
两三日	liɔŋ3 san1 lɛt7	liong3 san1 let6	liang3 san1 ri4	文			22		
二十二个	ɵ6 ɕit8 ɵ6 ko5	o5 xit7 o5 go4	er4 shi2 er4 ge4	白			22		
二十亩	ɵ6 ɕit8 mɛu3	o5 xit7 meu3	er4 shi2 mu3	白			22		
二十几	ɵ6 ɕit8 tɕi3	o5 xit7 ji3	er4 shi2 ji3	白			22		
五六十岁	ŋ̍3 liuʔ7 ɕit8 sui5	ng3 liuk6 xit7 sui4	wu3 liu4 shi2 sui4	白			22		
五六十里	ŋ̍3 liuʔ7 ɕit8 li3	ng3 liuk6 xit7 li3	wu3 liu4 shi2 li3	白			22		
五十一年	ŋ̍3 ɕit8 it7 ȵiɛn5	ng3 xit7 yit6 nien4	wu3 shi2 yi1 nian2	白			22		
假以时日	ka3 i3 sɿ5 lɛt7	ga3 yi3 si4 let6	jia3 yi3 shi2 ri4	文			22		
八十多岁	pat7 ɕit8 to1 sui5	bat6 xit7 do1 sui4	ba1 shi2 duo1 sui4	白			22		
几十步	tɕi3 ɕit8 pʰu6	ji3 xit7 pu5	ji3 shi2 bu4	白			22		
一十九首	it7 ɕit8 tɕiu3 seu3	yit6 xit7 jiu3 seu3	yi1 shi2 jiu3 shou3	白	十九首	shi2 jiu3 shou3	22		
一十二种	it7 ɕit8 ɵ6 tsuŋ3	yit6 xit7 o5 zung3	yi1 shi2 er4 zhong3	白	十二种	shi2 er4 zhong3	22		
一十五分	it7 ɕit8 ŋ̍3 fɨn1	yit6 xit7 ng3 fen1	yi1 shi2 wu3 fen1	白	十五分	shi2 wu3 fen1	22		
十代	ɕit8 tʰai6	xit7 tai5	shi2 dai4	白			22		
一十余次	it7 ɕit8 y5 tsʰɿ3	yit6 xit7 yu4 ci3	yi1 shi2 yu2 ci4	白	十余次	shi2 yu2 ci4	22		
十口	ɕit8 kʰiɛu3	xit7 kieu3	shi2 kou3	白			22		
一十四道	it7 ɕit8 sɿ5 tʰau6	yit6 xit7 si4 tau5	yi1 shi2 si4 dao4	白	十四道	shi2 si4 dao4	22		
四十万两	sɿ5 ɕit8 uan6 liɔŋ3	si4 xit7 wan5 liong3	si4 shi2 wan4 liang3	白			22		
四十名	sɿ5 ɕit8 miᴀŋ5	si4 xit7 miang4	si4 shi2 ming2	白			22		
拨云见日	pot7 yn5 tɕiɛn5 lɛt7	bot6 yun4 jien4 let6	bo1 yun2 jian4 ri4	文			22		
日以继夜	lɛt7 i3 tɕi5 ia6	let6 yi3 ji4 ya5	ri4 yi3 ji4 ye4	文			22		
日工	lɛt7 kuŋ1	let6 gung1	ri4 gong1	文			22		
日月山	lɛt7 ȵyot7 san1	let6 nyuot6 san1	ri4 yue4 shan1	文			22		
日记本	lɛt7 tɕi5 pɨn3	let6 ji4 ben3	ri4 ji4 ben3	文			22		
百家姓	pet7 ka1 ɕiaŋ5	bet6 ga1 xiang4	bai3 jia1 xing4	文			22		
第二十七条	tʰi6 ɵ6 ɕit8 tɕʰit7 tʰiɛu2	ti5 o5 xit7 qit6 tieu2	di4 er4 shi2 qi1 tiao2	白			22		
七八十岁	tɕʰit7 pat7 ɕit8 sui5	qit6 bat6 xit7 sui4	qi1 ba1 shi2 sui4	白			21		
七十万	tɕʰit7 ɕit8 uan6	qit6 xit7 wan5	qi1 shi2 wan4	白			21		
三十六岁	san1 ɕit8 liuʔ7 sui5	san1 xit7 liuk6 sui4	san1 shi2 liu4 sui4	白			21		
三十周年	san1 ɕit8 tsɛu1 ȵiɛn5	san1 xit7 zeu1 nien4	san1 shi2 zhou1 nian2	白			21		
三十块	san1 ɕit8 kʰuai3	san1 xit7 kuai3	san1 shi2 kuai4	白			21		
三千名	san1 tɕʰiɛn1 miᴀŋ5	san1 qien1 miang4	san1 qian1 ming2	白			21		
三四十个	san1 sɿ5 ɕit8 ko5	san1 si4 xit7 go4	san1 si4 shi2 ge4	白			21		
二十三条	ɵ6 ɕit8 san1 tʰiɛu2	o5 xit7 san1 tieu2	er4 shi2 san1 tiao2	白			21		
二十九个	ɵ6 ɕit8 tɕiu3 ko5	o5 xit7 jiu3 go4	er4 shi2 jiu3 ge4	白			21		
二十几岁	ɵ6 ɕit8 tɕi3 sui5	o5 xit7 ji3 sui4	er4 shi2 ji3 sui4	白			21		
五十块	ŋ̍3 ɕit8 kʰuai3	ng3 xit7 kuai3	wu3 shi2 kuai4	白			21		
六七十岁	liuʔ7 tɕʰit7 ɕit8 sui5	liuk6 qit6 xit7 sui4	liu4 qi1 shi2 sui4	白			21		
六十一年	liuʔ7 ɕit8 it7 ȵiɛn5	liuk6 xit7 yit6 nien4	liu4 shi2 yi1 nian2	白			21		
几十匹	tɕi3 ɕit8 pʰi2	ji3 xit7 pi2	ji3 shi2 pi3	白			21		
一十一种	it7 ɕit8 it7 tsuŋ3	yit6 xit7 yit6 zung3	yi1 shi2 yi1 zhong3	白	十一种	shi2 yi1 zhong3	21		
一十余家	it7 ɕit8 y5 ka1	yit6 xit7 yu4 ga1	yi1 shi2 yu2 jia1	白	十余家	shi2 yu2 jia1	21		
一十余枚	it7 ɕit8 y5 mi5	yit6 xit7 yu4 mi4	yi1 shi2 yu2 mei2	白	十余枚	shi2 yu2 mei2	21		
一十几代	it7 ɕit8 tɕi3 tʰai6	yit6 xit7 ji3 tai5	yi1 shi2 ji3 dai4	白	十几代	shi2 ji3 dai4	21		
一十多种	it7 ɕit8 to1 tsuŋ3	yit6 xit7 do1 zung3	yi1 shi2 duo1 zhong3	白	十多种	shi2 duo1 zhong3	21		
十年动乱	ɕit8 ȵiɛn5 tʰuŋ6 lon6	xit7 nien4 tung5 lon5	shi2 nian2 dong4 luan4	白			21		
十户	ɕit8 fu6	xit7 fu5	shi2 hu4	白			21		
十数丈	ɕit8 su5 tsʰɔŋ6	xit7 su4 cong5	shi2 shu4 zhang4	白			21		
十轮	ɕit8 lɨn5	xit7 len4	shi2 lun2	白			21		
十辆	ɕit8 liɔŋ3	xit7 liong3	shi2 liang4	白			21		
半日潮	pon5 lɛt7 tsʰɛu2	bon4 let6 ceu2	ban4 ri4 chao2	文			21		
四十二岁	sɿ5 ɕit8 ɵ6 sui5	si4 xit7 o5 sui4	si4 shi2 er4 sui4	白			21		
日商	lɛt7 sɔŋ1	let6 song1	ri4 shang1	文			21		
正日	tsɨn5 lɛt7	zen4 let6	zheng4 ri4	文			21		
江河日下	kɔŋ1 ho2 lɛt7 ha6	gong1 ho2 let6 ha5	jiang1 he2 ri4 xia4	文			21		
甲子日	kat7 tsɿ3 lɛt7	gat6 zi3 let6	jia3 zi5 ri4	文			21		
第三十条	tʰi6 san1 ɕit8 tʰiɛu2	ti5 san1 xit7 tieu2	di4 san1 shi2 tiao2	白			21		
第二十一次	tʰi6 ɵ6 ɕit8 it7 tsʰɿ3	ti5 o5 xit7 yit6 ci3	di4 er4 shi2 yi1 ci4	白			21		
第五十六章	tʰi6 ŋ̍3 ɕit8 liuʔ7 tsɔŋ1	ti5 ng3 xit7 liuk6 zong1	di4 wu3 shi2 liu4 zhang1	白			21		
第一十九次	tʰi6 it7 ɕit8 tɕiu3 tsʰɿ3	ti5 yit6 xit7 jiu3 ci3	di4 yi1 shi2 jiu3 ci4	白	第十九次	di4 shi2 jiu3 ci4	21		
除息日	tsʰu2 ɕit7 lɛt7	cu2 xit6 let6	chu2 xi1 ri4	文			21		
一二十	it7 ɵ6 ɕit8	yit6 o5 xit7	yi1 er4 shi2	白			20		
一十三	it7 ɕit8 san1	yit6 xit7 san1	yi1 shi2 san1	白			20		
七十一	tɕʰit7 ɕit8 it7	qit6 xit7 yit6	qi1 shi2 yi1	白			20		
三万名	san1 uan6 miᴀŋ5	san1 wan5 miang4	san1 wan4 ming2	白			20		
三五十	san1 ŋ̍3 ɕit8	san1 ng3 xit7	san1 wu3 shi2	白			20		
三十几岁	san1 ɕit8 tɕi3 sui5	san1 xit7 ji3 sui4	san1 shi2 ji3 sui4	白			20		
二十丈	ɵ6 ɕit8 tsʰɔŋ6	o5 xit7 cong5	er4 shi2 zhang4	白			20		
五十一	ŋ̍3 ɕit8 it7	ng3 xit7 yit6	wu3 shi2 yi1	白			20		
五十八年	ŋ̍3 ɕit8 pat7 ȵiɛn5	ng3 xit7 bat6 nien4	wu3 shi2 ba1 nian2	白			20		
五十米	ŋ̍3 ɕit8 mi3	ng3 xit7 mi3	wu3 shi2 mi3	白			20		
几十公里	tɕi3 ɕit8 kuŋ1 li3	ji3 xit7 gung1 li3	ji3 shi2 gong1 li3	白			20		
几十只	tɕi3 ɕit8 tsɿʔ7	ji3 xit7 zik6	ji3 shi2 zhi3	白			20		
一十七万	it7 ɕit8 tɕʰit7 uan6	yit6 xit7 qit6 wan5	yi1 shi2 qi1 wan4	白	十七万	shi2 qi1 wan4	20		
十万余	ɕit8 uan6 y5	xit7 wan5 yu4	shi2 wan4 yu2	白			20		
一十三经	it7 ɕit8 san1 tɕin1	yit6 xit7 san1 jin1	yi1 shi2 san1 jing1	白	十三经	shi2 san1 jing1	20		
一十八里	it7 ɕit8 pat7 li3	yit6 xit7 bat6 li3	yi1 shi2 ba1 li3	白	十八里	shi2 ba1 li3	20		
十日谈	sɨt8 lɛt7 tʰan2	set7 let6 tan2	shi2 ri4 tan2	文			20		
店名	tiɛn5 miᴀŋ5	dien4 miang4	dian4 ming2	白			20		
日久天长	lɛt7 tɕiu3 tʰiɛn1 tsʰɔŋ2	let6 jiu3 tien1 cong2	ri4 jiu3 tian1 chang2	文			20		
来日方长	lei5 lɛt7 fɔŋ1 tsʰɔŋ2	lei4 let6 fong1 cong2	lai2 ri4 fang1 chang2	文			20		
第三十二章	tʰi6 san1 ɕit8 ɵ6 tsɔŋ1	ti5 san1 xit7 o5 zong1	di4 san1 shi2 er4 zhang1	白			20		
第二十九条	tʰi6 ɵ6 ɕit8 tɕiu3 tʰiɛu2	ti5 o5 xit7 jiu3 tieu2	di4 er4 shi2 jiu3 tiao2	白			20		
第六名	tʰi6 liuʔ7 miᴀŋ5	ti5 liuk6 miang4	di4 liu4 ming2	白			20		
第四十二条	tʰi6 sɿ5 ɕit8 ɵ6 tʰiɛu2	ti5 si4 xit7 o5 tieu2	di4 si4 shi2 er4 tiao2	白			20		
一两日	it7 liɔŋ3 ȵit7	yit6 liong3 nit6	yi1 liang3 ri4	白	一两天		19		
一个三十	it7 ko5 san1 ɕit8	yit6 go4 san1 xit7	yi2 ge4 san1 shi2	白			19		
一个四十多岁	it7 ko5 sɿ5 ɕit8 to1 sui5	yit6 go4 si4 xit7 do1 sui4	yi2 ge4 si4 shi2 duo1 sui4	白			19		
一百五十两	it7 paʔ7 ŋ̍3 ɕit8 liɔŋ3	yit6 bak6 ng3 xit7 liong3	yi4 bai3 wu3 shi2 liang3	白			19		
一百八十度	it7 paʔ7 pat7 ɕit8 tʰu6	yit6 bak6 bat6 xit7 tu5	yi1 bai3 ba1 shi2 du4	白			19		
七十三年	tɕʰit7 ɕit8 san1 ȵiɛn5	qit6 xit7 san1 nien4	qi1 shi2 san1 nian2	白			19		
三十出头	san1 ɕit8 tsʰuʔ7 tʰɛu2	san1 xit7 cuk6 teu2	san1 shi2 chu1 tou2	白			19		
三四十岁	san1 sɿ5 ɕit8 sui5	san1 si4 xit7 sui4	san1 si4 shi2 sui4	白			19		
两万名	liɔŋ3 uan6 miᴀŋ5	liong3 wan5 miang4	liang3 wan4 ming2	白			19		
二三十里	ɵ6 san1 ɕit8 li3	o5 san1 xit7 li3	er4 san1 shi2 li3	白			19		
五十万两	ŋ̍3 ɕit8 uan6 liɔŋ3	ng3 xit7 wan5 liong3	wu3 shi2 wan4 liang3	白			19		
五十三	ŋ̍3 ɕit8 san1	ng3 xit7 san1	wu3 shi2 san1	白			19		
八十周年	pat7 ɕit8 tsɛu1 ȵiɛn5	bat6 xit7 zeu1 nien4	ba1 shi2 zhou1 nian2	白			19		
六十多年	liuʔ7 ɕit8 to1 ȵiɛn5	liuk6 xit7 do1 nien4	liu4 shi2 duo1 nian2	白			19		
几十亿	tɕi3 ɕit8 i5	ji3 xit7 yi4	ji3 shi2 yi4	白			19		
几十代	tɕi3 ɕit8 tʰai6	ji3 xit7 tai5	ji3 shi2 dai4	白			19		
几十位	tɕi3 ɕit8 ui6	ji3 xit7 wui5	ji3 shi2 wei4	白			19		
十亿	ɕit8 i5	xit7 yi4	shi2 yi4	白			19		
一十六七	it7 ɕit8 liuʔ7 tɕʰit7	yit6 xit7 liuk6 qit6	yi1 shi2 liu4 qi1	白	十六七	shi2 liu4 qi1	19		
一十四载	it7 ɕit8 sɿ5 tsai0	yit6 xit7 si4 zai0	yi1 shi2 si4 zai4	白	十四载	shi2 si4 zai4	19		
十支	ɕit8 tsɿ1	xit7 zi1	shi2 zhi1	白			19		
四十余招	sɿ5 ɕit8 y5 tsɛu1	si4 xit7 yu4 zeu1	si4 shi2 yu2 zhao1	白			19		
四十多	sɿ5 ɕit8 to1	si4 xit7 do1	si4 shi2 duo1	白			19		
四十多个	sɿ5 ɕit8 to1 ko5	si4 xit7 do1 go4	si4 shi2 duo1 ge4	白			19		
四百名	sɿ5 paʔ7 miᴀŋ5	si4 bak6 miang4	si4 bai3 ming2	白			19		
基准日	tɕi1 tsun3 lɛt7	ji1 zun3 let6	ji1 zhun3 ri4	文			19		
底气十足	ti3 tɕʰi3 sɨt8 tɕiuʔ7	di3 qi3 set7 jiuk6	di3 qi4 shi2 zu2	文			19		
日甚一日	lɛt7 sɨn6 it7 lɛt7	let6 sen5 yit6 let6	ri4 shen4 yi1 ri4	文			19		
百分之四十	paʔ7 fɨn1 tsɿ1 sɿ5 ɕit8	bak6 fen1 zi1 si4 xit7	bai3 fen1 zhi1 si4 shi2	白			19		
第三十七章	tʰi6 san1 ɕit8 tɕʰit7 tsɔŋ1	ti5 san1 xit7 qit6 zong1	di4 san1 shi2 qi1 zhang1	白			19		
第三十三章	tʰi6 san1 ɕit8 san1 tsɔŋ1	ti5 san1 xit7 san1 zong1	di4 san1 shi2 san1 zhang1	白			19		
第三十二	tʰi6 san1 ɕit8 ɵ6	ti5 san1 xit7 o5	di4 san1 shi2 er4	白			19		
第三十八	tʰi6 san1 ɕit8 pat7	ti5 san1 xit7 bat6	di4 san1 shi2 ba1	白			19		
第二十届	tʰi6 ɵ6 ɕit8 kai5	ti5 o5 xit7 gai4	di4 er4 shi2 jie4	白			19		
一个十	it7 ko5 ɕit8	yit6 go4 xit7	yi2 ge4 shi2	白			18		
七十二项	tɕʰit7 ɕit8 ɵ6 hɔːŋ6	qit6 xit7 o5 hong5	qi1 shi2 er4 xiang4	白			18		
七十余年	tɕʰit7 ɕit8 y5 ȵiɛn5	qit6 xit7 yu4 nien4	qi1 shi2 yu2 nian2	白			18		
七十里	tɕʰit7 ɕit8 li3	qit6 xit7 li3	qi1 shi2 li3	白			18		
三十一日	san1 ɕit8 it7 ȵit7	san1 xit7 yit6 nit6	san1 shi2 yi1 ri4	白	三十一天		18		
三百六十行	san1 paʔ7 liuʔ7 ɕit8 ɕin5	san1 bak6 liuk6 xit7 xin4	san1 bai3 liu4 shi2 hang2	白			25018		
九十岁	tɕiu3 ɕit8 sui5	jiu3 xit7 sui4	jiu3 shi2 sui4	白			18		
九十年	tɕiu3 ɕit8 ȵiɛn5	jiu3 xit7 nien4	jiu3 shi2 nian2	白			18		
二十匹	ɵ6 ɕit8 pʰi2	o5 xit7 pi2	er4 shi2 pi3	白			18		
五十七年	ŋ̍3 ɕit8 tɕʰit7 ȵiɛn5	ng3 xit7 qit6 nien4	wu3 shi2 qi1 nian2	白			18		
五十卷	ŋ̍3 ɕit8 tɕyon5	ng3 xit7 jyuon4	wu3 shi2 juan3	白			18		
八九十	pat7 tɕiu3 ɕit8	bat6 jiu3 xit7	ba1 jiu3 shi2	白			18		
几十两	tɕi3 ɕit8 liɔŋ3	ji3 xit7 liong3	ji3 shi2 liang3	白			18		
一十一二岁	it7 ɕit8 it7 ɵ6 sui5	yit6 xit7 yit6 o5 sui4	yi1 shi2 yi1 er4 sui4	白	十一二岁	shi2 yi1 er4 sui4	18		
一十五只	it7 ɕit8 ŋ̍3 tsɿʔ7	yit6 xit7 ng3 zik6	yi1 shi2 wu3 zhi3	白	十五只	shi2 wu3 zhi3	18		
一十余条	it7 ɕit8 y5 tʰiɛu2	yit6 xit7 yu4 tieu2	yi1 shi2 yu2 tiao2	白	十余条	shi2 yu2 tiao2	18		
一十余米	it7 ɕit8 y5 mi3	yit6 xit7 yu4 mi3	yi1 shi2 yu2 mi3	白	十余米	shi2 yu2 mi3	18		
一十几部	it7 ɕit8 tɕi3 pʰu6	yit6 xit7 ji3 pu5	yi1 shi2 ji3 bu4	白	十几部	shi2 ji3 bu4	18		
一十多丈	it7 ɕit8 to1 tsʰɔŋ6	yit6 xit7 do1 cong5	yi1 shi2 duo1 zhang4	白	十多丈	shi2 duo1 zhang4	18		
十里八乡	ɕit8 li3 pat7 ɕiɔŋ1	xit7 li3 bat6 xiong1	shi2 li3 ba1 xiang1	白			18		
四十两	sɿ5 ɕit8 liɔŋ3	si4 xit7 liong3	si4 shi2 liang3	白			18		
日内瓦湖	lɛt7 lui6 ua3 fu5	let6 lui5 wa3 fu4	ri4 nei4 wa3 hu2	文			18		
日戳	lɛt7 tsʰɔʔ7	let6 cok6	ri4 chuo1	文			18		
日月食	lɛt7 ȵyot7 sɿʔ7	let6 nyuot6 sik6	ri4 yue4 shi2	文			18		
日本共产党	lɛt7 pɨn3 kʰuŋ6 tsʰan3 tɔŋ3	let6 ben3 kung5 can3 dong3	ri4 ben3 gong4 chan3 dang3	文			18		
日本广播协会	lɛt7 pɨn3 kuɔŋ3 po5 ɕiɛt7 fɨi6	let6 ben3 guong3 bo4 xiet6 fei5	ri4 ben3 guang3 bo1 xie2 hui4	文			18		
白日做梦	pʰaʔ8 lɛt7 tsu5 muŋ6	pak7 let6 zu4 mung5	bai2 ri4 zuo4 meng4	文			18		
百十里	paʔ7 ɕit8 li3	bak6 xit7 li3	bai3 shi2 li3	白			18		
第七名	tʰi6 tɕʰit7 miᴀŋ5	ti5 qit6 miang4	di4 qi1 ming2	白			18		
第三十九章	tʰi6 san1 ɕit8 tɕiu3 tsɔŋ1	ti5 san1 xit7 jiu3 zong1	di4 san1 shi2 jiu3 zhang1	白			18		
第二十六路	tʰi6 ɵ6 ɕit8 liuʔ7 lu6	ti5 o5 xit7 liuk6 lu5	di4 er4 shi2 liu4 lu4	白			18		
第五日	tʰi6 ŋ̍3 ȵit7	ti5 ng3 nit6	di4 wu3 ri4	白	第五天		18		
第六日	tʰi6 liuʔ7 ȵit7	ti5 liuk6 nit6	di4 liu4 ri4	白	第六天		18		
第一十八次	tʰi6 it7 ɕit8 pat7 tsʰɿ3	ti5 yit6 xit7 bat6 ci3	di4 yi1 shi2 ba1 ci4	白	第十八次	di4 shi2 ba1 ci4	18		
第十层	tʰi6 ɕit8 tsʰɛn2	ti5 xit7 cen2	di4 shi2 ceng2	白			18		
第四十二章	tʰi6 sɿ5 ɕit8 ɵ6 tsɔŋ1	ti5 si4 xit7 o5 zong1	di4 si4 shi2 er4 zhang1	白			18		
七十五	tɕʰit7 ɕit8 ŋ̍3	qit6 xit7 ng3	qi1 shi2 wu3	白			17		
七十条	tɕʰit7 ɕit8 tʰiɛu2	qit6 xit7 tieu2	qi1 shi2 tiao2	白			17		
三十八岁	san1 ɕit8 pat7 sui5	san1 xit7 bat6 sui4	san1 shi2 ba1 sui4	白			17		
三十六名	san1 ɕit8 liuʔ7 miᴀŋ5	san1 xit7 liuk6 miang4	san1 shi2 liu4 ming2	白			17		
三十而立	san1 ɕit8 ɵ5 lit7	san1 xit7 o4 lit6	san1 shi2 er2 li4	白			17		
三四十年	san1 sɿ5 ɕit8 ȵiɛn5	san1 si4 xit7 nien4	san1 si4 shi2 nian2	白			17		
三四十里	san1 sɿ5 ɕit8 li3	san1 si4 xit7 li3	san1 si4 shi2 li3	白			17		
八十一只	pat7 ɕit8 it7 tsɿʔ7	bat6 xit7 yit6 zik6	ba1 shi2 yi1 zhi1	白			17		
几十分钟	tɕi3 ɕit8 fɨn1 tsuŋ1	ji3 xit7 fen1 zung1	ji3 shi2 fen1 zhong1	白			17		
十万贯	ɕit8 uan6 kuon5	xit7 wan5 guon4	shi2 wan4 guan4	白			17		
一十九个	it7 ɕit8 tɕiu3 ko5	yit6 xit7 jiu3 go4	yi1 shi2 jiu3 ge4	白	十九个	shi2 jiu3 ge4	17		
一十二两	it7 ɕit8 ɵ6 liɔŋ3	yit6 xit7 o5 liong3	yi1 shi2 er4 liang3	白	十二两	shi2 er4 liang3	17		
一十二次	it7 ɕit8 ɵ6 tsʰɿ3	yit6 xit7 o5 ci3	yi1 shi2 er4 ci4	白	十二次	shi2 er4 ci4	17		
一十六两	it7 ɕit8 liuʔ7 liɔŋ3	yit6 xit7 liuk6 liong3	yi1 shi2 liu4 liang3	白	十六两	shi2 liu4 liang3	17		
一十几根	it7 ɕit8 tɕi3 kiɛn1	yit6 xit7 ji3 gien1	yi1 shi2 ji3 gen1	白	十几根	shi2 ji3 gen1	17		
一十几辆	it7 ɕit8 tɕi3 liɔŋ3	yit6 xit7 ji3 liong3	yi1 shi2 ji3 liang4	白	十几辆	shi2 ji3 liang4	17		
一十几颗	it7 ɕit8 tɕi3 kʰuo1	yit6 xit7 ji3 kuo1	yi1 shi2 ji3 ke1	白	十几颗	shi2 ji3 ke1	17		
十发	ɕit8 fat7	xit7 fat6	shi2 fa1	白			17		
四十六	sɿ5 ɕit8 liuʔ7	si4 xit7 liuk6	si4 shi2 liu4	白			17		
日照市	lɛt7 tsɛu5 sɿ6	let6 zeu4 si5	ri4 zhao4 shi4	文			17		
日电	lɛt7 tʰiɛn6	let6 tien5	ri4 dian4	文			17		
日线图	lɛt7 ɕiɛn5 tʰu2	let6 xien4 tu2	ri4 xian4 tu2	文			17		
日耳曼语	lɛt7 ɵ3 mon6 ȵy3	let6 o3 mon5 nyu3	ri4 er3 man4 yu3	文			17		
第三十七轮	tʰi6 san1 ɕit8 tɕʰit7 lɨn5	ti5 san1 xit7 qit6 len4	di4 san1 shi2 qi1 lun2	白			17		
第三十九	tʰi6 san1 ɕit8 tɕiu3	ti5 san1 xit7 jiu3	di4 san1 shi2 jiu3	白			17		
第三十五章	tʰi6 san1 ɕit8 ŋ̍3 tsɔŋ1	ti5 san1 xit7 ng3 zong1	di4 san1 shi2 wu3 zhang1	白			17		
第三十八章	tʰi6 san1 ɕit8 pat7 tsɔŋ1	ti5 san1 xit7 bat6 zong1	di4 san1 shi2 ba1 zhang1	白			17		
第三十六	tʰi6 san1 ɕit8 liuʔ7	ti5 san1 xit7 liuk6	di4 san1 shi2 liu4	白			17		
第三十四章	tʰi6 san1 ɕit8 sɿ5 tsɔŋ1	ti5 san1 xit7 si4 zong1	di4 san1 shi2 si4 zhang1	白			17		
第十位	tʰi6 ɕit8 ui6	ti5 xit7 wui5	di4 shi2 wei4	白			17		
第四十一章	tʰi6 sɿ5 ɕit8 it7 tsɔŋ1	ti5 si4 xit7 yit6 zong1	di4 si4 shi2 yi1 zhang1	白			17		
第四十九	tʰi6 sɿ5 ɕit8 tɕiu3	ti5 si4 xit7 jiu3	di4 si4 shi2 jiu3	白			17		
第四十章	tʰi6 sɿ5 ɕit8 tsɔŋ1	ti5 si4 xit7 zong1	di4 si4 shi2 zhang1	白			17		
连日连夜	liɛn5 lɛt7 liɛn5 ia6	lien4 let6 lien4 ya5	lian2 ri4 lian2 ye4	文			17		
一万名	it7 uan6 miᴀŋ5	yit6 wan5 miang4	yi1 wan4 ming2	白			16		
一个五十多岁	it7 ko5 ŋ̍3 ɕit8 to1 sui5	yit6 go4 ng3 xit7 do1 sui4	yi2 ge4 wu3 shi2 duo1 sui4	白			16		
三五十个	san1 ŋ̍3 ɕit8 ko5	san1 ng3 xit7 go4	san1 wu3 shi2 ge4	白			16		
三十万两	san1 ɕit8 uan6 liɔŋ3	san1 xit7 wan5 liong3	san1 shi2 wan4 liang3	白			16		
九十九米	tɕiu3 ɕit8 tɕiu3 mi3	jiu3 xit7 jiu3 mi3	jiu3 shi2 jiu3 mi3	白			16		
二三十招	ɵ6 san1 ɕit8 tsɛu1	o5 san1 xit7 zeu1	er4 san1 shi2 zhao1	白			16		
二十九岁	ɵ6 ɕit8 tɕiu3 sui5	o5 xit7 jiu3 sui4	er4 shi2 jiu3 sui4	白			16		
二十五个	ɵ6 ɕit8 ŋ̍3 ko5	o5 xit7 ng3 go4	er4 shi2 wu3 ge4	白			16		
二十倍	ɵ6 ɕit8 pʰi5	o5 xit7 pi4	er4 shi2 bei4	白			16		
二十几名	ɵ6 ɕit8 tɕi3 min5	o5 xit7 ji3 min4	er4 shi2 ji3 ming2	白			16		
二十多名	ɵ6 ɕit8 to1 min5	o5 xit7 do1 min4	er4 shi2 duo1 ming2	白			16		
二十多里	ɵ6 ɕit8 to1 li3	o5 xit7 do1 li3	er4 shi2 duo1 li3	白			16		
全部九十名	tɕʰyon2 pʰu6 tɕiu3 ɕit8 miᴀŋ5	qyuon2 pu5 jiu3 xit7 miang4	quan2 bu4 jiu3 shi2 ming2	白			16		
六七十年	liuʔ7 tɕʰit7 ɕit8 ȵiɛn5	liuk6 qit6 xit7 nien4	liu4 qi1 shi2 nian2	白			16		
六十五岁	liuʔ7 ɕit8 ŋ̍3 sui5	liuk6 xit7 ng3 sui4	liu4 shi2 wu3 sui4	白			16		
六十斤	liuʔ7 ɕit8 tɕin1	liuk6 xit7 jin1	liu4 shi2 jin1	白			16		
几十亩	tɕi3 ɕit8 mɛu3	ji3 xit7 meu3	ji3 shi2 mu3	白			16		
几十户	tɕi3 ɕit8 fu6	ji3 xit7 fu5	ji3 shi2 hu4	白			16		
列日	liɛt7 lɛt7	liet6 let6	lie4 ri4	文			16		
一十余只	it7 ɕit8 y5 tsɿʔ7	yit6 xit7 yu4 zik6	yi1 shi2 yu2 zhi3	白	十余只	shi2 yu2 zhi3	16		
一十余枝	it7 ɕit8 y5 tsɿ1	yit6 xit7 yu4 zi1	yi1 shi2 yu2 zhi1	白	十余枝	shi2 yu2 zhi1	16		
一十几头	it7 ɕit8 tɕi3 tʰɛu2	yit6 xit7 ji3 teu2	yi1 shi2 ji3 tou2	白	十几头	shi2 ji3 tou2	16		
十套	ɕit8 tʰau3	xit7 tau3	shi2 tao4	白			16		
十数日	ɕit8 su5 lɛt7	xit7 su4 let6	shi2 shu4 ri4	文			16		
十艘	ɕit8 sau1	xit7 sau1	shi2 sou1	白			16		
十首	ɕit8 seu3	xit7 seu3	shi2 shou3	白			16		
四十五岁	sɿ5 ɕit8 ŋ̍3 sui5	si4 xit7 ng3 sui4	si4 shi2 wu3 sui4	白			16		
四十余万	sɿ5 ɕit8 y5 uan6	si4 xit7 yu4 wan5	si4 shi2 yu2 wan4	白			16		
四十回	sɿ5 ɕit8 fɨi5	si4 xit7 fei4	si4 shi2 hui2	白			16		
帕日格	pʰa3 lɛt7 kiɛt7	pa3 let6 giet6	pa4 ri4 ge2	文			16		
数万名	su5 uan6 miᴀŋ5	su4 wan5 miang4	shu4 wan4 ming2	白			16		
日宴庆	lɛt7 iɛn5 tɕʰin3	let6 yen4 qin3	ri4 yan4 qing4	文			16		
日本足协	lɛt7 pɨn3 tsuʔ7 ɕiɛt7	let6 ben3 zuk6 xiet6	ri4 ben3 zu2 xie2	文			16		
日行千里	lɛt7 ɕin5 tɕʰiɛn1 li3	let6 xin4 qien1 li3	ri4 xing2 qian1 li3	文			16		
百分之七十	paʔ7 fɨn1 tsɿ1 tɕʰit7 ɕit8	bak6 fen1 zi1 qit6 xit7	bai3 fen1 zhi1 qi1 shi2	白			16		
第三十七	tʰi6 san1 ɕit8 tɕʰit7	ti5 san1 xit7 qit6	di4 san1 shi2 qi1	白			16		
第三十六章	tʰi6 san1 ɕit8 liuʔ7 tsɔŋ1	ti5 san1 xit7 liuk6 zong1	di4 san1 shi2 liu4 zhang1	白			16		
第三十四	tʰi6 san1 ɕit8 sɿ5	ti5 san1 xit7 si4	di4 san1 shi2 si4	白			16		
第九名	tʰi6 tɕiu3 miᴀŋ5	ti5 jiu3 miang4	di4 jiu3 ming2	白			16		
第二十二届	tʰi6 ɵ6 ɕit8 ɵ6 kai5	ti5 o5 xit7 o5 gai4	di4 er4 shi2 er4 jie4	白			16		
第八名	tʰi6 pat7 miᴀŋ5	ti5 bat6 miang4	di4 ba1 ming2	白			16		
第一十一轮	tʰi6 it7 ɕit8 it7 lɨn5	ti5 yit6 xit7 yit6 len4	di4 yi1 shi2 yi1 lun2	白	第十一轮	di4 shi2 yi1 lun2	16		
第十八届	tʰi6 sɨt8 pat7 kai5	ti5 set7 bat6 gai4	di4 shi2 ba1 jie4	文			16		
赵旭日	tsʰɛu6 ɕiuʔ7 lɛt7	ceu5 xiuk6 let6	zhao4 xu4 ri4	文			16		
路易十五	lu6 i6 sɨt8 ŋ̍3	lu5 yi5 set7 ng3	lu4 yi4 shi2 wu3	文			16		
风俗人情	fuŋ1 suʔ7 lɨn5 tɕʰin2	fung1 suk6 len4 qin2	feng1 su2 ren2 qing2	文			16		
七十多	tɕʰit7 ɕit8 to1	qit6 xit7 do1	qi1 shi2 duo1	白			15		
三十余名	san1 ɕit8 y5 min5	san1 xit7 yu4 min4	san1 shi2 yu2 ming2	白			15		
三十余招	san1 ɕit8 y5 tsɛu1	san1 xit7 yu4 zeu1	san1 shi2 yu2 zhao1	白			15		
三十六路	san1 ɕit8 liuʔ7 lu6	san1 xit7 liuk6 lu5	san1 shi2 liu4 lu4	白			15		
三十多里	san1 ɕit8 to1 li3	san1 xit7 do1 li3	san1 shi2 duo1 li3	白			15		
九九八十一	tɕiu3 tɕiu3 pat7 ɕit8 it7	jiu3 jiu3 bat6 xit7 yit6	jiu3 jiu3 ba1 shi2 yi1	白			15		
九十六	tɕiu3 ɕit8 liuʔ7	jiu3 xit7 liuk6	jiu3 shi2 liu4	白			15		
九十度	tɕiu3 ɕit8 tʰu6	jiu3 xit7 tu5	jiu3 shi2 du4	白			15		
二十五万	ɵ6 ɕit8 ŋ̍3 uan6	o5 xit7 ng3 wan5	er4 shi2 wu3 wan4	白			15		
五七日	ŋ̍3 tɕʰit7 lɛt7	ng3 qit6 let6	wu3 qi1 ri4	文			15		
五六十年	ŋ̍3 liuʔ7 ɕit8 ȵiɛn5	ng3 liuk6 xit7 nien4	wu3 liu4 shi2 nian2	白			15		
五十二年	ŋ̍3 ɕit8 ɵ6 ȵiɛn5	ng3 xit7 o5 nien4	wu3 shi2 er4 nian2	白			15		
五十亩	ŋ̍3 ɕit8 mɛu3	ng3 xit7 meu3	wu3 shi2 mu3	白			15		
五十八	ŋ̍3 ɕit8 pat7	ng3 xit7 bat6	wu3 shi2 ba1	白			15		
五十多	ŋ̍3 ɕit8 to1	ng3 xit7 do1	wu3 shi2 duo1	白			15		
一十二时	it7 ɕit8 ɵ6 sɿ5	yit6 xit7 o5 si4	yi1 shi2 er4 shi2	白	十二时	shi2 er4 shi2	15		
一十几斤	it7 ɕit8 tɕi3 tɕin1	yit6 xit7 ji3 jin1	yi1 shi2 ji3 jin1	白	十几斤	shi2 ji3 jin1	15		
一十四万	it7 ɕit8 sɿ5 uan6	yit6 xit7 si4 wan5	yi1 shi2 si4 wan4	白	十四万	shi2 si4 wan4	15		
十场	ɕit8 tsʰɔŋ2	xit7 cong2	shi2 chang3	白			15		
一十多家	it7 ɕit8 to1 ka1	yit6 xit7 do1 ga1	yi1 shi2 duo1 jia1	白	十多家	shi2 duo1 jia1	15		
十篇	ɕit8 pʰiɛn1	xit7 pien1	shi2 pian1	白			15		
千日	tɕʰiɛn1 lɛt7	qien1 let6	qian1 ri4	文			15		
双日	sɔŋ1 lɛt7	song1 let6	shuang1 ri4	文			15		
四五十岁	sɿ5 ŋ̍3 ɕit8 sui5	si4 ng3 xit7 sui4	si4 wu3 shi2 sui4	白			15		
四五日	sɿ5 ŋ̍3 lɛt7	si4 ng3 let6	si4 wu3 ri4	文			15		
四十卷	sɿ5 ɕit8 tɕyon5	si4 xit7 jyuon4	si4 shi2 juan3	白			15		
日升昌	lɛt7 sɨn1 tsʰɔŋ1	let6 sen1 cong1	ri4 sheng1 chang1	文			15		
日德兰半岛	lɛt7 tɛt7 lan5 pon5 tau3	let6 det6 lan4 bon4 dau3	ri4 de2 lan2 ban4 dao3	文			15		
朔日	sɔʔ7 lɛt7	sok6 let6	shuo4 ri4	文			15		
第三十五	tʰi6 san1 ɕit8 ŋ̍3	ti5 san1 xit7 ng3	di4 san1 shi2 wu3	白			15		
第一十八回	tʰi6 it7 ɕit8 pat7 fɨi5	ti5 yit6 xit7 bat6 fei4	di4 yi1 shi2 ba1 hui2	白	第十八回	di4 shi2 ba1 hui2	15		
第四十三章	tʰi6 sɿ5 ɕit8 san1 tsɔŋ1	ti5 si4 xit7 san1 zong1	di4 si4 shi2 san1 zhang1	白			15		
第四十五章	tʰi6 sɿ5 ɕit8 ŋ̍3 tsɔŋ1	ti5 si4 xit7 ng3 zong1	di4 si4 shi2 wu3 zhang1	白			15		
非全日制	fɨi1 tɕʰyon2 lɛt7 tsɿ5	fei1 qyuon2 let6 zi4	fei1 quan2 ri4 zhi4	文			15		
一个一十几岁	it7 ko5 it7 ɕit8 tɕi3 sui5	yit6 go4 yit6 xit7 ji3 sui4	yi2 ge4 yi1 shi2 ji3 sui4	白	一个十几岁	yi2 ge4 shi2 ji3 sui4	14		
一十二年	it7 ɕit8 ɵ6 ȵiɛn5	yit6 xit7 o5 nien4	yi1 shi2 er4 nian2	白	十二年		14		
一十五年	it7 ɕit8 ŋ̍3 ȵiɛn5	yit6 xit7 ng3 nien4	yi1 shi2 wu3 nian2	白	十五年		14		
七八十个	tɕʰit7 pat7 ɕit8 ko5	qit6 bat6 xit7 go4	qi1 ba1 shi2 ge4	白			14		
七十年代	tɕʰit7 ɕit8 ȵiɛn5 tʰai6	qit6 xit7 nien4 tai5	qi1 shi2 nian2 dai4	白			14		
三二十	san1 ɵ6 ɕit8	san1 o5 xit7	san1 er4 shi2	白			14		
三十三个	san1 ɕit8 san1 ko5	san1 xit7 san1 go4	san1 shi2 san1 ge4	白			14		
三十三岁	san1 ɕit8 san1 sui5	san1 xit7 san1 sui4	san1 shi2 san1 sui4	白			14		
三十九岁	san1 ɕit8 tɕiu3 sui5	san1 xit7 jiu3 sui4	san1 shi2 jiu3 sui4	白			14		
三十亩	san1 ɕit8 mɛu3	san1 xit7 meu3	san1 shi2 mu3	白			14		
三十几个	san1 ɕit8 tɕi3 ko5	san1 xit7 ji3 go4	san1 shi2 ji3 ge4	白			14		
丽日	li6 lɛt7	li5 let6	li4 ri4	文			14		
九十九年	tɕiu3 ɕit8 tɕiu3 ȵiɛn5	jiu3 xit7 jiu3 nien4	jiu3 shi2 jiu3 nian2	白			14		
二十三四岁	ɵ6 ɕit8 san1 sɿ5 sui5	o5 xit7 san1 si4 sui4	er4 shi2 san1 si4 sui4	白			14		
二十二号	ɵ6 ɕit8 ɵ6 hau6	o5 xit7 o5 hau5	er4 shi2 er4 hao4	白			14		
二十五里	ɵ6 ɕit8 ŋ̍3 li3	o5 xit7 ng3 li3	er4 shi2 wu3 li3	白			14		
五十三年	ŋ̍3 ɕit8 san1 ȵiɛn5	ng3 xit7 san1 nien4	wu3 shi2 san1 nian2	白			14		
五十二	ŋ̍3 ɕit8 ɵ6	ng3 xit7 o5	wu3 shi2 er4	白			14		
五十五	ŋ̍3 ɕit8 ŋ̍3	ng3 xit7 ng3	wu3 shi2 wu3	白			14		
五十六岁	ŋ̍3 ɕit8 liuʔ7 sui5	ng3 xit7 liuk6 sui4	wu3 shi2 liu4 sui4	白			14		
五十周年	ŋ̍3 ɕit8 tsɛu1 ȵiɛn5	ng3 xit7 zeu1 nien4	wu3 shi2 zhou1 nian2	白			14		
五十步	ŋ̍3 ɕit8 pʰu6	ng3 xit7 pu5	wu3 shi2 bu4	白			14		
人情世态	lɨn5 tɕʰin2 sɿ5 tʰai3	len4 qin2 si4 tai3	ren2 qing2 shi4 tai4	文			14		
人情债	lɨn5 tɕʰin2 tsai5	len4 qin2 zai4	ren2 qing2 zhai4	文			14		
八十八	pat7 ɕit8 pat7	bat6 xit7 bat6	ba1 shi2 ba1	白			14		
八十四	pat7 ɕit8 sɿ5	bat6 xit7 si4	ba1 shi2 si4	白			14		
六十三	liuʔ7 ɕit8 san1	liuk6 xit7 san1	liu4 shi2 san1	白			14		
几十厘米	tɕi3 ɕit8 li5 mi3	ji3 xit7 li4 mi3	ji3 shi2 li2 mi3	白			14		
一十一名	it7 ɕit8 it7 miᴀŋ5	yit6 xit7 yit6 miang4	yi1 shi2 yi1 ming2	白	十一名	shi2 yi1 ming2	14		
十万大山	ɕit8 uan6 tʰai6 san1	xit7 wan5 tai5 san1	shi2 wan4 da4 shan1	白			14		
一十三篇	it7 ɕit8 san1 pʰiɛn1	yit6 xit7 san1 pien1	yi1 shi2 san1 pian1	白	十三篇	shi2 san1 pian1	14		
一十三行	it7 ɕit8 san1 ɕin5	yit6 xit7 san1 xin4	yi1 shi2 san1 xing2	白	十三行	shi2 san1 xing2	14		
十下	ɕit8 ha6	xit7 ha5	shi2 xia4	白			14		
一十二首	it7 ɕit8 ɵ6 seu3	yit6 xit7 o5 seu3	yi1 shi2 er4 shou3	白	十二首	shi2 er4 shou3	14		
一十几两	it7 ɕit8 tɕi3 liɔŋ3	yit6 xit7 ji3 liong3	yi1 shi2 ji3 liang3	白	十几两	shi2 ji3 liang3	14		
一十几座	it7 ɕit8 tɕi3 tsʰo6	yit6 xit7 ji3 co5	yi1 shi2 ji3 zuo4	白	十几座	shi2 ji3 zuo4	14		
一十四行	it7 ɕit8 sɿ5 ɕin5	yit6 xit7 si4 xin4	yi1 shi2 si4 xing2	白	十四行	shi2 si4 xing2	14		
十室九空	ɕit8 sɨt7 tɕiu3 kʰuŋ1	xit7 set6 jiu3 kung1	shi2 shi4 jiu3 kong1	白			14		
十尊	ɕit8 tsun1	xit7 zun1	shi2 zun1	白			14		
十类	ɕit8 lui6	xit7 lui5	shi2 lei4	白			14		
十面	ɕit8 miɛn6	xit7 mien5	shi2 mian4	白			14		
十顷	ɕit8 tɕʰyn3	xit7 qyun3	shi2 qing3	白			14		
四五十里	sɿ5 ŋ̍3 ɕit8 li3	si4 ng3 xit7 li3	si4 wu3 shi2 li3	白			14		
四十几岁	sɿ5 ɕit8 tɕi3 sui5	si4 xit7 ji3 sui4	si4 shi2 ji3 sui4	白			14		
四十出头	sɿ5 ɕit8 tsʰuʔ7 tʰɛu2	si4 xit7 cuk6 teu2	si4 shi2 chu1 tou2	白			14		
太阳日	tʰai3 iɔŋ5 lɛt7	tai3 yong4 let6	tai4 yang2 ri4	文			14		
日上三竿	lɛt7 sɔŋ6 san1 kon1	let6 song5 san1 gon1	ri4 shang4 san1 gan1	文			14		
日出而作	lɛt7 tsʰuʔ7 ɵ5 tsɔʔ7	let6 cuk6 o4 zok6	ri4 chu1 er2 zuo4	文			14		
日喀则地区	lɛt7 kʰiet7 tsɛt7 tʰi6 tɕʰy1	let6 kiet6 zet6 ti5 qyu1	ri4 ka1 ze2 di4 qu1	文			14		
日喀则市	lɛt7 kʰiet7 tsɛt7 sɿ6	let6 kiet6 zet6 si5	ri4 ka1 ze2 shi4	文			14		
日惹	lɛt7 ia3	let6 ya3	ri4 re3	文			14		
日暖	lɛt7 lon3	let6 lon3	ri4 nuan3	文			14		
日本自民党	lɛt7 pɨn3 tsʰɿ6 min5 tɔŋ3	let6 ben3 ci5 min4 dong3	ri4 ben3 zi4 min2 dang3	文			14		
毒日头	tʰuʔ8 lɛt7 tʰɛu2	tuk7 let6 teu2	du2 ri4 tou5	文			14		
百分之九十五	paʔ7 fɨn1 tsɿ1 tɕiu3 ɕit8 ŋ̍3	bak6 fen1 zi1 jiu3 xit7 ng3	bai3 fen1 zhi1 jiu3 shi2 wu3	白			14		
百无一用	pet7 u5 it7 iuŋ6	bet6 wu4 yit6 yung5	bai3 wu2 yi1 yong4	文			14		
第二十回	tʰi6 ɵ6 ɕit8 fɨi5	ti5 o5 xit7 fei4	di4 er4 shi2 hui2	白			14		
第五十二	tʰi6 ŋ̍3 ɕit8 ɵ6	ti5 ng3 xit7 o5	di4 wu3 shi2 er4	白			14		
第五十章	tʰi6 ŋ̍3 ɕit8 tsɔŋ1	ti5 ng3 xit7 zong1	di4 wu3 shi2 zhang1	白			14		
第一十七回	tʰi6 it7 ɕit8 tɕʰit7 fɨi5	ti5 yit6 xit7 qit6 fei4	di4 yi1 shi2 qi1 hui2	白	第十七回	di4 shi2 qi1 hui2	14		
第一十三回	tʰi6 it7 ɕit8 san1 fɨi5	ti5 yit6 xit7 san1 fei4	di4 yi1 shi2 san1 hui2	白	第十三回	di4 shi2 san1 hui2	14		
第一十九回	tʰi6 it7 ɕit8 tɕiu3 fɨi5	ti5 yit6 xit7 jiu3 fei4	di4 yi1 shi2 jiu3 hui2	白	第十九回	di4 shi2 jiu3 hui2	14		
第一十二回	tʰi6 it7 ɕit8 ɵ6 fɨi5	ti5 yit6 xit7 o5 fei4	di4 yi1 shi2 er4 hui2	白	第十二回	di4 shi2 er4 hui2	14		
第一十五回	tʰi6 it7 ɕit8 ŋ̍3 fɨi5	ti5 yit6 xit7 ng3 fei4	di4 yi1 shi2 wu3 hui2	白	第十五回	di4 shi2 wu3 hui2	14		
第一十六回	tʰi6 it7 ɕit8 liuʔ7 fɨi5	ti5 yit6 xit7 liuk6 fei4	di4 yi1 shi2 liu4 hui2	白	第十六回	di4 shi2 liu4 hui2	14		
第十回	tʰi6 ɕit8 fɨi5	ti5 xit7 fei4	di4 shi2 hui2	白			14		
第四十七章	tʰi6 sɿ5 ɕit8 tɕʰit7 tsɔŋ1	ti5 si4 xit7 qit6 zong1	di4 si4 shi2 qi1 zhang1	白			14		
第四十四	tʰi6 sɿ5 ɕit8 sɿ5	ti5 si4 xit7 si4	di4 si4 shi2 si4	白			14		
第四十四章	tʰi6 sɿ5 ɕit8 sɿ5 tsɔŋ1	ti5 si4 xit7 si4 zong1	di4 si4 shi2 si4 zhang1	白			14		
顺水人情	sun6 sui3 lɨn5 tɕʰin2	sun5 sui3 len4 qin2	shun4 shui3 ren2 qing2	文			14		
一个二十多岁	it7 ko5 ɵ6 ɕit8 to1 sui5	yit6 go4 o5 xit7 do1 sui4	yi2 ge4 er4 shi2 duo1 sui4	白			13		
一十三拳	it7 ɕit8 san1 tɕʰyon2	yit6 xit7 san1 qyuon2	yi1 shi2 san1 quan2	白	十三拳		13		
一百五十元	it7 paʔ7 ŋ̍3 ɕit8 ȵyon5	yit6 bak6 ng3 xit7 nyuon4	yi4 bai3 wu3 shi2 yuan2	白			13		
一百五十名	it7 paʔ7 ŋ̍3 ɕit8 miᴀŋ5	yit6 bak6 ng3 xit7 miang4	yi4 bai3 wu3 shi2 ming2	白			13		
一百五十毫米	it7 paʔ7 ŋ̍3 ɕit8 hau2 mi3	yit6 bak6 ng3 xit7 hau2 mi3	yi4 bai3 wu3 shi2 hao2 mi3	白			13		
七八十斤	tɕʰit7 pat7 ɕit8 tɕin1	qit6 bat6 xit7 jin1	qi1 ba1 shi2 jin1	白			13		
七十七国集团	tɕʰit7 ɕit8 tɕʰit7 kuɛt7 tɕit7 tʰon2	qit6 xit7 qit6 guet6 jit6 ton2	qi1 shi2 qi1 guo2 ji2 tuan2	白			13		
七十二峰	tɕʰit7 ɕit8 ɵ6 fuŋ1	qit6 xit7 o5 fung1	qi1 shi2 er4 feng1	白			13		
三十一岁	san1 ɕit8 it7 sui5	san1 xit7 yit6 sui4	san1 shi2 yi1 sui4	白			13		
三十二卷	san1 ɕit8 ɵ6 tɕyon5	san1 xit7 o5 jyuon4	san1 shi2 er4 juan3	白			13		
三十分钟	san1 ɕit8 fɨn1 tsuŋ1	san1 xit7 fen1 zung1	san1 shi2 fen1 zhong1	白			13		
三十只	san1 ɕit8 tsɿʔ7	san1 xit7 zik6	san1 shi2 zhi3	白			13		
三四十名	san1 sɿ5 ɕit8 miᴀŋ5	san1 si4 xit7 miang4	san1 si4 shi2 ming2	白			13		
二十七八岁	ɵ6 ɕit8 tɕʰit7 pat7 sui5	o5 xit7 qit6 bat6 sui4	er4 shi2 qi1 ba1 sui4	白			13		
二十五六岁	ɵ6 ɕit8 ŋ̍3 liuʔ7 sui5	o5 xit7 ng3 liuk6 sui4	er4 shi2 wu3 liu4 sui4	白			13		
五六名	ŋ̍3 liuʔ7 miᴀŋ5	ng3 liuk6 miang4	wu3 liu4 ming2	白			13		
五十八岁	ŋ̍3 ɕit8 pat7 sui5	ng3 xit7 bat6 sui4	wu3 shi2 ba1 sui4	白			13		
亿日	i5 lɛt7	yi4 let6	yi4 ri4	文			13		
八十万两	pat7 ɕit8 uan6 liɔŋ3	bat6 xit7 wan5 liong3	ba1 shi2 wan4 liang3	白			13		
八十个	pat7 ɕit8 ko5	bat6 xit7 go4	ba1 shi2 ge4	白			13		
六七十万	liuʔ7 tɕʰit7 ɕit8 uan6	liuk6 qit6 xit7 wan5	liu4 qi1 shi2 wan4	白			13		
六十三岁	liuʔ7 ɕit8 san1 sui5	liuk6 xit7 san1 sui4	liu4 shi2 san1 sui4	白			13		
六十六	liuʔ7 ɕit8 liuʔ7	liuk6 xit7 liuk6	liu4 shi2 liu4	白			13		
六十年代	liuʔ7 ɕit8 ȵiɛn5 tʰai6	liuk6 xit7 nien4 tai5	liu4 shi2 nian2 dai4	白			13		
几十亿美元	tɕi3 ɕit8 i5 mi3 ȵyon5	ji3 xit7 yi4 mi3 nyuon4	ji3 shi2 yi4 mei3 yuan2	白			13		
几十处	tɕi3 ɕit8 tsʰu3	ji3 xit7 cu3	ji3 shi2 chu4	白			13		
几十岁	tɕi3 ɕit8 sui5	ji3 xit7 sui4	ji3 shi2 sui4	白			13		
几十遍	tɕi3 ɕit8 piɛn5	ji3 xit7 bien4	ji3 shi2 bian4	白			13		
一十二道	it7 ɕit8 ɵ6 tʰau6	yit6 xit7 o5 tau5	yi1 shi2 er4 dao4	白	十二道	shi2 er4 dao4	13		
一十二面	it7 ɕit8 ɵ6 miɛn6	yit6 xit7 o5 mien5	yi1 shi2 er4 mian4	白	十二面	shi2 er4 mian4	13		
一十五载	it7 ɕit8 ŋ̍3 tsai0	yit6 xit7 ng3 zai0	yi1 shi2 wu3 zai4	白	十五载	shi2 wu3 zai4	13		
一十余载	it7 ɕit8 y5 tsai0	yit6 xit7 yu4 zai0	yi1 shi2 yu2 zai4	白	十余载	shi2 yu2 zai4	13		
十八九	sɨt8 pat7 tɕiu3	set7 bat6 jiu3	shi2 ba1 jiu3	文			13		
十回	ɕit8 fɨi5	xit7 fei4	shi2 hui2	白			13		
一十多位	it7 ɕit8 to1 ui6	yit6 xit7 do1 wui5	yi1 shi2 duo1 wei4	白	十多位	shi2 duo1 wei4	13		
十张	ɕit8 tsɔŋ1	xit7 zong1	shi2 zhang1	白			13		
十文	ɕit8 uen5	xit7 wun4	shi2 wen2	白			13		
十番	ɕit8 fan1	xit7 fan1	shi2 fan1	白			13		
十门	ɕit8 mɨn5	xit7 men4	shi2 men2	白			13		
四五十个	sɿ5 ŋ̍3 ɕit8 ko5	si4 ng3 xit7 go4	si4 wu3 shi2 ge4	白			13		
四五名	sɿ5 ŋ̍3 miᴀŋ5	si4 ng3 miang4	si4 wu3 ming2	白			13		
四十一岁	sɿ5 ɕit8 it7 sui5	si4 xit7 yit6 sui4	si4 shi2 yi1 sui4	白			13		
四十九岁	sɿ5 ɕit8 tɕiu3 sui5	si4 xit7 jiu3 sui4	si4 shi2 jiu3 sui4	白			13		
四十五万两	sɿ5 ɕit8 ŋ̍3 uan6 liɔŋ3	si4 xit7 ng3 wan5 liong3	si4 shi2 wu3 wan4 liang3	白			13		
圣日耳曼	sɨn5 lɛt7 ɵ3 mon6	sen4 let6 o3 mon5	sheng4 ri4 er3 man4	文			13		
大半日	tʰai6 pon5 ȵit7	tai5 bon4 nit6	da4 ban4 ri4	白	大半天		13		
宣传日	ɕyon1 tsʰon2 lɛt7	xyuon1 con2 let6	xuan1 chuan2 ri4	文			13		
廿六日	ȵien6 liuʔ7 lɛt7	nien5 liuk6 let6	nian4 liu4 ri4	文			13		
日久见人心	lɛt7 tɕiu3 tɕiɛn5 ȵin5 ɕin1	let6 jiu3 jien4 nin4 xin1	ri4 jiu3 jian4 ren2 xin1	文			13		
日德兰	lɛt7 tɛt7 lan5	let6 det6 lan4	ri4 de2 lan2	文			13		
日航	lɛt7 hɔŋ2	let6 hong2	ri4 hang2	文			5013		
早知今日	tsau3 tsɿ1 tɕin1 lɛt7	zau3 zi1 jin1 let6	zao3 zhi1 jin1 ri4	文			13		
杜十娘	tʰu6 sɨt8 ȵiɔŋ5	tu5 set7 niong4	du4 shi2 niang2	文			13		
百分之六十	paʔ7 fɨn1 tsɿ1 liuʔ7 ɕit8	bak6 fen1 zi1 liuk6 xit7	bai3 fen1 zhi1 liu4 shi2	白			13		
百分之一十五	paʔ7 fɨn1 tsɿ1 it7 ɕit8 ŋ̍3	bak6 fen1 zi1 yit6 xit7 ng3	bai3 fen1 zhi1 yi1 shi2 wu3	白	百分之十五	bai3 fen1 zhi1 shi2 wu3	13		
百分之一十八	paʔ7 fɨn1 tsɿ1 it7 ɕit8 pat7	bak6 fen1 zi1 yit6 xit7 bat6	bai3 fen1 zhi1 yi1 shi2 ba1	白	百分之十八	bai3 fen1 zhi1 shi2 ba1	13		
第三十一条	tʰi6 san1 ɕit8 it7 tʰiɛu2	ti5 san1 xit7 yit6 tieu2	di4 san1 shi2 yi1 tiao2	白			13		
第二十五回	tʰi6 ɵ6 ɕit8 ŋ̍3 fɨi5	ti5 o5 xit7 ng3 fei4	di4 er4 shi2 wu3 hui2	白			13		
第五十	tʰi6 ŋ̍3 ɕit8	ti5 ng3 xit7	di4 wu3 shi2	白			13		
第五十一章	tʰi6 ŋ̍3 ɕit8 it7 tsɔŋ1	ti5 ng3 xit7 yit6 zong1	di4 wu3 shi2 yi1 zhang1	白			13		
第五十三章	tʰi6 ŋ̍3 ɕit8 san1 tsɔŋ1	ti5 ng3 xit7 san1 zong1	di4 wu3 shi2 san1 zhang1	白			13		
第五十九	tʰi6 ŋ̍3 ɕit8 tɕiu3	ti5 ng3 xit7 jiu3	di4 wu3 shi2 jiu3	白			13		
第五十二章	tʰi6 ŋ̍3 ɕit8 ɵ6 tsɔŋ1	ti5 ng3 xit7 o5 zong1	di4 wu3 shi2 er4 zhang1	白			13		
第十一个五年	tʰi6 sɨt8 it7 ko5 ŋ̍3 ȵiɛn5	ti5 set7 yit6 go4 ng3 nien4	di4 shi2 yi2 ge4 wu3 nian2	文			13		
第十九届	tʰi6 sɨt8 tɕiu3 kai5	ti5 set7 jiu3 gai4	di4 shi2 jiu3 jie4	文			13		
第一十六次	tʰi6 it7 ɕit8 liuʔ7 tsʰɿ3	ti5 yit6 xit7 liuk6 ci3	di4 yi1 shi2 liu4 ci4	白	第十六次	di4 shi2 liu4 ci4	13		
第十名	tʰi6 ɕit8 miᴀŋ5	ti5 xit7 miang4	di4 shi2 ming2	白			13		
第一十四回	tʰi6 it7 ɕit8 sɿ5 fɨi5	ti5 yit6 xit7 si4 fei4	di4 yi1 shi2 si4 hui2	白	第十四回	di4 shi2 si4 hui2	13		
第四十八章	tʰi6 sɿ5 ɕit8 pat7 tsɔŋ1	ti5 si4 xit7 bat6 zong1	di4 si4 shi2 ba1 zhang1	白			13		
第四十六章	tʰi6 sɿ5 ɕit8 liuʔ7 tsɔŋ1	ti5 si4 xit7 liuk6 zong1	di4 si4 shi2 liu4 zhang1	白			13		
胡笳十八拍	fu5 ka1 sɨt8 pat7 pʰaʔ7	fu4 ga1 set7 bat6 pak6	hu2 jia1 shi2 ba1 pai1	文			13		
路易十三	lu6 i6 sɨt8 san1	lu5 yi5 set7 san1	lu4 yi4 shi2 san1	文			13		
饱食终日	pau3 sɿʔ7 tsuŋ1 lɛt7	bau3 sik6 zung1 let6	bao3 shi2 zhong1 ri4	文			13		
一个一十六七岁	it7 ko5 it7 ɕit8 liuʔ7 tɕʰit7 sui5	yit6 go4 yit6 xit7 liuk6 qit6 sui4	yi2 ge4 yi1 shi2 liu4 qi1 sui4	白	一个十六七岁	yi2 ge4 shi2 liu4 qi1 sui4	12		
一十九	it7 ɕit8 tɕiu3	yit6 xit7 jiu3	yi1 shi2 jiu3	白			12		
一百五十万	it7 paʔ7 ŋ̍3 ɕit8 uan6	yit6 bak6 ng3 xit7 wan5	yi4 bai3 wu3 shi2 wan4	白			12		
七八十招	tɕʰit7 pat7 ɕit8 tsɛu1	qit6 bat6 xit7 zeu1	qi1 ba1 shi2 zhao1	白			12		
七八十里	tɕʰit7 pat7 ɕit8 li3	qit6 bat6 xit7 li3	qi1 ba1 shi2 li3	白			12		
七十多年	tɕʰit7 ɕit8 to1 ȵiɛn5	qit6 xit7 do1 nien4	qi1 shi2 duo1 nian2	白			12		
三十分	san1 ɕit8 fɨn1	san1 xit7 fen1	san1 shi2 fen1	白			12		
三十匹	san1 ɕit8 pʰi2	san1 xit7 pi2	san1 shi2 pi3	白			12		
三十四岁	san1 ɕit8 sɿ5 sui5	san1 xit7 si4 sui4	san1 shi2 si4 sui4	白			12		
三十年河东	san1 ɕit8 ȵiɛn5 ho2 tuŋ1	san1 xit7 nien4 ho2 dung1	san1 shi2 nian2 he2 dong1	白			12		
三十步	san1 ɕit8 pʰu6	san1 xit7 pu5	san1 shi2 bu4	白			12		
三十米	san1 ɕit8 mi3	san1 xit7 mi3	san1 shi2 mi3	白			12		
三四名	san1 sɿ5 miᴀŋ5	san1 si4 miang4	san1 si4 ming2	白			12		
三百六十	san1 paʔ7 liuʔ7 ɕit8	san1 bak6 liuk6 xit7	san1 bai3 liu4 shi2	白			12		
东四十条	tuŋ1 sɿ5 ɕit8 tʰiɛu2	dung1 si4 xit7 tieu2	dong1 si4 shi2 tiao2	白			12		
二三十岁	ɵ6 san1 ɕit8 sui5	o5 san1 xit7 sui4	er4 san1 shi2 sui4	白			12		
二十五日	ɵ6 ɕit8 ŋ̍3 ȵit7	o5 xit7 ng3 nit6	er4 shi2 wu3 ri4	白	二十五天		12		
二十余岁	ɵ6 ɕit8 y5 sui5	o5 xit7 yu4 sui4	er4 shi2 yu2 sui4	白			12		
二十八个	ɵ6 ɕit8 pat7 ko5	o5 xit7 bat6 go4	er4 shi2 ba1 ge4	白			12		
二十六七岁	ɵ6 ɕit8 liuʔ7 tɕʰit7 sui5	o5 xit7 liuk6 qit6 sui4	er4 shi2 liu4 qi1 sui4	白			12		
二十四只	ɵ6 ɕit8 sɿ5 tsɿʔ7	o5 xit7 si4 zik6	er4 shi2 si4 zhi3	白			12		
二十四番	ɵ6 ɕit8 sɿ5 fan1	o5 xit7 si4 fan1	er4 shi2 si4 fan1	白			12		
二百六十名	ɵ6 paʔ7 liuʔ7 ɕit8 miᴀŋ5	o5 bak6 liuk6 xit7 miang4	er4 bai3 liu4 shi2 ming2	白			12		
五十七	ŋ̍3 ɕit8 tɕʰit7	ng3 xit7 qit6	wu3 shi2 qi1	白			12		
五十余里	ŋ̍3 ɕit8 y5 li3	ng3 xit7 yu4 li3	wu3 shi2 yu2 li3	白			12		
八十五岁	pat7 ɕit8 ŋ̍3 sui5	bat6 xit7 ng3 sui4	ba1 shi2 wu3 sui4	白			12		
六十多	liuʔ7 ɕit8 to1	liuk6 xit7 do1	liu4 shi2 duo1	白			12		
几十万两	tɕi3 ɕit8 uan6 liɔŋ3	ji3 xit7 wan5 liong3	ji3 shi2 wan4 liang3	白			12		
几十丈	tɕi3 ɕit8 tsʰɔŋ6	ji3 xit7 cong5	ji3 shi2 zhang4	白			12		
几十号	tɕi3 ɕit8 hau6	ji3 xit7 hau5	ji3 shi2 hao4	白			12		
几十吨	tɕi3 ɕit8 tin1	ji3 xit7 din1	ji3 shi2 dun1	白			12		
到期日	tau5 tɕʰi2 lɛt7	dau4 qi2 let6	dao4 qi1 ri4	文			12		
一十一位	it7 ɕit8 it7 ui6	yit6 xit7 yit6 wui5	yi1 shi2 yi1 wei4	白	十一位	shi2 yi1 wei4	12		
一十七八块	it7 ɕit8 tɕʰit7 pat7 kʰuai3	yit6 xit7 qit6 bat6 kuai3	yi1 shi2 qi1 ba1 kuai4	白	十七八块	shi2 qi1 ba1 kuai4	12		
一十五位	it7 ɕit8 ŋ̍3 ui6	yit6 xit7 ng3 wui5	yi1 shi2 wu3 wei4	白	十五位	shi2 wu3 wei4	12		
一十五六	it7 ɕit8 ŋ̍3 liuʔ7	yit6 xit7 ng3 liuk6	yi1 shi2 wu3 liu4	白	十五六	shi2 wu3 liu4	12		
一十五块	it7 ɕit8 ŋ̍3 kʰuai3	yit6 xit7 ng3 kuai3	yi1 shi2 wu3 kuai4	白	十五块	shi2 wu3 kuai4	12		
一十五次	it7 ɕit8 ŋ̍3 tsʰɿ3	yit6 xit7 ng3 ci3	yi1 shi2 wu3 ci4	白	十五次	shi2 wu3 ci4	12		
一十五种	it7 ɕit8 ŋ̍3 tsuŋ3	yit6 xit7 ng3 zung3	yi1 shi2 wu3 zhong3	白	十五种	shi2 wu3 zhong3	12		
十八般兵器	sɨt8 pat7 pon1 pin1 tɕʰi3	set7 bat6 bon1 bin1 qi3	shi2 ba1 ban1 bing1 qi4	文			12		
十公里	ɕit8 kuŋ1 li3	xit7 gung1 li3	shi2 gong1 li3	白			12		
一十几招	it7 ɕit8 tɕi3 tsɛu1	yit6 xit7 ji3 zeu1	yi1 shi2 ji3 zhao1	白	十几招	shi2 ji3 zhao1	12		
一十几枚	it7 ɕit8 tɕi3 mi5	yit6 xit7 ji3 mi4	yi1 shi2 ji3 mei2	白	十几枚	shi2 ji3 mei2	12		
十周年	ɕit8 tsɛu1 ȵiɛn5	xit7 zeu1 nien4	shi2 zhou1 nian2	白			12		
一十四名	it7 ɕit8 sɿ5 miᴀŋ5	yit6 xit7 si4 miang4	yi1 shi2 si4 ming2	白	十四名	shi2 si4 ming2	12		
一十多次	it7 ɕit8 to1 tsʰɿ3	yit6 xit7 do1 ci3	yi1 shi2 duo1 ci4	白	十多次	shi2 duo1 ci4	12		
一十多米	it7 ɕit8 to1 mi3	yit6 xit7 do1 mi3	yi1 shi2 duo1 mi3	白	十多米	shi2 duo1 mi3	12		
十层	ɕit8 tsʰɛn2	xit7 cen2	shi2 ceng2	白			12		
十月底	ɕit8 ȵyot8 ti3	xit7 nyuot7 di3	shi2 yue4 di3	赣			12		
十粒	ɕit8 tʰit8	xit7 tit7	shi2 li4	白			12		
十级	ɕit8 tɕit7	xit7 jit6	shi2 ji2	白			12		
十行	ɕit8 ɕin5	xit7 xin4	shi2 xing2	白			12		
十队	ɕit8 tui5	xit7 dui4	shi2 dui4	白			12		
十颗	ɕit8 kʰuo1	xit7 kuo1	shi2 ke1	白			12		
四十八岁	sɿ5 ɕit8 pat7 sui5	si4 xit7 bat6 sui4	si4 shi2 ba1 sui4	白			12		
四十分钟	sɿ5 ɕit8 fɨn1 tsuŋ1	si4 xit7 fen1 zung1	si4 shi2 fen1 zhong1	白			12		
日本银行	lɛt7 pɨn3 ȵin5 hɔŋ2	let6 ben3 nin4 hong2	ri4 ben3 yin2 hang2	文			12		
日用瓷	lɛt7 iuŋ6 tsʰɿ2	let6 yung5 ci2	ri4 yong4 ci2	文			12		
旭日东升	ɕiuʔ7 lɛt7 tuŋ1 sɨn1	xiuk6 let6 dung1 sen1	xu4 ri4 dong1 sheng1	文			12		
来日大难	lei5 lɛt7 tʰai6 lan5	lei4 let6 tai5 lan4	lai2 ri4 da4 nan4	文			12		
百分之九十九	paʔ7 fɨn1 tsɿ1 tɕiu3 ɕit8 tɕiu3	bak6 fen1 zi1 jiu3 xit7 jiu3	bai3 fen1 zhi1 jiu3 shi2 jiu3	白			12		
第二十一回	tʰi6 ɵ6 ɕit8 it7 fɨi5	ti5 o5 xit7 yit6 fei4	di4 er4 shi2 yi1 hui2	白			12		
第二十三回	tʰi6 ɵ6 ɕit8 san1 fɨi5	ti5 o5 xit7 san1 fei4	di4 er4 shi2 san1 hui2	白			12		
第二十六回	tʰi6 ɵ6 ɕit8 liuʔ7 fɨi5	ti5 o5 xit7 liuk6 fei4	di4 er4 shi2 liu4 hui2	白			12		
第二十四回	tʰi6 ɵ6 ɕit8 sɿ5 fɨi5	ti5 o5 xit7 si4 fei4	di4 er4 shi2 si4 hui2	白			12		
第二十四集	tʰi6 ɵ6 ɕit8 sɿ5 tɕit7	ti5 o5 xit7 si4 jit6	di4 er4 shi2 si4 ji2	白			12		
第一十一回	tʰi6 it7 ɕit8 it7 fɨi5	ti5 yit6 xit7 yit6 fei4	di4 yi1 shi2 yi1 hui2	白	第十一回	di4 shi2 yi1 hui2	12		
第四十一	tʰi6 sɿ5 ɕit8 it7	ti5 si4 xit7 yit6	di4 si4 shi2 yi1	白			12		
一个二十	it7 ko5 ɵ6 ɕit8	yit6 go4 o5 xit7	yi2 ge4 er4 shi2	白			11		
一个五十	it7 ko5 ŋ̍3 ɕit8	yit6 go4 ng3 xit7	yi2 ge4 wu3 shi2	白			11		
一个一十三四岁	it7 ko5 it7 ɕit8 san1 sɿ5 sui5	yit6 go4 yit6 xit7 san1 si4 sui4	yi2 ge4 yi1 shi2 san1 si4 sui4	白	一个十三四岁	yi2 ge4 shi2 san1 si4 sui4	11		
一个一十八岁	it7 ko5 it7 ɕit8 pat7 sui5	yit6 go4 yit6 xit7 bat6 sui4	yi2 ge4 yi1 shi2 ba1 sui4	白	一个十八岁	yi2 ge4 shi2 ba1 sui4	11		
一个四十	it7 ko5 sɿ5 ɕit8	yit6 go4 si4 xit7	yi2 ge4 si4 shi2	白			11		
一十七路	it7 ɕit8 tɕʰit7 lu6	yit6 xit7 qit6 lu5	yi1 shi2 qi1 lu4	白	十七路		11		
一十三年	it7 ɕit8 san1 ȵiɛn5	yit6 xit7 san1 nien4	yi1 shi2 san1 nian2	白	十三年		11		
一日之功	it7 lɛt7 tsɿ1 kuŋ1	yit6 let6 zi1 gung1	yi1 ri4 zhi1 gong1	文			11		
一百三十	it7 paʔ7 san1 ɕit8	yit6 bak6 san1 xit7	yi4 bai3 san1 shi2	白			11		
一百八十里	it7 paʔ7 pat7 ɕit8 li3	yit6 bak6 bat6 xit7 li3	yi4 bai3 ba1 shi2 li3	白			11		
七八十年	tɕʰit7 pat7 ɕit8 ȵiɛn5	qit6 bat6 xit7 nien4	qi1 ba1 shi2 nian2	白			11		
三十五六岁	san1 ɕit8 ŋ̍3 liuʔ7 sui5	san1 xit7 ng3 liuk6 sui4	san1 shi2 wu3 liu4 sui4	白			11		
三十元	san1 ɕit8 ȵyon5	san1 xit7 nyuon4	san1 shi2 yuan2	白			11		
三四十招	san1 sɿ5 ɕit8 tsɛu1	san1 si4 xit7 zeu1	san1 si4 shi2 zhao1	白			11		
三四日	san1 sɿ5 ȵit7	san1 si4 nit6	san1 si4 ri4	白	三四天		11		
两千名	liɔŋ3 tɕʰiɛn1 miᴀŋ5	liong3 qien1 miang4	liang3 qian1 ming2	白			11		
九十九个	tɕiu3 ɕit8 tɕiu3 ko5	jiu3 xit7 jiu3 go4	jiu3 shi2 jiu3 ge4	白			11		
二三十名	ɵ6 san1 ɕit8 miᴀŋ5	o5 san1 xit7 miang4	er4 san1 shi2 ming2	白			11		
二十七个	ɵ6 ɕit8 tɕʰit7 ko5	o5 xit7 qit6 go4	er4 shi2 qi1 ge4	白			11		
二十四座	ɵ6 ɕit8 sɿ5 tsʰo6	o5 xit7 si4 co5	er4 shi2 si4 zuo4	白			11		
五六十个	ŋ̍3 liuʔ7 ɕit8 ko5	ng3 liuk6 xit7 go4	wu3 liu4 shi2 ge4	白			11		
余日	y5 lɛt7	yu4 let6	yu2 ri4	文			11		
八十七	pat7 ɕit8 tɕʰit7	bat6 xit7 qit6	ba1 shi2 qi1	白			11		
八十斤	pat7 ɕit8 tɕin1	bat6 xit7 jin1	ba1 shi2 jin1	白			11		
六十二	liuʔ7 ɕit8 ɵ6	liuk6 xit7 o5	liu4 shi2 er4	白			11		
六十五	liuʔ7 ɕit8 ŋ̍3	liuk6 xit7 ng3	liu4 shi2 wu3	白			11		
六十余	liuʔ7 ɕit8 y5	liuk6 xit7 yu4	liu4 shi2 yu2	白			11		
六十元	liuʔ7 ɕit8 ȵyon5	liuk6 xit7 nyuon4	liu4 shi2 yuan2	白			11		
六十六岁	liuʔ7 ɕit8 liuʔ7 sui5	liuk6 xit7 liuk6 sui4	liu4 shi2 liu4 sui4	白			11		
养兵千日	iɔŋ3 pin1 tɕʰiɛn1 lɛt7	yong3 bin1 qien1 let6	yang3 bing1 qian1 ri4	文			11		
几十口	tɕi3 ɕit8 kʰiɛu3	ji3 xit7 kieu3	ji3 shi2 kou3	白			11		
几十台	tɕi3 ɕit8 tʰai2	ji3 xit7 tai2	ji3 shi2 tai2	白			11		
几十座	tɕi3 ɕit8 tsʰo6	ji3 xit7 co5	ji3 shi2 zuo4	白			11		
十万个	ɕit8 uan6 ko5	xit7 wan5 go4	shi2 wan4 ge4	白			11		
一十二位	it7 ɕit8 ɵ6 ui6	yit6 xit7 o5 wui5	yi1 shi2 er4 wei4	白	十二位	shi2 er4 wei4	11		
一十余位	it7 ɕit8 y5 ui6	yit6 xit7 yu4 wui5	yi1 shi2 yu2 wei4	白	十余位	shi2 yu2 wei4	11		
十刀	ɕit8 tau1	xit7 dau1	shi2 dao1	白			11		
十则	ɕit8 tsɛt7	xit7 zet6	shi2 ze2	白			11		
十处	ɕit8 tsʰu3	xit7 cu3	shi2 chu4	白			11		
一十多处	it7 ɕit8 to1 tsʰu3	yit6 xit7 do1 cu3	yi1 shi2 duo1 chu4	白	十多处	shi2 duo1 chu4	11		
十字坡	sɨt8 tsʰɿ6 po1	set7 ci5 bo1	shi2 zi4 po1	文			11		
十幅	ɕit8 fuʔ7	xit7 fuk6	shi2 fu2	白			11		
十月初	ɕit8 ȵyot8 tsʰu1	xit7 nyuot7 cu1	shi2 yue4 chu1	赣			11		
十本	ɕit8 pɨn3	xit7 ben3	shi2 ben3	白			11		
十等	ɕit8 tɛn3	xit7 den3	shi2 deng3	白			11		
名药	min5 iɔʔ7	min4 yok6	ming2 yao4	文			11		
四五十万	sɿ5 ŋ̍3 ɕit8 uan6	si4 ng3 xit7 wan5	si4 wu3 shi2 wan4	白			11		
四十九年	sɿ5 ɕit8 tɕiu3 ȵiɛn5	si4 xit7 jiu3 nien4	si4 shi2 jiu3 nian2	白			11		
四十二卷	sɿ5 ɕit8 ɵ6 tɕyon5	si4 xit7 o5 jyuon4	si4 shi2 er4 juan3	白			11		
四十余里	sɿ5 ɕit8 y5 li3	si4 xit7 yu4 li3	si4 shi2 yu2 li3	白			11		
好几十年	hau3 tɕi3 ɕit8 ȵiɛn5	hau3 ji3 xit7 nien4	hao3 ji3 shi2 nian2	白			11		
抗日红军大学	kʰɔŋ2 lɛt7 fuŋ5 tɕyn1 tʰai6 hoʔ7	kong2 let6 fung4 jyun1 tai5 hok6	kang4 ri4 hong2 jun1 da4 xue2	文			11		
日星	lɛt7 ɕin1	let6 xin1	ri4 xing1	文			11		
日本航空公司	lɛt7 pɨn3 hɔŋ2 kʰuŋ1 kuŋ1 sɿ1	let6 ben3 hong2 kung1 gung1 si1	ri4 ben3 hang2 kong1 gong1 si1	文			11		
派息日	pʰai3 ɕit7 lɛt7	pai3 xit6 let6	pai4 xi1 ri4	文			11		
百分之一十四	paʔ7 fɨn1 tsɿ1 it7 ɕit8 sɿ5	bak6 fen1 zi1 yit6 xit7 si4	bai3 fen1 zhi1 yi1 shi2 si4	白	百分之十四	bai3 fen1 zhi1 shi2 si4	11		
秦日纲	tɕʰin2 lɛt7 kɔŋ1	qin2 let6 gong1	qin2 ri4 gang1	文			11		
第三十回	tʰi6 san1 ɕit8 fɨi5	ti5 san1 xit7 fei4	di4 san1 shi2 hui2	白			11		
第二十七回	tʰi6 ɵ6 ɕit8 tɕʰit7 fɨi5	ti5 o5 xit7 qit6 fei4	di4 er4 shi2 qi1 hui2	白			11		
第二十二回	tʰi6 ɵ6 ɕit8 ɵ6 fɨi5	ti5 o5 xit7 o5 fei4	di4 er4 shi2 er4 hui2	白			11		
第二十八回	tʰi6 ɵ6 ɕit8 pat7 fɨi5	ti5 o5 xit7 bat6 fei4	di4 er4 shi2 ba1 hui2	白			11		
第二十六届	tʰi6 ɵ6 ɕit8 liuʔ7 kai5	ti5 o5 xit7 liuk6 gai4	di4 er4 shi2 liu4 jie4	白			11		
第四十一回	tʰi6 sɿ5 ɕit8 it7 fɨi5	ti5 si4 xit7 yit6 fei4	di4 si4 shi2 yi1 hui2	白			11		
第四十三	tʰi6 sɿ5 ɕit8 san1	ti5 si4 xit7 san1	di4 si4 shi2 san1	白			11		
签署日	tɕʰiɛn1 ɕy3 lɛt7	qien1 xyu3 let6	qian1 shu3 ri4	文			11		
闰日	lun6 lɛt7	lun5 let6	run4 ri4	文			11		
韩日	hon2 lɛt7	hon2 let6	han2 ri4	文			11		
一个十岁	it7 ko5 ɕit8 sui5	yit6 go4 xit7 sui4	yi2 ge4 shi2 sui4	白			10		
一十六	it7 ɕit8 liuʔ7	yit6 xit7 liuk6	yi1 shi2 liu4	白			10		
一百五十年	it7 paʔ7 ŋ̍3 ɕit8 ȵiɛn5	yit6 bak6 ng3 xit7 nien4	yi4 bai3 wu3 shi2 nian2	白			10		
一目十行	it7 muʔ7 ɕit8 ɕin5	yit6 muk6 xit7 xin4	yi1 mu4 shi2 hang2	白			10		
七十个	tɕʰit7 ɕit8 ko5	qit6 xit7 go4	qi1 shi2 ge4	白			10		
七老八十	tɕʰit7 lau3 pat7 ɕit8	qit6 lau3 bat6 xit7	qi1 lao3 ba1 shi2	白			10		
三二十个	san1 ɵ6 ɕit8 ko5	san1 o5 xit7 go4	san1 er4 shi2 ge4	白			10		
三十多万	san1 ɕit8 to1 uan6	san1 xit7 do1 wan5	san1 shi2 duo1 wan4	白			10		
三十多名	san1 ɕit8 to1 min5	san1 xit7 do1 min4	san1 shi2 duo1 ming2	白			10		
三十家	san1 ɕit8 ka1	san1 xit7 ga1	san1 shi2 jia1	白			10		
九十八	tɕiu3 ɕit8 pat7	jiu3 xit7 bat6	jiu3 shi2 ba1	白			10		
九十里	tɕiu3 ɕit8 li3	jiu3 xit7 li3	jiu3 shi2 li3	白			10		
二十一个	ɵ6 ɕit8 it7 ko5	o5 xit7 yit6 go4	er4 shi2 yi2 ge4	白			10		
二十一二岁	ɵ6 ɕit8 it7 ɵ6 sui5	o5 xit7 yit6 o5 sui4	er4 shi2 yi1 er4 sui4	白			10		
二十三个	ɵ6 ɕit8 san1 ko5	o5 xit7 san1 go4	er4 shi2 san1 ge4	白			10		
二十四名	ɵ6 ɕit8 sɿ5 miᴀŋ5	o5 xit7 si4 miang4	er4 shi2 si4 ming2	白			10		
二十步	ɵ6 ɕit8 pʰu6	o5 xit7 pu5	er4 shi2 bu4	白			10		
二十部	ɵ6 ɕit8 pʰu6	o5 xit7 pu5	er4 shi2 bu4	白			10		
五十余岁	ŋ̍3 ɕit8 y5 sui5	ng3 xit7 yu4 sui4	wu3 shi2 yu2 sui4	白			10		
五十匹	ŋ̍3 ɕit8 pʰi2	ng3 xit7 pi2	wu3 shi2 pi3	白			10		
五十年代	ŋ̍3 ɕit8 ȵiɛn5 tʰai6	ng3 xit7 nien4 tai5	wu3 shi2 nian2 dai4	白			10		
六十七	liuʔ7 ɕit8 tɕʰit7	liuk6 xit7 qit6	liu4 shi2 qi1	白			10		
六十万两	liuʔ7 ɕit8 uan6 liɔŋ3	liuk6 xit7 wan5 liong3	liu4 shi2 wan4 liang3	白			10		
几十辆	tɕi3 ɕit8 liɔŋ3	ji3 xit7 liong3	ji3 shi2 liang4	白			10		
一十一卷	it7 ɕit8 it7 tɕyon5	yit6 xit7 yit6 jyuon4	yi1 shi2 yi1 juan4	白	十一卷	shi2 yi1 juan4	10		
十万八万	ɕit8 uan6 pat7 uan6	xit7 wan5 bat6 wan5	shi2 wan4 ba1 wan4	白			10		
十万分之一	ɕit8 uan6 fɨn1 tsɿ1 it7	xit7 wan5 fen1 zi1 yit6	shi2 wan4 fen1 zhi1 yi1	白			10		
一十三条	it7 ɕit8 san1 tʰiɛu2	yit6 xit7 san1 tieu2	yi1 shi2 san1 tiao2	白	十三条	shi2 san1 tiao2	10		
一十三里	it7 ɕit8 san1 li3	yit6 xit7 san1 li3	yi1 shi2 san1 li3	白	十三里	shi2 san1 li3	10		
十三陵水库	sɨt8 san1 lin5 sui3 kʰu3	set7 san1 lin4 sui3 ku3	shi2 san1 ling2 shui3 ku4	文			10		
一十二峰	it7 ɕit8 ɵ6 fuŋ1	yit6 xit7 o5 fung1	yi1 shi2 er4 feng1	白	十二峰	shi2 er4 feng1	10		
一十五夜	it7 ɕit8 ŋ̍3 ia6	yit6 xit7 ng3 ya5	yi1 shi2 wu3 ye4	白	十五夜	shi2 wu3 ye4	10		
一十八位	it7 sɨt8 pat7 ui6	yit6 set7 bat6 wui5	yi1 shi2 ba1 wei4	文	十八位	shi2 ba1 wei4	10		
一十六卷	it7 ɕit8 liuʔ7 tɕyon5	yit6 xit7 liuk6 jyuon4	yi1 shi2 liu4 juan3	白	十六卷	shi2 liu4 juan3	10		
一十几匹	it7 ɕit8 tɕi3 pʰi2	yit6 xit7 ji3 pi2	yi1 shi2 ji3 pi3	白	十几匹	shi2 ji3 pi3	10		
一十几处	it7 ɕit8 tɕi3 tsʰu3	yit6 xit7 ji3 cu3	yi1 shi2 ji3 chu4	白	十几处	shi2 ji3 chu4	10		
一十几户	it7 ɕit8 tɕi3 fu6	yit6 xit7 ji3 fu5	yi1 shi2 ji3 hu4	白	十几户	shi2 ji3 hu4	10		
一十几架	it7 ɕit8 tɕi3 ka5	yit6 xit7 ji3 ga4	yi1 shi2 ji3 jia4	白	十几架	shi2 ji3 jia4	10		
一十四五	it7 ɕit8 sɿ5 ŋ̍3	yit6 xit7 si4 ng3	yi1 shi2 si4 wu3	白	十四五	shi2 si4 wu3	10		
一十多分钟	it7 ɕit8 to1 fɨn1 tsuŋ1	yit6 xit7 do1 fen1 zung1	yi1 shi2 duo1 fen1 zhong1	白	十多分钟	shi2 duo1 fen1 zhong1	10		
十头	ɕit8 tʰɛu2	xit7 teu2	shi2 tou2	白			10		
十年怕井绳	ɕit8 ȵiɛn5 pʰa5 tɕiaŋ3 sɨn5	xit7 nien4 pa4 jiang3 sen4	shi2 nian2 pa4 jing3 sheng2	白			10		
十指关	ɕit8 tsɿ3 kuan1	xit7 zi3 guan1	shi2 zhi3 guan1	白			10		
十瓶	ɕit8 pʰiaŋ2	xit7 piang2	shi2 ping2	白			10		
十节	ɕit8 tɕiɛt7	xit7 jiet6	shi2 jie2	白			10		
厂名	tsʰɔŋ3 miᴀŋ5	cong3 miang4	chang3 ming2	白			10		
四十五度	sɿ5 ɕit8 ŋ̍3 tʰu6	si4 xit7 ng3 tu5	si4 shi2 wu3 du4	白			10		
四十六岁	sɿ5 ɕit8 liuʔ7 sui5	si4 xit7 liuk6 sui4	si4 shi2 liu4 sui4	白			10		
国际红十字会	kuɛt7 tɕi5 fuŋ5 sɨt8 tsʰɿ6 fɨi6	guet6 ji4 fung4 set7 ci5 fei5	guo2 ji4 hong2 shi2 zi4 hui4	文			10		
小日子	ɕiɛu3 lɛt7 tsɿ3	xieu3 let6 zi3	xiao3 ri4 zi5	文			10		
巴吞鲁日	pa1 tʰɛn1 lu3 lɛt7	ba1 ten1 lu3 let6	ba1 tun1 lu3 ri4	文			10		
日刊	lɛt7 kʰon1	let6 kon1	ri4 kan1	文			10		
日晒雨淋	ȵit7 sai5 y3 lin5	nit6 sai4 yu3 lin4	ri4 shai4 yu3 lin2	白			10		
日月无光	lɛt7 ȵyot7 u5 kuɔŋ1	let6 nyuot6 wu4 guong1	ri4 yue4 wu2 guang1	文			10		
日薄西山	lɛt7 pʰɔʔ8 ɕi1 san1	let6 pok7 xi1 san1	ri4 bo2 xi1 shan1	文			10		
烈日当空	liɛt7 lɛt7 tɔŋ1 kʰuŋ1	liet6 let6 dong1 kung1	lie4 ri4 dang1 kong1	文			10		
神气十足	sɨn5 tɕʰi3 sɨt8 tɕiuʔ7	sen4 qi3 set7 jiuk6	shen2 qi4 shi2 zu2	文			10		
第三十一回	tʰi6 san1 ɕit8 it7 fɨi5	ti5 san1 xit7 yit6 fei4	di4 san1 shi2 yi1 hui2	白			10		
第三十二回	tʰi6 san1 ɕit8 ɵ6 fɨi5	ti5 san1 xit7 o5 fei4	di4 san1 shi2 er4 hui2	白			10		
第三十五回	tʰi6 san1 ɕit8 ŋ̍3 fɨi5	ti5 san1 xit7 ng3 fei4	di4 san1 shi2 wu3 hui2	白			10		
第三十八回	tʰi6 san1 ɕit8 pat7 fɨi5	ti5 san1 xit7 bat6 fei4	di4 san1 shi2 ba1 hui2	白			10		
第三十六回	tʰi6 san1 ɕit8 liuʔ7 fɨi5	ti5 san1 xit7 liuk6 fei4	di4 san1 shi2 liu4 hui2	白			10		
第二十九回	tʰi6 ɵ6 ɕit8 tɕiu3 fɨi5	ti5 o5 xit7 jiu3 fei4	di4 er4 shi2 jiu3 hui2	白			10		
第五十四章	tʰi6 ŋ̍3 ɕit8 sɿ5 tsɔŋ1	ti5 ng3 xit7 si4 zong1	di4 wu3 shi2 si4 zhang1	白			10		
第一十一个	tʰi6 it7 ɕit8 it7 ko5	ti5 yit6 xit7 yit6 go4	di4 yi1 shi2 yi2 ge4	白	第十一个	di4 shi2 yi2 ge4	10		
第四十七	tʰi6 sɿ5 ɕit8 tɕʰit7	ti5 si4 xit7 qit6	di4 si4 shi2 qi1	白			10		
第四十二	tʰi6 sɿ5 ɕit8 ɵ6	ti5 si4 xit7 o5	di4 si4 shi2 er4	白			10		
第四十八届	tʰi6 sɿ5 ɕit8 pat7 kai5	ti5 si4 xit7 bat6 gai4	di4 si4 shi2 ba1 jie4	白			10		
运十二	yn6 sɨt8 ɵ6	yun5 set7 o5	yun4 shi2 er4	文			10		
一个一十二三岁	it7 ko5 it7 ɕit8 ɵ6 san1 sui5	yit6 go4 yit6 xit7 o5 san1 sui4	yi2 ge4 yi1 shi2 er4 san1 sui4	白	一个十二三岁	yi2 ge4 shi2 er4 san1 sui4	9		
一个一十五六岁	it7 ko5 it7 ɕit8 ŋ̍3 liuʔ7 sui5	yit6 go4 yit6 xit7 ng3 liuk6 sui4	yi2 ge4 yi1 shi2 wu3 liu4 sui4	白	一个十五六岁	yi2 ge4 shi2 wu3 liu4 sui4	9		
一个一十四五岁	it7 ko5 it7 ɕit8 sɿ5 ŋ̍3 sui5	yit6 go4 yit6 xit7 si4 ng3 sui4	yi2 ge4 yi1 shi2 si4 wu3 sui4	白	一个十四五岁	yi2 ge4 shi2 si4 wu3 sui4	9		
一十七	it7 ɕit8 tɕʰit7	yit6 xit7 qit6	yi1 shi2 qi1	白			15009		
一十二	it7 ɕit8 ɵ6	yit6 xit7 o5	yi1 shi2 er4	白			9		
一十八名	it7 ɕit8 pat7 miᴀŋ5	yit6 xit7 bat6 miang4	yi1 shi2 ba1 ming2	白	十八名		9		
一十八岁	it7 ɕit8 pat7 sui5	yit6 xit7 bat6 sui4	yi1 shi2 ba1 sui4	白	十八岁		9		
一十四个	it7 ɕit8 sɿ5 ko5	yit6 xit7 si4 go4	yi1 shi2 si4 ge4	白	十四个		9		
一百一十	it7 paʔ7 it7 ɕit8	yit6 bak6 yit6 xit7	yi4 bai3 yi1 shi2	白			9		
一百二十里	it7 paʔ7 ɵ6 ɕit8 li3	yit6 bak6 o5 xit7 li3	yi4 bai3 er4 shi2 li3	白			9		
一百日	it7 paʔ7 ȵit7	yit6 bak6 nit6	yi4 bai3 ri4	白	一百天		9		
丁日昌	tiaŋ1 lɛt7 tsʰɔŋ1	diang1 let6 cong1	ding1 ri4 chang1	文			9		
七十二变	tɕʰit7 ɕit8 ɵ6 piɛn5	qit6 xit7 o5 bien4	qi1 shi2 er4 bian4	白			9		
七十八	tɕʰit7 ɕit8 pat7	qit6 xit7 bat6	qi1 shi2 ba1	白			9		
三十丈	san1 ɕit8 tsʰɔŋ6	san1 xit7 cong5	san1 shi2 zhang4	白			9		
三十六员	san1 ɕit8 liuʔ7 yon5	san1 xit7 liuk6 yuon4	san1 shi2 liu4 yuan2	白			9		
三百八十万两	san1 paʔ7 pat7 ɕit8 uan6 liɔŋ3	san1 bak6 bat6 xit7 wan5 liong3	san1 bai3 ba1 shi2 wan4 liang3	白			9		
二三日	ɵ6 san1 ȵit7	o5 san1 nit6	er4 san1 ri4	白			9		
二十万元	ɵ6 ɕit8 uan6 ȵyon5	o5 xit7 wan5 nyuon4	er4 shi2 wan4 yuan2	白			9		
二十万套	ɵ6 ɕit8 uan6 tʰau3	o5 xit7 wan5 tau3	er4 shi2 wan4 tao4	白			9		
二十二万	ɵ6 ɕit8 ɵ6 uan6	o5 xit7 o5 wan5	er4 shi2 er4 wan4	白			9		
二十二三岁	ɵ6 ɕit8 ɵ6 san1 sui5	o5 xit7 o5 san1 sui4	er4 shi2 er4 san1 sui4	白			9		
二十余种	ɵ6 ɕit8 y5 tsuŋ3	o5 xit7 yu4 zung3	er4 shi2 yu2 zhong3	白			9		
二十分	ɵ6 ɕit8 fɨn1	o5 xit7 fen1	er4 shi2 fen1	白			9		
二十四五岁	ɵ6 ɕit8 sɿ5 ŋ̍3 sui5	o5 xit7 si4 ng3 sui4	er4 shi2 si4 wu3 sui4	白			9		
二十多米	ɵ6 ɕit8 to1 mi3	o5 xit7 do1 mi3	er4 shi2 duo1 mi3	白			9		
二十头	ɵ6 ɕit8 tʰɛu2	o5 xit7 teu2	er4 shi2 tou2	白			9		
二千名	ɵ6 tɕʰiɛn1 miᴀŋ5	o5 qien1 miang4	er4 qian1 ming2	白			9		
五六日	ŋ̍3 liuʔ7 ȵit7	ng3 liuk6 nit6	wu3 liu4 ri4	白	五六天		9		
五十余万	ŋ̍3 ɕit8 y5 uan6	ng3 xit7 yu4 wan5	wu3 shi2 yu2 wan4	白			9		
五十公里	ŋ̍3 ɕit8 kuŋ1 li3	ng3 xit7 gung1 li3	wu3 shi2 gong1 li3	白			9		
五十多个	ŋ̍3 ɕit8 to1 ko5	ng3 xit7 do1 go4	wu3 shi2 duo1 ge4	白			9		
五十多只	ŋ̍3 ɕit8 to1 tsɿʔ7	ng3 xit7 do1 zik6	wu3 shi2 duo1 zhi3	白			9		
克卢日	kʰiɛt7 lu5 lɛt7	kiet6 lu4 let6	ke4 lu2 ri4	文			9		
八十两	pat7 ɕit8 liɔŋ3	bat6 xit7 liong3	ba1 shi2 liang3	白			9		
六七日	liuʔ7 tɕʰit7 ȵit7	liuk6 qit6 nit6	liu4 qi1 ri4	白	六七天		9		
六十卷	liuʔ7 ɕit8 tɕyon5	liuk6 xit7 jyuon4	liu4 shi2 juan3	白			9		
六十四岁	liuʔ7 ɕit8 sɿ5 sui5	liuk6 xit7 si4 sui4	liu4 shi2 si4 sui4	白			9		
几万名	tɕi3 uan6 miᴀŋ5	ji3 wan5 miang4	ji3 wan4 ming2	白			9		
几十万年	tɕi3 ɕit8 uan6 ȵiɛn5	ji3 xit7 wan5 nien4	ji3 shi2 wan4 nian2	白			9		
几十分	tɕi3 ɕit8 fɨn1	ji3 xit7 fen1	ji3 shi2 fen1	白			9		
几十分之一	tɕi3 ɕit8 fɨn1 tsɿ1 it7	ji3 xit7 fen1 zi1 yit6	ji3 shi2 fen1 zhi1 yi1	白			9		
几十枚	tɕi3 ɕit8 mi5	ji3 xit7 mi4	ji3 shi2 mei2	白			9		
几十间	tɕi3 ɕit8 kan1	ji3 xit7 gan1	ji3 shi2 jian1	白			9		
一十一点多	it7 ɕit8 it7 tiɛn3 to1	yit6 xit7 yit6 dien3 do1	yi1 shi2 yi4 dian3 duo1	白	十一点多	shi2 yi4 dian3 duo1	9		
一十七卷	it7 ɕit8 tɕʰit7 tɕyon5	yit6 xit7 qit6 jyuon4	yi1 shi2 qi1 juan3	白	十七卷	shi2 qi1 juan3	9		
一十七号	it7 ɕit8 tɕʰit7 hau6	yit6 xit7 qit6 hau5	yi1 shi2 qi1 hao4	白	十七号	shi2 qi1 hao4	9		
十万块	ɕit8 uan6 kʰuai3	xit7 wan5 kuai3	shi2 wan4 kuai4	白			9		
十万左右	ɕit8 uan6 tso3 iu6	xit7 wan5 zo3 yiu5	shi2 wan4 zuo3 you4	白			9		
十万户	ɕit8 uan6 fu6	xit7 wan5 fu5	shi2 wan4 hu4	白			9		
一十二元	it7 ɕit8 ɵ6 ȵyon5	yit6 xit7 o5 nyuon4	yi1 shi2 er4 yuan2	白	十二元	shi2 er4 yuan2	9		
一十二家	it7 ɕit8 ɵ6 ka1	yit6 xit7 o5 ga1	yi1 shi2 er4 jia1	白	十二家	shi2 er4 jia1	9		
一十五万两	it7 ɕit8 ŋ̍3 uan6 liɔŋ3	yit6 xit7 ng3 wan5 liong3	yi1 shi2 wu3 wan4 liang3	白	十五万两	shi2 wu3 wan4 liang3	9		
十份	ɕit8 fɨn6	xit7 fen5	shi2 fen4	白			9		
一十余下	it7 ɕit8 y5 ha6	yit6 xit7 yu4 ha5	yi1 shi2 yu2 xia4	白	十余下	shi2 yu2 xia4	9		
一十六尊	it7 ɕit8 liuʔ7 tsun1	yit6 xit7 liuk6 zun1	yi1 shi2 liu4 zun1	白	十六尊	shi2 liu4 zun1	9		
一十六铺	it7 ɕit8 liuʔ7 pʰu1	yit6 xit7 liuk6 pu1	yi1 shi2 liu4 pu4	白	十六铺	shi2 liu4 pu4	9		
十具	ɕit8 tɕʰy6	xit7 qyu5	shi2 ju4	白			9		
一十几亿	it7 ɕit8 tɕi3 i5	yit6 xit7 ji3 yi4	yi1 shi2 ji3 yi4	白	十几亿	shi2 ji3 yi4	9		
一十几份	it7 ɕit8 tɕi3 fɨn6	yit6 xit7 ji3 fen5	yi1 shi2 ji3 fen4	白	十几份	shi2 ji3 fen4	9		
一十几所	it7 ɕit8 tɕi3 so3	yit6 xit7 ji3 so3	yi1 shi2 ji3 suo3	白	十几所	shi2 ji3 suo3	9		
一十几棵	it7 ɕit8 tɕi3 kʰuo1	yit6 xit7 ji3 kuo1	yi1 shi2 ji3 ke1	白	十几棵	shi2 ji3 ke1	9		
一十几秒	it7 ɕit8 tɕi3 miɛu3	yit6 xit7 ji3 mieu3	yi1 shi2 ji3 miao3	白	十几秒	shi2 ji3 miao3	9		
一十几门	it7 ɕit8 tɕi3 mɨn5	yit6 xit7 ji3 men4	yi1 shi2 ji3 men2	白	十几门	shi2 ji3 men2	9		
十号	ɕit8 hau6	xit7 hau5	shi2 hao4	白			9		
一十多条	it7 ɕit8 to1 tʰiɛu2	yit6 xit7 do1 tieu2	yi1 shi2 duo1 tiao2	白	十多条	shi2 duo1 tiao2	9		
十指连心	ɕit8 tsɿ3 liɛn5 ɕin1	xit7 zi3 lien4 xin1	shi2 zhi3 lian2 xin1	白			9		
十枚	ɕit8 mi5	xit7 mi4	shi2 mei2	白			9		
十车	ɕit8 tsʰa1	xit7 ca1	shi2 che1	白			9		
十里洋场	ɕit8 li3 iɔŋ5 tsʰɔŋ2	xit7 li3 yong4 cong2	shi2 li3 yang2 chang3	白			9		
卢日支	lu5 lɛt7 tsɿ1	lu4 let6 zi1	lu2 ri4 zhi1	文			9		
吉日良辰	tɕit7 lɛt7 liɔŋ5 sɨn5	jit6 let6 liong4 sen4	ji2 ri4 liang2 chen2	文			9		
四十九日	sɿ5 ɕit8 tɕiu3 ȵit7	si4 xit7 jiu3 nit6	si4 shi2 jiu3 ri4	白	四十九天		9		
四十五分	sɿ5 ɕit8 ŋ̍3 fɨn1	si4 xit7 ng3 fen1	si4 shi2 wu3 fen1	白			9		
四十四个	sɿ5 ɕit8 sɿ5 ko5	si4 xit7 si4 go4	si4 shi2 si4 ge4	白			9		
四十左右	sɿ5 ɕit8 tso3 iu6	si4 xit7 zo3 yiu5	si4 shi2 zuo3 you4	白			9		
四十斤	sɿ5 ɕit8 tɕin1	si4 xit7 jin1	si4 shi2 jin1	白			9		
四十日	sɿ5 ɕit8 ȵit7	si4 xit7 nit6	si4 shi2 ri4	白	四十天		9		
国无宁日	kuɛt7 u5 lin5 lɛt7	guet6 wu4 lin4 let6	guo2 wu2 ning2 ri4	文			9		
尼日利亚政府	ȵi5 lɛt7 li6 ŋa3 tsɨn5 fu3	ni4 let6 li5 nga3 zen4 fu3	ni2 ri4 li4 ya4 zheng4 fu3	文			9		
日本大学	lɛt7 pɨn3 tʰai6 hoʔ7	let6 ben3 tai5 hok6	ri4 ben3 da4 xue2	文			9		
日本式	lɛt7 pɨn3 sɿʔ7	let6 ben3 sik6	ri4 ben3 shi4	文			9		
百余日	paʔ7 y5 lɛt7	bak6 yu4 let6	bai3 yu2 ri4	文			9		
百分之八九十	paʔ7 fɨn1 tsɿ1 pat7 tɕiu3 ɕit8	bak6 fen1 zi1 bat6 jiu3 xit7	bai3 fen1 zhi1 ba1 jiu3 shi2	白			9		
百分之一十二	paʔ7 fɨn1 tsɿ1 it7 ɕit8 ɵ6	bak6 fen1 zi1 yit6 xit7 o5	bai3 fen1 zhi1 yi1 shi2 er4	白	百分之十二	bai3 fen1 zhi1 shi2 er4	9		
百分之一十几	paʔ7 fɨn1 tsɿ1 it7 ɕit8 tɕi3	bak6 fen1 zi1 yit6 xit7 ji3	bai3 fen1 zhi1 yi1 shi2 ji3	白	百分之十几	bai3 fen1 zhi1 shi2 ji3	9		
第三十七回	tʰi6 san1 ɕit8 tɕʰit7 fɨi5	ti5 san1 xit7 qit6 fei4	di4 san1 shi2 qi1 hui2	白			9		
第三十三回	tʰi6 san1 ɕit8 san1 fɨi5	ti5 san1 xit7 san1 fei4	di4 san1 shi2 san1 hui2	白			9		
第三十三条	tʰi6 san1 ɕit8 san1 tʰiɛu2	ti5 san1 xit7 san1 tieu2	di4 san1 shi2 san1 tiao2	白			9		
第三十四回	tʰi6 san1 ɕit8 sɿ5 fɨi5	ti5 san1 xit7 si4 fei4	di4 san1 shi2 si4 hui2	白			9		
第三十四条	tʰi6 san1 ɕit8 sɿ5 tʰiɛu2	ti5 san1 xit7 si4 tieu2	di4 san1 shi2 si4 tiao2	白			9		
第二十九届	tʰi6 ɵ6 ɕit8 tɕiu3 kai5	ti5 o5 xit7 jiu3 gai4	di4 er4 shi2 jiu3 jie4	白			9		
第五十一	tʰi6 ŋ̍3 ɕit8 it7	ti5 ng3 xit7 yit6	di4 wu3 shi2 yi1	白			9		
第十代	tʰi6 ɕit8 tʰai6	ti5 xit7 tai5	di4 shi2 dai4	白			9		
非一日之寒	fɨi1 it7 lɛt7 tsɿ1 hon2	fei1 yit6 let6 zi1 hon2	fei1 yi1 ri4 zhi1 han2	文			9		
首日封	seu3 lɛt7 fuŋ1	seu3 let6 fung1	shou3 ri4 feng1	文			9		
一两名	it7 liɔŋ3 miᴀŋ5	yit6 liong3 miang4	yi1 liang3 ming2	白			8		
一个一十七八岁	it7 ko5 it7 ɕit8 tɕʰit7 pat7 sui5	yit6 go4 yit6 xit7 qit6 bat6 sui4	yi2 ge4 yi1 shi2 qi1 ba1 sui4	白	一个十七八岁	yi2 ge4 shi2 qi1 ba1 sui4	8		
一个一十五岁	it7 ko5 it7 ɕit8 ŋ̍3 sui5	yit6 go4 yit6 xit7 ng3 sui4	yi2 ge4 yi1 shi2 wu3 sui4	白	一个十五岁	yi2 ge4 shi2 wu3 sui4	8		
一二十万	it7 ɵ6 ɕit8 uan6	yit6 o5 xit7 wan5	yi1 er4 shi2 wan4	白			8		
一十五员	it7 ɕit8 ŋ̍3 yon5	yit6 xit7 ng3 yuon4	yi1 shi2 wu3 yuan2	白	十五员		8		
一十八个	it7 ɕit8 pat7 ko5	yit6 xit7 bat6 go4	yi1 shi2 ba1 ge4	白	十八个		8		
一日不见	it7 lɛt7 pet7 tɕiɛn5	yit6 let6 bet6 jien4	yi1 ri4 bu2 jian4	文			8		
一日日	it7 ȵit7 ȵit7	yit6 nit6 nit6	yi1 ri4 ri4	白	一天天		8		
一百三十卷	it7 paʔ7 san1 ɕit8 tɕyon5	yit6 bak6 san1 xit7 jyuon4	yi4 bai3 san1 shi2 juan3	白			8		
一百二十年	it7 paʔ7 ɵ6 ɕit8 ȵiɛn5	yit6 bak6 o5 xit7 nien4	yi4 bai3 er4 shi2 nian2	白			8		
一百二十毫米	it7 paʔ7 ɵ6 ɕit8 hau2 mi3	yit6 bak6 o5 xit7 hau2 mi3	yi4 bai3 er4 shi2 hao2 mi3	白			8		
一百八十	it7 paʔ7 pat7 ɕit8	yit6 bak6 bat6 xit7	yi4 bai3 ba1 shi2	白			8		
一百六十	it7 paʔ7 liuʔ7 ɕit8	yit6 bak6 liuk6 xit7	yi4 bai3 liu4 shi2	白			8		
七七四十九日	tɕʰit7 tɕʰit7 sɿ5 ɕit8 tɕiu3 ȵit7	qit6 qit6 si4 xit7 jiu3 nit6	qi1 qi1 si4 shi2 jiu3 ri4	白			8		
七八十摄氏度	tɕʰit7 pat7 ɕit8 set7 sɿ6 tʰu6	qit6 bat6 xit7 set6 si5 tu5	qi1 ba1 shi2 she4 shi4 du4	白			8		
七十一岁	tɕʰit7 ɕit8 it7 sui5	qit6 xit7 yit6 sui4	qi1 shi2 yi1 sui4	白			8		
七十二招	tɕʰit7 ɕit8 ɵ6 tsɛu1	qit6 xit7 o5 zeu1	qi1 shi2 er4 zhao1	白			8		
三七二十一	san1 tɕʰit7 ɵ6 ɕit8 it7	san1 qit6 o5 xit7 yit6	san1 qi1 er4 shi2 yi1	白			8		
三十三篇	san1 ɕit8 san1 pʰiɛn1	san1 xit7 san1 pien1	san1 shi2 san1 pian1	白			8		
三十五万	san1 ɕit8 ŋ̍3 uan6	san1 xit7 ng3 wan5	san1 shi2 wu3 wan4	白			8		
三十几年	san1 ɕit8 tɕi3 ȵiɛn5	san1 xit7 ji3 nien4	san1 shi2 ji3 nian2	白			8		
三十顷	san1 ɕit8 tɕʰyn3	san1 xit7 qyun3	san1 shi2 qing3	白			8		
三百五十	san1 paʔ7 ŋ̍3 ɕit8	san1 bak6 ng3 xit7	san1 bai3 wu3 shi2	白			8		
世风日下	sɿ5 fuŋ1 lɛt7 ha6	si4 fung1 let6 ha5	shi4 feng1 ri4 xia4	文			8		
九十六岁	tɕiu3 ɕit8 liuʔ7 sui5	jiu3 xit7 liuk6 sui4	jiu3 shi2 liu4 sui4	白			8		
二十一世纪出版社	ɵ6 ɕit8 it7 sɿ5 tɕi5 tsʰuʔ7 pan3 sa6	o5 xit7 yit6 si4 ji4 cuk6 ban3 sa5	er4 shi2 yi1 shi4 ji4 chu1 ban3 she4	白			8		
二十一分	ɵ6 ɕit8 it7 fɨn1	o5 xit7 yit6 fen1	er4 shi2 yi1 fen1	白			8		
二十万两匹	ɵ6 ɕit8 uan6 liɔŋ3 pʰi2	o5 xit7 wan5 liong3 pi2	er4 shi2 wan4 liang3 pi3	白			8		
二十九名	ɵ6 ɕit8 tɕiu3 miᴀŋ5	o5 xit7 jiu3 miang4	er4 shi2 jiu3 ming2	白			8		
二十亿	ɵ6 ɕit8 i5	o5 xit7 yi4	er4 shi2 yi4	白			8		
二十八九岁	ɵ6 ɕit8 pat7 tɕiu3 sui5	o5 xit7 bat6 jiu3 sui4	er4 shi2 ba1 jiu3 sui4	白			8		
二十公里	ɵ6 ɕit8 kuŋ1 li3	o5 xit7 gung1 li3	er4 shi2 gong1 li3	白			8		
二十六个	ɵ6 ɕit8 liuʔ7 ko5	o5 xit7 liuk6 go4	er4 shi2 liu4 ge4	白			8		
二十次	ɵ6 ɕit8 tsʰɿ3	o5 xit7 ci3	er4 shi2 ci4	白			8		
二十面	ɵ6 ɕit8 miɛn6	o5 xit7 mien5	er4 shi2 mian4	白			8		
二百七十年	ɵ6 paʔ7 tɕʰit7 ɕit8 ȵiɛn5	o5 bak6 qit6 xit7 nien4	er4 bai3 qi1 shi2 nian2	白			8		
二百五十	ɵ6 paʔ7 ŋ̍3 ɕit8	o5 bak6 ng3 xit7	er4 bai3 wu3 shi2	白			8		
二百四十六道	ɵ6 paʔ7 sɿ5 ɕit8 liuʔ7 tʰau6	o5 bak6 si4 xit7 liuk6 tau5	er4 bai3 si4 shi2 liu4 dao4	白			8		
五十七岁	ŋ̍3 ɕit8 tɕʰit7 sui5	ng3 xit7 qit6 sui4	wu3 shi2 qi1 sui4	白			8		
五十九岁	ŋ̍3 ɕit8 tɕiu3 sui5	ng3 xit7 jiu3 sui4	wu3 shi2 jiu3 sui4	白			8		
五十六个	ŋ̍3 ɕit8 liuʔ7 ko5	ng3 xit7 liuk6 go4	wu3 shi2 liu4 ge4	白			8		
五十多名	ŋ̍3 ɕit8 to1 min5	ng3 xit7 do1 min4	wu3 shi2 duo1 ming2	白			8		
五十招	ŋ̍3 ɕit8 tsɛu1	ng3 xit7 zeu1	wu3 shi2 zhao1	白			8		
五十辆	ŋ̍3 ɕit8 liɔŋ3	ng3 xit7 liong3	wu3 shi2 liang4	白			8		
人情冷暖	lɨn5 tɕʰin2 laŋ3 lon3	len4 qin2 lang3 lon3	ren2 qing2 leng3 nuan3	文			8		
值日生	tsʰət7 lɛt7 sɛn1	cet6 let6 sen1	zhi2 ri4 sheng1	文			8		
八八六十四	pat7 pat7 liuʔ7 ɕit8 sɿ5	bat6 bat6 liuk6 xit7 si4	ba1 ba1 liu4 shi2 si4	白			8		
八十九	pat7 ɕit8 tɕiu3	bat6 xit7 jiu3	ba1 shi2 jiu3	白			8		
八十卷	pat7 ɕit8 tɕyon5	bat6 xit7 jyuon4	ba1 shi2 juan3	白			8		
八十回	pat7 ɕit8 fɨi5	bat6 xit7 fei4	ba1 shi2 hui2	白			8		
八十道	pat7 ɕit8 tʰau6	bat6 xit7 tau5	ba1 shi2 dao4	白			8		
六十九岁	liuʔ7 ɕit8 tɕiu3 sui5	liuk6 xit7 jiu3 sui4	liu4 shi2 jiu3 sui4	白			8		
六十周年	liuʔ7 ɕit8 tsɛu1 ȵiɛn5	liuk6 xit7 zeu1 nien4	liu4 shi2 zhou1 nian2	白			8		
几十亿年	tɕi3 ɕit8 i5 ȵiɛn5	ji3 xit7 yi4 nien4	ji3 shi2 yi4 nian2	白			8		
几十头	tɕi3 ɕit8 tʰɛu2	ji3 xit7 teu2	ji3 shi2 tou2	白			8		
几十所	tɕi3 ɕit8 so3	ji3 xit7 so3	ji3 shi2 suo3	白			8		
几十架	tɕi3 ɕit8 ka5	ji3 xit7 ga4	ji3 shi2 jia4	白			8		
几十艘	tɕi3 ɕit8 sau1	ji3 xit7 sau1	ji3 shi2 sou1	白			8		
几十道	tɕi3 ɕit8 tʰau6	ji3 xit7 tau5	ji3 shi2 dao4	白			8		
几十门	tɕi3 ɕit8 mɨn5	ji3 xit7 men4	ji3 shi2 men2	白			8		
十七届	sɨt8 tɕʰit7 kai5	set7 qit6 gai4	shi2 qi1 jie4	文			8		
一十七次	it7 ɕit8 tɕʰit7 tsʰɿ3	yit6 xit7 qit6 ci3	yi1 shi2 qi1 ci4	白	十七次	shi2 qi1 ci4	8		
十三一	sɨt8 san1 it7	set7 san1 yit6	shi2 san1 yi1	文			8		
一十三名	it7 ɕit8 san1 miᴀŋ5	yit6 xit7 san1 miang4	yi1 shi2 san1 ming2	白	十三名	shi2 san1 ming2	8		
一十三种	it7 ɕit8 san1 tsuŋ3	yit6 xit7 san1 zung3	yi1 shi2 san1 zhong3	白	十三种	shi2 san1 zhong3	8		
一十三载	it7 ɕit8 san1 tsai0	yit6 xit7 san1 zai0	yi1 shi2 san1 zai4	白	十三载	shi2 san1 zai4	8		
一十三部	it7 ɕit8 san1 pʰu6	yit6 xit7 san1 pu5	yi1 shi2 san1 bu4	白	十三部	shi2 san1 bu4	8		
一十二万分	it7 ɕit8 ɵ6 uan6 fɨn1	yit6 xit7 o5 wan5 fen1	yi1 shi2 er4 wan4 fen1	白	十二万分	shi2 er4 wan4 fen1	8		
一十二处	it7 ɕit8 ɵ6 tsʰu3	yit6 xit7 o5 cu3	yi1 shi2 er4 chu4	白	十二处	shi2 er4 chu4	8		
一十余块	it7 ɕit8 y5 kʰuai3	yit6 xit7 yu4 kuai3	yi1 shi2 yu2 kuai4	白	十余块	shi2 yu2 kuai4	8		
一十余处	it7 ɕit8 y5 tsʰu3	yit6 xit7 yu4 cu3	yi1 shi2 yu2 chu4	白	十余处	shi2 yu2 chu4	8		
一十余张	it7 ɕit8 y5 tsɔŋ1	yit6 xit7 yu4 zong1	yi1 shi2 yu2 zhang1	白	十余张	shi2 yu2 zhang1	8		
一十八尊	it7 ɕit8 pat7 tsun1	yit6 xit7 bat6 zun1	yi1 shi2 ba1 zun1	白	十八尊	shi2 ba1 zun1	8		
一十八棵	it7 ɕit8 pat7 kʰuo1	yit6 xit7 bat6 kuo1	yi1 shi2 ba1 ke1	白	十八棵	shi2 ba1 ke1	8		
一十六块	it7 ɕit8 liuʔ7 kʰuai3	yit6 xit7 liuk6 kuai3	yi1 shi2 liu4 kuai4	白	十六块	shi2 liu4 kuai4	8		
一十几公里	it7 ɕit8 tɕi3 kuŋ1 li3	yit6 xit7 ji3 gung1 li3	yi1 shi2 ji3 gong1 li3	白	十几公里	shi2 ji3 gong1 li3	8		
一十几厘米	it7 ɕit8 tɕi3 li5 mi3	yit6 xit7 ji3 li4 mi3	yi1 shi2 ji3 li2 mi3	白	十几厘米	shi2 ji3 li2 mi3	8		
一十几间	it7 ɕit8 tɕi3 kan1	yit6 xit7 ji3 gan1	yi1 shi2 ji3 jian1	白	十几间	shi2 ji3 jian1	8		
一十四周岁	it7 ɕit8 sɿ5 tsɛu1 sui5	yit6 xit7 si4 zeu1 sui4	yi1 shi2 si4 zhou1 sui4	白	十四周岁	shi2 si4 zhou1 sui4	8		
一十多万元	it7 ɕit8 to1 uan6 ȵyon5	yit6 xit7 do1 wan5 nyuon4	yi1 shi2 duo1 wan4 yuan2	白	十多万元	shi2 duo1 wan4 yuan2	8		
一十多枚	it7 ɕit8 to1 mi5	yit6 xit7 do1 mi4	yi1 shi2 duo1 mei2	白	十多枚	shi2 duo1 mei2	8		
一十多步	it7 ɕit8 to1 pʰu6	yit6 xit7 do1 pu5	yi1 shi2 duo1 bu4	白	十多步	shi2 duo1 bu4	8		
一十多类	it7 ɕit8 to1 lui6	yit6 xit7 do1 lui5	yi1 shi2 duo1 lei4	白	十多类	shi2 duo1 lei4	8		
十座	ɕit8 tsʰo6	xit7 co5	shi2 zuo4	白			8		
十所	ɕit8 so3	xit7 so3	shi2 suo3	白			8		
十把	ɕit8 pa3	xit7 ba3	shi2 ba3	白			8		
十担	ɕit8 tan3	xit7 dan3	shi2 dan1	白			8		
十秒	ɕit8 miɛu3	xit7 mieu3	shi2 miao3	白			25008		
十章	ɕit8 tsɔŋ1	xit7 zong1	shi2 zhang1	白			8		
四十七岁	sɿ5 ɕit8 tɕʰit7 sui5	si4 xit7 qit6 sui4	si4 shi2 qi1 sui4	白			8		
四十三岁	sɿ5 ɕit8 san1 sui5	si4 xit7 san1 sui4	si4 shi2 san1 sui4	白			8		
四十六个	sɿ5 ɕit8 liuʔ7 ko5	si4 xit7 liuk6 go4	si4 shi2 liu4 ge4	白			8		
四十多万	sɿ5 ɕit8 to1 uan6	si4 xit7 do1 wan5	si4 shi2 duo1 wan4	白			8		
四百九十多条	sɿ5 paʔ7 tɕiu3 ɕit8 to1 tʰiɛu2	si4 bak6 jiu3 xit7 do1 tieu2	si4 bai3 jiu3 shi2 duo1 tiao2	白			8		
四百五十	sɿ5 paʔ7 ŋ̍3 ɕit8	si4 bak6 ng3 xit7	si4 bai3 wu3 shi2	白			8		
多十倍	to1 ɕit8 pʰi5	do1 xit7 pi4	duo1 shi2 bei4	白			8		
好几十个	hau3 tɕi3 ɕit8 ko5	hau3 ji3 xit7 go4	hao3 ji3 shi2 ge4	白			8		
指日可下	tsɿ3 lɛt7 kʰo3 ha6	zi3 let6 ko3 ha5	zhi3 ri4 ke3 xia4	文			8		
日公	lɛt7 kuŋ1	let6 gung1	ri4 gong1	文			8		
日剧	lɛt7 tɕy5	let6 jyu4	ri4 ju4	文			8		
日坛	lɛt7 tʰan2	let6 tan2	ri4 tan2	文			8		
日夫	lɛt7 fu1	let6 fu1	ri4 fu1	文			8		
日斑	lɛt7 pan1	let6 ban1	ri4 ban1	文			8		
日本学	lɛt7 pɨn3 hoʔ7	let6 ben3 hok6	ri4 ben3 xue2	文			8		
日班	lɛt7 pan1	let6 ban1	ri4 ban1	文			8		
日立公司	lɛt7 lit7 kuŋ1 sɿ1	let6 lit6 gung1 si1	ri4 li4 gong1 si1	文			8		
日落而息	lɛt7 lɔʔ8 ɵ5 ɕit7	let6 lok7 o4 xit6	ri4 luo4 er2 xi1	文			8		
明日黄花	min5 ȵit7 uɔŋ5 fa1	min4 nit6 wong4 fa1	ming2 ri4 huang2 hua1	白			8		
李日公	li3 lɛt7 kuŋ1	li3 let6 gung1	li3 ri4 gong1	文			25008		
法制日报	fat7 tsɿ5 lɛt7 pau5	fat6 zi4 let6 bau4	fa3 zhi4 ri4 bao4	文			8		
百十余	paʔ7 ɕit8 y5	bak6 xit7 yu4	bai3 shi2 yu2	白			8		
百十号	paʔ7 ɕit8 hau6	bak6 xit7 hau5	bai3 shi2 hao4	白			8		
百十步	paʔ7 ɕit8 pʰu6	bak6 xit7 pu5	bai3 shi2 bu4	白			8		
百家饭	pet7 ka1 fan6	bet6 ga1 fan5	bai3 jia1 fan4	文			8		
祖日桓	tsu3 lɛt7 fon5	zu3 let6 fon4	zu3 ri4 huan2	文			5008		
第三十三届	tʰi6 san1 ɕit8 san1 kai5	ti5 san1 xit7 san1 gai4	di4 san1 shi2 san1 jie4	白			8		
第三十九回	tʰi6 san1 ɕit8 tɕiu3 fɨi5	ti5 san1 xit7 jiu3 fei4	di4 san1 shi2 jiu3 hui2	白			8		
第三十二条	tʰi6 san1 ɕit8 ɵ6 tʰiɛu2	ti5 san1 xit7 o5 tieu2	di4 san1 shi2 er4 tiao2	白			8		
第三十六届	tʰi6 san1 ɕit8 liuʔ7 kai5	ti5 san1 xit7 liuk6 gai4	di4 san1 shi2 liu4 jie4	白			8		
第八十三	tʰi6 pat7 ɕit8 san1	ti5 bat6 xit7 san1	di4 ba1 shi2 san1	白			8		
第八日	tʰi6 pat7 ȵit7	ti5 bat6 nit6	di4 ba1 ri4	白	第八天		8		
第一十三代	tʰi6 it7 ɕit8 san1 tʰai6	ti5 yit6 xit7 san1 tai5	di4 yi1 shi2 san1 dai4	白	第十三代	di4 shi2 san1 dai4	8		
第一十三层	tʰi6 it7 ɕit8 san1 tsʰɛn2	ti5 yit6 xit7 san1 cen2	di4 yi1 shi2 san1 ceng2	白	第十三层	di4 shi2 san1 ceng2	8		
第十具	tʰi6 ɕit8 tɕʰy6	ti5 xit7 qyu5	di4 shi2 ju4	白			8		
第十招	tʰi6 ɕit8 tsɛu1	ti5 xit7 zeu1	di4 shi2 zhao1	白			8		
第四十一条	tʰi6 sɿ5 ɕit8 it7 tʰiɛu2	ti5 si4 xit7 yit6 tieu2	di4 si4 shi2 yi1 tiao2	白			8		
第四十回	tʰi6 sɿ5 ɕit8 fɨi5	ti5 si4 xit7 fei4	di4 si4 shi2 hui2	白			8		
蒋日记	tɕiɔŋ3 lɛt7 tɕi5	jiong3 let6 ji4	jiang3 ri4 ji4	文			8		
那狗日	la3 kiɛu3 lɛt7	la3 gieu3 let6	na4 gou3 ri4	文			8		
一个二十五六岁	it7 ko5 ɵ6 ɕit8 ŋ̍3 liuʔ7 sui5	yit6 go4 o5 xit7 ng3 liuk6 sui4	yi2 ge4 er4 shi2 wu3 liu4 sui4	白			7		
一个一十一二岁	it7 ko5 it7 ɕit8 it7 ɵ6 sui5	yit6 go4 yit6 xit7 yit6 o5 sui4	yi2 ge4 yi1 shi2 yi1 er4 sui4	白	一个十一二岁	yi2 ge4 shi2 yi1 er4 sui4	7		
一个一十八九岁	it7 ko5 it7 ɕit8 pat7 tɕiu3 sui5	yit6 go4 yit6 xit7 bat6 jiu3 sui4	yi2 ge4 yi1 shi2 ba1 jiu3 sui4	白	一个十八九岁	yi2 ge4 shi2 ba1 jiu3 sui4	7		
一十九句	it7 ɕit8 tɕiu3 tɕy5	yit6 xit7 jiu3 jyu4	yi1 shi2 jiu3 ju4	白	十九句		7		
一十五名	it7 ɕit8 ŋ̍3 miᴀŋ5	yit6 xit7 ng3 miang4	yi1 shi2 wu3 ming2	白	十五名		7		
一十八位	it7 ɕit8 pat7 ui6	yit6 xit7 bat6 wui5	yi1 shi2 ba1 wei4	白	十八位		7		
一千五百名	it7 tɕʰiɛn1 ŋ̍3 paʔ7 miᴀŋ5	yit6 qien1 ng3 bak6 miang4	yi1 qian1 wu3 bai3 ming2	白			7		
一百九十	it7 paʔ7 tɕiu3 ɕit8	yit6 bak6 jiu3 xit7	yi4 bai3 jiu3 shi2	白			7		
一百二十万	it7 paʔ7 ɵ6 ɕit8 uan6	yit6 bak6 o5 xit7 wan5	yi4 bai3 er4 shi2 wan4	白			7		
一百五十公里	it7 paʔ7 ŋ̍3 ɕit8 kuŋ1 li3	yit6 bak6 ng3 xit7 gung1 li3	yi4 bai3 wu3 shi2 gong1 li3	白			7		
一百五十斤	it7 paʔ7 ŋ̍3 ɕit8 tɕin1	yit6 bak6 ng3 xit7 jin1	yi4 bai3 wu3 shi2 jin1	白			7		
一百五十步	it7 paʔ7 ŋ̍3 ɕit8 pʰu6	yit6 bak6 ng3 xit7 pu5	yi4 bai3 wu3 shi2 bu4	白			7		
七七四十	tɕʰit7 tɕʰit7 sɿ5 ɕit8	qit6 qit6 si4 xit7	qi1 qi1 si4 shi2	白			7		
七十三	tɕʰit7 ɕit8 san1	qit6 xit7 san1	qi1 shi2 san1	白			7		
七十五岁	tɕʰit7 ɕit8 ŋ̍3 sui5	qit6 xit7 ng3 sui4	qi1 shi2 wu3 sui4	白			7		
七十余岁	tɕʰit7 ɕit8 y5 sui5	qit6 xit7 yu4 sui4	qi1 shi2 yu2 sui4	白			7		
三十五元	san1 ɕit8 ŋ̍3 ȵyon5	san1 xit7 ng3 nyuon4	san1 shi2 wu3 yuan2	白			7		
三十余个	san1 ɕit8 y5 ko5	san1 xit7 yu4 go4	san1 shi2 yu2 ge4	白			7		
三十余岁	san1 ɕit8 y5 sui5	san1 xit7 yu4 sui4	san1 shi2 yu2 sui4	白			7		
三十六卷	san1 ɕit8 liuʔ7 tɕyon5	san1 xit7 liuk6 jyuon4	san1 shi2 liu4 juan3	白			7		
三十六只	san1 ɕit8 liuʔ7 tsɿʔ7	san1 xit7 liuk6 zik6	san1 shi2 liu4 zhi3	白			7		
三十六处	san1 ɕit8 liuʔ7 tsʰu3	san1 xit7 liuk6 cu3	san1 shi2 liu4 chu4	白			7		
三十六招	san1 ɕit8 liuʔ7 tsɛu1	san1 xit7 liuk6 zeu1	san1 shi2 liu4 zhao1	白			7		
三十六门	san1 ɕit8 liuʔ7 mɨn5	san1 xit7 liuk6 men4	san1 shi2 liu4 men2	白			7		
三十多块	san1 ɕit8 to1 kʰuai3	san1 xit7 do1 kuai3	san1 shi2 duo1 kuai4	白			7		
三十条	san1 ɕit8 tʰiɛu2	san1 xit7 tieu2	san1 shi2 tiao2	白			7		
三十秒	san1 ɕit8 miɛu3	san1 xit7 mieu3	san1 shi2 miao3	白			7		
三四百名	san1 sɿ5 paʔ7 miᴀŋ5	san1 si4 bak6 miang4	san1 si4 bai3 ming2	白			7		
不可终日	pet7 kʰo3 tsuŋ1 lɛt7	bet6 ko3 zung1 let6	bu4 ke3 zhong1 ri4	文			7		
两三百名	liɔŋ3 san1 paʔ7 miᴀŋ5	liong3 san1 bak6 miang4	liang3 san1 bai3 ming2	白			7		
两日游	liɔŋ3 lɛt7 iu5	liong3 let6 yiu4	liang3 ri4 you2	文			7		
中共十四大	tsuŋ1 kʰuŋ6 sɨt8 sɿ5 tʰai6	zung1 kung5 set7 si4 tai5	zhong1 gong4 shi2 si4 da4	文			7		
中国红十字会总会	tsuŋ1 kuɛt7 fuŋ5 sɨt8 tsʰɿ6 fɨi6 tsuŋ3 fɨi6	zung1 guet6 fung4 set7 ci5 fei5 zung3 fei5	zhong1 guo2 hong2 shi2 zi4 hui4 zong3 hui4	文			7		
九千九百九十九间	tɕiu3 tɕʰiɛn1 tɕiu3 paʔ7 tɕiu3 ɕit8 tɕiu3 kan1	jiu3 qien1 jiu3 bak6 jiu3 xit7 jiu3 gan1	jiu3 qian1 jiu3 bai3 jiu3 shi2 jiu3 jian1	白			7		
二万名	ɵ6 uan6 miᴀŋ5	o5 wan5 miang4	er4 wan4 ming2	白			7		
二十一名	ɵ6 ɕit8 it7 miᴀŋ5	o5 xit7 yit6 miang4	er4 shi2 yi1 ming2	白			7		
二十七八	ɵ6 ɕit8 tɕʰit7 pat7	o5 xit7 qit6 bat6	er4 shi2 qi1 ba1	白			7		
二十二点	ɵ6 ɕit8 ɵ6 tiɛn3	o5 xit7 o5 dien3	er4 shi2 er4 dian3	白			7		
二十位	ɵ6 ɕit8 ui6	o5 xit7 wui5	er4 shi2 wei4	白			7		
二十余只	ɵ6 ɕit8 y5 tsɿʔ7	o5 xit7 yu4 zik6	er4 shi2 yu2 zhi3	白			7		
二十余家	ɵ6 ɕit8 y5 ka1	o5 xit7 yu4 ga1	er4 shi2 yu2 jia1	白			7		
二十余艘	ɵ6 ɕit8 y5 sau1	o5 xit7 yu4 sau1	er4 shi2 yu2 sou1	白			7		
二十几只	ɵ6 ɕit8 tɕi3 tsɿʔ7	o5 xit7 ji3 zik6	er4 shi2 ji3 zhi1	白			7		
二十厘米	ɵ6 ɕit8 li5 mi3	o5 xit7 li4 mi3	er4 shi2 li2 mi3	白			7		
二十发	ɵ6 ɕit8 fat7	o5 xit7 fat6	er4 shi2 fa1	白			7		
二十四把	ɵ6 ɕit8 sɿ5 pa3	o5 xit7 si4 ba3	er4 shi2 si4 ba3	白			7		
二十四条	ɵ6 ɕit8 sɿ5 tʰiɛu2	o5 xit7 si4 tieu2	er4 shi2 si4 tiao2	白			7		
二十四部	ɵ6 ɕit8 sɿ5 pʰu6	o5 xit7 si4 pu5	er4 shi2 si4 bu4	白			7		
二十枚	ɵ6 ɕit8 mi5	o5 xit7 mi4	er4 shi2 mei2	白			7		
五六十斤	ŋ̍3 liuʔ7 ɕit8 tɕin1	ng3 liuk6 xit7 jin1	wu3 liu4 shi2 jin1	白			7		
五十万元	ŋ̍3 ɕit8 uan6 ȵyon5	ng3 xit7 wan5 nyuon4	wu3 shi2 wan4 yuan2	白			7		
五十三岁	ŋ̍3 ɕit8 san1 sui5	ng3 xit7 san1 sui4	wu3 shi2 san1 sui4	白			7		
五十余年	ŋ̍3 ɕit8 y5 ȵiɛn5	ng3 xit7 yu4 nien4	wu3 shi2 yu2 nian2	白			7		
五十余日	ŋ̍3 ɕit8 y5 lɛt7	ng3 xit7 yu4 let6	wu3 shi2 yu2 ri4	文			7		
五十四岁	ŋ̍3 ɕit8 sɿ5 sui5	ng3 xit7 si4 sui4	wu3 shi2 si4 sui4	白			7		
五千名	ŋ̍3 tɕʰiɛn1 miᴀŋ5	ng3 qien1 miang4	wu3 qian1 ming2	白			7		
八十三万	pat7 ɕit8 san1 uan6	bat6 xit7 san1 wan5	ba1 shi2 san1 wan4	白			7		
八十余万	pat7 ɕit8 y5 uan6	bat6 xit7 yu4 wan5	ba1 shi2 yu2 wan4	白			7		
八十多个	pat7 ɕit8 to1 ko5	bat6 xit7 do1 go4	ba1 shi2 duo1 ge4	白			7		
六十两	liuʔ7 ɕit8 liɔŋ3	liuk6 xit7 liong3	liu4 shi2 liang3	白			7		
六十出头	liuʔ7 ɕit8 tsʰuʔ7 tʰɛu2	liuk6 xit7 cuk6 teu2	liu4 shi2 chu1 tou2	白			7		
六十名	liuʔ7 ɕit8 miᴀŋ5	liuk6 xit7 miang4	liu4 shi2 ming2	白			7		
六十篇	liuʔ7 ɕit8 pʰiɛn1	liuk6 xit7 pien1	liu4 shi2 pian1	白			7		
几万几十万	tɕi3 uan6 tɕi3 ɕit8 uan6	ji3 wan5 ji3 xit7 wan5	ji3 wan4 ji3 shi2 wan4	白			7		
几十秒	tɕi3 ɕit8 miɛu3	ji3 xit7 mieu3	ji3 shi2 miao3	白			7		
几十部	tɕi3 ɕit8 pʰu6	ji3 xit7 pu5	ji3 shi2 bu4	白			7		
几十颗	tɕi3 ɕit8 kʰuo1	ji3 xit7 kuo1	ji3 shi2 ke1	白			7		
北京市红十字会	pɛt7 tɕin1 sɿ6 fuŋ5 sɨt8 tsʰɿ6 fɨi6	bet6 jin1 si5 fung4 set7 ci5 fei5	bei3 jing1 shi4 hong2 shi2 zi4 hui4	文			7		
一十一个月	it7 ɕit8 it7 ko5 ȵyot8	yit6 xit7 yit6 go4 nyuot7	yi1 shi2 yi2 ge4 yue4	赣	十一个月	shi2 yi2 ge4 yue4	7		
一十一处	it7 ɕit8 it7 tsʰu3	yit6 xit7 yit6 cu3	yi1 shi2 yi1 chu4	白	十一处	shi2 yi1 chu4	7		
一十一点半	it7 ɕit8 it7 tiɛn3 pon5	yit6 xit7 yit6 dien3 bon4	yi1 shi2 yi4 dian3 ban4	白	十一点半	shi2 yi4 dian3 ban4	7		
一十一篇	it7 ɕit8 it7 pʰiɛn1	yit6 xit7 yit6 pien1	yi1 shi2 yi1 pian1	白	十一篇	shi2 yi1 pian1	7		
一十一部	it7 ɕit8 it7 pʰu6	yit6 xit7 yit6 pu5	yi1 shi2 yi1 bu4	白	十一部	shi2 yi1 bu4	7		
十万多	ɕit8 uan6 to1	xit7 wan5 do1	shi2 wan4 duo1	白			7		
一十三位	it7 ɕit8 san1 ui6	yit6 xit7 san1 wui5	yi1 shi2 san1 wei4	白	十三位	shi2 san1 wei4	7		
一十三卷	it7 ɕit8 san1 tɕyon5	yit6 xit7 san1 jyuon4	yi1 shi2 san1 juan3	白	十三卷	shi2 san1 juan3	7		
一十二只	it7 ɕit8 ɵ6 tsɿʔ7	yit6 xit7 o5 zik6	yi1 shi2 er4 zhi3	白	十二只	shi2 er4 zhi3	7		
一十二招	it7 ɕit8 ɵ6 tsɛu1	yit6 xit7 o5 zeu1	yi1 shi2 er4 zhao1	白	十二招	shi2 er4 zhao1	7		
一十二支	it7 ɕit8 ɵ6 tsɿ1	yit6 xit7 o5 zi1	yi1 shi2 er4 zhi1	白	十二支	shi2 er4 zhi1	7		
一十二章	it7 ɕit8 ɵ6 tsɔŋ1	yit6 xit7 o5 zong1	yi1 shi2 er4 zhang1	白	十二章	shi2 er4 zhang1	7		
一十二颗	it7 ɕit8 ɵ6 kʰuo1	yit6 xit7 o5 kuo1	yi1 shi2 er4 ke1	白	十二颗	shi2 er4 ke1	7		
一十五六年	it7 ɕit8 ŋ̍3 liuʔ7 ȵiɛn5	yit6 xit7 ng3 liuk6 nien4	yi1 shi2 wu3 liu4 nian2	白	十五六年	shi2 wu3 liu4 nian2	7		
一十五米	it7 ɕit8 ŋ̍3 mi3	yit6 xit7 ng3 mi3	yi1 shi2 wu3 mi3	白	十五米	shi2 wu3 mi3	7		
一十余万户	it7 ɕit8 y5 uan6 fu6	yit6 xit7 yu4 wan5 fu5	yi1 shi2 yu2 wan4 hu4	白	十余万户	shi2 yu2 wan4 hu4	7		
一十余艘	it7 ɕit8 y5 sau1	yit6 xit7 yu4 sau1	yi1 shi2 yu2 sou1	白	十余艘	shi2 yu2 sou1	7		
一十八两	it7 ɕit8 pat7 liɔŋ3	yit6 xit7 bat6 liong3	yi1 shi2 ba1 liang3	白	十八两	shi2 ba1 liang3	7		
一十八卷	it7 ɕit8 pat7 tɕyon5	yit6 xit7 bat6 jyuon4	yi1 shi2 ba1 juan3	白	十八卷	shi2 ba1 juan3	7		
一十八块	it7 ɕit8 pat7 kʰuai3	yit6 xit7 bat6 kuai3	yi1 shi2 ba1 kuai4	白	十八块	shi2 ba1 kuai4	7		
一十八处	it7 ɕit8 pat7 tsʰu3	yit6 xit7 bat6 cu3	yi1 shi2 ba1 chu4	白	十八处	shi2 ba1 chu4	7		
一十八盘	it7 ɕit8 pat7 pʰon2	yit6 xit7 bat6 pon2	yi1 shi2 ba1 pan2	白	十八盘	shi2 ba1 pan2	7		
一十八部	it7 ɕit8 pat7 pʰu6	yit6 xit7 bat6 pu5	yi1 shi2 ba1 bu4	白	十八部	shi2 ba1 bu4	7		
一十八颗	it7 ɕit8 pat7 kʰuo1	yit6 xit7 bat6 kuo1	yi1 shi2 ba1 ke1	白	十八颗	shi2 ba1 ke1	7		
一十六位	it7 ɕit8 liuʔ7 ui6	yit6 xit7 liuk6 wui5	yi1 shi2 liu4 wei4	白	十六位	shi2 liu4 wei4	7		
一十六根	it7 ɕit8 liuʔ7 kiɛn1	yit6 xit7 liuk6 gien1	yi1 shi2 liu4 gen1	白	十六根	shi2 liu4 gen1	7		
十冬腊月	ɕit8 tuŋ1 lat7 ȵyot8	xit7 dung1 lat6 nyuot7	shi2 dong1 la4 yue4	赣			7		
一十几万两	it7 ɕit8 tɕi3 uan6 liɔŋ3	yit6 xit7 ji3 wan5 liong3	yi1 shi2 ji3 wan4 liang3	白	十几万两	shi2 ji3 wan4 liang3	7		
一十几千米	it7 ɕit8 tɕi3 tɕʰiɛn1 mi3	yit6 xit7 ji3 qien1 mi3	yi1 shi2 ji3 qian1 mi3	白	十几千米	shi2 ji3 qian1 mi3	7		
一十几口	it7 ɕit8 tɕi3 kʰiɛu3	yit6 xit7 ji3 kieu3	yi1 shi2 ji3 kou3	白	十几口	shi2 ji3 kou3	7		
一十几把	it7 ɕit8 tɕi3 pa3	yit6 xit7 ji3 ba3	yi1 shi2 ji3 ba3	白	十几把	shi2 ji3 ba3	7		
一十几日	it7 ɕit8 tɕi3 ȵit7	yit6 xit7 ji3 nit6	shi2 ji3 ri4	白	十几天		7		
一十几杯	it7 ɕit8 tɕi3 pi1	yit6 xit7 ji3 bi1	yi1 shi2 ji3 bei1	白	十几杯	shi2 ji3 bei1	7		
一十几片	it7 ɕit8 tɕi3 pʰiɛn5	yit6 xit7 ji3 pien4	yi1 shi2 ji3 pian4	白	十几片	shi2 ji3 pian4	7		
一十几路	it7 ɕit8 tɕi3 lu6	yit6 xit7 ji3 lu5	yi1 shi2 ji3 lu4	白	十几路	shi2 ji3 lu4	7		
一十几遍	it7 ɕit8 tɕi3 piɛn5	yit6 xit7 ji3 bien4	yi1 shi2 ji3 bian4	白	十几遍	shi2 ji3 bian4	7		
一十几道	it7 ɕit8 tɕi3 tʰau6	yit6 xit7 ji3 tau5	yi1 shi2 ji3 dao4	白	十几道	shi2 ji3 dao4	7		
一十多只	it7 ɕit8 to1 tsɿʔ7	yit6 xit7 do1 zik6	yi1 shi2 duo1 zhi3	白	十多只	shi2 duo1 zhi3	7		
一十多辆	it7 ɕit8 to1 liɔŋ3	yit6 xit7 do1 liong3	yi1 shi2 duo1 liang4	白	十多辆	shi2 duo1 liang4	7		
十夜	ɕit8 ia6	xit7 ya5	shi2 ye4	白			7		
十对	ɕit8 tui5	xit7 dui4	shi2 dui4	白			7		
十架	ɕit8 ka5	xit7 ga4	shi2 jia4	白			7		
十款	ɕit8 kʰuon3	xit7 kuon3	shi2 kuan3	白			7		
十里堡	ɕit8 li3 pau3	xit7 li3 bau3	shi2 li3 pu4	白			7		
卡日曲	kʰa3 lɛt7 tɕʰyt7	ka3 let6 qyut6	ka3 ri4 qu1	文			7		
四五十年	sɿ5 ŋ̍3 ɕit8 ȵiɛn5	si4 ng3 xit7 nien4	si4 wu3 shi2 nian2	白			7		
四五十斤	sɿ5 ŋ̍3 ɕit8 tɕin1	si4 ng3 xit7 jin1	si4 wu3 shi2 jin1	白			7		
四五百名	sɿ5 ŋ̍3 paʔ7 miᴀŋ5	si4 ng3 bak6 miang4	si4 wu3 bai3 ming2	白			7		
四十九名	sɿ5 ɕit8 tɕiu3 miᴀŋ5	si4 xit7 jiu3 miang4	si4 shi2 jiu3 ming2	白			7		
四十五分钟	sɿ5 ɕit8 ŋ̍3 fɨn1 tsuŋ1	si4 xit7 ng3 fen1 zung1	si4 shi2 wu3 fen1 zhong1	白			7		
四十八条	sɿ5 ɕit8 pat7 tʰiɛu2	si4 xit7 bat6 tieu2	si4 shi2 ba1 tiao2	白			7		
四十八篇	sɿ5 ɕit8 pat7 pʰiɛn1	si4 xit7 bat6 pien1	si4 shi2 ba1 pian1	白			7		
四十度	sɿ5 ɕit8 tʰu6	si4 xit7 tu5	si4 shi2 du4	白			7		
女大十八变	ȵy3 tʰai6 sɨt8 pat7 piɛn5	nyu3 tai5 set7 bat6 bien4	nv3 da4 shi2 ba1 bian4	文			7		
好几十万	hau3 tɕi3 ɕit8 uan6	hau3 ji3 xit7 wan5	hao3 ji3 shi2 wan4	白			7		
好几日	hau3 tɕi3 ȵit7	hau3 ji3 nit6	hao3 ji3 ri4	白	好几天		7		
布鲁日	pu5 lu3 lɛt7	bu4 lu3 let6	bu4 lu3 ri4	文			7		
廿九日	ȵien6 tɕiu3 lɛt7	nien5 jiu3 let6	nian4 jiu3 ri4	文			7		
截止日	tɕʰiɛt8 tsɿ3 lɛt7	qiet7 zi3 let6	jie2 zhi3 ri4	文			7		
新日	ɕin1 lɛt7	xin1 let6	xin1 ri4	文			7		
日夜操劳	lɛt7 ia6 tsʰau1 lau5	let6 ya5 cau1 lau4	ri4 ye4 cao1 lao2	文			7		
日射病	lɛt7 sa6 pʰiaŋ6	let6 sa5 piang5	ri4 she4 bing4	文			7		
日本东京大学	lɛt7 pɨn3 tuŋ1 tɕin1 tʰai6 hoʔ7	let6 ben3 dung1 jin1 tai5 hok6	ri4 ben3 dong1 jing1 da4 xue2	文			7		
日本文部省	lɛt7 pɨn3 uen5 pʰu6 sen3	let6 ben3 wun4 pu5 sen3	ri4 ben3 wen2 bu4 sheng3	文			7		
日本时事社	lɛt7 pɨn3 sɿ5 sɿ6 sa6	let6 ben3 si4 si5 sa5	ri4 ben3 shi2 shi4 she4	文			7		
日杂	lɛt7 tsʰat7	let6 cat6	ri4 za2	文			7		
日瓦戈	lɛt7 ua3 kuo1	let6 wa3 guo1	ri4 wa3 ge1	文			7		
日界线	lɛt7 kai5 ɕiɛn5	let6 gai4 xien4	ri4 jie4 xian4	文			7		
日知录	lɛt7 tsɿ1 luʔ7	let6 zi1 luk6	ri4 zhi1 lu4	文			7		
日经指数	lɛt7 tɕin1 tsɿ3 su5	let6 jin1 zi3 su4	ri4 jing1 zhi3 shu4	文			7		
查理十	tsʰa2 li3 sɨt8	ca2 li3 set7	cha2 li3 shi2	文			7		
每周日	mi3 tsɛu1 lɛt7	mi3 zeu1 let6	mei3 zhou1 ri4	文			7		
百十年	paʔ7 ɕit8 ȵiɛn5	bak6 xit7 nien4	bai3 shi2 nian2	白			7		
百十斤	paʔ7 ɕit8 tɕin1	bak6 xit7 jin1	bai3 shi2 jin1	白			7		
短日照植物	ton3 lɛt7 tsɛu5 tsʰɨt8 ut7	don3 let6 zeu4 cet7 wut6	duan3 ri4 zhao4 zhi2 wu4	文			7		
第九十六	tʰi6 tɕiu3 ɕit8 liuʔ7	ti5 jiu3 xit7 liuk6	di4 jiu3 shi2 liu4	白			7		
第六十三回	tʰi6 liuʔ7 ɕit8 san1 fɨi5	ti5 liuk6 xit7 san1 fei4	di4 liu4 shi2 san1 hui2	白			7		
第一十一层	tʰi6 it7 ɕit8 it7 tsʰɛn2	ti5 yit6 xit7 yit6 cen2	di4 yi1 shi2 yi1 ceng2	白	第十一层	di4 shi2 yi1 ceng2	7		
第一十八卷	tʰi6 it7 ɕit8 pat7 tɕyon5	ti5 yit6 xit7 bat6 jyuon4	di4 yi1 shi2 ba1 juan3	白	第十八卷	di4 shi2 ba1 juan3	7		
第十颗	tʰi6 ɕit8 kʰuo1	ti5 xit7 kuo1	di4 shi2 ke1	白			7		
第四十五	tʰi6 sɿ5 ɕit8 ŋ̍3	ti5 si4 xit7 ng3	di4 si4 shi2 wu3	白			7		
第四十八回	tʰi6 sɿ5 ɕit8 pat7 fɨi5	ti5 si4 xit7 bat6 fei4	di4 si4 shi2 ba1 hui2	白			7		
罗格日	lo5 kiɛt7 lɛt7	lo4 giet6 let6	luo2 ge2 ri4	文			7		
雷日科夫	lui5 lɛt7 kʰuo1 fu1	lui4 let6 kuo1 fu1	lei2 ri4 ke1 fu1	文			7		
首一名	seu3 it7 miᴀŋ5	seu3 yit6 miang4	shou3 yi1 ming2	白			7		
黑龙江日报	hɛt7 luŋ5 kɔŋ1 lɛt7 pau5	het6 lung4 gong1 let6 bau4	hei1 long2 jiang1 ri4 bao4	文			7		
掟罯屑	tiaŋ5 ŋot7 ɕiɛt0	diang4 ngot6 xiet0	zheng3 an3 xie4	赣	扔垃圾	reng1 la1 ji1	100000		
喫茶	tɕʰiaʔ7 tsʰa2	qiak6 ca2	chi1 cha2	赣	喝茶	he1 cha2	463		
好喫	hau3 tɕʰiaʔ7	hau3 qiak6	hao3 chi1	赣	好喝	hao3 he1	315		
喫醉	tɕʰiaʔ7 tsui5	qiak6 zui4	chi1 zui4	赣	喝醉	he1 zui4	236		
塞眼	sɛt7 ŋæn3	set6 ngan3	sai1 yan3	赣	行贿	xing2 hui4	100000		
大一轮	tʰai6 it7 lin5	tai5 yit6 lin4	da4 yi1 lun2	赣			100000		
涨死人	tsɔŋ5 sɿ3 ȵin5	zong4 si3 nin4	zhang3 si3 ren2	赣			100000	气人	
今日	tɕin1 ȵit7	jin1 nit6	jin1 ri4	白			186450		
许么多	ɕy3 iɛu1 to1	xyu3 yeu1 do1	xu3 me5 duo1	赣	那么多	na4 me5 duo1	100000		
蛮多	man1 to1	man1 do1	man2 duo1	赣	很多/挺多	hen3 duo1/ting3 duo1	134625		
蛮久	man1 tɕiu3	man1 jiu3	man2 jiu3	赣	挺久/很久	ting3 jiu3/hen3 jiu3	136520		
打蛮	ta3 man1	da3 man1	da3 man2	赣	强撑/坚持	qiang2 cheng1/jian1 chi2	134450		
我戳	ŋo3 tsʰɔʔ7	ngo3 cok6	wo3 chuo1	赣	我操	wo3 cao1	100000		
戳咑姆娘	tsʰɔʔ7 taʔ7 m6 ȵiɔŋ5	cok6 dak6 m5 niong4	chuo1 da1 mu3 niang2	赣	操你妈	cao1 ni3 ma1	100000		
戳骂	tsʰɔʔ7 ma0	cok6 ma0	chuo1 ma4	赣	辱骂	ru3 ma4	135605		
好罗	hau3 lo5	hau3 lo4	hao3 luo2	赣	好搞笑	hao3 gao3 xiao4	156230		
兜嬉	tɛu1 ɕi1	deu1 xi1	dou1 xi1	赣	儿戏	er2 xi4	135602		
屙屎	ŋo1 sɿ3	ngo1 si3	e1 shi3	赣	拉屎	la1 shi3	100000		
屙尿	ŋo1 ȵiɛu6	ngo1 nieu5	e1 niao4	赣	拉尿	la1 niao4	100000		
拗卵犟	ŋau5 lon3 tɕʰiɔŋ6	ngau4 lon3 qiong5	ao3 luan3 jiang4	赣	桀骜不逊	jie2 ao4 bu4 xun4	100000		
拗卵	ŋau5 lon3	ngau4 lon3	ao3 luan3	赣	桀骜	jie2 ao4	100000		
好得	hau3 tɛt0	hau3 det0	hao3 de2	赣	幸亏	xing4 kui1	100000		
好过	hau3 kuo5	hau3 guo4	hao3 guo4	赣	好受	hao3 shou4	100000		
不了	pet7 liɛu3	bet6 lieu3	bu4 liao3	赣			105000		
马丁	ma1 tin1	ma1 din1	ma3 ding1	文			437		
拉丁美洲	la1 tin1 mi3 tsɛu1	la1 din1 mi3 zeu1	la1 ding1 mei3 zhou1	文			436		
丁卯	tin1 mau3	din1 mau3	ding1 mao3	文			277		
家丁	ka1 tin1	ga1 din1	jia1 ding1	文			274		
武丁	u3 tin1	wu3 din1	wu3 ding1	文			160		
沙丁鱼	sa1 tin1 ȵie2	sa1 din1 nie2	sha1 ding1 yu2	文			117		
查士丁	tsʰa2 sɿ6 tin1	ca2 si5 din1	cha2 shi4 ding1	文			112		
冷不丁	laŋ3 pet7 tin1	lang3 bet6 din1	leng3 bu4 ding1	文			95		
格丁根	kiɛt7 tin1 kiɛn1	giet6 din1 gien1	ge2 ding1 gen1	文			89		
爱丁堡	ŋai5 tin1 pau3	ngai4 din1 bau3	ai4 ding1 bao3	文			87		
马丁内斯	ma1 tin1 lui6 sɿ1	ma1 din1 lui5 si1	ma3 ding1 nei4 si1	文			70		
亚丁	ŋa3 tin1	nga3 din1	ya4 ding1	文			57		
团丁	tʰon2 tin1	ton2 din1	tuan2 ding1	文			50		
丁零	tin1 lin5	din1 lin4	ding1 ling2	文			39		
丁酸	tin1 son1	din1 son1	ding1 suan1	文			37		
亚丁湾	ŋa3 tin1 uan1	nga3 din1 wan1	ya4 ding1 wan1	文			37		
爱丁堡大学	ŋai5 tin1 pau3 tʰai6 hɔʔ8	ngai4 din1 bau3 tai5 hok7	ai4 ding1 bao3 da4 xue2	文			37		
圣马丁	sɨn5 ma1 tin1	sen4 ma1 din1	sheng4 ma3 ding1	文			35		
丁香花	tin1 ɕiɔŋ1 fa1	din1 xiong1 fa1	ding1 xiang1 hua1	文			34		
丁当	tin1 tɔŋ1	din1 dong1	ding1 dang1	文			30		
丁火旺	tin1 fo3 uɔŋ6	din1 fo3 wong5	ding1 huo3 wang4	文			30		
丁醇	tin1 sun5	din1 sun4	ding1 chun2	文			29		
尼古丁	ȵi5 ku3 tin1	ni4 gu3 din1	ni2 gu3 ding1	文			29		
哈丁	ha1 tin1	ha1 din1	ha1 ding1	文			27		
男丁	lan5 tin1	lan4 din1	nan2 ding1	文			25		
丁丁	tin1 tin1	din1 din1	ding1 ding1	文			24		
征丁	tsɨn1 tin1	zen1 din1	zheng1 ding1	文			24		
目不识丁	muʔ7 pet7 sɨt7 tin1	muk6 bet6 set6 din1	mu4 bu4 shi2 ding1	文			22		
丁冬	tin1 tuŋ1	din1 dung1	ding1 dong1	文			21		
丁忧	tin1 iu1	din1 yiu1	ding1 you1	文			21		
艾丁湖	ŋai6 tin1 fu5	ngai5 din1 fu4	ai4 ding1 hu2	文			21		
撒丁岛	sat7 tin1 tau3	sat6 din1 dau3	sa1 ding1 dao3	文			20		
爱丁顿	ŋai5 tin1 tɨn5	ngai4 din1 den4	ai4 ding1 dun4	文			20		
紫丁香	tsɿ3 tin1 ɕiɔŋ1	zi3 din1 xiong1	zi3 ding1 xiang1	文			20		
丁宁	tin1 lin5	din1 lin4	ding1 ning2	文			19		
抓丁	tsa1 tin1	za1 din1	zhua1 ding1	文			19		
白丁	pʰaʔ8 tin1	pak7 din1	bai2 ding1	文			19		
一丁	it7 tin1	yit6 din1	yi1 ding1	文			18		
丁丑	tin1 tsʰɛu3	din1 ceu3	ding1 chou3	文			17		
地丁	tʰi6 tin1	ti5 din1	di4 ding1	文			17		
零丁洋	lin5 tin1 iɔŋ5	lin4 din1 yong4	ling2 ding1 yang2	文			17		
丁酉	tin1 iu3	din1 yiu3	ding1 you3	文			14		
布丁	pu5 tin1	bu4 din1	bu4 ding1	文			14		
肉丁	y tin1	niuk6 din1	rou4 ding1	文			14		
马丁斯	ma1 tin1 sɿ1	ma1 din1 si1	ma3 ding1 si1	文			14		
康斯坦丁	kʰɔŋ1 sɿ1 tʰan3 tin1	kong1 si1 tan3 din1	kang1 si1 tan3 ding1	文			13		
丁二酸	tin1 ɵ6 son1	din1 o5 son1	ding1 er4 suan1	文			12		
丁二醇	tin1 ɵ6 sun5	din1 o5 sun4	ding1 er4 chun2	文			12		
坦丁	tʰan3 tin1	tan3 din1	tan3 ding1	文			12		
丁苯	tin1 pɨn3	din1 ben3	ding1 ben3	文			11		
门丁	mɨn5 tin1	men4 din1	men2 ding1	文			10		
庖丁	pʰau2 tin1	pau2 din1	pao2 ding1	文			9		
拉丁舞	la1 tin1 u3	la1 din1 wu3	la1 ding1 wu3	文			9		
正丁醇	tsɨn5 tin1 sun5	zen4 din1 sun4	zheng4 ding1 chun2	文			9		
诺丁汉	lɔʔ7 tin1 hon6	lok6 din1 hon5	nuo4 ding1 han4	文			9		
顺丁橡胶	sun6 tin1 ɕiɔŋ6 kau1	sun5 din1 xiong5 gau1	shun4 ding1 xiang4 jiao1	文			9		
特丁基	tʰet8 tin1 tɕi1	tet7 din1 ji1	te4 ding1 ji1	文			8		
马丁炉	ma1 tin1 lu5	ma1 din1 lu4	ma3 ding1 lu2	文			8		
丁丁当当	tin1 tin1 tɔŋ1 tɔŋ1	din1 din1 dong1 dong1	ding1 ding1 dang1 dang1	文			7		
丁巳	tin1 tsʰɿ6	din1 ci5	ding1 si4	文			7		
丁未	tin1 ui6	din1 wui5	ding1 wei4	文			7		
去年	tɕʰy3 ȵiɛn5	qyu3 nien4	qu4 nian2	文			31730		
名字	miᴀŋ5 tsʰɿ0	miang4 ci0	ming2 zi4	白			255359		
更名	kiɛn5 miᴀŋ5	gien4 miang4	geng1 ming2	白			1996		
名单	miᴀŋ5 tan1	miang4 dan1	ming2 dan1	白			31823		
去世	tɕʰy3 ɕi5	qyu3 xi4	qu4 shi4	文			1590		
认得	ȵin6 tɛt0	nin5 det0	ren4 de5	白			31340		
有名	iu3 miᴀŋ5	yiu3 miang4	you3 ming2	白			1255		
出名	tsʰuʔ7 miᴀŋ5	cuk6 miang4	chu1 ming2	白			1138		
取名	tɕʰy3 miᴀŋ5	qyu3 miang4	qu3 ming2	白			608		
阿拉伯人	ŋa1 la1 pet7 ȵin5	nga1 la1 bet6 nin4	a1 la1 bo2 ren2	文			590		
不平	pet7 pʰiaŋ2	bet6 piang2	bu4 ping2	白			551		
平整	pʰiaŋ2 tsaŋ5	piang2 zang4	ping2 zheng3	白			345		
伯明翰	pet7 min5 hon6	bet6 min4 hon5	bo2 ming2 han4	文			136		
忘恩负义	uɔŋ6 ŋiɛn1 fu6 ȵi6	wong5 ngien1 fu5 ni5	wang4 en1 fu4 yi4	文			136		
平分	pʰiaŋ2 fɨn1	piang2 fen1	ping2 fen1	白			119		
黑名单	hɛt7 miᴀŋ5 tan1	het6 miang4 dan1	hei1 ming2 dan1	白			101		
名册	miᴀŋ5 tsʰɛt7	miang4 cet6	ming2 ce4	白			95		
美名	mi3 miᴀŋ5	mi3 miang4	mei3 ming2	白			73		
全名	tɕʰyon2 miᴀŋ5	qyuon2 miang4	quan2 ming2	白			71		
真名	tsɨn1 miᴀŋ5	zen1 miang4	zhen1 ming2	白			56		
留名	liu5 miᴀŋ5	liu4 miang4	liu2 ming2	白			47		
除名	tsʰu2 miᴀŋ5	cu2 miang4	chu2 ming2	白			45		
骂名	ma6 miᴀŋ5	ma5 miang4	ma4 ming2	白			43		
头名	tʰɛu2 miᴀŋ5	teu2 miang4	tou2 ming2	白			42		
挂名	kuɑ5 miᴀŋ5	gua4 miang4	gua4 ming2	白			39		
去年初	tɕʰy3 ȵiɛn5 tsʰu1	qyu3 nien4 cu1	qu4 nian2 chu1	文			32		
去冬	tɕʰy3 tuŋ1	qyu3 dung1	qu4 dong1	文			28		
去岁	tɕʰy3 sui5	qyu3 sui4	qu4 sui4	文			28		
专名	tson1 miᴀŋ5	zon1 miang4	zhuan1 ming2	白			24		
希伯来人	ɕi1 pet7 lei5 ȵin5	xi1 bet6 lei4 nin4	xi1 bo2 lai2 ren2	文			24		
和田伯光	fo5 tʰiɛn2 pet7 kuɔŋ1	fo4 tien2 bet6 guong1	he2 tian2 bo2 guang1	文			21		
去夏	tɕʰy3 ha6	qyu3 ha5	qu4 xia4	文			17		
伯希和	pet7 ɕi1 fo5	bet6 xi1 fo4	bo2 xi1 he2	文			14		
倾巢出动	tɕʰin1 tsʰau2 tsʰuʔ7 tʰuŋ6	qin1 cau2 cuk6 tung5	qing1 chao2 chu1 dong4	文			12		
去秋	tɕʰy3 tɕʰiu1	qyu3 qiu1	qu4 qiu1	文			12		
去年末	tɕʰy3 ȵiɛn5 mot7	qyu3 nien4 mot6	qu4 nian2 mo4	文			8		
另请高明	lin6 tɕʰin3 kau1 min5	lin5 qin3 gau1 min4	ling4 qing3 gao1 ming2	文			8		
日环食	lɛt7 fan5 sɿʔ7	let6 fan4 sik6	ri4 huan2 shi2	文			8		
伯言兄	pet7 ȵiɛn5 ɕiaŋ1	bet6 nien4 xiang1	bo2 yan2 xiong1	文			7		
阿拉伯复兴社会党	ŋa1 la1 pet7 fuʔ7 ɕin1 sa6 fɨi6 tɔŋ3	nga1 la1 bet6 fuk6 xin1 sa5 fei5 dong3	a1 la1 bo2 fu4 xing1 she4 hui4 dang3	文			7		
修皮	ɕiu1 pʰi2	xiu1 pi2	xiu1 pi2	赣	削皮	xiao1 pi2	100000		
不一样	pet7 it7 iɔŋ6	bet6 yit6 yong5	bu4 yi1	赣			30843		
不可以	pet7 kʰo3 i3	bet6 ko3 yi3	bu4 ke3 yi3	赣			60001		
不可能	pet7 kʰo3 lɛn5	bet6 ko3 len4	bu4 ke3 neng2	赣			73531		
不喜欢	pet7 ɕi3 fon1	bet6 xi3 fon1	bu4	赣			13152		
不处理	pet7 tsʰu3 li3	bet6 cu3 li3	bu4	赣			13031		
不安全	pet7 ŋon1 tɕʰyon2	bet6 ngon1 qyuon2	bu4 an1 quan2	赣			10787		
不完整	pet7 uon5 tsɨn3	bet6 won4 zen3	bu4 wan2 zheng3	赣			13947		
不应该	pet7 in5 kai1	bet6 yin4 gai1	bu4 ying1 gai1	赣			10607		
也可以	ia3 kʰo3 i3	ya3 ko3 yi3	ye3 ke3 yi3	赣			92770		
也可能	ia3 kʰo3 lɛn5	ya3 ko3 len4	ye3 ke3 neng2	赣			13301		
也在	ia3 cei6	ya3 cei5	ye3 zai4	赣			33736		
也有	ia3 iu3	ya3 yiu3	ye3 you3	赣			92769		
好了	hau3 liɛu3	hau3 lieu3	hao3 le5	赣			32551		
好做	hau3 tsu5	hau3 zu4	hao3 zuo4	赣			12317		
就有	tɕʰiu6 iu3	qiu5 yiu3	jiu4 you3	赣			51970		
懂了	tuŋ3 liɛu3	dung3 lieu3	dong3 le5	赣			10070		
我也	ŋo3 ia3	ngo3 ya3	wo3 ye3	赣			13563		
我在	ŋo3 cei6	ngo3 cei5	wo3 zai4	赣			33881		
才有	tsʰai2 iu3	cai2 yiu3	cai2 you3	赣			12074		
才算	tsʰai2 son5	cai2 son4	cai2 suan4	赣			10932		
才行	tsʰai2 hɛn2	cai2 hen2	cai2 xing2	赣			13119		
最便宜	tsui5 pʰiɛn2 ȵi5	zui4 pien2 ni4	zui4 pian2 yi5	赣			14176		
最先进	tsui5 ɕiɛn1 tɕin5	zui4 xien1 jin4	zui4 xian1 jin4	赣			10153		
最关心	tsui5 kuan1 ɕin1	zui4 guan1 xin1	zui4 guan1 xin1	赣			14231		
最有可能	tsui5 iu3 kʰo3 lɛn5	zui4 yiu3 ko3 len4	zui4 you3 ke3 neng2	赣			10946		
最重要	tsui5 tsʰuŋ2 iɛu1	zui4 cung2 yeu1	zui4 zhong4 yao4	赣			10130		
有必要	iu3 pit7 iɛu1	yiu3 bit6 yeu1	you3	赣			40001		
江科	kɔŋ1 kʰuo1	gong1 kuo1	jiang1 ke1	赣			20001		
而来	ɵ5 lei5	o4 lei4	er2 lai2	赣			10998		
而非	ɵ5 fɨi1	o4 fei1	er2 fei1	赣			10186		
莫卧儿	moʔ7 ŋo6 ɵ5	mok6 ngo5 o4	mo4 wo4 er2	赣			12973		
虚拟币	ɕy1 ȵi3 pʰi6	xyu1 ni3 pi5	xu1 ni3 bi4	赣			14666		
些子	ɕiɛt7 tsɿ3	xiet6 zi3	xie1 zi5	赣			10189		
人中	lɨn2 tsuŋ1	len2 zung1	ren2	赣			14904		
作数	tsɔʔ7 su5	zok6 su4	zuo4 shu4	赣			10756		
叠甲	tʰiet7 kat7	tiet6 gat6	die2 jia3	赣			100001		
口误	kʰiɛu3 u6	kieu3 wu5	kou3 wu4	赣			14005		
叫你	tɕiɛu5 nen3	jieu4 nen3	jiao4 ni3	赣			54466		
叫我	tɕiɛu5 ŋo3	jieu4 ngo3	jiao4 wo3	赣			14642		
可读	kʰo3 tʰuʔ8	ko3 tuk7	ke3 du2	赣			30657		
可选	kʰo3 ɕyon3	ko3 xyuon3	ke3 xuan3	赣			13944		
后端	hɛu6 ton1	heu5 don1	hou4 duan1	赣			40001		
哪些人	la3 ɕiɛt7 ȵin5	la3 xiet6 nin4	na3 xie1 ren2	赣			11708		
多人	to1 ȵin2	do1 nin2	duo1 ren2	赣	闲人	xian2 ren2	13695		
多年前	to1 ȵiɛn5 tɕʰiɛn2	do1 nien4 qien2	duo1 nian2 qian2	赣			10815		
寻不到	tɕʰin2 pet7 tau5	qin2 bet6 dau4	xun2	赣	找不到	zhao3 bu2 dao4	11650		
将其	tɕiɔŋ1 tɕʰi2	jiong1 qi2	jiang1 qi2	赣			34940		
就只	tɕʰiu6 tsɨt7	qiu5 zet6	jiu4 zhi3	赣			14816		
就在	tɕʰiu6 cei6	qiu5 cei5	jiu4 zai4	赣			34755		
就好	tɕʰiu6 hau3	qiu5 hau3	jiu4 hao3	赣			30160		
就晓得	tɕʰiu6 ɕiɛu3 tɛt7	qiu5 xieu3 det6	jiu4 xiao3 de5	赣	就知道	jiu4 zhi1 dao4	11856		
早于	tsau3 y5	zau3 yu4	zao3 yu2	赣			31394		
比较好	pi3 kau5 hau3	bi3 gau4 hau3	bi3 jiao4 hao3	赣			14045		
清零	tɕʰin1 liaŋ5	qin1 liang4	qing1 ling2	赣			12220		
煤气罐子	mi5 tɕʰi3 kuon5 tsɿ3	mi4 qi3 guon4 zi3	mei2 qi4	赣			12776		
简繁	kan3 fan5	gan3 fan4	jian3 fan2	赣			10036		
补齐	pu3 tɕʰi2	bu3 qi2	bu3 qi2	赣			14745		
要能	iɛu1 lɛn5	yeu1 len4	yao4 neng2	赣			34738		
要跟	iɛu1 kiɛn1	yeu1 gien1	yao4 gen1	赣			11497		
让我	ȵiɔŋ6 ŋo3	niong5 ngo3	rang4 wo3	赣			40001		
是哪里	sɿ6 la3 li3	si5 la3 li3	shi4	赣			13808		
是跟	sɿ6 kiɛn1	si5 gien1	shi4 gen1	赣			13424		
显式	ɕiɛn3 sɿʔ7	xien3 sik6	xian3 shi4	赣			14580		
一些子	it7 ɕiɛt7 tsɿ3	yit6 xiet6 zi3	yi1 xie1 zi5	赣			10609		
三人	san1 ȵin5	san1 nin4	san1 ren2	赣			13051		
加减	ka1 kan3	ga1 gan3	jia1 jian3	赣			12569		
即是	tɕit7 sɿ6	jit6 si5	ji2 shi4	赣			14841		
又有	iu6 iu3	yiu5 yiu3	you4 you3	赣			12337		
听得懂	tʰiaŋ1 tɛt0 tuŋ3	tiang1 det0 dung3	ting1 de2 dong3	白			10527		
哪条	la3 tʰiɛu2	la3 tieu2	na3 tiao2	赣			14121		
四人	sɿ5 ȵin5	si4 nin4	si4 ren2	赣			12666		
奥数	ŋau5 su5	ngau4 su4	ao4 shu4	赣			10218		
字位	tsʰɿ6 ui6	ci5 wui5	zi4 wei4	赣			13864		
将在	tɕiɔŋ1 cei6	jiong1 cei5	jiang1 zai4	赣			11693		
拉古萨	la1 ku3 sat7	la1 gu3 sat6	la1 gu3 sa4	赣			11069		
排在	pʰai2 cei6	pai2 cei5	pai2 zai4	赣			13340		
斯瓦希里	sɿ1 ua3 ɕi1 li3	si1 wa3 xi1 li3	si1 wa3 xi1 li3	赣			20001		
荡街	tʰɔŋ6 kai1	tong5 gai1	dang4 jie1	赣			100000	逛街	
当灯话	tɔŋ1 tɛn1 ua6	dong1 den1 wa5	dang1 deng1 hua4	赣	说实话	shuo1 shi2 hua4	100000		
装假子	tsɔŋ1 ka3 tsɿ0	zong1 ga3 zi0	zhuang1 jia3 zi5	赣	假装	jia3 zhuang1	100000		
装神	tsɔŋ1 sɨn5	zong1 sen4	zhuang1 shen2	赣	装傻	zhuang1 sha3	100000		
装佯	tsɔŋ1 iɔŋ5	zong1 yong4	zhuang1 yang2	赣	佯装	yang2 zhuang1	100000		
弯哩骨㲃	uan1 li0 kut7 tɕiu5	wan1 li0 gut6 jiu4	wan1 li1 gu3 jiu4	赣	弯弯绕绕	wan1 wan1 rao4 rao4	100000		
衫袖	san1 tɕʰiu6	san1 qiu5	shan1 xiu4	赣	袖子	xiu4 zi5	100000		
流流	liu5 liu0	liu4 liu0	liu2 liu2	赣	冰锥	bing1 zhui1	100000		
丢江口	tiu1 kɔŋ1 kʰiɛu3	diu1 gong1 kieu3	diu1 jiang1 kou3	赣	说暗语	shuo1 an4 yu3	100000		
烊雪	iɔŋ5 ɕyot7	yong4 xyuot6	yang2 xue3	赣	融雪	rong2 xue3	100000		
相到	ɕiɔŋ5 tau0	xiong4 dau0	xiang1 dao4	赣	注视着/盯着	zhu4 shi4 zhe5/ding1 zhe5	100000		
搭筷子	tat7 kʰuai3 tsɿ0	dat6 kuai3 zi0	da1 kuai4 zi5	赣			100000		
达黏	tʰat7 ȵiɛn5	tat6 nien4	da2 nian2	赣	黏性大	nian2 xing4 da4	100000	黏	
塌吥了	tʰat7 pɨt7 le0	tat6 bet6 le0	ta1 bu4 le5	赣	错过了	cuo4 guo4 le5	100000		
塌了车	tʰat7 liɛu0 tsʰa1	tat6 lieu0 ca1	ta1 le5 che1	赣	误车	wu4 che1	100000		
胛股子	kat7 ku0 tsɿ0	gat6 gu0 zi0	jia3 gu3 zi5	赣	胳膊	ge1 bo2	100000		
胛下	kat7 ha6	gat6 ha5	jia3 xia4	赣	胳肢窝	ge1 zhi1 wo1	100000		
脱大	tʰot7 tʰai6	tot6 tai5	tuo1 da4	赣	很大	hen3 da4	100000		
脱高	tʰot7 kau1	tot6 gau1	tuo1 gao1	赣	很高	hen3 gao1	100000		
克膝	kʰiɛt7 ɕit0	kiet6 xit0	ke4 xi1	赣	膝盖	xi1 gai4	100000		
屑子	ɕiɛt7 tsɿ0	xiet6 zi0	xie4 zi5	赣	碎屑	sui4 xie4	100000		
屑屑子	ɕiɛt7 ɕiɛt0 tsɿ0	xiet6 xiet0 zi0	xie4 xie4 zi5	赣	碎屑	sui4 xie4	100000		
指甲篷子	tsɨt7 kat0 pʰuŋ2 tsɿ0	zet6 gat0 pung2 zi0	zhi3 jia3 peng2 zi5	赣	指甲盖	zhi3 jia3 gai4	100000		
欢喜	fon1 ɕi0	fon1 xi0	huan1 xi3	赣			100000	喜欢	
作酥	tsɔʔ7 su1	zok6 su1	zuo4 su1	赣	得意洋洋	de2 yi4 yang2 yang2	100000		
博师	pɔʔ7 sɿ1	bok6 si1	bo2 shi1	赣	木匠	mu4 jiang4	100000		
作古认真	tsɔʔ7 ku0 lɨn6 tsɨn1	zok6 gu0 len5 zen1	zuo4 gu3 ren4 zhen1	赣			100000	认真	
作冷	tsɔʔ7 laŋ3	zok6 lang3	zuo4 leng3	赣			100000		
戳子	tsʰɔʔ7 tsɿ0	cok6 zi0	chuo1 zi5	赣	图章	tu2 zhang1	100000		
着到	tsʰɔʔ8 tau0	cok7 dau0	zhe5 dao4	赣	突然想不起来	tu1 ran2 xiang3 bu4 qi3 lai2	100000		
着啬	tsʰɔʔ8 sɛt7	cok7 set6	zhe5 se4	赣	舍不得	she3 bu4 de2	100000		
触人	tsʰuʔ7 ȵin5	cuk6 nin4	chu4 ren2	赣	呛人	qiang4 ren2	100000		
狼抗	lɔŋ5 kʰɔŋ0	long4 kong0	lang2 kang4	赣			100000	拗卵	
啊吔	a0	a0 ye2	a5 ye3	赣			100000		
雀子	tɕʰiɔʔ7 tsɿ0	qiok6 zi0	qiao1 zi3	赣	太妹	tai4 mei4	100000		
救火龙	tɕiu5 fo3 luŋ5	jiu4 fo3 lung4	jiu4 huo3 long2	赣	消防车	xiao1 fang2 che1	100000		
瞌困碰到了枕头	kʰɔʔ7 kʰun3 pʰuŋ3 tau0 liɛu0 tsɨn3 tʰɛu0	kok6 kun3 pung3 dau0 lieu0 zen3 teu0	ke1 kun4 peng4 dao4 le5 zhen3 tou5	赣	一拍即合	yi1 pai1 ji2 he2	100000		
眼眨眉毛动	ŋæn3 tsat7 mi5 mau0 tʰuŋ6	ngan3 zat6 mi4 mau0 tung5	yan3 zha3 mei2 mao2 dong4	赣	机变	ji1 bian4	100000		
实木棍子	sɛt7 muʔ7 kun5 tsɿ0	set6 muk6 gun4 zi0	shi2 mu4 gun4 zi5	赣	不开窍	bu4 kai1 qiao4	100000		
痨病壳子	lau5 pʰiaŋ6 kʰoʔ7 tsɿ0	lau4 piang5 kok6 zi0	lao2 bing4 ke2 zi3	白			100000	病秧子	
疾病	tɕʰit7 pʰiaŋ6	qit6 piang5	ji2 bing4	白			9194		
病人	pʰiaŋ6 ȵin5	piang5 nin4	bing4 ren2	白			3916		
病毒	pʰiaŋ6 tʰuʔ8	piang5 tuk7	bing4 du2	白			2340		
艾滋病	ŋai6 tsɿ1 pʰiaŋ6	ngai5 zi1 piang5	ai4 zi1 bing4	白			1130		
病情	pʰiaŋ6 tɕʰin2	piang5 qin2	bing4 qing2	白			1029		
发病	fat7 pʰiaŋ6	fat6 piang5	fa1 bing4	白			947		
毛病	mau5 pʰiaŋ6	mau4 piang5	mao2 bing4	白			807		
病变	pʰiaŋ6 piɛn5	piang5 bien4	bing4 bian4	白			776		
病因	pʰiaŋ6 in1	piang5 yin1	bing4 yin1	白			150611		
糖尿病	tʰɔŋ2 ȵiɛu6 pʰiaŋ6	tong2 nieu5 piang5	tang2 niao4 bing4	白			571		
看病	kʰon3 pʰiaŋ6	kon3 piang5	kan4 bing4	白			556		
传染病	tsʰon2 ȵiɛn3 pʰiaŋ6	con2 nien3 piang5	chuan2 ran3 bing4	白			529		
心脏病	ɕin1 tsʰɔŋ6 pʰiaŋ6	xin1 cong5 piang5	xin1 zang4 bing4	白			522		
病理	pʰiaŋ6 li3	piang5 li3	bing4 li3	白			498		
病死	pʰiaŋ6 sɿ3	piang5 si3	bing4 si3	白			423		
病房	pʰiaŋ6 fɔŋ5	piang5 fong4	bing4 fang2	白			420		
病例	pʰiaŋ6 li6	piang5 li5	bing4 li4	白			394		
病虫害	pʰiaŋ6 tsʰuŋ2 hai6	piang5 cung2 hai5	bing4 chong2 hai4	白			378		
发病率	fat7 pʰiaŋ6 lyt8	fat6 piang5 lyut7	fa1 bing4 lv4	白			353		
抗病	kʰɔŋ2 pʰiaŋ6	kong2 piang5	kang4 bing4	白			334		
患病	fon6 pʰiaŋ6	fon5 piang5	huan4 bing4	白			313		
性病	ɕin5 pʰiaŋ6	xin4 piang5	xing4 bing4	白			285		
致病	tsɿ5 pʰiaŋ6	zi4 piang5	zhi4 bing4	白			279		
大病	tʰai6 pʰiaŋ6	tai5 piang5	da4 bing4	白			25253		
白血病	pʰaʔ8 ɕyot7 pʰiaŋ6	pak7 xyuot6 piang5	bai2 xue4 bing4	白			248		
精神病	tɕin1 sɨn5 pʰiaŋ6	jin1 sen4 piang5	jing1 shen2 bing4	白			241		
病床	pʰiaŋ6 tsʰɔŋ2	piang5 cong2	bing4 chuang2	白			239		
重病	tsʰuŋ2 pʰiaŋ6	cung2 piang5	zhong4 bing4	白			210		
冠心病	kuon1 ɕin1 pʰiaŋ6	guon1 xin1 piang5	guan1 xin1 bing4	白			209		
病逝	pʰiaŋ6 sɿ6	piang5 si5	bing4 shi4	白			208		
职业病	tsɨt7 ȵiɛt7 pʰiaŋ6	zet6 niet6 piang5	zhi2 ye4 bing4	白			187		
伤病	sɔŋ1 pʰiaŋ6	song1 piang5	shang1 bing4	白			184		
病菌	pʰiaŋ6 tɕʰyn6	piang5 qyun5	bing4 jun1	白			177		
病症	pʰiaŋ6 tsɨn5	piang5 zen4	bing4 zheng4	白			175		
病重	pʰiaŋ6 tsʰuŋ2	piang5 cung2	bing4 zhong4	白			174		
病态	pʰiaŋ6 tʰai3	piang5 tai3	bing4 tai4	白			170		
病程	pʰiaŋ6 tsʰɨn2	piang5 cen2	bing4 cheng2	白			169		
肝病	kon1 pʰiaŋ6	gon1 piang5	gan1 bing4	白			167		
病倒	pʰiaŋ6 tau3	piang5 dau3	bing4 dao4	白			165		
病故	pʰiaŋ6 ku5	piang5 gu4	bing4 gu4	白			165		
该病	kai1 pʰiaŋ6	gai1 piang5	gai1 bing4	白			165		
弊病	pʰi5 pʰiaŋ6	pi4 piang5	bi4 bing4	白			159		
本病	pɨn3 pʰiaŋ6	ben3 piang5	ben3 bing4	白			157		
养病	iɔŋ3 pʰiaŋ6	yong3 piang5	yang3 bing4	白			155		
病害	pʰiaŋ6 hai6	piang5 hai5	bing4 hai4	白			154		
血吸虫病	ɕyot7 ɕit7 tsʰuŋ2 pʰiaŋ6	xyuot6 xit6 cung2 piang5	xue4 xi1 chong2 bing4	白			152		
心病	ɕin1 pʰiaŋ6	xin1 piang5	xin1 bing4	白			137		
起病	tɕʰi3 pʰiaŋ6	qi3 piang5	qi3 bing4	白			137		
肾病	sɨn6 pʰiaŋ6	sen5 piang5	shen4 bing4	白			133		
病原体	pʰiaŋ6 ȵyon5 tʰi3	piang5 nyuon4 ti3	bing4 yuan2 ti3	白			130		
皮肤病	pʰi2 fu1 pʰiaŋ6	pi2 fu1 piang5	pi2 fu1 bing4	白			125		
病史	pʰiaŋ6 sɿ3	piang5 si3	bing4 shi3	白			123		
慢性病	man6 ɕin5 pʰiaŋ6	man5 xin4 piang5	man4 xing4 bing4	白			122		
病历	pʰiaŋ6 lit7	piang5 lit6	bing4 li4	白			121		
抗病毒	kʰɔŋ2 pʰiaŋ6 tʰuʔ8	kong2 piang5 tuk7	kang4 bing4 du2	白			112		
病原	pʰiaŋ6 ȵyon5	piang5 nyuon4	bing4 yuan2	白			112		
病理学	pʰiaŋ6 li3 hɔʔ8	piang5 li3 hok7	bing4 li3 xue2	白			110		
久病	tɕiu3 pʰiaŋ6	jiu3 piang5	jiu3 bing4	白			101		
病危	pʰiaŋ6 ui5	piang5 wui4	bing4 wei1	白			101		
病灶	pʰiaŋ6 tsau5	piang5 zau4	bing4 zao4	白			95		
常见病	sɔŋ5 tɕiɛn5 pʰiaŋ6	song4 jien4 piang5	chang2 jian4 bing4	白			94		
防病	fɔŋ5 pʰiaŋ6	fong4 piang5	fang2 bing4	白			92		
胃病	ui6 pʰiaŋ6	wui5 piang5	wei4 bing4	白			89		
病魔	pʰiaŋ6 mo2	piang5 mo2	bing4 mo2	白			88		
病势	pʰiaŋ6 sɿ5	piang5 si4	bing4 shi4	白			86		
热病	lɛt7 pʰiaŋ6	let6 piang5	re4 bing4	白			85		
肺病	fɨi5 pʰiaŋ6	fei4 piang5	fei4 bing4	白			85		
病毒性	pʰiaŋ6 tʰuʔ8 ɕin5	piang5 tuk7 xin4	bing4 du2 xing4	白			84		
流行病学	liu5 ɕin5 pʰiaŋ6 hɔʔ8	liu4 xin4 piang5 hok7	liu2 xing2 bing4 xue2	白			82		
病理性	pʰiaŋ6 li3 ɕin5	piang5 li3 xin4	bing4 li3 xing4	白			82		
反病毒	fan3 pʰiaŋ6 tʰuʔ8	fan3 piang5 tuk7	fan3 bing4 du2	白			79		
患病率	fon6 pʰiaŋ6 lyt8	fon5 piang5 lyut7	huan4 bing4 lv4	白			79		
此病	tsʰɿ3 pʰiaŋ6	ci3 piang5	ci3 bing4	白			78		
病痛	pʰiaŋ6 tʰuŋ3	piang5 tung3	bing4 tong4	白			78		
带病	tai5 pʰiaŋ6	dai4 piang5	dai4 bing4	白			77		
结核病	tɕiɛt7 het8 pʰiaŋ6	jiet6 het7 piang5	jie2 he2 bing4	白			77		
染病	ȵiɛn3 pʰiaŋ6	nien3 piang5	ran3 bing4	白			76		
眼病	ŋæn3 pʰiaŋ6	ngan3 piang5	yan3 bing4	白			75		
计算机病毒	tɕi5 son5 tɕi1 pʰiaŋ6 tʰuʔ8	ji4 son4 ji1 piang5 tuk7	ji4 suan4 ji1 bing4 du2	白			75		
寄生虫病	tɕi5 sɛn1 tsʰuŋ2 pʰiaŋ6	ji4 sen1 cung2 piang5	ji4 sheng1 chong2 bing4	白			73		
碘缺乏病	tiɛn3 tɕʰyot7 fat7 pʰiaŋ6	dien3 qyuot6 fat6 piang5	dian3 que1 fa2 bing4	白			71		
致病菌	tsɿ5 pʰiaŋ6 tɕʰyn6	zi4 piang5 qyun5	zhi4 bing4 jun1	白			71		
卧病	ŋo6 pʰiaŋ6	ngo5 piang5	wo4 bing4	白			69		
病体	pʰiaŋ6 tʰi3	piang5 ti3	bing4 ti3	白			69		
遗传病	i5 tsʰon2 pʰiaŋ6	yi4 con2 piang5	yi2 chuan2 bing4	白			69		
痨病	lau5 pʰiaŋ6	lau4 piang5	lao2 bing4	白			68		
颈椎病	tɕiaŋ3 tsʰui2 pʰiaŋ6	jiang3 cui2 piang5	jing3 chui2 bing4	白			67		
温病	uen1 pʰiaŋ6	wun1 piang5	wen1 bing4	白			66		
治病救人	tsʰɿ6 pʰiaŋ6 tɕiu5 ȵin5	ci5 piang5 jiu4 nin4	zhi4 bing4 jiu4 ren2	白			25064		
致病性	tsɿ5 pʰiaŋ6 ɕin5	zi4 piang5 xin4	zhi4 bing4 xing4	白			64		
病原菌	pʰiaŋ6 ȵyon5 tɕʰyn6	piang5 nyuon4 qyun5	bing4 yuan2 jun1	白			63		
风湿病	fuŋ1 sɨt7 pʰiaŋ6	fung1 set6 piang5	feng1 shi1 bing4	白			63		
心血管病	ɕin1 ɕyot7 kuon3 pʰiaŋ6	xin1 xyuot6 guon3 piang5	xin1 xue4 guan3 bing4	白			61		
病患者	pʰiaŋ6 fon6 tsa3	piang5 fon5 za3	bing4 huan4 zhe3	白			61		
哮喘病	hau1 tsʰon5 pʰiaŋ6	hau1 con4 piang5	xiao1 chuan3 bing4	白			60		
害病	hai6 pʰiaŋ6	hai5 piang5	hai4 bing4	白			60		
犯病	fan6 pʰiaŋ6	fan5 piang5	fan4 bing4	白			60		
病榻	pʰiaŋ6 tʰat7	piang5 tat6	bing4 ta4	白			60		
霍去病	fɔʔ7 tɕʰiᴇ3 pʰiaŋ6	fok6 qie3 piang5	huo4 qu4 bing4	白			60		
称病	tsʰɨn1 pʰiaŋ6	cen1 piang5	cheng1 bing4	白			59		
得病	tɛt7 pʰiaŋ6	det6 piang5	de2 bing4	白			57		
病患	pʰiaŋ6 fon6	piang5 fon5	bing4 huan4	白			57		
同病相怜	tʰuŋ2 pʰiaŋ6 ɕiɔŋ1 liɛn5	tung2 piang5 xiong1 lien4	tong2 bing4 xiang1 lian2	白			56		
通病	tʰuŋ1 pʰiaŋ6	tung1 piang5	tong1 bing4	白			56		
小病	ɕiɛu3 pʰiaŋ6	xieu3 piang5	xiao3 bing4	白			55		
病种	pʰiaŋ6 tsuŋ3	piang5 zung3	bing4 zhong3	白			55		
病根	pʰiaŋ6 kiɛn1	piang5 gien1	bing4 gen1	白			54		
疫病	yt7 pʰiaŋ6	yut6 piang5	yi4 bing4	白			53		
佝偻病	heu3 li3 pʰiaŋ6	heu3 li3 piang5	gou1 lou2 bing4	白			52		
流行病	liu5 ɕin5 pʰiaŋ6	liu4 xin4 piang5	liu2 xing2 bing4	白			52		
精神病院	tɕin1 sɨn5 pʰiaŋ6 yon6	jin1 sen4 piang5 yuon5	jing1 shen2 bing4 yuan4	白			48		
诟病	heu3 pʰiaŋ6	heu3 piang5	gou4 bing4	白			48		
锈病	ɕiu5 pʰiaŋ6	xiu4 piang5	xiu4 bing4	白			46		
疯牛病	fuŋ1 ȵiu5 pʰiaŋ6	fung1 niu4 piang5	feng1 niu2 bing4	白			45		
狂犬病	kʰuɔŋ2 tɕʰyon3 pʰiaŋ6	kuong2 qyuon3 piang5	kuang2 quan3 bing4	白			43		
病假	pʰiaŋ6 ka3	piang5 ga3	bing4 jia4	白			43		
一病不起	it7 pʰiaŋ6 pet7 tɕʰi3	yit6 piang5 bet6 qi3	yi1 bing4 bu4 qi3	白			42		
疯病	fuŋ1 pʰiaŋ6	fung1 piang5	feng1 bing4	白			42		
淋病	lin5 pʰiaŋ6	lin4 piang5	lin4 bing4	白			41		
精神病学	tɕin1 sɨn5 pʰiaŋ6 hɔʔ8	jin1 sen4 piang5 hok7	jing1 shen2 bing4 xue2	白			40		
脑病	lau3 pʰiaŋ6	lau3 piang5	nao3 bing4	白			40		
病者	pʰiaŋ6 tsa3	piang5 za3	bing4 zhe3	白			39		
老毛病	lau3 mau5 pʰiaŋ6	lau3 mau4 piang5	lao3 mao2 bing4	白			39		
伤病员	sɔŋ1 pʰiaŋ6 yon5	song1 piang5 yuon4	shang1 bing4 yuan2	白			38		
体弱多病	tʰi3 lɔʔ7 to1 pʰiaŋ6	ti3 lok6 do1 piang5	ti3 ruo4 duo1 bing4	白			38		
抱病	pʰau6 pʰiaŋ6	pau5 piang5	bao4 bing4	白			38		
病愈	pʰiaŋ6 y3	piang5 yu3	bing4 yu4	白			38		
病毒感染者	pʰiaŋ6 tʰuʔ8 kon3 ȵiɛn3 tsa3	piang5 tuk7 gon3 nien3 za3	bing4 du2 gan3 ran3 zhe3	白			38		
血友病	ɕyot7 iu3 pʰiaŋ6	xyuot6 yiu3 piang5	xue4 you3 bing4	白			38		
牙周病	ŋa5 tsɛu1 pʰiaŋ6	nga4 zeu1 piang5	ya2 zhou1 bing4	白			37		
病死率	pʰiaŋ6 sɿ3 lyt8	piang5 si3 lyut7	bing4 si3 lv4	白			37		
病源	pʰiaŋ6 ȵyon5	piang5 nyuon4	bing4 yuan2	白			36		
急性病	tɕit7 ɕin5 pʰiaŋ6	jit6 xin4 piang5	ji2 xing4 bing4	白			35		
生老病死	sɛn1 lau3 pʰiaŋ6 sɿ3	sen1 lau3 piang5 si3	sheng1 lao3 bing4 si3	白			35		
病弱	pʰiaŋ6 lɔʔ7	piang5 lok6	bing4 ruo4	白			35		
托病	tʰɔʔ7 pʰiaŋ6	tok6 piang5	tuo1 bing4	白			34		
病区	pʰiaŋ6 tɕʰy1	piang5 qyu1	bing4 qu1	白			34		
霜霉病	sɔŋ1 mi5 pʰiaŋ6	song1 mi4 piang5	shuang1 mei2 bing4	白			34		
妇科病	fu6 kʰuo1 pʰiaŋ6	fu5 kuo1 piang5	fu4 ke1 bing4	白			33		
急病	tɕit7 pʰiaŋ6	jit6 piang5	ji2 bing4	白			33		
溃疡病	kʰui3 iɔŋ5 pʰiaŋ6	kui3 yong4 piang5	kui4 yang2 bing4	白			33		
电脑病毒	tʰiɛn6 lau3 pʰiaŋ6 tʰuʔ8	tien5 lau3 piang5 tuk7	dian4 nao3 bing4 du2	白			33		
探病	tʰon3 pʰiaŋ6	ton3 piang5	tan4 bing4	白			32		
血液病	ɕyot7 it7 pʰiaŋ6	xyuot6 yit6 piang5	xue4 ye4 bing4	白			32		
先心病	ɕiɛn1 ɕin1 pʰiaŋ6	xien1 xin1 piang5	xian1 xin1 bing4	白			31		
暴病	pʰau6 pʰiaŋ6	pau5 piang5	bao4 bing4	白			31		
病入膏肓	pʰiaŋ6 luʔ7 kau1 fɔŋ1	piang5 luk6 gau1 fong1	bing4 ru4 gao1 huang1	白			31		
病夫	pʰiaŋ6 fu1	piang5 fu1	bing4 fu1	白			31		
心肌病	ɕin1 tɕi1 pʰiaŋ6	xin1 ji1 piang5	xin1 ji1 bing4	白			30		
病况	pʰiaŋ6 kʰuoŋ3	piang5 kuong3	bing4 kuang4	白			30		
病号	pʰiaŋ6 hau6	piang5 hau5	bing4 hao4	白			30		
老弱病残	lau3 lɔʔ7 pʰiaŋ6 tsʰan2	lau3 lok6 piang5 can2	lao3 ruo4 bing4 can2	白			30		
艾滋病毒	ŋai6 tsɿ1 pʰiaŋ6 tʰuʔ8	ngai5 zi1 piang5 tuk7	ai4 zi1 bing4 du2	白			30		
病毒学	pʰiaŋ6 tʰuʔ8 hɔʔ8	piang5 tuk7 hok7	bing4 du2 xue2	白			29		
脑血管病	lau3 ɕyot7 kuon3 pʰiaŋ6	lau3 xyuot6 guon3 piang5	nao3 xue4 guan3 bing4	白			28		
丝虫病	sɿ1 tsʰuŋ2 pʰiaŋ6	si1 cung2 piang5	si1 chong2 bing4	白			26		
丧心病狂	sɔŋ1 ɕin1 pʰiaŋ6 kʰuɔŋ2	song1 xin1 piang5 kuong2	sang4 xin1 bing4 kuang2	白			26		
病急乱投医	pʰiaŋ6 tɕit7 lon6 tʰɛu2 i1	piang5 jit6 lon5 teu2 yi1	bing4 ji2 luan4 tou2 yi1	白			26		
糖尿病人	tʰɔŋ2 ȵiɛu6 pʰiaŋ6 ȵin5	tong2 nieu5 piang5 nin4	tang2 niao4 bing4 ren2	白			26		
癔病	it7 pʰiaŋ6	yit6 piang5	yi4 bing4	白			25		
关节病	kuan1 tɕiɛt7 pʰiaŋ6	guan1 jiet6 piang5	guan1 jie2 bing4	白			24		
病虫	pʰiaŋ6 tsʰuŋ2	piang5 cung2	bing4 chong2	白			24		
诊病	tsɛn3 pʰiaŋ6	zen3 piang5	zhen3 bing4	白			24		
宏病毒	fɛn2 pʰiaŋ6 tʰuʔ8	fen2 piang5 tuk7	hong2 bing4 du2	白			22		
病容	pʰiaŋ6 iuŋ5	piang5 yung4	bing4 rong2	白			22		
相思病	ɕiɔŋ1 sɿ1 pʰiaŋ6	xiong1 si1 piang5	xiang1 si1 bing4	白			22		
防病毒	fɔŋ5 pʰiaŋ6 tʰuʔ8	fong4 piang5 tuk7	fang2 bing4 du2	白			22		
出毛病	tsʰuʔ7 mau5 pʰiaŋ6	cuk6 mau4 piang5	chu1 mao2 bing4	白			21		
旧病	tɕʰiu6 pʰiaŋ6	qiu5 piang5	jiu4 bing4	白			21		
扶病	fu5 pʰiaŋ6	fu4 piang5	fu2 bing4	白			20		
病友	pʰiaŋ6 iu3	piang5 yiu3	bing4 you3	白			20		
病室	pʰiaŋ6 sɨt7	piang5 set6	bing4 shi4	白			20		
白粉病	pʰaʔ8 fɨn3 pʰiaŋ6	pak7 fen3 piang5	bai2 fen3 bing4	白			20		
肺心病	fɨi5 ɕin1 pʰiaŋ6	fei4 xin1 piang5	fei4 xin1 bing4	白			20		
黄热病	uɔŋ5 lɛt7 pʰiaŋ6	wong4 let6 piang5	huang2 re4 bing4	白			20		
牙病	ŋa5 pʰiaŋ6	nga4 piang5	ya2 bing4	白			19		
老病	lau3 pʰiaŋ6	lau3 piang5	lao3 bing4	白			19		
克汀病	kʰiɛt7 tʰin1 pʰiaŋ6	kiet6 tin1 piang5	ke4 ting1 bing4	白			18		
叶斑病	iɛt7 pan1 pʰiaŋ6	yet6 ban1 piang5	ye4 ban1 bing4	白			18		
地方病	tʰi6 fɔŋ1 pʰiaŋ6	ti5 fong1 piang5	di4 fang1 bing4	白			18		
坏血病	fai6 ɕyot7 pʰiaŋ6	fai5 xyuot6 piang5	huai4 xue4 bing4	白			18		
多发病	to1 fat7 pʰiaŋ6	do1 fat6 piang5	duo1 fa1 bing4	白			18		
无病呻吟	u5 pʰiaŋ6 sɨn1 ȵin5	wu4 piang5 sen1 nin4	wu2 bing4 shen1 yin2	白			18		
病从口入	pʰiaŋ6 tsʰuŋ2 kʰiɛu3 luʔ7	piang5 cung2 kieu3 luk6	bing4 cong2 kou3 ru4	白			18		
病员	pʰiaŋ6 yon5	piang5 yuon4	bing4 yuan2	白			18		
病家	pʰiaŋ6 ka1	piang5 ga1	bing4 jia1	白			18		
癫痫病	tiɛn1 han2 pʰiaŋ6	dien1 han2 piang5	dian1 xian2 bing4	白			18		
病原学	pʰiaŋ6 ȵyon5 hɔʔ8	piang5 nyuon4 hok7	bing4 yuan2 xue2	白			17		
高山病	kau1 san1 pʰiaŋ6	gau1 san1 piang5	gao1 shan1 bing4	白			17		
年老多病	ȵiɛn5 lau3 to1 pʰiaŋ6	nien4 lau3 do1 piang5	nian2 lao3 duo1 bing4	白			16		
旧病复发	tɕʰiu6 pʰiaŋ6 fuʔ7 fat7	qiu5 piang5 fuk6 fat6	jiu4 bing4 fu4 fa1	白			16		
疑心病	ȵi5 ɕin1 pʰiaŋ6	ni4 xin1 piang5	yi2 xin1 bing4	白			16		
肾脏病	sɨn6 tsʰɔŋ6 pʰiaŋ6	sen5 cong5 piang5	shen4 zang4 bing4	白			16		
软骨病	ȵyon3 kut7 pʰiaŋ6	nyuon3 gut6 piang5	ruan3 gu3 bing4	白			16		
心脑血管病	ɕin1 lau3 ɕyot7 kuon3 pʰiaŋ6	xin1 lau3 xyuot6 guon3 piang5	xin1 nao3 xue4 guan3 bing4	白			15		
放射病	fɔŋ5 sa6 pʰiaŋ6	fong4 sa5 piang5	fang4 she4 bing4	白			15		
病状	pʰiaŋ6 tsʰɔŋ6	piang5 cong5	bing4 zhuang4	白			15		
黑热病	hɛt7 lɛt7 pʰiaŋ6	het6 let6 piang5	hei1 re4 bing4	白			15		
水俣病	sui3 y3 pʰiaŋ6	sui3 yu3 piang5	shui3 yu3 bing4	白			14		
爱滋病	ŋai5 tsɿ1 pʰiaŋ6	ngai4 zi1 piang5	ai4 zi1 bing4	白			14		
富贵病	fu5 kui5 pʰiaŋ6	fu4 gui4 piang5	fu4 gui4 bing4	白			13		
手到病除	seu3 tau5 pʰiaŋ6 tsʰu2	seu3 dau4 piang5 cu2	shou3 dao4 bing4 chu2	白			13		
病休	pʰiaŋ6 ɕiu1	piang5 xiu1	bing4 xiu1	白			13		
病残	pʰiaŋ6 tsʰan2	piang5 can2	bing4 can2	白			13		
病退	pʰiaŋ6 tʰui3	piang5 tui3	bing4 tui4	白			13		
克山病	kʰiɛt7 san1 pʰiaŋ6	kiet6 san1 piang5	ke4 shan1 bing4	白			12		
老年病	lau3 ȵiɛn5 pʰiaŋ6	lau3 nien4 piang5	lao3 nian2 bing4	白			12		
骨病	kut7 pʰiaŋ6	gut6 piang5	gu3 bing4	白			12		
麻风病	ma5 fuŋ1 pʰiaŋ6	ma4 fung1 piang5	ma2 feng1 bing4	白			12		
幼稚病	iu5 tsʰɿ6 pʰiaŋ6	yiu4 ci5 piang5	you4 zhi4 bing4	白			11		
舞蹈病	u3 tʰau6 pʰiaŋ6	wu3 tau5 piang5	wu3 dao3 bing4	白			11		
药到病除	iɔʔ7 tau5 pʰiaŋ6 tsʰu2	yok6 dau4 piang5 cu2	yao4 dao4 bing4 chu2	白			11		
蛔虫病	fɨi5 tsʰuŋ2 pʰiaŋ6	fei4 cung2 piang5	hui2 chong2 bing4	白			11		
锥虫病	tsui1 tsʰuŋ2 pʰiaŋ6	zui1 cung2 piang5	zhui1 chong2 bing4	白			11		
挑毛病	tʰiɛu1 mau5 pʰiaŋ6	tieu1 mau4 piang5	tiao1 mao2 bing4	白			10		
病假条	pʰiaŋ6 ka3 tʰiɛu2	piang5 ga3 tieu2	bing4 jia4 tiao2	白			10		
红眼病	fuŋ5 ŋæn3 pʰiaŋ6	fung4 ngan3 piang5	hong2 yan3 bing4	白			10		
血清病	ɕyot7 tɕʰin1 pʰiaŋ6	xyuot6 qin1 piang5	xue4 qing1 bing4	白			10		
软腐病	ȵyon3 fu3 pʰiaŋ6	nyuon3 fu3 piang5	ruan3 fu3 bing4	白			10		
青枯病	tɕʰin1 kʰu1 pʰiaŋ6	qin1 ku1 piang5	qing1 ku1 bing4	白			10		
吸虫病	ɕit7 tsʰuŋ2 pʰiaŋ6	xit6 cung2 piang5	xi1 chong2 bing4	白			9		
大骨节病	tʰai6 kut7 tɕiɛt7 pʰiaŋ6	tai5 gut6 jiet6 piang5	da4 gu3 jie2 bing4	白			9		
晚疫病	uan3 yt7 pʰiaŋ6	wan3 yut6 piang5	wan3 yi4 bing4	白			9		
病征	pʰiaŋ6 tsɨn1	piang5 zen1	bing4 zheng1	白			9		
病案	pʰiaŋ6 ŋon5	piang5 ngon4	bing4 an4	白			9		
病病歪歪	pʰiaŋ6 pʰiaŋ6 uai1 uai1	piang5 piang5 wai1 wai1	bing4 bing4 wai1 wai1	白			9		
瘟病	uen1 pʰiaŋ6	wun1 piang5	wen1 bing4	白			9		
稻瘟病	tʰau6 uen1 pʰiaŋ6	tau5 wun1 piang5	dao4 wen1 bing4	白			9		
肠胃病	tsʰɔŋ2 ui6 pʰiaŋ6	cong2 wui5 piang5	chang2 wei4 bing4	白			9		
语病	ȵy3 pʰiaŋ6	nyu3 piang5	yu3 bing4	白			9		
贫病交加	pʰin2 pʰiaŋ6 kau1 ka1	pin2 piang5 gau1 ga1	pin2 bing4 jiao1 jia1	白			9		
赤霉病	tsʰɨt7 mi5 pʰiaŋ6	cet6 mi4 piang5	chi4 mei2 bing4	白			9		
阳明病	iɔŋ5 min5 pʰiaŋ6	yong4 min4 piang5	yang2 ming2 bing4	白			9		
霉菌病	mi5 tɕʰyn6 pʰiaŋ6	mi4 qyun5 piang5	mei2 jun1 bing4	白			9		
黑穗病	hɛt7 sui6 pʰiaŋ6	het6 sui5 piang5	hei1 sui4 bing4	白			9		
抗病力	kʰɔŋ2 pʰiaŋ6 lit7	kong2 piang5 lit6	kang4 bing4 li4	白			8		
热带病	lɛt7 tai5 pʰiaŋ6	let6 dai4 piang5	re4 dai4 bing4	白			8		
病毒感染	pʰiaŋ6 tʰuʔ8 kon3 ȵiɛn3	piang5 tuk7 gon3 nien3	bing4 du2 gan3 ran3	白			8		
分子病	fɨn1 tsɿ3 pʰiaŋ6	fen1 zi3 piang5	fen4 zi3 bing4	白			7		
患病者	fon6 pʰiaŋ6 tsa3	fon5 piang5 za3	huan4 bing4 zhe3	白			7		
气喘病	tɕʰi3 tsʰon5 pʰiaŋ6	qi3 con4 piang5	qi4 chuan3 bing4	白			7		
疑难病症	ȵi5 lan5 pʰiaŋ6 tsɨn5	ni4 lan4 piang5 zen4	yi2 nan2 bing4 zheng4	白			7		
病号服	pʰiaŋ6 hau6 fuʔ8	piang5 hau5 fuk7	bing4 hao4 fu2	白			7		
病毒程序	pʰiaŋ6 tʰuʔ8 tsʰɨn2 ɕy6	piang5 tuk7 cen2 xyu5	bing4 du2 cheng2 xu4	白			7		
硬皮病	ŋaŋ6 pʰi2 pʰiaŋ6	ngang5 pi2 piang5	ying4 pi2 bing4	白			7		
荣禄病	iuŋ5 luʔ7 pʰiaŋ6	yung4 luk6 piang5	rong2 lu4 bing4	白			7		
莱姆病	lai5 m6 pʰiaŋ6	lai4 m5 piang5	lai2 mu3 bing4	白			7		
运动病	yn6 tʰuŋ6 pʰiaŋ6	yun5 tung5 piang5	yun4 dong4 bing4	白			7		
银屑病	ȵin5 ɕiɛt7 pʰiaŋ6	nin4 xiet6 piang5	yin2 xie4 bing4	白			7		
闹病	lau6 pʰiaŋ6	lau5 piang5	nao4 bing4	白			7		
麻哩企刻	ma5 li0 tɕʰi3 kʰiɛt7	ma4 li0 qi3 kiet6	ma2 li1 qi3 ke4	赣	粗糙	cu1 cao1	100000		
蹊跷古怪	ɕi5 tɕʰieu1 ku3 kuai5	xi4 qieu1 gu3 guai4	qi1 qiao1 gu3 guai4	赣			100000		
约手约脚	iɔʔ7 ɕiu3 iɔʔ7 tɕiɔʔ7	yok6 xiu3 yok6 jiok6	yue1 shou3 yue1 jiao3	赣	指手画脚	zhi3 shou3 hua4 jiao3	100000		
作神做脉	tsɔʔ7 sɨn5 tsu5 mɛt7	zok6 sen4 zu4 met6	zuo4 shen2 zuo4 mai4	赣	故弄玄虚	gu4 nong4 xuan2 xu1	100000		
鹅头鹅脑	ŋo5 tʰɛu2 ŋo5 lau3	ngo4 teu2 ngo4 lau3	e2 tou2 e2 nao3	赣	呆头呆脑	dai1 tou2 dai1 nao3	100000		
哈嘛啷当	ha1 ma1 lɔːŋ1 tɔŋ1	ha1 ma1 long1 dong1	ha1 ma5 lang1 dang1	赣	一大堆	yi1 da4 dui1	100000		
不得耳信	pet7 tɛt0 ɵ3 ɕin5	bet6 det0 o3 xin4	bu4 de2 er3 xin4	赣	杳无音信	yao3 wu2 yin1 xin4	100000		
瘟猪寻水	uen1 tɕy1 tɕʰin2 sui3	wun1 jyu1 qin2 sui3	wen1 zhu1 xun2 shui3	赣	自找麻烦	zi4 zhao3 ma2 fan2	100000		
土哩土气	tʰu3 li0 tʰu3 tɕʰi3	tu3 li0 tu3 qi3	tu3 li1 tu3 qi4	赣			100000		
老搭老实	lau3 tat7 lau3 sɛt7	lau3 dat6 lau3 set6	lao3 da1 lao3 shi2	赣	老老实实	lao3 lao3 shi2 shi2	100000		
冇大冇细	mau1 tʰai6 mau1 ɕi5	mau1 tai5 mau1 xi4	mao3 da4 mao3 xi4	赣	没大没小	mei2 da4 mei2 xiao3	100000		
糊头颠脑	fu5 tʰɛu2 tiɛn1 lau3	fu4 teu2 dien1 lau3	hu2 tou2 dian1 nao3	赣	晕头转向	yun1 tou2 zhuan4 xiang4	100000		
拆墙拆壁	tsʰaʔ7 tɕʰiɔŋ2 tsʰaʔ7 piaʔ7	cak6 qiong2 cak6 biak6	chai1 qiang2 chai1 bi4	赣			100000		
添饭	tʰiɛn1 fan6	tien1 fan5	tian1 fan4	赣	盛饭	cheng2 fan4	100000		
一了	it7 liɛu3	yit6 lieu3	yi1 liao3	赣	一向	yi2 xiang4	100000		
一了哩	it7 liɛu3 li0	yit6 lieu3 li0	yi1 liao3 li1	赣	一直	yi4 zhi2	100000		
饿鬼抲喉	ŋo6 kui3 kʰa1 hɛu2	ngo5 gui3 ka1 heu2	e4 gui3 he1 hou2	赣	饥肠辘辘	ji1 chang2 lu4 lu4	100000		
湆骨	tɕʰit7 kut7	qit6 gut6	qi4 gu3	赣	刺骨	ci4 gu3	100000		
湆人	tɕʰit7 ȵin5	qit6 nin4	qi4 ren2	赣	冷死人	leng3 si3 ren2	100000		
冰冷湆骨	pin1 laŋ3 tɕʰit7 kut7	bin1 lang3 qit6 gut6	bing1 leng3 qi4 gu3	赣	冰冷刺骨	bing1 leng3 ci4 gu3	100000		
结壳	tɕiɛt7 kʰoʔ7	jiet6 kok6	jie2 ke2	赣	结痂	jie2 jia1	100000		
我屋里	ŋo3 ut7 li3	ngo3 wut6 li3	wo3 wu1 li3	赣	我家	wo3 jia1	100000		
我屋里爷	ŋo3 ut7 li3 ia5	ngo3 wut6 li3 ya4	wo3 wu1 li3 ye2	赣	我爸	wo3 ba4	100000		
我屋里娘	ŋo3 ut7 li3 ȵiɔŋ5	ngo3 wut6 li3 niong4	wo3 wu1 li3 niang2	赣	我妈	wo3 ma1	100000		
墩子塘	tɨn1 tsɿ0 tʰɔŋ2	den1 zi0 tong2	dun1 zi5 tang2	赣			100000		
建德观	tɕiɛn5 tɛt7 kuon5	jien4 det6 guon4	jian4 de2 guan1	赣			100000		
下沙窝	ha6 sa1 uo1	ha5 sa1 wo1	xia4 sha1 wo1	赣			100000		
上沙窝	sɔŋ6 sa1 uo1	song5 sa1 wo1	shang4 sha1 wo1	赣			100000		
东湖区	tuŋ1 fu5 tɕʰy1	dung1 fu4 qyu1	dong1 hu2 qu1	赣			100000		
红谷滩	fuŋ5 kuʔ7 tʰan1	fung4 guk6 tan1	hong2 gu3 tan1	赣			100000		
绳金塔	sɨn5 tɕin1 tʰat7	sen4 jin1 tat6	sheng2 jin1 ta3	赣			100000		
右营街	iu6 in5 kai1	yiu5 yin4 gai1	you4 ying2 jie1	赣			100000		
系马桩	tɕi5 ma3 tsɔːŋ1	ji4 ma3 zong1	xi4 ma3 zhuang1	赣			100000		
皇殿侧	uɔŋ5 tʰiɛn6 tsʰɛt7	wong4 tien5 cet6	huang2 dian4 ce4	赣			100000		
六眼井	liuʔ7 ŋæn3 tɕiaŋ3	liuk6 ngan3 jiang3	liu4 yan3 jing3	白			100000		
百花洲	paʔ7 fa1 tsɛu1	bak6 fa1 zeu1	bai3 hua1 zhou1	赣			100000		
永叔路	iuŋ3 suʔ7 lu6	yung3 suk6 lu5	yong3 shu1 lu4	赣			100000		
丁公路	tiaŋ1 kuŋ1 lu6	diang1 gung1 lu5	ding1 gong1 lu4	白			100000		
上沙沟	sɔŋ6 sa1 kiɛu1	song5 sa1 gieu1	shang4 sha1 gou1	赣			100000		
潮王洲	tsʰɛu2 uɔŋ5 tsɛu1	ceu2 wong4 zeu1	chao2 wang2 zhou1	赣			100000		
佑民寺	iu6 min5 sɿ6	yiu5 min4 si5	you4 min2 si4	赣			100000		
西山万寿宫	ɕi1 san1 uan6 ɕiu6 kuŋ1	xi1 san1 wan5 xiu5 gung1	xi1 shan1 wan4 shou4 gong1	赣			100000		
青山湖	tɕʰin1 san1 fu5	qin1 san1 fu4	qing1 shan1 hu2	赣			100000		
蒋巷	tɕiɔŋ3 hɔŋ6	jiong3 hong5	jiang3 xiang4	赣			100000		
乐化	lɔʔ7 ɸᴀ5	lok6 fa4	le4 hua4	赣			100000		
裘家洲	tɕʰiu2 ka1 tsɛu1	qiu2 ga1 zeu1	qiu2 jia1 zhou1	赣			100000		
生米	sɛn1 mi3	sen1 mi3	sheng1 mi3	文			100000		
八一桥	pat7 it7 tɕʰiɛu2	bat6 yit6 qieu2	ba1 yi1 qiao2	赣			100000		
八一大桥	pat7 it7 tʰai6 tɕʰiɛu2	bat6 yit6 tai5 qieu2	ba1 yi1 da4 qiao2	赣			100000		
英雄大桥	in1 ɕiuŋ5 tʰai6 tɕʰiɛu2	yin1 xiung4 tai5 qieu2	ying1 xiong2 da4 qiao2	赣			100000		
富大有路	fu5 tʰai6 iu3 lu6	fu4 tai5 yiu3 lu5	fu4 da4 you3 lu4	赣			100000		
孺子亭	ɵ6 tsɿ0 tʰin2	o5 zi0 tin2	ru2 zi5 ting2	文			100000		
听到	tʰiaŋ1 tau5	tiang1 dau4	ting1 dao4	白			55294	听得	
听见	tʰiaŋ1 tɕiɛn5	tiang1 jien4	ting1 jian4	白			4507		
听取	tʰiaŋ1 tɕʰy3	tiang1 qyu3	ting1 qu3	白			2984		
打听	ta3 tʰiaŋ1	da3 tiang1	da3 ting1	白			1627		
倾听	kʰiɛn1 tʰiaŋ1	kien1 tiang1	qing1 ting1	白			956		
听听	tʰiaŋ1 tʰiaŋ1	tiang1 tiang1	ting1 ting1	白			865		
听众	tʰiaŋ1 tsuŋ5	tiang1 zung4	ting1 zhong4	白			555		
听力	tʰiaŋ1 lit7	tiang1 lit6	ting1 li4	白			526		
听从	tʰiaŋ1 tsʰuŋ2	tiang1 cung2	ting1 cong2	白			508		
旁听	pʰɔŋ2 tʰiaŋ1	pong2 tiang1	pang2 ting1	白			399		
听觉	tʰiaŋ1 kɔʔ7	tiang1 gok6	ting1 jue2	白			338		
好听	hau3 tʰiaŋ1	hau3 tiang1	hao3 ting1	白			309		
垂帘听政	tsʰui2 liɛn5 tʰiaŋ1 tsɨn5	cui2 lien4 tiang1 zen4	chui2 lian2 ting1 zheng4	白			302		
听候	tʰiaŋ1 hɛu6	tiang1 heu5	ting1 hou4	白			297		
探听	tʰon3 tʰiaŋ1	ton3 tiang1	tan4 ting1	白			265		
听罢	tʰiaŋ1 pa5	tiang1 ba4	ting1 ba4	白			241		
骇人听闻	hai6 ȵin5 tʰiaŋ1 uen5	hai5 nin4 tiang1 wun4	hai4 ren2 ting1 wen2	白			223		
听懂	tʰiaŋ1 tuŋ3	tiang1 dung3	ting1 dong3	白			25219		
接听	tɕiɛt7 tʰiaŋ1	jiet6 tiang1	jie1 ting1	白			189		
听信	tʰiaŋ1 ɕin5	tiang1 xin4	ting1 xin4	白			185		
动听	tʰuŋ6 tʰiaŋ1	tung5 tiang1	dong4 ting1	白			177		
偷听	tʰɛu1 tʰiaŋ1	teu1 tiang1	tou1 ting1	白			163		
聆听	lin5 tʰiaŋ1	lin4 tiang1	ling2 ting1	白			161		
静听	tɕʰin6 tʰiaŋ1	qin5 tiang1	jing4 ting1	白			155		
窃听	tɕʰiɛt7 tʰiaŋ1	qiet6 tiang1	qie4 ting1	白			154		
难听	lan5 tʰiaŋ1	lan4 tiang1	nan2 ting1	白			137		
听任	tʰiaŋ1 lɨn6	tiang1 len5	ting1 ren4	白			134		
视听	sɿ6 tʰiaŋ1	si5 tiang1	shi4 ting1	白			132		
收听	sɛu1 tʰiaŋ1	seu1 tiang1	shou1 ting1	白			121		
监听	kan1 tʰiaŋ1	gan1 tiang1	jian1 ting1	白			25121		
听证会	tʰiaŋ1 tsɨn5 fɨi6	tiang1 zen4 fei5	ting1 zheng4 hui4	白			116		
听者	tʰiaŋ1 tsa3	tiang1 za3	ting1 zhe3	白			110		
侦听	tsɨn1 tʰiaŋ1	zen1 tiang1	zhen1 ting1	白			109		
听课	tʰiaŋ1 kʰuo5	tiang1 kuo4	ting1 ke4	白			105		
听天由命	tʰiaŋ1 tʰiɛn1 iu5 min6	tiang1 tien1 yiu4 min5	ting1 tian1 you2 ming4	白			101		
危言耸听	ui5 ȵiɛn5 suŋ3 tʰiaŋ1	wui4 nien4 sung3 tiang1	wei1 yan2 song3 ting1	白			95		
听错	tʰiaŋ1 tsʰo3	tiang1 co3	ting1 cuo4	白			95		
听命	tʰiaŋ1 min6	tiang1 min5	ting1 ming4	白			94		
听闻	tʰiaŋ1 uen5	tiang1 wun4	ting1 wen2	白			84		
言听计从	ȵiɛn5 tʰiaŋ1 tɕi5 tsʰuŋ2	nien4 tiang1 ji4 cung2	yan2 ting1 ji4 cong2	白			80		
听证	tʰiaŋ1 tsɨn5	tiang1 zen4	ting1 zheng4	白			79		
听凭	tʰiaŋ1 pʰin2	tiang1 pin2	ting1 ping2	白			78		
道听途说	tʰau6 tʰiaŋ1 tʰu2 sot7	tau5 tiang1 tu2 sot6	dao4 ting1 tu2 shuo1	白			77		
监听站	kan1 tʰiaŋ1 tsan5	gan1 tiang1 zan4	jian1 ting1 zhan4	白			76		
耸人听闻	suŋ3 ȵin5 tʰiaŋ1 uen5	sung3 nin4 tiang1 wun4	song3 ren2 ting1 wen2	白			75		
听讲	tʰiaŋ1 kɔŋ3	tiang1 gong3	ting1 jiang3	白			73		
听写	tʰiaŋ1 ɕia3	tiang1 xia3	ting1 xie3	白			67		
听戏	tʰiaŋ1 ɕi5	tiang1 xi4	ting1 xi4	白			65		
听筒	tʰiaŋ1 tʰuŋ2	tiang1 tung2	ting1 tong3	白			62		
听而不闻	tʰiaŋ1 ɵ5 pet7 uen5	tiang1 o4 bet6 wun4	ting1 er2 bu2 wen2	白			62		
郭靖听	kuɔʔ7 tɕʰin6 tʰiaŋ1	guok6 qin5 tiang1	guo1 jing4 ting1	白			53		
听之任之	tʰiaŋ1 tsɿ1 lɨn6 tsɿ1	tiang1 zi1 len5 zi1	ting1 zhi1 ren4 zhi1	白			48		
宋江听	suŋ5 kɔŋ1 tʰiaŋ1	sung4 gong1 tiang1	song4 jiang1 ting1	白			47		
闻听	uen5 tʰiaŋ1	wun4 tiang1	wen2 ting1	白			46		
听政	tʰiaŋ1 tsɨn5	tiang1 zen4	ting1 zheng4	白			44		
谛听	ti5 tʰiaŋ1	di4 tiang1	di4 ting1	白			43		
洗耳恭听	ɕi3 ɵ3 kuŋ1 tʰiaŋ1	xi3 o3 gung1 tiang1	xi3 er3 gong1 ting1	白			39		
听差	tʰiaŋ1 tsʰa1	tiang1 ca1	ting1 chai1	白			33		
耳听八方	ɵ3 tʰiaŋ1 pat7 fɔŋ1	o3 tiang1 bat6 fong1	er3 ting1 ba1 fang1	白			33		
听诊	tʰiaŋ1 tsɛn3	tiang1 zen3	ting1 zhen3	白			31		
听诊器	tʰiaŋ1 tsɛn3 tɕʰi3	tiang1 zen3 qi3	ting1 zhen3 qi4	白			31		
助听器	tsʰu6 tʰiaŋ1 tɕʰi3	cu5 tiang1 qi3	zhu4 ting1 qi4	白			29		
听不得	tʰiaŋ1 pet7 tɛt7	tiang1 bet6 det6	ting1 bu4 de2	白			25028		
听其言	tʰiaŋ1 tɕʰi2 ȵiɛn5	tiang1 qi2 nien4	ting1 qi2 yan2	白			26		
幻听	ɸæn6 tʰiaŋ1	fan5 tiang1	huan4 ting1	白			22		
混淆视听	fɨn6 hau2 sɿ6 tʰiaŋ1	fen5 hau2 si5 tiang1	hun4 xiao2 shi4 ting1	白			21		
狄云听	tʰit7 yn5 tʰiaŋ1	tit6 yun4 tiang1	di2 yun2 ting1	白			21		
试听	sɿ5 tʰiaŋ1	si4 tiang1	shi4 ting1	白			21		
郭襄听	kuɔʔ7 ɕiɔŋ1 tʰiaŋ1	guok6 xiong1 tiang1	guo1 xiang1 ting1	白			19		
偏听偏信	pʰiɛn1 tʰiaŋ1 pʰiɛn1 ɕin5	pien1 tiang1 pien1 xin4	pian1 ting1 pian1 xin4	白			18		
悉听尊便	ɕit7 tʰiaŋ1 tsun1 pʰiɛn2	xit6 tiang1 zun1 pien2	xi1 ting1 zun1 bian4	白			18		
段誉听	tʰon6 y6 tʰiaŋ1	ton5 yu5 tiang1	duan4 yu4 ting1	白			18		
重听	tsʰuŋ2 tʰiaŋ1	cung2 tiang1	zhong4 ting1	白			16		
听骨	tʰiaŋ1 kut7	tiang1 gut6	ting1 gu3	白			15		
娓娓动听	ui3 ui3 tʰuŋ6 tʰiaŋ1	wui3 wui3 tung5 tiang1	wei3 wei3 dong4 ting1	白			15		
窃听器	tɕʰiɛt7 tʰiaŋ1 tɕʰi3	qiet6 tiang1 qi3	qie4 ting1 qi4	白			15		
随身听	sui5 sɨn1 tʰiaŋ1	sui4 sen1 tiang1	sui2 shen1 ting1	白			14		
令狐冲听	lin6 fu5 tsʰuŋ1 tʰiaŋ1	lin5 fu4 cung1 tiang1	ling2 hu2 chong1 ting1	白			13		
俯首听命	fu3 seu3 tʰiaŋ1 min6	fu3 seu3 tiang1 min5	fu3 shou3 ting1 ming4	白			12		
听神经	tʰiaŋ1 sɨn5 tɕin1	tiang1 sen4 jin1	ting1 shen2 jing1	白			12		
好听话	hau3 tʰiaŋ1 ua6	hau3 tiang1 wa5	hao3 ting1 hua4	白			12		
李麦听	li3 met7 tʰiaŋ1	li3 met6 tiang1	li3 mai4 ting1	白			12		
听其自然	tʰiaŋ1 tɕʰi2 tsʰɿ6 lɛn5	tiang1 qi2 ci5 len4	ting1 qi2 zi4 ran2	白			11		
听阈	tʰiaŋ1 ɕyt7	tiang1 xyut6	ting1 yu4	白			11		
听讼	tʰiaŋ1 suŋ5	tiang1 sung4	ting1 song4	白			10		
明叔听	min5 suʔ7 tʰiaŋ1	min4 suk6 tiang1	ming2 shu1 ting1	白			10		
冯保听	fuŋ5 pau3 tʰiaŋ1	fung4 bau3 tiang1	feng2 bao3 ting1	白			9		
胡斐听	fu5 fɨi3 tʰiaŋ1	fu4 fei3 tiang1	hu2 fei3 ting1	白			9		
听宝玉	tʰiaŋ1 pau3 y6	tiang1 bau3 yu5	ting1 bao3 yu4	白			8		
旁听生	pʰɔŋ2 tʰiaŋ1 sɛn1	pong2 tiang1 sen1	pang2 ting1 sheng1	白			8		
郭祥听	kuɔʔ7 ɕiɔŋ5 tʰiaŋ1	guok6 xiong4 tiang1	guo1 xiang2 ting1	白			8		
闭目塞听	pi5 muʔ7 sɛt7 tʰiaŋ1	bi4 muk6 set6 tiang1	bi4 mu4 se4 ting1	白			8		
黄蓉听	uɔŋ5 iuŋ5 tʰiaŋ1	wong4 yung4 tiang1	huang2 rong2 ting1	白			8		
孔明听	kʰuŋ3 min5 tʰiaŋ1	kung3 min4 tiang1	kong3 ming2 ting1	白			7		
耳听为虚	ɵ3 tʰiaŋ1 ui6 ɕy1	o3 tiang1 wui5 xyu1	er3 ting1 wei4 xu1	白			7		
阿炳听	ŋa1 pin3 tʰiaŋ1	nga1 bin3 tiang1	a1 bing3 ting1	白			7		
阿紫听	ŋa1 tsɿ3 tʰiaŋ1	nga1 zi3 tiang1	a1 zi3 ting1	白			7		
龙亭	luŋ5 tʰin2	lung4 tin2	long2 ting2	文			406		
孙玉亭	sun1 y6 tʰin2	sun1 yu5 tin2	sun1 yu4 ting2	文			309		
碑亭	pi1 tʰin2	bi1 tin2	bei1 ting2	文			305		
殷梨亭	in1 li5 tʰin2	yin1 li4 tin2	yin1 li2 ting2	文			300		
宰牲亭	tsai3 sɛn1 tʰin2	zai3 sen1 tin2	zai3 sheng1 ting2	文			259		
王新亭	uɔŋ5 ɕin1 tʰin2	wong4 xin1 tin2	wang2 xin1 ting2	文			257		
李春亭	li3 tsʰun1 tʰin2	li3 cun1 tin2	li3 chun1 ting2	文			256		
亭子	tʰin2 tsɿ3	tin2 zi3	ting2 zi5	文			232		
柳敬亭	liu3 tɕin5 tʰin2	liu3 jin4 tin2	liu3 jing4 ting2	文			167		
李梅亭	li3 mi5 tʰin2	li3 mi4 tin2	li3 mei2 ting2	文			145		
韩雪亭	hon2 ɕyot7 tʰin2	hon2 xyuot6 tin2	han2 xue3 ting2	文			129		
凉亭	liɔŋ5 tʰin2	liong4 tin2	liang2 ting2	文			118		
海香亭	hai3 ɕiɔŋ1 tʰin2	hai3 xiong1 tin2	hai3 xiang1 ting2	文			110		
杨莲亭	iɔŋ5 liɛn5 tʰin2	yong4 lien4 tin2	yang2 lian2 ting2	文			104		
智亭山	tsɿ5 tʰin2 san1	zi4 tin2 san1	zhi4 ting2 shan1	文			93		
牡丹亭	mɛu3 tan1 tʰin2	meu3 dan1 tin2	mu3 dan1 ting2	文			52		
许雪亭	ɕy3 ɕyot7 tʰin2	xyu3 xyuot6 tin2	xu3 xue3 ting2	文			50		
亭台楼阁	tʰin2 tʰai2 lɛu5 kɔʔ7	tin2 tai2 leu4 gok6	ting2 tai2 lou2 ge2	文			46		
街亭	kai1 tʰin2	gai1 tin2	jie1 ting2	文			45		
亭子间	tʰin2 tsɿ3 kan1	tin2 zi3 gan1	ting2 zi5 jian1	文			39		
华亭	ɸᴀ5 tʰin2	fa4 tin2	hua2 ting2	文			37		
陶然亭	tʰau2 lɛn5 tʰin2	tau2 len4 tin2	tao2 ran2 ting2	文			35		
亭亭玉立	tʰin2 tʰin2 y6 lit7	tin2 tin2 yu5 lit6	ting2 ting2 yu4 li4	文			34		
长亭	tsʰɔŋ2 tʰin2	cong2 tin2	chang2 ting2	文			34		
岗亭	kɔŋ1 tʰin2	gong1 tin2	gang3 ting2	文			25		
茶亭	tsʰa2 tʰin2	ca2 tin2	cha2 ting2	文			23		
乐亭	lɔʔ7 tʰin2	lok6 tin2	lao4 ting2	文			22		
兰亭序	lan5 tʰin2 ɕy6	lan4 tin2 xyu5	lan2 ting2 xu4	文			22		
湖心亭	fu5 ɕin1 tʰin2	fu4 xin1 tin2	hu2 xin1 ting2	文			21		
亭台	tʰin2 tʰai2	tin2 tai2	ting2 tai2	文			19		
乐亭县	lɔʔ7 tʰin2 ɕiɛn6	lok6 tin2 xien5	lao4 ting2 xian4	文			18		
亭长	tʰin2 tsɔŋ3	tin2 zong3	ting2 zhang3	文			18		
华亭县	ɸᴀ5 tʰin2 ɕiɛn6	fa4 tin2 xien5	hua2 ting2 xian4	文			18		
和君亭	fo5 tɕyn1 tʰin2	fo4 jyun1 tin2	he2 jun1 ting2	文			18		
亭榭	tʰin2 ɕia6	tin2 xia5	ting2 xie4	文			17		
保亭	pau3 tʰin2	bau3 tin2	bao3 ting2	文			17		
八角亭	pat7 kɔʔ7 tʰin2	bat6 gok6 tin2	ba1 jiao3 ting2	文			16		
山亭	san1 tʰin2	san1 tin2	shan1 ting2	文			16		
于万亭	y5 uan6 tʰin2	yu4 wan5 tin2	yu2 wan4 ting2	文			15		
醉翁亭	tsui5 uŋ1 tʰin2	zui4 wung1 tin2	zui4 weng1 ting2	文			15		
竹亭	tsuʔ7 tʰin2	zuk6 tin2	zhu2 ting2	文			13		
但君亭	tʰan6 tɕyn1 tʰin2	tan5 jyun1 tin2	dan4 jun1 ting2	文			12		
兰亭	lan5 tʰin2	lan4 tin2	lan2 ting2	文			12		
暴纱亭	pʰau6 sa1 tʰin2	pau5 sa1 tin2	bao4 sha1 ting2	文			12		
顾亭林	ku5 tʰin2 lin5	gu4 tin2 lin4	gu4 ting2 lin2	文			12		
夏君亭	ha6 tɕyn1 tʰin2	ha5 jyun1 tin2	xia4 jun1 ting2	文			10		
新亭	ɕin1 tʰin2	xin1 tin2	xin1 ting2	文			9		
纪念亭	tɕi0 ȵiɛn6 tʰin2	ji0 nien5 tin2	ji4 nian4 ting2	文			9		
袁慰亭	yon5 ui3 tʰin2	yuon4 wui3 tin2	yuan2 wei4 ting2	文			8		
高朗亭	kau1 lɔŋ3 tʰin2	gau1 long3 tin2	gao1 lang3 ting2	文			8		
凤仪亭	fuŋ6 ȵi5 tʰin2	fung5 ni4 tin2	feng4 yi2 ting2	文			7		
李芳亭	li3 fɔŋ1 tʰin2	li3 fong1 tin2	li3 fang1 ting2	文			7		
松亭关	suŋ1 tʰin2 kuan1	sung1 tin2 guan1	song1 ting2 guan1	文			7		
玉亭叔	y6 tʰin2 suʔ7	yu5 tin2 suk6	yu4 ting2 shu1	文			7		
民德路	min5 tɛt7 lu6	min4 det6 lu5	min2 de2 lu4	赣			100000		
叠山路	tʰiet7 san1 lu6	tiet6 san1 lu5	die2 shan1 lu4	赣			100000		
羊子巷	iɔŋ5 tsɿ3 hɔŋ6	yong4 zi3 hong5	yang2 zi5 xiang4	赣			100000		
苏圃路	su1 pu3 lu6	su1 bu3 lu5	su1 pu3 lu4	赣			100000		
象山路	ɕiɔŋ6 san1 lu6	xiong5 san1 lu5	xiang4 shan1 lu4	赣			100000		
半步街	pon5 pʰu6 kai1	bon4 pu5 gai1	ban4 bu4 jie1	赣			100000		
榕门路	iuŋ5 mɨn5 lu6	yung4 men4 lu5	rong2 men2 lu4	赣			100000		
子固路	tsɿ3 ku5 lu6	zi3 gu4 lu5	zi5 gu4 lu4	赣			100000		
大士院	tʰai6 sɿ6 yon6	tai5 si5 yuon5	da4 shi4 yuan4	赣			100000		
蛤蟆街	ha5 ma0 kai1	ha4 ma0 gai1	ha2 ma5 jie1	赣			100000		
珠宝街	tɕy1 pau3 kai1	jyu1 bau3 gai1	zhu1 bao3 jie1	赣			100000		
后墙路	hɛu6 tɕʰiɔŋ2 lu6	heu5 qiong2 lu5	hou4 qiang2 lu4	赣			100000		
豆豉巷	tʰɛu6 sɿ0 hɔŋ6	teu5 si0 hong5	dou4 chi3 xiang4	赣			100000		
火神庙	fo3 sɨn5 miɛu6	fo3 sen4 mieu5	huo3 shen2 miao4	赣			100000		
出新路	tsʰuʔ7 ɕin1 lu6	cuk6 xin1 lu5	chu1 xin1 lu4	赣			100000		
胜利路	sɨn5 li6 lu6	sen4 li5 lu5	sheng4 li4 lu4	赣			100000		
怄气	ŋiɛu5 tɕʰi3	ngieu4 qi3	ou4 qi4	赣	斗气	dou4 qi4	100000		
沤热	ŋiɛu5 lɛt7	ngieu4 let6	ou1 re4	赣	闷热	men1 re4	100000		
有滴	iu3 tiaʔ7	yiu3 diak6	you3 di1	赣	有点	you3 dian3	100000		
许是	ɕy3 sɿ6	xyu3 si5	xu3 shi4	赣	那是	na4 shi4	135620		
迹耳	tɕiaʔ7 ɵ3	jiak6 o3	ji4 er3	白	刺耳	ci4 er3	100000		
迹眼	tɕiaʔ7 ŋæn3	jiak6 ngan3	ji4 yan3	白	扎眼/惹人注目		100000		
一滴	it7 tiaʔ7	yit6 diak6	yi1 di1	白	一点	yi4 dian3	135620		
驮了卵	tʰo2 liɛu0 lon3	to2 lieu0 lon3	tuo2 le5 luan3	赣	完蛋	wan2 dan4	100000		
都包	tu1 pau1	du1 bau1	dou1 bao1	赣	绕弯	rao4 wan1	100000		
驮得住	tʰo2 tɛt7 tsʰu6	to2 det6 cu5	tuo2 de2 zhu4	赣	受得了	shou4 de2 le5	131520		
驮不住	tʰo2 pet7 tsʰu6	to2 bet6 cu5	tuo2 bu2 zhu4	赣	受不了	shou4 bu4 liao3	126520		
像绝了	tɕʰiɔŋ6 tɕʰyot8 le0	qiong5 qyuot7 le0	xiang4 jue2 le5	赣	像极了	xiang4 ji2 le5	100000		
像到	tɕʰiɔŋ6 tau0	qiong5 dau0	xiang4 dao4	赣			100000		
夹忙	kat7 mɔŋ5	gat6 mong4	jia1 mang2	赣	添乱	tian1 luan4	56520		
啯叫	kue1 tɕiɛu5	gue1 jieu4	guo1 jiao4	赣	呱叫	gu1 jiao4	132503		
