本词	国际音标	方言拼音	汉语拼音	词汇属性	对应官话词	官话拼音	词频	同义词	新旧标记
㔶		kong	gong4	赣			30000		
㦿		kang	qian3	赣			60000		
㲃		jiu	jiu4	赣			30000		
䁐		yang	ying1	赣			30000		
䞀		heu	hou4	赣			30000		
一		yi	yi1	赣			217830		
丁		diang	ding1	赣			120000		
七		qi	qi1	赣			120000		
万		wan	wan4	赣			120000		
丈		dong	zhang4	赣			120000		
丈		jiong	zhang4	赣			120000		
三		san	san1	赣			120000		
上		song	shang4	赣			258101		
上		xiong	shang4	赣			258101		
下		ha	xia4	赣			120000		
不		bei	bu4	赣			360331		
与		yu	yu3	赣			160984		
丐		goi	gai4	赣			120000		
丑		ceu	chou3	赣			120000		
专		don	zhuan1	赣			30000		
专		jon	zhuan1	赣			120000		
且		qia	qie3	赣			120000		
且		qie	qie3	赣			30000		
丕		pi	pi1	赣			120000		
世		si	shi4	赣			120000		
丘		qiu	qiu1	赣			120000		
丙		bin	bing3	赣			120000		
业		nie	ye4	赣			120000		
丛		ceng	cong2	赣			120000		
东		deng	dong1	赣			120000		
丝		su	si1	赣			120000		
丞		cen	cheng2	赣			120000		
丢		diu	diu1	赣			30000		
两		liong	liang3	赣			30000		
两		yong	liang3	赣			120000		
严		nien	yan2	赣			120000		
丧		song	sang4	赣			120000		
个		go	ge4	赣			142747		
丫		nga	ya1	赣			120000		
中		jiung	zhong1	赣			243191		
丰		feng	feng1	赣			120000		
串		qon	chuan4	赣			120000		
临		lin	lin2	赣			120000		
丸		yon	wan2	赣			120000		
丹		dan	dan1	赣			120000		
为		wei	wei4	赣			295952		
主		jyu	zhu3	赣			120000		
丽		li	li4	赣			120000		
举		jyu	ju3	赣			120000		
乂		ngoi	yi4	赣			120000		
乃		lai	nai3	赣			120000		
久		jiu	jiu3	赣			120000		
么		me	me5	赣			120000		
义		ni	yi4	赣			120000		
之		zi	zhi1	赣			140957		
乌		wu	wu1	赣			120000		
乍		za	zha4	赣			120000		
乍		zang	zha4	赣			120000		
乎		fu	hu1	赣			120000		
乏		fa	fa2	赣			30000		
乐		lo	le4	赣			120000		
乐		nyue	le4	赣			30000		
乒		pin	ping1	赣			30000		
乓		pon	pang1	赣			30000		
乓		pong	pang1	赣			7500		
乔		qieu	qiao2	赣			120000		
乖		guai	guai1	赣			120000		
乘		cen	cheng2	赣			120000		
乙		yi	yi3	赣			120000		
乜		mie	mie1	赣			120000		
九		jiu	jiu3	赣			120000		
乞		qi	qi3	赣			120000		
也		ya	ye3	赣			307851		
习		xi	xi2	赣			120000		
乡		xiong	xiang1	赣			120000		
书		xyu	shu1	赣			120000		
买		mai	mai3	赣			120000		
乱		lon	luan4	赣			120000		
乳		lu	ru3	赣			120000		
乳		nyu	ru3	赣			30000		
乾		qien	qian2	赣			120000		
了		li	le5	赣			883634		
了		lieu	le5	赣			220908		
予		yu	yu3	赣			120000		
争		dang	zheng1	赣			120000		
争		zang	zheng1	赣			120000		
事		si	shi4	赣			30000		
事		su	shi4	赣			120000		
二		e	er4	赣			120000		
亍		qyu	chu4	赣			120000		
于		yu	yu2	赣			120000		
亏		kui	kui1	赣			120000		
云		yun	yun2	赣			120000		
互		fu	hu4	赣			120000		
五		ng	wu3	赣			120000		
井		jiang	jing3	赣			30000		
亘		xon	gen4	赣			120000		
亚		nga	ya4	赣			120000		
些		ji	xie1	赣			120000		
些		si	xie1	赣			30000		
亟		ji	ji2	赣			120000		
亡		wong	wang2	赣			120000		
亢		gong	kang4	赣			120000		
亢		kang	kang4	赣			24000		
交		gau	jiao1	赣			30000		
亥		hoi	hai4	赣			120000		
亦		yi	yi4	赣			120000		
产		can	chan3	赣			120000		
产		san	chan3	赣			120000		
亨		hen	heng1	赣			60000		
亩		meu	mu3	赣			30000		
享		xiong	xiang3	赣			30000		
京		jin	jing1	赣			34488		
亭		tin	ting2	赣			120000		
亮		liong	liang4	赣			120000		
亲		qiang	qin1	赣			120000		
亲		qin	qin1	赣			30000		
亳		bo	bo2	赣			120000		
亳		po	bo2	赣			24000		
亳		pu	bo2	赣			30000		
亵		sie	xie4	赣			30000		
亵		xie	xie4	赣			120000		
亶		dan	dan3	赣			30000		
亶		zan	dan3	赣			120000		
亸		do	duo3	赣			120000		
人		lin	ren2	赣			313209		
人		nin	ren2	赣			313209		
亿		yi	yi4	赣			120000		
什		sa	shen2	赣			30000		
什		xia	shen2	赣			120000		
仁		lin	ren2	赣			30000		
仁		nin	ren2	赣			120000		
仂		le	le4	赣			120000		
仂		li	le4	赣			30000		
仃		diang	ding1	赣			120000		
仄		ze	ze4	赣			120000		
仅		jin	jin3	赣			120000		
仆		pu	pu1	赣			120000		
仇		ceu	chou2	赣			120000		
仉		jiong	zhang3	赣			120000		
今		jia	jin1	赣			60000		
今		jin	jin1	赣			30000		
介		gai	jie4	赣			30000		
仍		len	reng2	赣			120000		
从		qiung	cong2	赣			120000		
仑		len	lun2	赣			120000		
仓		cong	cang1	赣			120000		
仔		ji	zai3	赣			24000		
仔		zai	zai3	赣			120000		
仔		zi	zai3	赣			30000		
仕		si	shi4	赣			120000		
他		gie	ta1	赣			401339		
他		ta	ta1	赣			401339		
仗		dong	zhang4	赣			30000		
仗		jiong	zhang4	赣			120000		
付		fu	fu4	赣			120000		
仙		xien	xian1	赣			120000		
仞		len	ren4	赣			120000		
仞		lin	ren4	赣			30000		
仟		qien	qian1	赣			120000		
仡		go	ge1	赣			24000		
仡		qi	ge1	赣			120000		
仡		yi	ge1	赣			30000		
代		toi	dai4	赣			120000		
令		liang	ling4	赣			30000		
令		lin	ling4	赣			120000		
以		yi	yi3	赣			136106		
仪		ni	yi2	赣			30000		
仪		yi	yi2	赣			120000		
们		men	men5	赣			98740		
仰		yong	yang3	赣			120000		
仲		jiung	zhong4	赣			120000		
仳		bi	pi3	赣			120000		
仳		feu	pi3	赣			24000		
仳		pi	pi3	赣			30000		
仵		ng	wu3	赣			120000		
仵		wu	wu3	赣			30000		
件		qien	jian4	赣			120000		
价		ga	jia4	赣			30000		
任		len	ren4	赣			30000		
任		lin	ren4	赣			120000		
份		fen	fen4	赣			120000		
仿		fong	fang3	赣			120000		
企		qi	qi3	赣			120000		
伉		kang	kang4	赣			30000		
伉		kong	kang4	赣			120000		
伊		yi	yi1	赣			120000		
伋		gie	ji2	赣			7500		
伋		ji	ji2	赣			30000		
伍		ng	wu3	赣			30000		
伎		ji	ji4	赣			120000		
伏		fu	fu2	赣			120000		
伐		fai	fa2	赣			120000		
休		xiu	xiu1	赣			120000		
众		qiung	zhong4	赣			120000		
优		yiu	you1	赣			120000		
伙		fo	huo3	赣			120000		
会		fi	hui4	赣			120000		
会		wei	hui4	赣			30000		
伛		yu	yu3	赣			30000		
伞		san	san3	赣			120000		
伟		wei	wei3	赣			120000		
传		qon	chuan2	赣			120000		
传		ton	chuan2	赣			30000		
伤		song	shang1	赣			30000		
伤		xiong	shang1	赣			120000		
伥		qiong	chang1	赣			120000		
伦		len	lun2	赣			30000		
伧		cong	cang1	赣			120000		
伧		qien	cang1	赣			30000		
伪		wei	wei3	赣			30000		
伫		qyu	zhu4	赣			120000		
伯		ba	bo2	赣			30000		
伯		be	bo2	赣			120000		
估		gu	gu1	赣			30000		
伴		pon	ban4	赣			120000		
伶		lin	ling2	赣			30000		
伸		sen	shen1	赣			120000		
伸		xin	shen1	赣			30000		
伺		su	ci4	赣			120000		
似		si	shi4	赣			120000		
伽		ga	ga1	赣			120000		
伽		qyue	ga1	赣			30000		
伾		pi	pi1	赣			120000		
佃		xi	dian4	赣			120000		
但		tan	dan4	赣			120000		
位		wei	wei4	赣			120000		
低		di	di1	赣			120000		
住		qyu	zhu4	赣			120000		
佐		zo	zuo3	赣			120000		
佑		yiung	you4	赣			120000		
体		ti	ti3	赣			120000		
何		ho	he2	赣			120000		
佗		to	tuo2	赣			120000		
余		yu	yu2	赣			120000		
佚		yi	yi4	赣			120000		
佛		fo	fu2	赣			120000		
作		zo	zuo4	赣			120000		
佝		gieu	gou1	赣			120000		
佝		heu	gou1	赣			30000		
佞		nin	ning4	赣			120000		
佟		deng	tong2	赣			120000		
你		n	ni3	赣			58646		
你		ni	ni3	赣			234587		
佣		yiung	yong1	赣			120000		
佥		gan	qian1	赣			120000		
佥		lien	qian1	赣			24000		
佥		qien	qian1	赣			30000		
佩		pi	pei4	赣			120000		
佯		yong	yang2	赣			120000		
佰		me	bai3	赣			120000		
佳		ga	jia1	赣			30000		
佴		e	er4	赣			120000		
佴		lai	er4	赣			30000		
佴		len	er4	赣			24000		
佶		bi	ji2	赣			20000		
佶		ji	ji2	赣			30000		
佶		mi	ji2	赣			24000		
佶		qi	ji2	赣			120000		
佻		tieu	tiao1	赣			120000		
佼		kau	jiao3	赣			120000		
佾		yi	yi4	赣			120000		
使		si	shi3	赣			120000		
侃		kon	kan3	赣			120000		
侄		ci	zhi2	赣			120000		
侈		ci	chi3	赣			120000		
侉		bo	kua3	赣			2400		
侉		co	kua3	赣			12000		
侉		mo	kua3	赣			3000		
侉		po	kua3	赣			2000		
例		li	li4	赣			30000		
侍		si	shi4	赣			120000		
侏		jyu	zhu1	赣			120000		
侑		fi	you4	赣			24000		
侑		lei	you4	赣			30000		
侑		yiu	you4	赣			120000		
侑		yiung	you4	赣			20000		
侔		mau	mou2	赣			120000		
侔		meu	mou2	赣			30000		
侗		teng	dong4	赣			120000		
供		jiung	gong1	赣			30000		
依		yi	yi1	赣			30000		
侠		ha	xia2	赣			120000		
侣		lyu	lv3	赣			30000		
侥		dieu	jiao3	赣			3000		
侥		lieu	jiao3	赣			12000		
侥		tieu	jiao3	赣			2400		
侥		xieu	jiao3	赣			2000		
侦		zen	zhen1	赣			120000		
侧		ze	ce4	赣			120000		
侨		qieu	qiao2	赣			120000		
侩		fi	kuai4	赣			12000		
侩		kuai	kuai4	赣			3000		
侪		cai	chai2	赣			120000		
侬		leng	nong2	赣			120000		
侮		lu	wu3	赣			120000		
侯		heu	hou2	赣			30000		
侵		qin	qin1	赣			120000		
便		pien	bian4	赣			120000		
促		cu	cu4	赣			120000		
俄		ngo	e2	赣			30000		
俅		ceu	qiu2	赣			30000		
俅		qiu	qiu2	赣			120000		
俊		jyun	jun4	赣			120000		
俎		jyu	zu3	赣			120000		
俏		qieu	qiao4	赣			120000		
俐		li	li4	赣			30000		
俑		teng	yong3	赣			30000		
俑		yiung	yong3	赣			120000		
俗		su	su2	赣			120000		
俘		fu	fu2	赣			120000		
俚		li	li3	赣			30000		
俜		pin	ping1	赣			120000		
保		bau	bao3	赣			120000		
俞		bei	yu2	赣			20000		
俞		fu	yu2	赣			30000		
俞		yeu	yu2	赣			24000		
俞		yu	yu2	赣			120000		
俟		yi	qi2	赣			120000		
信		xin	xin4	赣			120000		
俣		fu	yu3	赣			12000		
俣		jyu	yu3	赣			3000		
俣		xyu	yu3	赣			2000		
俣		yu	yu3	赣			2400		
俦		dau	chou2	赣			120000		
俦		qiu	chou2	赣			30000		
俨		ngien	yan3	赣			120000		
俩		liong	lia3	赣			30000		
俪		li	li4	赣			30000		
俭		jien	jian3	赣			30000		
修		xiu	xiu1	赣			120000		
俯		fu	fu3	赣			120000		
俱		jyu	ju4	赣			30000		
俳		pai	pai2	赣			120000		
俵		bieu	biao4	赣			120000		
俶		xu	chu4	赣			120000		
俸		feng	feng4	赣			120000		
俺		ngan	an3	赣			30000		
俾		bi	bi3	赣			120000		
倌		gon	guan1	赣			2400		
倌		guon	guan1	赣			12000		
倌		kuon	guan1	赣			3000		
倌		qon	guan1	赣			2000		
倍		pi	bei4	赣			120000		
倏		xyu	shu1	赣			120000		
倒		dau	dao4	赣			120000		
倓		tan	tan2	赣			120000		
倔		jyue	jue2	赣			30000		
倘		tong	tang3	赣			30000		
候		heu	hou4	赣			31521		
倚		qi	yi3	赣			30000		
倜		ti	ti4	赣			120000		
倞		jin	jing4	赣			30000		
借		jia	jie4	赣			120000		
倡		qiong	chang4	赣			120000		
倡		tong	chang4	赣			120000		
倥		kung	kong1	赣			120000		
倦		jon	juan4	赣			30000		
倨		jyu	ju4	赣			30000		
倩		jien	qian4	赣			3000		
倩		lien	qian4	赣			2000		
倩		tien	qian4	赣			12000		
倩		yen	qian4	赣			2400		
倪		e	ni2	赣			30000		
倬		zo	zhuo1	赣			120000		
倭		do	wo1	赣			2000		
倭		fo	wo1	赣			2400		
倭		to	wo1	赣			12000		
倭		wei	wo1	赣			3000		
债		cai	zhai4	赣			120000		
债		zai	zhai4	赣			120000		
值		di	zhi2	赣			30000		
值		zi	zhi2	赣			120000		
倾		qin	qing1	赣			120000		
偃		yen	yan3	赣			30000		
假		ga	jia3	赣			30000		
偈		jie	ji4	赣			30000		
偈		li	ji4	赣			7500		
偈		si	ji4	赣			5000		
偈		zi	ji4	赣			6000		
偎		wei	wei1	赣			30000		
偏		pien	pian1	赣			120000		
偕		gai	xie2	赣			30000		
偕		koi	xie2	赣			7500		
做		zu	zuo4	赣			50331		
停		tin	ting2	赣			30000		
健		qien	jian4	赣			30000		
偬		zeng	zong3	赣			120000		
偲		cai	cai1	赣			6000		
偲		si	cai1	赣			7500		
偲		su	cai1	赣			30000		
偶		ngieu	ou3	赣			30000		
偷		teu	tou1	赣			120000		
偻		leu	lou2	赣			30000		
偻		lyu	lou2	赣			7500		
偾		fen	fen4	赣			120000		
偿		qiong	chang2	赣			60000		
偿		xiong	chang2	赣			30000		
傀		kui	gui1	赣			30000		
傅		fu	fu4	赣			120000		
傍		pong	bang4	赣			30000		
傥		tong	tang3	赣			120000		
傧		bin	bin1	赣			120000		
储		cu	chu3	赣			30000		
储		qyu	chu3	赣			120000		
傩		lo	nuo2	赣			120000		
傩		na	nuo2	赣			30000		
催		cei	cui1	赣			30000		
傲		ngau	ao4	赣			30000		
傻		sa	sha3	赣			120000		
傻		sen	sha3	赣			30000		
僇		liu	lu4	赣			30000		
僇		lu	lu4	赣			7500		
像		xiong	xiang4	赣			120000		
僖		xi	xi1	赣			120000		
僚		lieu	liao2	赣			30000		
僦		jiu	jiu4	赣			120000		
僧		sen	seng1	赣			30000		
僬		jieu	jiao1	赣			120000		
僭		jien	jian4	赣			120000		
僮		teng	tong2	赣			30000		
僰		ji	bo2	赣			7500		
僰		pu	bo2	赣			5000		
僰		si	bo2	赣			30000		
僰		zi	bo2	赣			6000		
僵		jiung	jiang1	赣			30000		
僻		pi	pi4	赣			120000		
儆		jin	jing3	赣			30000		
儆		qin	jing3	赣			7500		
儇		xon	xuan1	赣			120000		
儋		dan	dan1	赣			120000		
儒		lu	ru2	赣			120000		
儡		lei	lei3	赣			30000		
儿		e	er2	赣			120000		
儿		ji	er2	赣			30000		
兀		bo	wu4	赣			3000		
兀		tu	wu4	赣			12000		
兀		wai	wu4	赣			2000		
兀		zu	wu4	赣			2400		
允		yun	yun3	赣			30000		
元		nien	yuan2	赣			30000		
元		yon	yuan2	赣			30000		
兄		xiang	xiong1	赣			120000		
充		qiung	chong1	赣			120000		
兆		zeu	zhao4	赣			120000		
先		xien	xian1	赣			30000		
光		guong	guang1	赣			30000		
克		kie	ke4	赣			30000		
免		mien	mian3	赣			120000		
兑		dei	dui4	赣			30000		
兔		tu	tu4	赣			120000		
兕		bi	si4	赣			120000		
兕		ji	si4	赣			24000		
兕		si	si4	赣			30000		
兕		zi	si4	赣			20000		
兖		yen	yan3	赣			12000		
党		dong	dang3	赣			120000		
兜		deu	dou1	赣			30000		
兢		jin	jing1	赣			30000		
入		lu	ru4	赣			120000		
全		qon	quan2	赣			120000		
全		ton	quan2	赣			30000		
八		bai	ba1	赣			120000		
公		gung	gong1	赣			45604		
六		liu	liu4	赣			30000		
兮		wa	xi1	赣			3000		
兮		xie	xi1	赣			12000		
兰		lan	lan2	赣			30000		
共		kung	gong4	赣			30000		
关		guan	guan1	赣			32105		
关		kuan	guan1	赣			32105		
兴		xin	xing1	赣			120000		
兵		bin	bing1	赣			120000		
其		gi	qi2	赣			14264		
其		gie	qi2	赣			17830		
其		ji	qi2	赣			11887		
其		qi	qi2	赣			71322		
具		jyu	ju4	赣			30000		
典		dien	dian3	赣			30000		
兹		zu	zi1	赣			120000		
养		yong	yang3	赣			30000		
兼		jien	jian1	赣			30000		
兽		seu	shou4	赣			120000		
冀		yi	ji4	赣			30000		
内		nyu	nei4	赣			120000		
冇		mau	mao3	赣			90000		
冈		gong	gang1	赣			30000		
冉		len	ran3	赣			120000		
册		ca	ce4	赣			120000		
再		zoi	zai4	赣			55507		
冒		mau	mao4	赣			120000		
冕		mien	mian3	赣			120000		
冗		leng	rong3	赣			30000		
写		xia	xie3	赣			30000		
军		jyun	jun1	赣			30000		
农		leng	nong2	赣			120000		
冠		guon	guan1	赣			30000		
冢		zong	zhong3	赣			120000		
冤		yuon	yuan1	赣			30000		
冥		miang	ming2	赣			30000		
冥		min	ming2	赣			120000		
冬		deng	dong1	赣			30000		
冯		feng	feng2	赣			120000		
冰		bin	bing1	赣			30000		
冱		fu	hu4	赣			30000		
冲		qiung	chong1	赣			120000		
决		go	jue2	赣			120000		
况		kuong	kuang4	赣			32833		
冶		ya	ye3	赣			30000		
冷		lang	leng3	赣			30000		
冻		deng	dong4	赣			30000		
冽		lie	lie4	赣			30000		
净		qin	jing4	赣			120000		
凄		qi	qi1	赣			30000		
准		jyun	zhun3	赣			120000		
凇		seng	song1	赣			120000		
凉		liong	liang2	赣			60000		
凋		dieu	diao1	赣			30000		
凌		len	ling2	赣			7500		
凌		lin	ling2	赣			30000		
减		gan	jian3	赣			30000		
减		gang	jian3	赣			120000		
凑		ceu	cou4	赣			30000		
凛		lin	lin3	赣			30000		
凝		nin	ning2	赣			30000		
几		ji	ji3	赣			60000		
凡		fan	fan2	赣			120000		
凤		feng	feng4	赣			120000		
凫		fu	fu2	赣			120000		
凫		pau	fu2	赣			30000		
凭		be	ping2	赣			30000		
凭		pin	ping2	赣			30000		
凯		koi	kai3	赣			30000		
凰		fong	huang2	赣			30000		
凳		den	deng4	赣			30000		
凶		xiung	xiong1	赣			120000		
凸		tu	tu1	赣			30000		
凹		au	ao1	赣			30000		
凹		ngau	ao1	赣			30000		
出		qyu	chu1	赣			120000		
出		tu	chu1	赣			120000		
击		ji	ji1	赣			30000		
函		hon	han2	赣			30000		
凿		zau	zao2	赣			120000		
刀		dau	dao1	赣			30000		
刁		dieu	diao1	赣			30000		
刃		len	ren4	赣			30000		
分		fen	fen1	赣			200000		
切		coi	qie4	赣			7500		
切		qie	qie4	赣			30000		
刈		ngoi	yi4	赣			30000		
刊		kon	kan1	赣			30000		
刍		qyu	chu2	赣			120000		
刎		wen	wen3	赣			120000		
刑		xin	xing2	赣			30000		
划		fa	hua4	赣			30000		
刖		bo	yue4	赣			3000		
刖		tu	yue4	赣			12000		
刖		wai	yue4	赣			2000		
刖		zu	yue4	赣			2400		
列		lie	lie4	赣			120000		
刘		liu	liu2	赣			30000		
则		ze	ze2	赣			32160		
刚		gong	gang1	赣			30000		
创		cong	chuang4	赣			120000		
创		tong	chuang4	赣			120000		
初		cu	chu1	赣			30000		
初		qyu	chu1	赣			120000		
删		san	shan1	赣			30000		
删		son	shan1	赣			120000		
判		pon	pan4	赣			120000		
刨		pau	pao2	赣			30000		
利		li	li4	赣			30000		
别		pie	bie2	赣			30000		
别		pien	bie2	赣			7500		
刭		bin	jing3	赣			3000		
刭		lang	jing3	赣			2000		
刭		tiang	jing3	赣			2400		
刭		tin	jing3	赣			12000		
刮		guai	gua1	赣			30000		
到		dau	dao4	赣			205341		
刳		ku	ku1	赣			3000		
刳		kua	ku1	赣			12000		
制		zi	zhi4	赣			120000		
刷		soi	shua1	赣			120000		
券		qyuon	quan4	赣			30000		
刹		sai	sha1	赣			120000		
刺		cu	ci4	赣			30000		
刺		le	ci4	赣			7500		
刻		kie	ke4	赣			30000		
刽		kuai	gui4	赣			30000		
刿		wei	gui4	赣			12000		
刿		xi	gui4	赣			3000		
刿		xyu	gui4	赣			2400		
刿		zyui	gui4	赣			2000		
剀		coi	kai3	赣			3000		
剀		loi	kai3	赣			2000		
剀		toi	kai3	赣			12000		
剀		zoi	kai3	赣			2400		
剂		ji	ji4	赣			120000		
剃		ti	ti4	赣			30000		
剅		deu	lou2	赣			30000		
削		xieu	xue1	赣			30000		
剌		cu	la2	赣			30000		
前		qien	qian2	赣			62779		
剐		gua	gua3	赣			30000		
剑		jien	jian4	赣			30000		
剔		ti	ti1	赣			30000		
剖		peu	pou1	赣			120000		
剜		wan	wan1	赣			30000		
剞		gui	ji1	赣			3000		
剞		kui	ji1	赣			12000		
剟		co	duo1	赣			3000		
剟		me	duo1	赣			2400		
剟		pai	duo1	赣			12000		
剟		woi	duo1	赣			2000		
剡		yen	shan4	赣			120000		
剥		bo	bo1	赣			30000		
剧		jyu	ju4	赣			30000		
剩		sen	sheng4	赣			120000		
剩		yang	sheng4	赣			30000		
剪		jien	jian3	赣			30000		
剪		kan	jian3	赣			7500		
副		fu	fu4	赣			120000		
割		goi	ge1	赣			30000		
剽		pieu	piao1	赣			30000		
剿		jieu	jiao3	赣			30000		
劁		mieu	qiao1	赣			2000		
劁		qieu	qiao1	赣			12000		
劁		yeu	qiao1	赣			2400		
劁		zeu	qiao1	赣			3000		
劂		gai	jue2	赣			12000		
劈		pia	pi1	赣			30000		
劐		fo	huo1	赣			30000		
劓		bi	yi4	赣			30000		
劓		li	yi4	赣			6000		
劓		qi	yi4	赣			5000		
劓		zi	yi4	赣			7500		
力		li	li4	赣			30000		
劝		qyuon	quan4	赣			30000		
办		pan	ban4	赣			30000		
功		gung	gong1	赣			30000		
加		ga	jia1	赣			30000		
务		wu	wu4	赣			120000		
劢		mai	mai4	赣			30000		
劣		lie	lie4	赣			30000		
动		teng	dong4	赣			30000		
助		jyu	zhu4	赣			30000		
助		tu	zhu4	赣			120000		
努		lu	nu3	赣			120000		
劫		jie	jie2	赣			30000		
劬		jyu	qu2	赣			30000		
劭		zeu	shao4	赣			120000		
励		li	li4	赣			30000		
劲		jin	jin4	赣			30000		
劳		lau	lao2	赣			30000		
劾		coi	he2	赣			12000		
劾		fo	he2	赣			2000		
劾		toi	he2	赣			3000		
劾		zoi	he2	赣			2400		
势		si	shi4	赣			120000		
勃		bo	bo2	赣			30000		
勇		yiung	yong3	赣			30000		
勉		mien	mian3	赣			30000		
勋		xun	xun1	赣			30000		
勍		jiang	qing2	赣			3000		
勍		qin	qing2	赣			12000		
勒		lei	lei1	赣			30000		
勒		tia	lei1	赣			7500		
勘		kon	kan1	赣			120000		
勚		li	yi4	赣			3000		
勚		xie	yi4	赣			2400		
勚		yi	yi4	赣			12000		
募		mu	mu4	赣			30000		
勤		qin	qin2	赣			30000		
勰		ha	xie2	赣			12000		
勰		xie	xie2	赣			3000		
勰		ye	xie2	赣			2400		
勺		xio	shao2	赣			120000		
勾		gieu	gou1	赣			30000		
勿		wu	wu4	赣			120000		
匀		yun	yun2	赣			30000		
包		bau	bao1	赣			30000		
匆		ceng	cong1	赣			30000		
匈		xiung	xiong1	赣			120000		
匍		pu	pu2	赣			30000		
匏		pau	pao2	赣			30000		
匐		bu	fu2	赣			6000		
匐		fu	fu2	赣			30000		
匐		pu	fu2	赣			7500		
匕		bi	bi3	赣			30000		
化		fa	hua4	赣			34860		
北		be	bei3	赣			34488		
匙		si	shi5	赣			30000		
匜		ci	yi2	赣			7500		
匜		ji	yi2	赣			6000		
匜		mi	yi2	赣			5000		
匜		qi	yi2	赣			30000		
匠		jiong	jiang4	赣			30000		
匡		kuang	kuang1	赣			7500		
匡		kuong	kuang1	赣			30000		
匣		ha	xia2	赣			7500		
匣		xia	xia2	赣			30000		
匦		gui	gui3	赣			30000		
匪		fi	fei3	赣			120000		
匮		kui	kui4	赣			30000		
匹		pi	pi3	赣			30000		
区		qyu	qu1	赣			39590		
医		yi	yi1	赣			30000		
匾		bien	bian3	赣			30000		
匿		ni	ni4	赣			120000		
十		si	shi2	赣			120000		
千		qien	qian1	赣			30000		
升		sen	sheng1	赣			120000		
午		wu	wu3	赣			30000		
卉		fi	hui4	赣			3000		
卉		qiung	hui4	赣			12000		
半		bon	ban4	赣			30000		
华		fa	hua2	赣			30000		
协		xie	xie2	赣			30000		
卑		bi	bei1	赣			30000		
卒		zu	zu2	赣			30000		
卓		zo	zhuo2	赣			30000		
单		dan	dan1	赣			30000		
卖		mai	mai4	赣			30000		
南		lan	nan2	赣			30000		
南		lang	nan2	赣			120000		
博		bo	bo2	赣			60000		
卜		bu	bo5	赣			30000		
卞		pien	bian4	赣			12000		
卟		ji	bu3	赣			30000		
卟		qi	bu3	赣			7500		
占		zen	zhan4	赣			30000		
卡		ka	ka3	赣			30000		
卢		lu	lu2	赣			30000		
卣		yeu	you3	赣			7500		
卣		yiu	you3	赣			30000		
卤		lu	lu3	赣			120000		
卦		gua	gua4	赣			30000		
卧		ngo	wo4	赣			30000		
卧		wo	wo4	赣			7500		
卫		wei	wei4	赣			120000		
卮		jia	zhi1	赣			7500		
卮		si	zhi1	赣			6000		
卮		zi	zhi1	赣			30000		
卯		cau	mao3	赣			12000		
卯		ngau	mao3	赣			2000		
卯		qieu	mao3	赣			3000		
卯		za	mao3	赣			2400		
印		yin	yin4	赣			30000		
危		wei	wei1	赣			30000		
即		ji	ji2	赣			34677		
却		ko	que4	赣			61348		
卵		lon	luan3	赣			30000		
卷		jon	juan3	赣			30000		
卸		ha	xie4	赣			30000		
卺		jin	jin3	赣			30000		
卿		qin	qing1	赣			30000		
厂		qiong	chang3	赣			120000		
厄		nga	e4	赣			3000		
厄		ngo	e4	赣			12000		
厅		tiang	ting1	赣			60000		
历		li	li4	赣			34460		
厉		li	li4	赣			30000		
压		nga	ya1	赣			30000		
厌		yen	yan4	赣			30000		
厍		ci	she4	赣			30000		
厍		xia	she4	赣			120000		
厕		ce	ce4	赣			120000		
厕		te	ce4	赣			120000		
厘		li	li2	赣			30000		
厚		heu	hou4	赣			30000		
厝		co	cuo4	赣			12000		
厝		cu	cuo4	赣			3000		
厝		sau	cuo4	赣			2400		
厝		xi	cuo4	赣			2000		
原		nyuon	yuan2	赣			30000		
原		yon	yuan2	赣			7500		
厢		xiong	xiang1	赣			30000		
厣		yen	yan3	赣			30000		
厥		gai	jue2	赣			7500		
厥		qyu	jue2	赣			30000		
厦		ha	sha4	赣			30000		
厨		qyu	chu2	赣			30000		
厩		jiu	jiu4	赣			30000		
厩		yiu	jiu4	赣			7500		
厮		su	si1	赣			30000		
去		qie	qu4	赣			123402		
县		xyuon	xian4	赣			30000		
叁		san	san1	赣			30000		
参		can	can1	赣			120000		
又		yiu	you4	赣			150749		
叉		ca	cha1	赣			120000		
及		ji	ji2	赣			49988		
友		yiu	you3	赣			120000		
双		song	shuang1	赣			120000		
反		fan	fan3	赣			120000		
发		fai	fa1	赣			120000		
发		fak	fa1	赣			30000		
叔		xu	shu1	赣			120000		
叔		xyu	shu1	赣			120000		
取		qi	qu3	赣			30000		
取		qyu	qu3	赣			7500		
受		seu	shou4	赣			30000		
变		bien	bian4	赣			30000		
叙		xyu	xu4	赣			120000		
叛		pan	pan4	赣			7500		
叛		pon	pan4	赣			30000		
叟		cau	sou3	赣			30000		
叠		die	die2	赣			30000		
口		kieu	kou3	赣			30000		
古		gu	gu3	赣			30000		
句		jyu	ju4	赣			30000		
另		lin	ling4	赣			30000		
叨		dau	dao1	赣			30000		
叩		kieu	kou4	赣			30000		
只		jia	zhi3	赣			30000		
只		zi	zhi3	赣			101442		
叫		jieu	jiao4	赣			43431		
召		zeu	zhao4	赣			30000		
叭		ba	ba1	赣			30000		
叮		diang	ding1	赣			30000		
可		kie	ke3	赣			95892		
可		ko	ke3	赣			95892		
台		toi	tai2	赣			30000		
叱		bi	chi4	赣			2000		
叱		ji	chi4	赣			3000		
叱		mi	chi4	赣			2400		
叱		qi	chi4	赣			12000		
史		si	shi3	赣			120000		
右		yiu	you4	赣			30000		
叵		po	po3	赣			30000		
叶		ye	ye4	赣			30000		
号		hau	hao4	赣			44621		
司		si	si1	赣			60000		
司		su	si1	赣			60000		
叹		tan	tan4	赣			30000		
叼		dieu	diao1	赣			30000		
叽		ji	ji1	赣			30000		
吁		xyu	xu1	赣			30000		
吃		qia	chi1	赣			60000		
各		go	ge4	赣			44807		
吆		yeu	yao1	赣			30000		
合		ho	he2	赣			30000		
吉		ji	ji2	赣			30000		
吊		dieu	diao4	赣			30000		
同		teng	tong2	赣			37578		
名		miang	ming2	赣			30000		
后		heu	hou4	赣			124793		
吏		li	li4	赣			30000		
吐		pei	tu3	赣			7500		
吐		tu	tu3	赣			30000		
向		xiong	xiang4	赣			75979		
吓		ha	xia4	赣			30000		
吕		lyu	lv3	赣			30000		
吗		ma	ma5	赣			30000		
君		jyun	jun1	赣			30000		
吝		li	lin4	赣			30000		
吞		teng	tun1	赣			30000		
吟		yin	yin2	赣			30000		
吠		fi	fei4	赣			30000		
吡		bi	bi3	赣			3000		
吡		mi	bi3	赣			2400		
吡		pi	bi3	赣			12000		
吣		lin	qin4	赣			3000		
吣		sen	qin4	赣			12000		
吣		yin	qin4	赣			2400		
吣		zen	qin4	赣			2000		
否		feu	fou3	赣			30000		
吧		ba	ba5	赣			30000		
吨		den	dun1	赣			30000		
吩		fen	fen1	赣			30000		
含		hong	han2	赣			30000		
听		tiang	ting1	赣			45776		
吭		kang	keng1	赣			30000		
吭		kien	keng1	赣			30000		
吮		seng	shun3	赣			120000		
启		qi	qi3	赣			30000		
吱		zi	zhi1	赣			30000		
吴		wu	wu2	赣			30000		
吵		cau	chao3	赣			120000		
吸		ji	xi1	赣			30000		
吸		xi	xi1	赣			7500		
吹		qyu	chui1	赣			30000		
吻		wen	wen3	赣			120000		
吼		heu	hou3	赣			30000		
吾		ngo	wu2	赣			90000		
呀		nga	ya5	赣			30000		
呀		ya	ya5	赣			7500		
呃		bai	e4	赣			2000		
呃		gai	e4	赣			3000		
呃		ka	e4	赣			2400		
呃		kai	e4	赣			12000		
呆		dai	dai1	赣			30000		
呈		cen	cheng2	赣			30000		
告		gau	gao4	赣			30000		
呐		na	na4	赣			120000		
呓		ngi	yi4	赣			30000		
呕		ngeu	ou3	赣			30000		
呕		ngieu	ou3	赣			7500		
呗		pai	bei5	赣			12000		
员		yon	yuan2	赣			30000		
呙		wa	guo1	赣			12000		
呙		wo	guo1	赣			3000		
呛		qiong	qiang1	赣			30000		
呜		wu	wu1	赣			30000		
呢		ni	ne5	赣			120000		
呤		lang	ling4	赣			6000		
呤		liang	ling4	赣			7500		
呤		lien	ling4	赣			5000		
呤		lin	ling4	赣			30000		
呦		yiu	you1	赣			30000		
周		zeu	zhou1	赣			30000		
呱		gu	gu1	赣			30000		
呱		ku	gu1	赣			7500		
味		wei	wei4	赣			120000		
呵		ho	he1	赣			30000		
呶		niau	nao2	赣			120000		
呷		qia	ga1	赣			120000		
呻		sen	shen1	赣			30000		
呼		fu	hu1	赣			30000		
命		miang	ming4	赣			30000		
咀		jyu	ju3	赣			12000		
咀		lyu	ju3	赣			2000		
咀		xyu	ju3	赣			3000		
咀		yu	ju3	赣			2400		
咁		gong	gan4	赣			90000		
咄		bo	duo1	赣			2400		
咄		pai	duo1	赣			12000		
咄		tu	duo1	赣			3000		
咄		zu	duo1	赣			2000		
咆		pau	pao2	赣			30000		
咋		zang	za3	赣			120000		
和		ho	he2	赣			555815		
和		wo	he2	赣			555815		
咎		gau	jiu4	赣			12000		
咎		hau	jiu4	赣			3000		
咎		jiu	jiu4	赣			2400		
咎		qiu	jiu4	赣			2000		
咏		yiung	yong3	赣			30000		
咐		fu	fu4	赣			30000		
咒		zeu	zhou4	赣			30000		
咕		gu	gu1	赣			60000		
咕		ku	gu1	赣			30000		
咖		ka	ka1	赣			30000		
咙		leng	long2	赣			30000		
咛		ning	ning2	赣			120000		
咤		ca	zha4	赣			120000		
咦		si	yi2	赣			30000		
咧		lie	lie3	赣			30000		
咨		zu	zi1	赣			30000		
咪		mi	mi1	赣			30000		
咫		jia	zhi3	赣			30000		
咫		zi	zhi3	赣			7500		
咬		ngau	yao3	赣			30000		
咭		bi	ji1	赣			2000		
咭		ji	ji1	赣			3000		
咭		mi	ji1	赣			2400		
咭		qi	ji1	赣			12000		
咱		zan	zan2	赣			30000		
咳		kie	ke2	赣			30000		
咸		han	xian2	赣			30000		
咸		hang	xian2	赣			120000		
咻		xiu	xiu1	赣			120000		
咽		yen	yan4	赣			30000		
咿		yi	yi1	赣			30000		
哀		ngoi	ai1	赣			30000		
品		pin	pin3	赣			30000		
哂		min	shen3	赣			2400		
哂		qin	shen3	赣			12000		
哂		tiang	shen3	赣			2000		
哂		yin	shen3	赣			3000		
哄		feng	hong3	赣			30000		
哆		do	duo1	赣			120000		
哇		wa	wa5	赣			30000		
哈		ha	ha1	赣			30000		
哉		zoi	zai1	赣			30000		
响		xiong	xiang3	赣			30000		
哎		ai	ai1	赣			30000		
哑		nga	ya3	赣			30000		
哓		dieu	xiao1	赣			3000		
哓		lieu	xiao1	赣			12000		
哓		tieu	xiao1	赣			2400		
哓		xieu	xiao1	赣			2000		
哕		fon	hui4	赣			2400		
哕		jie	hui4	赣			2000		
哕		xyue	hui4	赣			3000		
哕		yue	hui4	赣			12000		
哗		fa	hua1	赣			30000		
哙		kuai	kuai4	赣			30000		
哝		niong	nong2	赣			120000		
哟		yo	yo1	赣			30000		
哥		ko	ge1	赣			30000		
哦		ngo	o2	赣			30000		
哨		jieu	shao4	赣			7500		
哨		xio	shao4	赣			30000		
哩		li	li1	赣			30000		
哪		lai	na3	赣			30000		
哭		ku	ku1	赣			30000		
哮		xieu	xiao1	赣			30000		
哲		ze	zhe2	赣			30000		
哳		bai	zha1	赣			2400		
哳		hoi	zha1	赣			2000		
哳		pa	zha1	赣			3000		
哳		sai	zha1	赣			12000		
哺		bu	bu3	赣			30000		
哼		heng	heng1	赣			30000		
哽		gien	geng3	赣			3000		
哽		kien	geng3	赣			12000		
哿		do	ge3	赣			3000		
哿		ho	ge3	赣			12000		
哿		kie	ge3	赣			2400		
哿		ko	ge3	赣			2000		
唁		yen	yan4	赣			12000		
唁		ze	yan4	赣			3000		
唆		so	suo1	赣			30000		
唇		qyun	chun2	赣			120000		
唉		ai	ai1	赣			30000		
唏		qi	xi1	赣			30000		
唏		qiung	xi1	赣			7500		
唐		tong	tang2	赣			30000		
唝		kong	gong4	赣			2000		
唝		leng	gong4	赣			3000		
唝		meng	gong4	赣			2400		
唝		teng	gong4	赣			12000		
唠		lau	lao2	赣			120000		
唤		fon	huan4	赣			30000		
唧		ji	ji1	赣			30000		
唪		feng	feng3	赣			2000		
唪		leng	feng3	赣			3000		
唪		meng	feng3	赣			2400		
唪		teng	feng3	赣			12000		
唬		fu	hu3	赣			30000		
售		seu	shou4	赣			30000		
唯		wei	wei2	赣			30000		
唱		qiong	chang4	赣			30000		
唳		jie	li4	赣			3000		
唳		li	li4	赣			12000		
唳		qie	li4	赣			2400		
唳		xie	li4	赣			2000		
唾		to	tuo4	赣			30000		
啁		ceu	zhao1	赣			12000		
啁		dieu	zhao1	赣			3000		
啃		kien	ken3	赣			30000		
啄		zo	zhuo2	赣			30000		
商		song	shang1	赣			30000		
商		xiong	shang1	赣			30000		
啉		can	lin2	赣			3000		
啉		hon	lin2	赣			2400		
啉		ngon	lin2	赣			2000		
啉		tan	lin2	赣			12000		
啊		a	a5	赣			30000		
啊		nga	a5	赣			7500		
啐		fi	cui4	赣			12000		
啐		mi	cui4	赣			2400		
啐		pai	cui4	赣			2000		
啐		pi	cui4	赣			3000		
啕		tau	tao2	赣			30000		
啖		tan	dan4	赣			30000		
啜		si	chuai4	赣			7500		
啜		xyue	chuai4	赣			5000		
啜		yue	chuai4	赣			6000		
啜		zyui	chuai4	赣			30000		
啡		fi	fei1	赣			30000		
啤		pi	pi2	赣			30000		
啥		sa	sha2	赣			30000		
啥		xia	sha2	赣			7500		
啦		la	la5	赣			30000		
啧		ze	ze2	赣			120000		
啬		se	se4	赣			120000		
啭		jon	zhuan4	赣			3000		
啭		qon	zhuan4	赣			12000		
啮		jie	nie4	赣			12000		
啮		mie	nie4	赣			2000		
啮		ngai	nie4	赣			30000		
啮		qie	nie4	赣			3000		
啮		xie	nie4	赣			2400		
啰		lo	luo1	赣			30000		
啴		can	chan3	赣			7500		
啴		tan	chan3	赣			30000		
啷		lang	lang1	赣			30000		
啸		xieu	xiao4	赣			30000		
啻		ci	chi4	赣			7500		
啻		si	chi4	赣			30000		
啼		ti	ti2	赣			30000		
啾		ceu	jiu1	赣			3000		
啾		liu	jiu1	赣			2000		
啾		qiu	jiu1	赣			2400		
啾		yiu	jiu1	赣			12000		
喀		ka	ka1	赣			30000		
喁		ceng	yong2	赣			6000		
喁		feng	yong2	赣			30000		
喁		jiung	yong2	赣			5000		
喁		seng	yong2	赣			7500		
喂		wei	wei4	赣			30000		
喃		lang	nan2	赣			120000		
善		sen	shan4	赣			30000		
喇		la	la3	赣			30000		
喈		gai	jie1	赣			30000		
喈		koi	jie1	赣			7500		
喉		heu	hou2	赣			30000		
喊		hang	han3	赣			30000		
喋		tie	die2	赣			120000		
喑		ngon	yin1	赣			7500		
喑		yin	yin1	赣			30000		
喔		wo	o1	赣			12000		
喔		yo	o1	赣			3000		
喘		qon	chuan3	赣			30000		
喘		ton	chuan3	赣			30000		
喙		fi	hui4	赣			12000		
喙		wei	hui4	赣			3000		
喙		xi	hui4	赣			2400		
喙		xyu	hui4	赣			2000		
喜		xi	xi3	赣			30000		
喝		ho	he1	赣			30000		
喟		kai	kui4	赣			3000		
喟		qi	kui4	赣			12000		
喤		fong	huang2	赣			3000		
喤		wang	huang2	赣			12000		
喤		xiang	huang2	赣			2400		
喧		xon	xuan1	赣			30000		
喳		za	zha1	赣			30000		
喷		pen	pen1	赣			30000		
喻		yu	yu4	赣			30000		
喽		leu	lou2	赣			30000		
喾		ku	ku4	赣			30000		
嗄		ho	a2	赣			120000		
嗄		sa	a2	赣			30000		
嗅		si	xiu4	赣			7500		
嗅		xiu	xiu4	赣			30000		
嗉		so	su4	赣			7500		
嗉		su	su4	赣			30000		
嗌		yi	ai4	赣			30000		
嗑		ko	ke1	赣			120000		
嗒		da	da1	赣			2400		
嗒		dai	da1	赣			12000		
嗒		ta	da1	赣			3000		
嗓		song	sang3	赣			30000		
嗔		bin	chen1	赣			2400		
嗔		cen	chen1	赣			12000		
嗔		sen	chen1	赣			3000		
嗔		tien	chen1	赣			2000		
嗜		si	shi4	赣			30000		
嗝		ga	ge2	赣			12000		
嗝		gie	ge2	赣			3000		
嗞		zai	zi1	赣			12000		
嗞		zu	zi1	赣			3000		
嗟		jie	jie1	赣			120000		
嗡		weng	weng1	赣			30000		
嗡		wung	weng1	赣			30000		
嗣		si	si4	赣			120000		
嗤		ci	chi1	赣			30000		
嗥		hau	hao2	赣			30000		
嗦		so	suo5	赣			30000		
嗫		jie	nie4	赣			2000		
嗫		ye	nie4	赣			2400		
嗫		yen	nie4	赣			3000		
嗫		ze	nie4	赣			12000		
嗷		ngau	ao2	赣			30000		
嗽		seu	sou4	赣			30000		
嗾		cau	sou3	赣			12000		
嗾		ceu	sou3	赣			2000		
嗾		seu	sou3	赣			3000		
嗾		xyu	sou3	赣			2400		
嘀		di	di2	赣			30000		
嘁		qi	qi1	赣			30000		
嘈		cau	cao2	赣			30000		
嘉		ga	jia1	赣			30000		
嘌		pieu	piao4	赣			30000		
嘎		gon	ga1	赣			3000		
嘎		xie	ga1	赣			12000		
嘏		ga	gu3	赣			3000		
嘏		ka	gu3	赣			12000		
嘘		jyu	xu1	赣			2400		
嘘		qyu	xu1	赣			2000		
嘘		xyu	xu1	赣			12000		
嘘		yu	xu1	赣			3000		
嘤		jin	ying1	赣			7500		
嘤		yin	ying1	赣			30000		
嘬		kuai	chuai4	赣			12000		
嘬		mai	chuai4	赣			2400		
嘬		wa	chuai4	赣			3000		
嘱		ju	zhu3	赣			30000		
嘲		ceu	chao2	赣			30000		
嘴		ji	zui3	赣			30000		
嘴		jyu	zui3	赣			30000		
嘶		si	si1	赣			120000		
嘹		lieu	liao2	赣			30000		
嘻		xi	xi1	赣			30000		
嘿		hei	hei1	赣			30000		
噌		qin	ceng1	赣			30000		
噍		ceu	jiao4	赣			3000		
噍		liu	jiao4	赣			2000		
噍		qiu	jiao4	赣			2400		
噍		yiu	jiao4	赣			12000		
噎		yen	ye1	赣			30000		
噢		ngau	o1	赣			3000		
噢		yu	o1	赣			12000		
噤		lin	jin4	赣			3000		
噤		sen	jin4	赣			12000		
噤		yin	jin4	赣			2000		
噤		zen	jin4	赣			2400		
器		qi	qi4	赣			30000		
噩		ngo	e4	赣			30000		
噪		zau	zao4	赣			30000		
噫		ai	yi1	赣			2000		
噫		gai	yi1	赣			3000		
噫		kai	yi1	赣			12000		
噫		yi	yi1	赣			2400		
噬		si	shi4	赣			30000		
噱		gu	jue2	赣			30000		
嚄		fu	huo1	赣			12000		
嚄		gui	huo1	赣			3000		
嚅		lo	ru2	赣			3000		
嚅		lu	ru2	赣			12000		
嚎		ngau	hao2	赣			30000		
嚏		ti	ti4	赣			30000		
嚚		ngin	yin2	赣			30000		
嚣		xieu	xiao1	赣			30000		
嚷		long	rang3	赣			30000		
嚼		qieu	jue2	赣			30000		
囊		long	nang2	赣			30000		
囚		qiu	qiu2	赣			120000		
四		su	si4	赣			30000		
回		fi	hui2	赣			30000		
囟		xin	xin4	赣			7500		
囟		xyun	xin4	赣			30000		
因		yin	yin1	赣			35698		
团		ton	tuan2	赣			30000		
囤		ten	dun4	赣			30000		
囥		kang	kang4	赣			90000		
园		yon	yuan2	赣			30000		
困		kun	kun4	赣			60000		
囱		ceng	cong1	赣			30000		
围		wei	wei2	赣			30000		
囹		lang	ling2	赣			6000		
囹		liang	ling2	赣			7500		
囹		lien	ling2	赣			5000		
囹		lin	ling2	赣			30000		
固		gu	gu4	赣			30000		
国		gue	guo2	赣			129470		
图		tu	tu2	赣			30000		
囿		fu	you4	赣			12000		
囿		jyu	you4	赣			3000		
囿		xyu	you4	赣			2000		
囿		yiu	you4	赣			2400		
圃		pu	pu3	赣			30000		
圄		nga	yu3	赣			3000		
圄		ngyu	yu3	赣			2400		
圄		yu	yu3	赣			12000		
圆		yon	yuan2	赣			30000		
圈		qon	quan1	赣			30000		
圉		nga	yu3	赣			3000		
圉		ngyu	yu3	赣			2400		
圉		yu	yu3	赣			12000		
圊		qiang	qing1	赣			30000		
圜		fan	huan2	赣			3000		
圜		wan	huan2	赣			2400		
圜		yon	huan2	赣			12000		
土		tu	tu3	赣			30000		
圣		sen	sheng4	赣			30000		
在		coi	zai4	赣			727915		
在		qie	zai4	赣			181978		
圪		ji	ge1	赣			2400		
圪		mi	ge1	赣			2000		
圪		qi	ge1	赣			3000		
圪		yi	ge1	赣			12000		
圬		ngo	wu1	赣			6000		
圬		wu	wu1	赣			30000		
圬		yu	wu1	赣			7500		
圭		gui	gui1	赣			3000		
圭		wa	gui1	赣			12000		
圮		feu	pi3	赣			30000		
圯		toi	yi2	赣			12000		
圯		yi	yi2	赣			3000		
地		ti	di4	赣			160541		
圹		kuong	kuang4	赣			30000		
场		qiong	chang3	赣			60000		
圻		gien	qi2	赣			2400		
圻		ji	qi2	赣			2000		
圻		jin	qi2	赣			3000		
圻		qi	qi2	赣			12000		
圾		ji	ji1	赣			30000		
址		zi	zhi3	赣			30000		
坂		ban	ban3	赣			7500		
坂		fan	ban3	赣			30000		
坂		zon	ban3	赣			6000		
均		jyun	jun1	赣			30000		
坊		fong	fang1	赣			30000		
坌		ben	ben4	赣			2000		
坌		den	ben4	赣			12000		
坌		kun	ben4	赣			2400		
坌		pen	ben4	赣			3000		
坎		kon	kan3	赣			30000		
坏		fai	huai4	赣			30000		
坐		co	zuo4	赣			30000		
坑		kang	keng1	赣			30000		
坑		kien	keng1	赣			7500		
块		kuai	kuai4	赣			30000		
坚		jien	jian1	赣			30000		
坛		tan	tan2	赣			30000		
坝		ba	ba4	赣			30000		
坞		wu	wu4	赣			30000		
坟		fen	fen2	赣			30000		
坠		jyu	zhui4	赣			30000		
坡		po	po1	赣			30000		
坤		kun	kun1	赣			30000		
坦		tan	tan3	赣			30000		
坩		can	gan1	赣			2400		
坩		hon	gan1	赣			2000		
坩		san	gan1	赣			3000		
坩		tan	gan1	赣			12000		
坪		piang	ping2	赣			30000		
坫		jin	dian4	赣			2000		
坫		lin	dian4	赣			2400		
坫		qin	dian4	赣			12000		
坫		zen	dian4	赣			3000		
坭		mi	ni2	赣			30000		
坯		pi	pi1	赣			30000		
坳		ngau	ao4	赣			30000		
坷		ko	ke3	赣			30000		
坻		ci	chi2	赣			6000		
坻		di	chi2	赣			30000		
坻		jia	chi2	赣			5000		
坻		li	chi2	赣			7500		
垂		qyu	chui2	赣			30000		
垃		la	la1	赣			30000		
垄		leng	long3	赣			30000		
垅		feng	long3	赣			5000		
垅		kong	long3	赣			7500		
垅		xiung	long3	赣			6000		
垅		yiung	long3	赣			30000		
垆		lu	lu2	赣			30000		
型		xin	xing2	赣			30000		
垍		kui	ji4	赣			12000		
垒		lei	lei3	赣			30000		
垓		goi	gai1	赣			30000		
垛		do	duo3	赣			30000		
垠		gien	yin2	赣			3000		
垠		jin	yin2	赣			12000		
垠		ngin	yin2	赣			2400		
垠		qin	yin2	赣			2000		
垡		fa	fa2	赣			30000		
垡		pai	fa2	赣			7500		
垢		kieu	gou4	赣			30000		
垣		yon	yuan2	赣			30000		
垤		die	die2	赣			3000		
垤		tu	die2	赣			12000		
垦		kien	ken3	赣			30000		
垩		ngo	e4	赣			30000		
垫		tien	dian4	赣			30000		
垮		kua	kua3	赣			30000		
垲		koi	kai3	赣			30000		
垸		won	yuan4	赣			3000		
垸		yon	yuan4	赣			12000		
埂		kien	geng3	赣			30000		
埂		sen	geng3	赣			7500		
埃		ngai	ai1	赣			30000		
埋		mai	mai2	赣			30000		
城		cen	cheng2	赣			30000		
埏		sen	shan1	赣			7500		
埏		yen	shan1	赣			30000		
埒		lie	lie4	赣			30000		
埘		si	shi2	赣			30000		
埙		xon	xun1	赣			30000		
埚		guo	guo1	赣			2400		
埚		kie	guo1	赣			3000		
埚		wo	guo1	赣			12000		
埝		dien	nian4	赣			2400		
埝		nien	nian4	赣			12000		
埝		tien	nian4	赣			3000		
埝		zen	nian4	赣			2000		
域		yu	yu4	赣			30000		
埠		pu	bu4	赣			30000		
埭		dai	dai4	赣			3000		
埭		li	dai4	赣			2400		
埭		toi	dai4	赣			12000		
埯		yen	an3	赣			120000		
埴		do	zhi2	赣			7500		
埴		zi	zhi2	赣			30000		
埸		xia	yi4	赣			2400		
埸		ya	yi4	赣			2000		
埸		ye	yi4	赣			3000		
埸		yi	yi4	赣			12000		
培		pi	pei2	赣			30000		
基		ji	ji1	赣			30000		
埽		sau	sao4	赣			12000		
埽		zau	sao4	赣			3000		
堂		long	tang2	赣			60000		
堂		tong	tang2	赣			60000		
堆		dei	dui1	赣			30000		
堇		bin	jin3	赣			2400		
堇		cen	jin3	赣			12000		
堇		jin	jin3	赣			2000		
堇		sen	jin3	赣			3000		
堉		ju	yu4	赣			12000		
堉		yiu	yu4	赣			3000		
堋		den	peng2	赣			2000		
堋		len	peng2	赣			2400		
堋		peng	peng2	赣			3000		
堋		zen	peng2	赣			12000		
堑		ngan	qian4	赣			2400		
堑		sen	qian4	赣			3000		
堑		yen	qian4	赣			12000		
堑		zen	qian4	赣			2000		
堕		to	duo4	赣			30000		
堙		yen	yin1	赣			7500		
堙		yin	yin1	赣			30000		
堞		die	die2	赣			12000		
堞		tie	die2	赣			2400		
堞		tien	die2	赣			3000		
堠		heu	hou4	赣			30000		
堡		bau	bao3	赣			30000		
堤		di	di1	赣			30000		
堪		kon	kan1	赣			30000		
堰		yen	yan4	赣			30000		
堵		du	du3	赣			30000		
塈		kui	ji4	赣			7500		
塈		qi	ji4	赣			30000		
塌		ta	ta1	赣			30000		
塍		sen	cheng2	赣			120000		
塑		so	su4	赣			30000		
塑		su	su4	赣			7500		
塔		ta	ta3	赣			30000		
塘		tong	tang2	赣			30000		
塞		se	sai1	赣			30000		
填		tien	tian2	赣			30000		
塾		xu	shu2	赣			3000		
塾		xyu	shu2	赣			12000		
墀		ci	chi2	赣			7500		
墀		li	chi2	赣			30000		
墁		man	man4	赣			30000		
墁		mon	man4	赣			7500		
境		qin	jing4	赣			30000		
墅		xyu	shu4	赣			30000		
墉		leng	yong1	赣			7500		
墉		seng	yong1	赣			6000		
墉		yiung	yong1	赣			30000		
墓		mu	mu4	赣			30000		
墙		qiong	qiang2	赣			30000		
增		zen	zeng1	赣			30000		
墟		xyu	xu1	赣			30000		
墦		fan	fan2	赣			30000		
墨		me	mo4	赣			30000		
墩		deng	dun1	赣			30000		
墼		ji	ji1	赣			30000		
壁		bia	bi4	赣			30000		
壅		ceng	yong1	赣			6000		
壅		feng	yong1	赣			30000		
壅		jiung	yong1	赣			5000		
壅		seng	yong1	赣			7500		
壑		fo	he4	赣			12000		
壕		hau	hao2	赣			30000		
壤		long	rang3	赣			30000		
士		si	shi4	赣			120000		
壬		len	ren2	赣			30000		
壮		zong	zhuang4	赣			120000		
声		sang	sheng1	赣			7500		
声		xiang	sheng1	赣			30000		
壳		ko	ke2	赣			30000		
壶		fu	hu2	赣			30000		
壹		yi	yi1	赣			30000		
处		cu	chu4	赣			30000		
处		qyu	chu4	赣			30000		
备		pi	bei4	赣			60000		
复		fu	fu4	赣			120000		
夏		ha	xia4	赣			30000		
夔		kui	kui2	赣			30000		
夕		xi	xi1	赣			120000		
外		ngoi	wai4	赣			35084		
外		wai	wai4	赣			8771		
夙		su	su4	赣			30000		
多		do	duo1	赣			98900		
夜		ya	ye4	赣			30000		
够		kieu	gou4	赣			30000		
夤		bin	yin2	赣			2400		
夤		cen	yin2	赣			12000		
夤		sen	yin2	赣			3000		
夤		yin	yin2	赣			2000		
大		tai	da4	赣			144099		
天		tien	tian1	赣			35979		
太		te	tai4	赣			7500		
太		toi	tai4	赣			30000		
夫		fu	fu1	赣			30000		
夬		kuai	guai4	赣			12000		
夬		mai	guai4	赣			2400		
夬		wa	guai4	赣			3000		
夭		yeu	yao1	赣			30000		
央		yong	yang1	赣			30000		
夯		hang	hang1	赣			30000		
失		si	shi1	赣			30000		
头		teu	tou2	赣			90000		
夷		yi	yi2	赣			30000		
夸		kua	kua1	赣			120000		
夹		ka	jia1	赣			30000		
夺		do	duo2	赣			30000		
奂		fon	huan4	赣			30000		
奄		yen	yan3	赣			30000		
奇		qi	qi2	赣			30000		
奈		lai	nai4	赣			30000		
奈		loi	nai4	赣			7500		
奉		feng	feng4	赣			30000		
奋		fen	fen4	赣			30000		
奎		xi	kui2	赣			12000		
奏		zeu	zou4	赣			30000		
契		qi	qi4	赣			30000		
奔		ben	ben1	赣			30000		
奕		yi	yi4	赣			30000		
奖		jiong	jiang3	赣			30000		
套		tau	tao4	赣			30000		
奘		cong	zang4	赣			2000		
奘		dong	zang4	赣			12000		
奘		kang	zang4	赣			3000		
奘		long	zang4	赣			2400		
奚		wa	xi1	赣			3000		
奚		xie	xi1	赣			12000		
奠		tien	dian4	赣			30000		
奢		se	she1	赣			30000		
奥		ngau	ao4	赣			30000		
女		nyu	nv3	赣			120000		
奴		lu	nu2	赣			30000		
奶		lai	nai3	赣			30000		
奸		kan	jian1	赣			30000		
她		kie	ta1	赣			33508		
她		ta	ta1	赣			134035		
好		hau	hao3	赣			92543		
妁		jieu	shuo4	赣			2400		
妁		jo	shuo4	赣			2000		
妁		xio	shuo4	赣			12000		
妁		zo	shuo4	赣			3000		
如		lu	ru2	赣			56065		
妃		fi	fei1	赣			120000		
妄		wong	wang4	赣			120000		
妆		zong	zhuang1	赣			30000		
妇		fu	fu4	赣			30000		
妈		ma	ma1	赣			7500		
妈		me	ma1	赣			30000		
妊		len	ren4	赣			30000		
妍		nien	yan2	赣			30000		
妒		du	du4	赣			30000		
妓		ji	ji4	赣			30000		
妖		yeu	yao1	赣			30000		
妗		qien	jin4	赣			120000		
妙		mieu	miao4	赣			30000		
妣		bi	bi3	赣			30000		
妣		fi	bi3	赣			5000		
妣		mi	bi3	赣			7500		
妣		pi	bi3	赣			6000		
妤		yu	yu2	赣			30000		
妥		to	tuo3	赣			30000		
妨		fong	fang2	赣			30000		
妩		wu	wu3	赣			120000		
妪		fu	yu4	赣			2000		
妪		jyu	yu4	赣			12000		
妪		xyu	yu4	赣			2400		
妪		yu	yu4	赣			3000		
妫		gui	gui1	赣			30000		
妯		ciu	zhou2	赣			120000		
妲		ho	da2	赣			12000		
妲		koi	da2	赣			2000		
妲		lai	da2	赣			3000		
妲		tai	da2	赣			2400		
妹		moi	mei4	赣			30000		
妻		qi	qi1	赣			30000		
妾		qie	qie4	赣			120000		
姆		mu	mu3	赣			30000		
姊		zu	zi3	赣			30000		
始		si	shi3	赣			38139		
姐		jia	jie3	赣			30000		
姑		gu	gu1	赣			30000		
姒		si	si4	赣			30000		
姓		xiang	xing4	赣			30000		
委		wei	wei3	赣			30000		
姗		san	shan1	赣			30000		
姘		diang	pin1	赣			2000		
姘		lin	pin1	赣			12000		
姘		tin	pin1	赣			2400		
姘		xin	pin1	赣			3000		
姚		yeu	yao2	赣			30000		
姜		jiong	jiang1	赣			30000		
姝		xyu	shu1	赣			30000		
姞		bi	ji2	赣			2000		
姞		ji	ji2	赣			3000		
姞		mi	ji2	赣			2400		
姞		qi	ji2	赣			12000		
姣		gau	jiao1	赣			2000		
姣		jieu	jiao1	赣			3000		
姣		kau	jiao1	赣			2400		
姣		yeu	jiao1	赣			12000		
姥		lau	lao3	赣			30000		
姨		yi	yi2	赣			30000		
姬		ji	ji1	赣			12000		
姬		qi	ji1	赣			2000		
姬		toi	ji1	赣			3000		
姬		yi	ji1	赣			2400		
姹		ca	cha4	赣			120000		
姻		yin	yin1	赣			30000		
姽		gui	gui3	赣			3000		
姽		kui	gui3	赣			12000		
姽		ngin	gui3	赣			2400		
姽		ngo	gui3	赣			2000		
姿		zu	zi1	赣			30000		
威		wei	wei1	赣			30000		
娃		wa	wa2	赣			30000		
娄		leu	lou2	赣			30000		
娅		nga	ya4	赣			30000		
娆		dieu	rao2	赣			2000		
娆		jieu	rao2	赣			2400		
娆		leu	rao2	赣			3000		
娆		lieu	rao2	赣			12000		
娇		jieu	jiao1	赣			30000		
娈		lien	luan2	赣			30000		
娉		pin	ping1	赣			30000		
娌		li	li3	赣			30000		
娑		do	suo1	赣			3000		
娑		ho	suo1	赣			12000		
娑		kie	suo1	赣			2000		
娑		xien	suo1	赣			2400		
娓		mi	wei3	赣			30000		
娓		wei	wei3	赣			7500		
娘		niong	niang2	赣			120000		
娜		lo	na4	赣			30000		
娟		ye	juan1	赣			12000		
娠		sen	shen1	赣			30000		
娠		zen	shen1	赣			7500		
娣		dai	di4	赣			7500		
娣		ti	di4	赣			30000		
娥		ngo	e2	赣			30000		
娩		wan	mian3	赣			30000		
娱		yu	yu2	赣			30000		
娲		gua	wa1	赣			30000		
娲		wa	wa1	赣			120000		
娴		han	xian2	赣			30000		
娶		qi	qu3	赣			30000		
娶		qyu	qu3	赣			30000		
婆		po	po2	赣			30000		
婉		wan	wan3	赣			30000		
婉		won	wan3	赣			30000		
婕		jie	jie2	赣			30000		
婚		fen	hun1	赣			30000		
婚		fin	hun1	赣			7500		
婞		bin	xing4	赣			3000		
婞		lang	xing4	赣			2000		
婞		tiang	xing4	赣			2400		
婞		tin	xing4	赣			12000		
婢		pa	bi4	赣			12000		
婢		pi	bi4	赣			3000		
婧		jiang	jing4	赣			30000		
婧		jin	jing4	赣			6000		
婧		qin	jing4	赣			7500		
婧		zang	jing4	赣			5000		
婪		can	lan2	赣			3000		
婪		hon	lan2	赣			2400		
婪		ngon	lan2	赣			2000		
婪		tan	lan2	赣			12000		
婳		fa	hua4	赣			30000		
婳		fo	hua4	赣			7500		
婴		yin	ying1	赣			30000		
婵		can	chan2	赣			7500		
婵		dan	chan2	赣			30000		
婶		sen	shen3	赣			30000		
婺		wu	wu4	赣			30000		
婿		xyu	xu4	赣			30000		
媒		mi	mei2	赣			30000		
媚		mi	mei4	赣			30000		
媛		yon	yuan4	赣			30000		
媪		ngau	ao3	赣			30000		
媪		yeu	ao3	赣			7500		
媲		ji	pi4	赣			2000		
媲		li	pi4	赣			2400		
媲		ti	pi4	赣			12000		
媲		xi	pi4	赣			3000		
媳		xi	xi2	赣			30000		
媵		ceng	ying4	赣			30000		
媵		sen	ying4	赣			24000		
媵		yun	ying4	赣			120000		
媸		ci	chi1	赣			30000		
媾		gieu	gou4	赣			30000		
媾		jyu	gou4	赣			7500		
嫁		ka	jia4	赣			30000		
嫂		sau	sao3	赣			30000		
嫉		ji	ji2	赣			30000		
嫌		xien	xian2	赣			120000		
嫔		pin	pin2	赣			30000		
嫖		pieu	piao2	赣			30000		
嫚		man	man1	赣			30000		
嫠		li	li2	赣			30000		
嫡		di	di2	赣			30000		
嫣		mien	yan1	赣			2000		
嫣		pien	yan1	赣			2400		
嫣		qien	yan1	赣			12000		
嫣		yen	yan1	赣			3000		
嫩		len	nen4	赣			60000		
嫪		lau	lao4	赣			30000		
嫪		lieu	lao4	赣			7500		
嫫		mo	mo2	赣			30000		
嫫		wu	mo2	赣			7500		
嫱		qiung	qiang2	赣			30000		
嫱		se	qiang2	赣			7500		
嬉		xi	xi1	赣			30000		
嬉		xie	xi1	赣			7500		
嬖		bi	bi4	赣			30000		
嬗		dan	shan4	赣			3000		
嬗		sen	shan4	赣			2400		
嬗		tan	shan4	赣			12000		
嬴		yang	ying2	赣			30000		
孀		song	shuang1	赣			30000		
子		ji	zi5	赣			30000		
子		zi	zi5	赣			30000		
子		zu	zi5	赣			30000		
孑		gai	jie2	赣			30000		
孓		gai	jue2	赣			2000		
孓		gong	jue2	赣			3000		
孓		kong	jue2	赣			12000		
孓		qyu	jue2	赣			2400		
孔		kung	kong3	赣			30000		
孕		yun	yun4	赣			30000		
字		cu	zi4	赣			30000		
字		tu	zi4	赣			30000		
存		cen	cun2	赣			30000		
孙		sen	sun1	赣			30000		
孚		fu	fu2	赣			30000		
孚		pu	fu2	赣			7500		
孛		bi	bei4	赣			2400		
孛		bien	bei4	赣			2000		
孛		bo	bei4	赣			12000		
孛		pi	bei4	赣			3000		
孜		zai	zi1	赣			12000		
孜		zu	zi1	赣			3000		
孝		hau	xiao4	赣			30000		
孟		meng	meng4	赣			30000		
季		ji	ji4	赣			30000		
孤		gu	gu1	赣			30000		
孥		lu	nu2	赣			30000		
学		ho	xue2	赣			60000		
孩		hai	hai2	赣			30000		
孩		hoi	hai2	赣			7500		
孰		xu	shu2	赣			3000		
孰		xyu	shu2	赣			12000		
孱		sen	can4	赣			120000		
孳		cu	zi1	赣			2400		
孳		zai	zi1	赣			12000		
孳		zu	zi1	赣			3000		
孵		fu	fu1	赣			30000		
孺		fu	ru2	赣			2000		
孺		jyu	ru2	赣			12000		
孺		xyu	ru2	赣			2400		
孺		yu	ru2	赣			3000		
孽		nie	nie4	赣			30000		
宁		ning	ning2	赣			30000		
它		kie	ta1	赣			15216		
它		ta	ta1	赣			60864		
宄		gui	gui3	赣			30000		
宅		zai	zhai2	赣			30000		
宇		yu	yu3	赣			30000		
守		seu	shou3	赣			30000		
安		ngon	an1	赣			34010		
宋		seng	song4	赣			30000		
完		won	wan2	赣			30000		
宏		feng	hong2	赣			30000		
宓		mi	mi4	赣			30000		
宕		dong	dang4	赣			12000		
宕		kang	dang4	赣			2000		
宕		pong	dang4	赣			3000		
宕		song	dang4	赣			2400		
宗		zeng	zong1	赣			30000		
官		guon	guan1	赣			30000		
宙		zeu	zhou4	赣			30000		
定		tiang	ding4	赣			32770		
宛		wan	wan3	赣			30000		
宛		won	wan3	赣			30000		
宜		ni	yi2	赣			200000		
宝		bau	bao3	赣			30000		
实		si	shi2	赣			60000		
宠		qiung	chong3	赣			120000		
宠		teng	chong3	赣			120000		
审		sen	shen3	赣			30000		
客		ka	ke4	赣			30000		
客		kie	ke4	赣			7500		
宣		xyuon	xuan1	赣			30000		
室		si	shi4	赣			30000		
宥		yiu	you4	赣			30000		
宥		yiung	you4	赣			7500		
宦		fon	huan4	赣			30000		
宪		han	xian4	赣			30000		
宫		gung	gong1	赣			30000		
宬		cen	cheng2	赣			30000		
宬		sen	cheng2	赣			7500		
宰		zai	zai3	赣			30000		
害		hoi	hai4	赣			30000		
宴		yen	yan4	赣			30000		
宵		xieu	xiao1	赣			30000		
家		ga	jia1	赣			79520		
宸		cen	chen2	赣			30000		
容		yiung	rong2	赣			30000		
宽		kuon	kuan1	赣			30000		
宾		bin	bin1	赣			30000		
宿		su	su4	赣			30000		
宿		xiu	su4	赣			7500		
寂		ji	ji4	赣			30000		
寄		ji	ji4	赣			30000		
寅		bin	yin2	赣			2000		
寅		cen	yin2	赣			12000		
寅		sen	yin2	赣			3000		
寅		yi	yin2	赣			2400		
密		mi	mi4	赣			30000		
寇		kieu	kou4	赣			30000		
富		fu	fu4	赣			30000		
寐		mi	mei4	赣			30000		
寒		hon	han2	赣			30000		
寓		yu	yu4	赣			30000		
寝		qin	qin3	赣			30000		
寞		mo	mo4	赣			30000		
察		ca	cha2	赣			30000		
寡		gua	gua3	赣			30000		
寤		wu	wu4	赣			30000		
寤		yu	wu4	赣			7500		
寥		lieu	liao2	赣			30000		
寨		zai	zhai4	赣			30000		
寮		lieu	liao2	赣			30000		
寰		fan	huan2	赣			3000		
寰		wan	huan2	赣			2400		
寰		xon	huan2	赣			12000		
寸		cen	cun4	赣			30000		
对		dei	dui4	赣			184674		
寺		si	si4	赣			30000		
寻		qin	xun2	赣			30000		
导		dau	dao3	赣			31739		
寿		seu	shou4	赣			30000		
封		feng	feng1	赣			30000		
射		xia	she4	赣			120000		
将		jiong	jiang1	赣			122305		
尉		wei	wei4	赣			30000		
尊		zeng	zun1	赣			30000		
小		xieu	xiao3	赣			57969		
少		seu	shao3	赣			30000		
尔		e	er3	赣			120000		
尔		ng	er3	赣			30000		
尖		jien	jian1	赣			30000		
尘		cen	chen2	赣			30000		
尚		xiong	shang4	赣			30000		
尝		qiong	chang2	赣			30000		
尝		xiong	chang2	赣			30000		
尤		yiu	you2	赣			30000		
尥		lieu	liao4	赣			7500		
尥		pau	liao4	赣			30000		
尧		dieu	yao2	赣			3000		
尧		lieu	yao2	赣			12000		
尧		tieu	yao2	赣			2400		
尧		xieu	yao2	赣			2000		
尬		gai	ga4	赣			3000		
尬		jie	ga4	赣			2000		
尬		ka	ga4	赣			2400		
尬		kai	ga4	赣			12000		
就		qiu	jiu4	赣			273122		
尸		si	shi1	赣			30000		
尹		yun	yin3	赣			30000		
尺		qia	chi3	赣			30000		
尺		ta	chi3	赣			7500		
尻		cau	kao1	赣			2000		
尻		hau	kao1	赣			3000		
尻		lau	kao1	赣			2400		
尻		tau	kao1	赣			12000		
尼		ni	ni2	赣			120000		
尽		qin	jin3	赣			30000		
尾		mi	wei3	赣			30000		
尿		nieu	niao4	赣			30000		
局		qiu	ju2	赣			30000		
屁		pi	pi4	赣			30000		
层		ceng	ceng2	赣			30000		
屃		bi	xi4	赣			30000		
屃		li	xi4	赣			6000		
屃		qi	xi4	赣			5000		
屃		zi	xi4	赣			7500		
居		jyu	ju1	赣			30000		
屈		qyu	qu1	赣			30000		
屉		ti	ti4	赣			30000		
届		kai	jie4	赣			30000		
屋		wei	wu1	赣			30000		
屋		wu	wu1	赣			30000		
屎		si	shi3	赣			30000		
屏		pin	ping2	赣			30000		
屐		jyu	ji1	赣			30000		
屑		xie	xie4	赣			30000		
展		zen	zhan3	赣			68664		
属		xu	shu3	赣			30000		
屠		tu	tu2	赣			30000		
屡		lyu	lv3	赣			30000		
屣		sa	xi3	赣			30000		
屣		sai	xi3	赣			7500		
履		lyu	lv3	赣			30000		
屦		jyu	ju4	赣			30000		
屯		ten	tun2	赣			30000		
山		san	shan1	赣			30000		
屹		yi	yi4	赣			30000		
屺		qi	qi3	赣			30000		
屿		yu	yu3	赣			30000		
岁		xi	sui4	赣			30000		
岂		qi	qi3	赣			30000		
岈		nga	ya2	赣			30000		
岌		ji	ji2	赣			30000		
岌		si	ji2	赣			7500		
岌		xi	ji2	赣			6000		
岌		zi	ji2	赣			5000		
岍		qien	qian1	赣			30000		
岐		jia	qi2	赣			7500		
岐		qi	qi2	赣			30000		
岐		si	qi2	赣			5000		
岐		zi	qi2	赣			6000		
岑		jin	cen2	赣			2400		
岑		lin	cen2	赣			3000		
岑		qin	cen2	赣			12000		
岑		yin	cen2	赣			2000		
岔		ca	cha4	赣			30000		
岖		qyu	qu1	赣			30000		
岗		gong	gang3	赣			30000		
岘		bien	xian4	赣			12000		
岘		dien	xian4	赣			2400		
岘		xien	xian4	赣			3000		
岘		yen	xian4	赣			2000		
岚		can	lan2	赣			3000		
岚		hon	lan2	赣			2400		
岚		ngon	lan2	赣			2000		
岚		tan	lan2	赣			12000		
岛		dau	dao3	赣			30000		
岢		kie	ke3	赣			12000		
岢		ko	ke3	赣			3000		
岣		gieu	gou3	赣			3000		
岣		jyu	gou3	赣			12000		
岣		kieu	gou3	赣			2400		
岩		ngai	yan2	赣			30000		
岩		ngien	yan2	赣			7500		
岫		qiu	xiu4	赣			30000		
岭		liang	ling3	赣			30000		
岱		dai	dai4	赣			3000		
岱		li	dai4	赣			2400		
岱		toi	dai4	赣			12000		
岳		yue	yue4	赣			30000		
岵		fu	hu4	赣			30000		
岵		gu	hu4	赣			7500		
岷		min	min2	赣			30000		
岸		ngon	an4	赣			30000		
岿		gui	kui1	赣			2400		
岿		jyu	kui1	赣			2000		
岿		wei	kui1	赣			12000		
岿		xyu	kui1	赣			3000		
峄		xia	yi4	赣			2400		
峄		ya	yi4	赣			2000		
峄		ye	yi4	赣			3000		
峄		yi	yi4	赣			12000		
峋		xyun	xun2	赣			30000		
峒		teng	dong4	赣			30000		
峙		li	zhi4	赣			7500		
峙		si	zhi4	赣			30000		
峙		yi	zhi4	赣			5000		
峙		zi	zhi4	赣			6000		
峡		ha	xia2	赣			30000		
峡		xia	xia2	赣			7500		
峣		dieu	yao2	赣			3000		
峣		lieu	yao2	赣			12000		
峣		tieu	yao2	赣			2400		
峣		xieu	yao2	赣			2000		
峤		qieu	jiao4	赣			30000		
峥		bong	zheng1	赣			2400		
峥		pang	zheng1	赣			12000		
峥		sang	zheng1	赣			2000		
峥		yin	zheng1	赣			3000		
峦		lon	luan2	赣			30000		
峭		qieu	qiao4	赣			30000		
峰		feng	feng1	赣			30000		
峻		jyun	jun4	赣			30000		
崃		loi	lai2	赣			30000		
崆		kung	kong1	赣			60000		
崆		qiong	kong1	赣			30000		
崇		ceng	chong2	赣			30000		
崇		teng	chong2	赣			30000		
崎		qi	qi2	赣			30000		
崔		cei	cui1	赣			30000		
崖		ngai	ya2	赣			30000		
崛		fo	jue2	赣			3000		
崛		jyue	jue2	赣			12000		
崛		wei	jue2	赣			2000		
崛		wu	jue2	赣			2400		
崞		guo	guo1	赣			30000		
崟		yin	yin2	赣			30000		
崤		hau	xiao2	赣			12000		
崤		jieu	xiao2	赣			2400		
崤		yeu	xiao2	赣			3000		
崦		ngon	yan1	赣			7500		
崦		yen	yan1	赣			30000		
崩		beng	beng1	赣			30000		
崭		zan	zhan3	赣			30000		
崴		cai	wai3	赣			3000		
崴		gai	wai3	赣			12000		
崴		mai	wai3	赣			2000		
崴		pai	wai3	赣			2400		
崽		ca	zai3	赣			2400		
崽		cai	zai3	赣			12000		
崽		gai	zai3	赣			3000		
崽		pai	zai3	赣			2000		
嵇		wa	ji1	赣			3000		
嵇		xie	ji1	赣			12000		
嵊		ceng	sheng4	赣			120000		
嵊		sen	sheng4	赣			30000		
嵋		mi	mei2	赣			30000		
嵋		wei	mei2	赣			7500		
嵌		qien	qian4	赣			30000		
嵎		yu	yu2	赣			30000		
嵘		feng	rong2	赣			2400		
嵘		leng	rong2	赣			12000		
嵘		yin	rong2	赣			3000		
嵚		qin	qin1	赣			30000		
嵝		leu	lou3	赣			30000		
嵝		lyu	lou3	赣			7500		
嵩		jiung	song1	赣			12000		
嵩		leng	song1	赣			2400		
嵩		qiun	song1	赣			2000		
嵩		qiung	song1	赣			3000		
嵫		zai	zi1	赣			12000		
嵫		zu	zi1	赣			3000		
嵬		fi	wei2	赣			3000		
嵬		kui	wei2	赣			2400		
嵬		lei	wei2	赣			12000		
嵯		cai	cuo2	赣			30000		
嶂		jiung	zhang4	赣			30000		
嶓		bo	bo1	赣			12000		
嶓		fan	bo1	赣			3000		
嶙		lin	lin2	赣			12000		
嶙		min	lin2	赣			2000		
嶙		qin	lin2	赣			3000		
嶙		yin	lin2	赣			2400		
嶝		cang	deng4	赣			3000		
嶝		den	deng4	赣			12000		
嶷		ji	yi2	赣			7500		
嶷		si	yi2	赣			30000		
嶷		yi	yi2	赣			5000		
嶷		zi	yi2	赣			6000		
巅		dien	dian1	赣			30000		
巉		can	chan2	赣			2000		
巉		coi	chan2	赣			2400		
巉		ngai	chan2	赣			12000		
巉		qien	chan2	赣			3000		
巍		wei	wei1	赣			30000		
川		qon	chuan1	赣			30000		
州		jiu	zhou1	赣			7500		
州		zeu	zhou1	赣			30000		
巡		xyun	xun2	赣			30000		
巢		cau	chao2	赣			30000		
工		gung	gong1	赣			66367		
左		zo	zuo3	赣			30000		
巧		qieu	qiao3	赣			30000		
巨		jyu	ju4	赣			30000		
巩		gung	gong3	赣			30000		
巫		wu	wu1	赣			30000		
差		cai	cha4	赣			30000		
差		za	cha4	赣			7500		
己		ji	ji3	赣			90933		
已		yi	yi3	赣			72638		
巳		si	si4	赣			30000		
巴		ba	ba1	赣			30000		
巷		hong	xiang4	赣			30000		
巽		xyun	xun4	赣			30000		
巾		jin	jin1	赣			30000		
币		bi	bi4	赣			30000		
市		si	shi4	赣			40141		
布		bu	bu4	赣			30000		
布		pu	bu4	赣			30000		
帅		soi	shuai4	赣			30000		
帆		fan	fan1	赣			30000		
师		su	shi1	赣			30000		
希		xi	xi1	赣			30000		
帏		fi	wei2	赣			30000		
帏		wei	wei2	赣			7500		
帐		jiong	zhang4	赣			30000		
帑		dong	tang3	赣			12000		
帑		kang	tang3	赣			3000		
帑		long	tang3	赣			2400		
帑		lu	tang3	赣			2000		
帔		bai	pei4	赣			7500		
帔		pi	pei4	赣			30000		
帕		pa	pa4	赣			30000		
帖		tie	tie1	赣			30000		
帘		lien	lian2	赣			30000		
帙		zi	zhi4	赣			30000		
帚		zeu	zhou3	赣			30000		
帛		bo	bo2	赣			3000		
帛		pa	bo2	赣			12000		
帜		zi	zhi4	赣			30000		
帝		ti	di4	赣			30000		
带		dai	dai4	赣			30000		
席		xi	xi2	赣			30000		
席		xia	xi2	赣			7500		
帮		bong	bang1	赣			30000		
帱		ceu	chou2	赣			12000		
帱		dau	chou2	赣			3000		
帱		seu	chou2	赣			2400		
帱		tau	chou2	赣			2000		
帷		gui	wei2	赣			2000		
帷		jyu	wei2	赣			2400		
帷		wei	wei2	赣			12000		
帷		xyu	wei2	赣			3000		
常		qiong	chang2	赣			60000		
帻		zai	ze2	赣			12000		
帻		ze	ze2	赣			3000		
帼		dei	guo2	赣			2000		
帼		fi	guo2	赣			12000		
帼		mi	guo2	赣			2400		
帼		pi	guo2	赣			3000		
帽		mau	mao4	赣			30000		
幄		wo	wo4	赣			12000		
幄		yo	wo4	赣			3000		
幅		fu	fu2	赣			30000		
幌		fong	huang3	赣			30000		
幔		man	man4	赣			30000		
幕		mu	mu4	赣			30000		
幞		lu	fu2	赣			2000		
幞		xu	fu2	赣			2400		
幞		xyu	fu2	赣			12000		
幞		yu	fu2	赣			3000		
幡		fan	fan1	赣			30000		
幢		deng	chuang2	赣			30000		
幪		meng	meng2	赣			30000		
干		kon	gan4	赣			30000		
平		piang	ping2	赣			30000		
平		pin	ping2	赣			7500		
年		nien	nian2	赣			248559		
并		bin	bing4	赣			93868		
并		pin	bing4	赣			23467		
幸		xin	xing4	赣			30000		
幺		me	yao1	赣			30000		
幻		fon	huan4	赣			30000		
幼		yiu	you4	赣			30000		
幽		yiu	you1	赣			30000		
广		guong	guang3	赣			30000		
庀		pi	pi3	赣			30000		
庄		zong	zhuang1	赣			30000		
庆		qin	qing4	赣			30000		
庇		bi	bi4	赣			30000		
床		cong	chuang2	赣			30000		
庋		gui	gui3	赣			3000		
庋		kui	gui3	赣			12000		
序		xyu	xu4	赣			30000		
庐		lu	lu2	赣			30000		
庑		lu	wu3	赣			7500		
庑		wu	wu3	赣			30000		
库		ku	ku4	赣			30000		
应		nien	ying1	赣			30000		
应		yin	ying1	赣			120000		
底		di	di3	赣			30000		
庖		pau	pao2	赣			30000		
店		dien	dian4	赣			30000		
庙		mieu	miao4	赣			30000		
庚		gang	geng1	赣			2400		
庚		gien	geng1	赣			3000		
庚		kien	geng1	赣			12000		
府		fu	fu3	赣			30000		
庞		pong	pang2	赣			30000		
废		fi	fei4	赣			30000		
庠		xiong	xiang2	赣			30000		
庠		yong	xiang2	赣			7500		
庤		li	zhi4	赣			7500		
庤		si	zhi4	赣			30000		
庤		yi	zhi4	赣			5000		
庤		zi	zhi4	赣			6000		
庥		xiu	xiu1	赣			30000		
度		tu	du4	赣			30000		
座		co	zuo4	赣			30000		
庭		tin	ting2	赣			30000		
庳		bai	bi4	赣			3000		
庳		bi	bi4	赣			12000		
庳		pa	bi4	赣			2400		
庳		pi	bi4	赣			2000		
庵		ngon	an1	赣			30000		
庶		za	shu4	赣			30000		
康		kong	kang1	赣			30000		
庸		yiung	yong1	赣			30000		
庾		yu	yu3	赣			30000		
廉		lien	lian2	赣			30000		
廊		long	lang2	赣			30000		
廋		seu	sou1	赣			30000		
廓		ko	kuo4	赣			30000		
廓		kue	kuo4	赣			30000		
廖		lieu	liao4	赣			30000		
廖		liu	liao4	赣			7500		
廙		si	yi4	赣			7500		
廙		ye	yi4	赣			6000		
廙		yi	yi4	赣			30000		
廛		cen	chan2	赣			30000		
廨		gai	xie4	赣			3000		
廨		xie	xie4	赣			12000		
廪		lin	lin3	赣			30000		
延		yen	yan2	赣			30000		
廷		tin	ting2	赣			30000		
建		jien	jian4	赣			30000		
廿		lu	nian4	赣			30000		
开		koi	kai1	赣			38139		
弁		pien	bian4	赣			12000		
异		yi	yi4	赣			30000		
弃		qi	qi4	赣			30000		
弄		leng	nong4	赣			30000		
弆		gie	ju3	赣			30000		
弇		can	yan3	赣			2400		
弇		hon	yan3	赣			2000		
弇		tan	yan3	赣			3000		
弇		yen	yan3	赣			12000		
弈		xia	yi4	赣			2400		
弈		ya	yi4	赣			2000		
弈		ye	yi4	赣			3000		
弈		yi	yi4	赣			12000		
弊		bi	bi4	赣			30000		
弋		ye	yi4	赣			30000		
式		si	shi4	赣			30000		
弑		si	shi4	赣			7500		
弑		zi	shi4	赣			30000		
弓		gung	gong1	赣			30000		
引		yin	yin3	赣			30000		
弗		bei	fu2	赣			30000		
弘		feng	hong2	赣			12000		
弛		ci	chi2	赣			30000		
弟		ti	di4	赣			30000		
张		jiong	zhang1	赣			30000		
弥		mi	mi2	赣			30000		
弦		xien	xian2	赣			30000		
弦		xon	xian2	赣			30000		
弧		fu	hu2	赣			30000		
弩		lu	nu3	赣			30000		
弭		mi	mi3	赣			30000		
弯		wan	wan1	赣			30000		
弱		lo	ruo4	赣			30000		
弹		tan	dan4	赣			30000		
强		qiong	qiang2	赣			30000		
弼		bi	bi4	赣			12000		
弼		mi	bi4	赣			3000		
彀		gieu	gou4	赣			30000		
彀		jyu	gou4	赣			7500		
归		gui	gui1	赣			30000		
当		dong	dang1	赣			42694		
录		lu	lu4	赣			30000		
彖		fon	tuan4	赣			2400		
彖		guon	tuan4	赣			3000		
彖		pon	tuan4	赣			12000		
彖		wan	tuan4	赣			2000		
彗		sei	hui4	赣			2000		
彗		wei	hui4	赣			2400		
彗		xi	hui4	赣			3000		
彗		xyu	hui4	赣			12000		
彘		zi	zhi4	赣			30000		
彝		xien	yi2	赣			7500		
彝		yi	yi2	赣			30000		
形		xin	xing2	赣			30000		
彤		teng	tong2	赣			30000		
彦		yen	yan4	赣			12000		
彦		ze	yan4	赣			3000		
彧		ngau	yu4	赣			30000		
彧		yu	yu4	赣			7500		
彩		coi	cai3	赣			30000		
彪		bieu	biao1	赣			30000		
彬		bin	bin1	赣			30000		
彭		pang	peng2	赣			30000		
彭		peng	peng2	赣			7500		
彰		jiong	zhang1	赣			30000		
影		yang	ying3	赣			30000		
影		yin	ying3	赣			7500		
彳		ji	chi4	赣			12000		
彳		pi	chi4	赣			3000		
彳		xi	chi4	赣			2400		
彳		yi	chi4	赣			2000		
彷		bong	pang2	赣			6000		
彷		fong	pang2	赣			30000		
彷		pong	pang2	赣			7500		
役		yi	yi4	赣			30000		
彻		ce	che4	赣			30000		
彼		bi	bi3	赣			30000		
往		wong	wang3	赣			30000		
征		zen	zheng1	赣			30000		
徂		fu	cu2	赣			12000		
徂		lu	cu2	赣			2000		
徂		tu	cu2	赣			2400		
徂		wu	cu2	赣			3000		
径		jin	jing4	赣			30000		
待		toi	dai4	赣			30000		
徇		xyun	xun4	赣			30000		
很		hen	hen3	赣			69103		
徉		xiung	yang2	赣			7500		
徉		yong	yang2	赣			30000		
徊		fi	huai2	赣			30000		
律		lyu	lv4	赣			30000		
後		heu	hou4	赣			60000		
徐		qi	xu2	赣			30000		
徐		xyu	xu2	赣			30000		
徒		tu	tu2	赣			30000		
徕		loi	lai2	赣			30000		
得		de	de2	赣			134479		
徘		fi	pai2	赣			30000		
徙		xi	xi3	赣			30000		
徛		qi	ji4	赣			90000		
徜		qiong	chang2	赣			60000		
御		yu	yu4	赣			30000		
徨		fong	huang2	赣			30000		
徨		wong	huang2	赣			7500		
循		xyun	xun2	赣			30000		
微		zang	wei1	赣			30000		
微		zen	wei1	赣			7500		
徵		jiang	zheng1	赣			6000		
徵		sen	zheng1	赣			7500		
徵		zen	zheng1	赣			30000		
德		de	de2	赣			30000		
徼		ji	jiao3	赣			2400		
徼		jieu	jiao3	赣			12000		
徼		yeu	jiao3	赣			3000		
徽		fi	hui1	赣			30000		
心		xin	xin1	赣			30000		
必		bi	bi4	赣			30000		
忆		yi	yi4	赣			30000		
忉		dau	dao1	赣			30000		
忌		ji	ji4	赣			30000		
忍		len	ren3	赣			7500		
忍		nin	ren3	赣			30000		
忏		gan	chan4	赣			3000		
忏		jien	chan4	赣			12000		
忒		kie	te4	赣			12000		
忒		lei	te4	赣			2400		
忒		me	te4	赣			2000		
忒		pu	te4	赣			3000		
忖		ben	cun3	赣			12000		
忖		den	cun3	赣			3000		
忖		fen	cun3	赣			2400		
忖		ti	cun3	赣			2000		
志		zi	zhi4	赣			30000		
忘		wong	wang4	赣			30000		
忙		mong	mang2	赣			30000		
忝		dien	tian3	赣			12000		
忝		nien	tian3	赣			2400		
忝		qien	tian3	赣			2000		
忝		zen	tian3	赣			3000		
忠		jiung	zhong1	赣			30000		
忡		jiung	chong1	赣			30000		
忤		wu	wu3	赣			30000		
忤		yu	wu3	赣			7500		
忧		yiu	you1	赣			30000		
忪		gong	song1	赣			7500		
忪		jiung	song1	赣			30000		
快		kuai	kuai4	赣			30000		
忭		pien	bian4	赣			12000		
忮		cu	zhi4	赣			6000		
忮		pi	zhi4	赣			7500		
忮		qi	zhi4	赣			30000		
忮		zi	zhi4	赣			5000		
忱		jin	chen2	赣			2400		
忱		lin	chen2	赣			3000		
忱		qin	chen2	赣			12000		
忱		yin	chen2	赣			2000		
念		nien	nian4	赣			30000		
忸		niu	niu3	赣			120000		
忻		xin	xin1	赣			30000		
忽		fak	hu1	赣			6000		
忽		fei	hu1	赣			30000		
忽		fu	hu1	赣			7500		
忾		koi	kai4	赣			7500		
忾		qi	kai4	赣			30000		
忾		si	kai4	赣			6000		
忿		fen	fen4	赣			30000		
怀		fai	huai2	赣			30000		
态		toi	tai4	赣			30000		
怂		seng	song3	赣			30000		
怃		lu	wu3	赣			7500		
怃		wu	wu3	赣			30000		
怅		qiong	chang4	赣			60000		
怆		cong	chuang4	赣			7500		
怆		qiung	chuang4	赣			30000		
怊		jieu	chao1	赣			2400		
怊		qieu	chao1	赣			3000		
怊		xieu	chao1	赣			2000		
怊		yeu	chao1	赣			12000		
怍		zau	zuo4	赣			12000		
怍		zon	zuo4	赣			3000		
怎		zang	zen3	赣			30000		
怏		jiung	yang4	赣			7500		
怏		liung	yang4	赣			5000		
怏		qiung	yang4	赣			6000		
怏		xiung	yang4	赣			30000		
怒		lu	nu4	赣			30000		
怔		sen	zheng1	赣			30000		
怕		pa	pa4	赣			30000		
怖		pu	bu4	赣			30000		
怙		fu	hu4	赣			30000		
怙		gu	hu4	赣			7500		
怛		ho	da2	赣			12000		
怛		koi	da2	赣			2000		
怛		lai	da2	赣			3000		
怛		tai	da2	赣			2400		
怜		lien	lian2	赣			30000		
思		su	si1	赣			30000		
怠		toi	dai4	赣			30000		
怡		toi	yi2	赣			12000		
怡		yi	yi2	赣			3000		
急		ji	ji2	赣			30000		
怦		peng	peng1	赣			30000		
性		xin	xing4	赣			30000		
怨		yon	yuan4	赣			30000		
怩		ni	ni2	赣			30000		
怪		guai	guai4	赣			30000		
怫		fi	fu2	赣			30000		
怫		fo	fu2	赣			7500		
怯		qie	qie4	赣			30000		
怵		lyu	chu4	赣			2000		
怵		qyu	chu4	赣			3000		
怵		xyu	chu4	赣			12000		
怵		zu	chu4	赣			2400		
总		jin	zong3	赣			7500		
总		zeng	zong3	赣			30000		
怼		jyuei	dui4	赣			30000		
怿		xia	yi4	赣			2400		
怿		ya	yi4	赣			2000		
怿		ye	yi4	赣			3000		
怿		yi	yi4	赣			12000		
恁		len	nen4	赣			3000		
恁		lin	nen4	赣			2400		
恁		pin	nen4	赣			2000		
恁		sen	nen4	赣			12000		
恂		xyun	xun2	赣			30000		
恃		si	shi4	赣			30000		
恋		lien	lian4	赣			30000		
恍		fong	huang3	赣			30000		
恐		kung	kong3	赣			30000		
恒		heng	heng2	赣			30000		
恕		xyu	shu4	赣			30000		
恙		yong	yang4	赣			12000		
恚		wei	hui4	赣			30000		
恢		fi	hui1	赣			30000		
恣		ji	zi4	赣			12000		
恤		xyu	xu4	赣			30000		
恧		fu	nv4	赣			12000		
恧		jyu	nv4	赣			3000		
恧		mu	nv4	赣			2000		
恧		xyu	nv4	赣			2400		
恨		hen	hen4	赣			30000		
恩		ngien	en1	赣			30000		
恪		kuo	ke4	赣			12000		
恫		teng	dong4	赣			30000		
恬		tien	tian2	赣			30000		
恭		gung	gong1	赣			30000		
息		xi	xi1	赣			30000		
恰		qia	qia4	赣			30000		
恳		kien	ken3	赣			30000		
恶		ngo	e4	赣			30000		
恸		teng	tong4	赣			30000		
恺		koi	kai3	赣			30000		
恻		ce	ce4	赣			30000		
恼		lau	nao3	赣			30000		
恽		yun	yun4	赣			30000		
恿		yiung	yong3	赣			30000		
悃		ben	kun3	赣			12000		
悃		den	kun3	赣			3000		
悃		fen	kun3	赣			2400		
悃		ti	kun3	赣			2000		
悄		qieu	qiao1	赣			30000		
悉		xi	xi1	赣			30000		
悌		dai	ti4	赣			7500		
悌		ti	ti4	赣			30000		
悍		hon	han4	赣			30000		
悒		ji	yi4	赣			12000		
悒		yi	yi4	赣			3000		
悔		fi	hui3	赣			30000		
悖		bi	bei4	赣			2400		
悖		bien	bei4	赣			2000		
悖		bo	bei4	赣			12000		
悖		pi	bei4	赣			3000		
悚		seng	song3	赣			30000		
悛		qon	quan1	赣			3000		
悛		son	quan1	赣			12000		
悝		fi	kui1	赣			6000		
悝		kui	kui1	赣			7500		
悝		li	kui1	赣			30000		
悟		wu	wu4	赣			30000		
悠		yiu	you1	赣			30000		
悢		liung	liang4	赣			30000		
悢		lyue	liang4	赣			7500		
患		fon	huan4	赣			30000		
悦		yue	yue4	赣			30000		
您		nin	nin2	赣			30000		
悫		ko	que4	赣			30000		
悬		xyuon	xuan2	赣			30000		
悭		han	qian1	赣			12000		
悭		jien	qian1	赣			2000		
悭		san	qian1	赣			3000		
悭		yin	qian1	赣			2400		
悯		min	min3	赣			30000		
悱		fi	fei3	赣			30000		
悲		bi	bei1	赣			30000		
悴		cei	cui4	赣			30000		
悸		kui	ji4	赣			30000		
悼		dau	dao4	赣			30000		
情		qiang	qing2	赣			7500		
情		qin	qing2	赣			32833		
惆		ceu	chou2	赣			30000		
惇		den	dun1	赣			2400		
惇		deng	dun1	赣			3000		
惇		xyun	dun1	赣			12000		
惊		jiang	jing1	赣			7500		
惊		jin	jing1	赣			30000		
惋		wan	wan3	赣			30000		
惋		won	wan3	赣			30000		
惑		fo	huo4	赣			30000		
惕		ti	ti4	赣			30000		
惘		mong	wang3	赣			30000		
惚		fei	hu1	赣			30000		
惜		xi	xi1	赣			30000		
惟		wei	wei2	赣			30000		
惟		yi	wei2	赣			7500		
惠		fi	hui4	赣			30000		
惦		dien	dian4	赣			30000		
惧		jyu	ju4	赣			30000		
惨		cen	can3	赣			30000		
惩		ceng	cheng2	赣			30000		
惫		bi	bei4	赣			30000		
惬		die	qie4	赣			2400		
惬		ga	qie4	赣			2000		
惬		ha	qie4	赣			3000		
惬		tie	qie4	赣			12000		
惭		can	can2	赣			30000		
惮		dan	dan4	赣			3000		
惮		tan	dan4	赣			12000		
惯		guan	guan4	赣			30000		
惰		do	duo4	赣			30000		
想		xiong	xiang3	赣			61904		
惴		lei	zhui4	赣			2400		
惴		qyu	zhui4	赣			3000		
惴		wei	zhui4	赣			12000		
惶		fong	huang2	赣			30000		
惹		ya	re3	赣			30000		
惺		sen	xing1	赣			3000		
惺		xiang	xing1	赣			2400		
惺		xin	xing1	赣			12000		
愀		jiu	qiao3	赣			12000		
愀		niu	qiao3	赣			2000		
愀		seu	qiao3	赣			3000		
愀		yiu	qiao3	赣			2400		
愁		ceu	chou2	赣			30000		
愁		qiu	chou2	赣			7500		
愆		bien	qian1	赣			2000		
愆		pien	qian1	赣			3000		
愆		qien	qian1	赣			12000		
愆		yen	qian1	赣			2400		
愈		yu	yu4	赣			30000		
愉		yu	yu2	赣			30000		
愎		ji	bi4	赣			7500		
愎		si	bi4	赣			30000		
愎		yi	bi4	赣			5000		
愎		zi	bi4	赣			6000		
意		yi	yi4	赣			30000		
愔		yin	yin1	赣			30000		
愕		ngo	e4	赣			30000		
愚		yu	yu2	赣			30000		
感		gon	gan3	赣			7500		
感		gong	gan3	赣			30000		
愠		yun	yun4	赣			30000		
愤		fen	fen4	赣			30000		
愦		dei	kui4	赣			2000		
愦		fi	kui4	赣			12000		
愦		mi	kui4	赣			2400		
愦		pi	kui4	赣			3000		
愧		kui	kui4	赣			30000		
愧		kyui	kui4	赣			7500		
愿		nyuon	yuan4	赣			30000		
愿		yon	yuan4	赣			30000		
慈		cu	ci2	赣			30000		
慊		qien	qian4	赣			30000		
慌		fong	huang1	赣			30000		
慎		sen	shen4	赣			30000		
慑		ze	she4	赣			30000		
慕		mu	mu4	赣			30000		
慝		kie	te4	赣			12000		
慝		lei	te4	赣			2400		
慝		me	te4	赣			2000		
慝		pu	te4	赣			3000		
慢		man	man4	赣			30000		
慥		cau	zao4	赣			30000		
慧		fi	hui4	赣			30000		
慨		koi	kai3	赣			30000		
慭		jin	yin4	赣			3000		
慭		xin	yin4	赣			2400		
慭		yin	yin4	赣			2000		
慭		zen	yin4	赣			12000		
慰		wei	wei4	赣			30000		
慵		ceng	yong1	赣			6000		
慵		feng	yong1	赣			30000		
慵		jiung	yong1	赣			5000		
慵		seng	yong1	赣			7500		
慷		koi	kang1	赣			30000		
憋		bie	bie1	赣			30000		
憎		zen	zeng1	赣			30000		
憔		qieu	qiao2	赣			30000		
憝		dei	dui4	赣			30000		
憧		cong	chong1	赣			2400		
憧		deng	chong1	赣			3000		
憧		qiung	chong1	赣			12000		
憨		hon	han1	赣			30000		
憨		hong	han1	赣			30000		
憩		gai	qi4	赣			30000		
憬		gien	jing3	赣			2000		
憬		jin	jing3	赣			12000		
憬		kien	jing3	赣			3000		
憬		qin	jing3	赣			2400		
憷		cyu	chu4	赣			12000		
憷		qyu	chu4	赣			3000		
憾		hon	han4	赣			120000		
懂		deng	dong3	赣			30000		
懈		xie	xie4	赣			30000		
懊		ngau	ao4	赣			30000		
懋		mau	mao4	赣			3000		
懋		meu	mao4	赣			2400		
懋		mu	mao4	赣			12000		
懑		ben	men4	赣			12000		
懑		den	men4	赣			3000		
懑		fen	men4	赣			2400		
懑		mon	men4	赣			2000		
懒		lan	lan3	赣			30000		
懦		lo	nuo4	赣			30000		
懵		cang	meng3	赣			2000		
懵		den	meng3	赣			3000		
懵		meng	meng3	赣			12000		
懵		zen	meng3	赣			2400		
懿		bi	yi4	赣			30000		
懿		li	yi4	赣			6000		
懿		qi	yi4	赣			5000		
懿		zi	yi4	赣			7500		
戆		cong	gang4	赣			2000		
戆		deng	gang4	赣			2400		
戆		feng	gang4	赣			12000		
戆		hong	gang4	赣			3000		
戈		kie	ge1	赣			30000		
戊		mau	wu4	赣			3000		
戊		meu	wu4	赣			2400		
戊		mu	wu4	赣			12000		
戋		can	jian1	赣			30000		
戌		xyu	xu1	赣			30000		
戍		xyu	shu4	赣			30000		
戎		leng	rong2	赣			30000		
戏		xi	xi4	赣			30000		
成		cen	cheng2	赣			44880		
成		xiang	cheng2	赣			44880		
我		ngo	wo3	赣			328841		
戒		kai	jie4	赣			30000		
戕		go	qiang1	赣			6000		
戕		ko	qiang1	赣			7500		
戕		qiung	qiang1	赣			30000		
戕		yong	qiang1	赣			5000		
或		fo	huo4	赣			78942		
战		zan	zhan4	赣			30000		
戚		qi	qi1	赣			30000		
戛		gon	jia2	赣			3000		
戛		xie	jia2	赣			12000		
戟		fu	ji3	赣			12000		
戟		ga	ji3	赣			3000		
戡		kon	kan1	赣			3000		
戡		lin	kan1	赣			2400		
戡		pin	kan1	赣			2000		
戡		sen	kan1	赣			12000		
戢		ji	ji2	赣			30000		
戢		si	ji2	赣			7500		
戢		xi	ji2	赣			6000		
戢		zi	ji2	赣			5000		
截		jie	jie2	赣			30000		
戬		jien	jian3	赣			12000		
戬		qien	jian3	赣			3000		
戮		liu	lu4	赣			12000		
戮		lu	lu4	赣			3000		
戳		co	chuo1	赣			30000		
戴		doi	dai4	赣			30000		
户		fu	hu4	赣			30000		
戽		bu	hu4	赣			2000		
戽		fu	hu4	赣			12000		
戽		mu	hu4	赣			2400		
戽		tu	hu4	赣			3000		
戾		jie	li4	赣			3000		
戾		li	li4	赣			12000		
戾		qie	li4	赣			2400		
戾		xie	li4	赣			2000		
房		fong	fang2	赣			30000		
所		so	suo3	赣			76462		
扁		bien	bian3	赣			30000		
扃		jin	jiong1	赣			12000		
扅		xia	yi2	赣			3000		
扅		yi	yi2	赣			12000		
扇		sen	shan4	赣			30000		
扈		fu	hu4	赣			30000		
扈		gu	hu4	赣			7500		
扉		fi	fei1	赣			30000		
扊		tan	yan3	赣			30000		
手		seu	shou3	赣			30000		
手		xiu	shou3	赣			7500		
才		coi	cai2	赣			55415		
扎		za	zha1	赣			7500		
扎		zai	zha1	赣			30000		
扑		pu	pu1	赣			30000		
扒		pa	ba1	赣			30000		
打		da	da3	赣			33853		
扔		diang	reng1	赣			7500		
扔		leng	reng1	赣			30000		
托		to	tuo1	赣			30000		
扛		gong	kang2	赣			30000		
扣		kieu	kou4	赣			30000		
扤		wu	wu4	赣			30000		
执		zi	zhi2	赣			30000		
扩		kue	kuo4	赣			30000		
扪		men	men2	赣			30000		
扫		sau	sao3	赣			30000		
扬		yang	yang2	赣			30000		
扬		yong	yang2	赣			30000		
扭		niu	niu3	赣			30000		
扮		ban	ban4	赣			30000		
扯		ce	che3	赣			30000		
扰		leu	rao3	赣			30000		
扳		ban	ban1	赣			30000		
扶		fu	fu2	赣			30000		
批		pi	pi1	赣			30000		
扺		jia	zhi3	赣			30000		
扺		zi	zhi3	赣			7500		
扼		ngo	e4	赣			30000		
找		zau	zhao3	赣			30000		
承		cen	cheng2	赣			30000		
承		qin	cheng2	赣			7500		
技		qi	ji4	赣			37664		
抃		pien	bian4	赣			12000		
抄		cau	chao1	赣			30000		
抉		jyue	jue2	赣			3000		
抉		ko	jue2	赣			12000		
抉		yen	jue2	赣			2400		
把		ba	ba3	赣			30000		
把		bai	ba3	赣			108066		
抑		yong	yi4	赣			30000		
抒		xyu	shu1	赣			120000		
抓		za	zhua1	赣			30000		
抔		heu	pou2	赣			3000		
抔		kieu	pou2	赣			2000		
抔		leu	pou2	赣			12000		
抔		teu	pou2	赣			2400		
投		teu	tou2	赣			30000		
抖		deu	dou3	赣			30000		
抗		kong	kang4	赣			30000		
折		la	zhe2	赣			2000		
折		ti	zhe2	赣			3000		
折		tia	zhe2	赣			2400		
折		ze	zhe2	赣			30000		
抚		fu	fu3	赣			30000		
抛		pau	pao1	赣			30000		
抟		jon	tuan2	赣			12000		
抟		qon	tuan2	赣			2400		
抟		seng	tuan2	赣			3000		
抟		ton	tuan2	赣			2000		
抠		kieu	kou1	赣			30000		
抡		len	lun1	赣			30000		
抢		qiong	qiang3	赣			30000		
护		fu	hu4	赣			30000		
报		bau	bao4	赣			30000		
抨		peng	peng1	赣			30000		
披		pi	pi1	赣			30000		
抬		toi	tai2	赣			30000		
抱		bau	bao4	赣			30000		
抱		beng	bao4	赣			7500		
抵		di	di3	赣			30000		
抹		moi	mo3	赣			30000		
抻		jin	chen1	赣			3000		
抻		xin	chen1	赣			2400		
抻		yin	chen1	赣			2000		
抻		zen	chen1	赣			12000		
押		nga	ya1	赣			30000		
抽		ceu	chou1	赣			30000		
抽		qiu	chou1	赣			7500		
拂		fu	fu2	赣			30000		
拃		hon	zha3	赣			12000		
拄		jyu	zhu3	赣			30000		
担		dan	dan1	赣			30000		
拆		ca	chai1	赣			30000		
拇		mu	mu3	赣			30000		
拈		nien	nian1	赣			120000		
拉		la	la1	赣			30000		
拉		lai	la1	赣			120000		
拊		fu	fu3	赣			3000		
拊		peu	fu3	赣			12000		
拌		pon	ban4	赣			30000		
拍		pa	pai1	赣			30000		
拍		pai	pai1	赣			7500		
拎		lang	lin1	赣			6000		
拎		liang	lin1	赣			7500		
拎		lien	lin1	赣			5000		
拎		lin	lin1	赣			30000		
拐		guai	guai3	赣			30000		
拒		jyu	ju4	赣			30000		
拓		to	tuo4	赣			30000		
拔		pai	ba2	赣			30000		
拖		to	tuo1	赣			30000		
拗		ngau	ao3	赣			30000		
拘		jyu	ju1	赣			30000		
拙		zo	zhuo1	赣			30000		
拚		fen	pan4	赣			30000		
拚		pien	pan4	赣			7500		
招		zeu	zhao1	赣			60000		
拜		bai	bai4	赣			30000		
拟		ni	ni3	赣			30000		
拢		leng	long3	赣			30000		
拣		gan	jian3	赣			30000		
拥		yiung	yong1	赣			30000		
拦		lan	lan2	赣			30000		
拧		nin	ning2	赣			30000		
拨		pai	bo1	赣			30000		
择		ze	ze2	赣			30000		
括		kue	kuo4	赣			30000		
括		kuo	kuo4	赣			7500		
拭		si	shi4	赣			30000		
拮		ji	jie2	赣			7500		
拮		jie	jie2	赣			30000		
拯		zen	zheng3	赣			30000		
拱		gung	gong3	赣			30000		
拳		qon	quan2	赣			30000		
拳		qyuon	quan2	赣			30000		
拴		son	shuan1	赣			30000		
拶		co	za1	赣			12000		
拷		kau	kao3	赣			30000		
拼		piang	pin1	赣			30000		
拼		pin	pin1	赣			7500		
拾		si	shi2	赣			30000		
拿		la	na2	赣			30000		
持		ci	chi2	赣			30000		
挂		gua	gua4	赣			30000		
指		zi	zhi3	赣			30000		
挈		qi	qie4	赣			30000		
按		ngon	an4	赣			30000		
挎		kua	kua4	赣			30000		
挑		tieu	tiao1	赣			30000		
挖		wai	wa1	赣			30000		
挚		zi	zhi4	赣			30000		
挛		lien	luan2	赣			12000		
挛		lin	luan2	赣			3000		
挞		tai	ta4	赣			30000		
挟		ha	xie2	赣			30000		
挟		xia	xie2	赣			7500		
挠		leu	nao2	赣			30000		
挡		dong	dang3	赣			30000		
挢		jieu	jiao3	赣			30000		
挢		qieu	jiao3	赣			7500		
挣		zeng	zheng1	赣			30000		
挤		jie	ji3	赣			30000		
挥		fi	hui1	赣			30000		
挦		lien	xian2	赣			3000		
挦		qien	xian2	赣			2000		
挦		yen	xian2	赣			2400		
挦		zen	xian2	赣			12000		
挨		ngai	ai1	赣			30000		
挪		lo	nuo2	赣			30000		
挫		co	cuo4	赣			30000		
振		zen	zhen4	赣			30000		
挲		xien	sa1	赣			30000		
挹		ji	yi4	赣			12000		
挹		yi	yi4	赣			3000		
挺		tin	ting3	赣			30000		
挽		wan	wan3	赣			30000		
捂		wu	wu3	赣			30000		
捃		fen	jun4	赣			12000		
捃		wen	jun4	赣			2400		
捃		yon	jun4	赣			2000		
捃		yun	jun4	赣			3000		
捅		teng	tong3	赣			30000		
捆		kun	kun3	赣			30000		
捉		zo	zhuo1	赣			30000		
捋		co	lv3	赣			3000		
捋		me	lv3	赣			2400		
捋		pai	lv3	赣			12000		
捋		woi	lv3	赣			2000		
捌		bai	ba1	赣			30000		
捍		hon	han4	赣			30000		
捎		seu	shao1	赣			30000		
捏		nie	nie1	赣			30000		
捐		jon	juan1	赣			30000		
捕		bu	bu3	赣			30000		
捞		lau	lao1	赣			30000		
损		sen	sun3	赣			30000		
捡		jien	jian3	赣			30000		
换		won	huan4	赣			30000		
捣		dau	dao3	赣			30000		
捧		beng	peng3	赣			30000		
捩		jie	lie4	赣			3000		
捩		li	lie4	赣			12000		
捩		lie	lie4	赣			60000		
捩		qie	lie4	赣			2400		
捩		xie	lie4	赣			2000		
捭		bai	bai3	赣			30000		
据		jyu	ju4	赣			30000		
捶		cei	chui2	赣			30000		
捷		jie	jie2	赣			30000		
捺		lai	na4	赣			30000		
捺		lak	na4	赣			7500		
捻		nien	nian3	赣			30000		
掀		xyuon	xian1	赣			30000		
掂		dien	dian1	赣			30000		
掇		co	duo1	赣			3000		
掇		me	duo1	赣			2400		
掇		pai	duo1	赣			12000		
掇		woi	duo1	赣			2000		
授		seu	shou4	赣			30000		
掉		die	diao4	赣			30000		
掊		heu	pou2	赣			12000		
掊		kieu	pou2	赣			3000		
掊		ngieu	pou2	赣			2000		
掊		pau	pou2	赣			2400		
掌		jiong	zhang3	赣			30000		
掎		ji	ji3	赣			30000		
掎		kui	ji3	赣			5000		
掎		qi	ji3	赣			7500		
掎		zi	ji3	赣			6000		
掏		tau	tao1	赣			30000		
掐		ka	qia1	赣			30000		
排		pai	pai2	赣			30000		
掖		ye	ye1	赣			30000		
掘		jyue	jue2	赣			30000		
掟		diang	zheng3	赣			30000		
掠		lyue	lve4	赣			30000		
探		tan	tan4	赣			30000		
探		tang	tan4	赣			7500		
掣		ce	che4	赣			7500		
掣		li	che4	赣			6000		
掣		ze	che4	赣			30000		
掣		zi	che4	赣			5000		
接		jie	jie1	赣			30000		
控		kung	kong4	赣			30000		
推		cu	tui1	赣			7500		
推		tei	tui1	赣			30000		
掩		yen	yan3	赣			30000		
措		co	cuo4	赣			30000		
掬		jiu	ju1	赣			12000		
掬		jyu	ju1	赣			3000		
掰		bai	bai1	赣			7500		
掰		ban	bai1	赣			30000		
掳		lu	lu3	赣			30000		
掴		ga	guai1	赣			12000		
掴		gie	guai1	赣			3000		
掷		zi	zhi4	赣			30000		
掸		dan	dan3	赣			30000		
掺		can	can4	赣			30000		
掼		kuan	guan4	赣			3000		
掼		qon	guan4	赣			12000		
掾		yon	yuan4	赣			30000		
揄		heu	yu2	赣			2400		
揄		kieu	yu2	赣			2000		
揄		yiu	yu2	赣			12000		
揄		yu	yu2	赣			3000		
揆		gui	kui2	赣			2000		
揆		lei	kui2	赣			12000		
揆		wei	kui2	赣			3000		
揆		xyu	kui2	赣			2400		
揉		leu	rou2	赣			30000		
揍		zeu	zou4	赣			30000		
揎		xyuon	xuan1	赣			30000		
描		mieu	miao2	赣			30000		
提		din	ti2	赣			7500		
提		tia	ti2	赣			30000		
插		ca	cha1	赣			30000		
揖		ji	yi1	赣			30000		
揞		cen	an3	赣			2400		
揞		gong	an3	赣			2000		
揞		hon	an3	赣			12000		
揞		kan	an3	赣			3000		
揠		nga	ya4	赣			30000		
握		wo	wo4	赣			30000		
揣		coi	chuai1	赣			30000		
揣		toi	chuai1	赣			30000		
揩		kai	kai1	赣			30000		
揪		jiu	jiu1	赣			30000		
揭		gai	jie1	赣			30000		
揳		xie	xie1	赣			30000		
援		yon	yuan2	赣			30000		
揽		lan	lan3	赣			30000		
揾		bo	wen4	赣			2000		
揾		den	wen4	赣			3000		
揾		tu	wen4	赣			2400		
揾		yun	wen4	赣			12000		
搀		can	chan1	赣			30000		
搁		go	ge1	赣			30000		
搂		leu	lou3	赣			30000		
搅		jieu	jiao3	赣			7500		
搅		kau	jiao3	赣			30000		
搊		ceu	chou1	赣			30000		
搋		cai	chuai1	赣			3000		
搋		gai	chuai1	赣			12000		
搋		mai	chuai1	赣			2000		
搋		pai	chuai1	赣			2400		
搌		jien	zhan3	赣			2000		
搌		mien	zhan3	赣			3000		
搌		qien	zhan3	赣			12000		
搌		zan	zhan3	赣			2400		
搏		bo	bo2	赣			30000		
搒		bong	bang4	赣			2000		
搒		pang	bang4	赣			12000		
搒		peng	bang4	赣			2400		
搒		pong	bang4	赣			3000		
搓		co	cuo1	赣			30000		
搔		sau	sao1	赣			30000		
搜		seu	sou1	赣			30000		
搞		gau	gao3	赣			30000		
搦		be	nuo4	赣			3000		
搦		die	nuo4	赣			2000		
搦		pa	nuo4	赣			12000		
搦		zai	nuo4	赣			2400		
搨		ta	ta4	赣			30000		
搪		tong	tang2	赣			30000		
搬		ban	ban1	赣			30000		
搭		da	da1	赣			30000		
搴		jon	qian1	赣			12000		
携		xie	xie2	赣			30000		
摄		se	she4	赣			30000		
摅		jyu	shu1	赣			12000		
摅		qyu	shu1	赣			2000		
摅		xyu	shu1	赣			2400		
摅		yu	shu1	赣			3000		
摆		bai	bai3	赣			30000		
摇		yeu	yao2	赣			30000		
摈		bin	bin4	赣			30000		
摊		tan	tan1	赣			30000		
摒		bang	bing3	赣			30000		
摔		soi	shuai1	赣			30000		
摘		za	zhai1	赣			30000		
摞		bo	luo4	赣			2000		
摞		co	luo4	赣			12000		
摞		lo	luo4	赣			3000		
摞		mo	luo4	赣			2400		
摧		cei	cui1	赣			30000		
摩		mo	mo2	赣			30000		
摭		jia	zhi2	赣			30000		
摭		si	zhi2	赣			6000		
摭		to	zhi2	赣			7500		
摸		mo	mo1	赣			30000		
摹		mo	mo2	赣			30000		
摽		bieu	biao1	赣			7500		
摽		pieu	biao1	赣			30000		
撄		yin	ying1	赣			30000		
撅		gai	jue1	赣			2400		
撅		gon	jue1	赣			3000		
撅		jyue	jue1	赣			12000		
撇		pie	pie1	赣			60000		
撑		cang	cheng1	赣			30000		
撒		sa	sa1	赣			30000		
撕		se	si1	赣			30000		
撖		jien	han4	赣			2000		
撖		kon	han4	赣			12000		
撖		lan	han4	赣			2400		
撖		qien	han4	赣			3000		
撙		ben	zun3	赣			12000		
撙		den	zun3	赣			3000		
撙		fen	zun3	赣			2400		
撙		ti	zun3	赣			2000		
撚		len	nian3	赣			30000		
撞		cong	zhuang4	赣			30000		
撤		ce	che4	赣			30000		
撩		lieu	liao1	赣			30000		
撬		qieu	qiao4	赣			30000		
播		bo	bo1	赣			30000		
撮		co	cuo1	赣			30000		
撰		zon	zhuan4	赣			30000		
撵		nien	nian3	赣			30000		
撷		ho	xie2	赣			12000		
撷		ko	xie2	赣			2400		
撷		xyue	xie2	赣			2000		
撷		ye	xie2	赣			3000		
撼		hon	han4	赣			30000		
擂		lei	lei2	赣			30000		
擅		sen	shan4	赣			30000		
操		cau	cao1	赣			30000		
擎		qin	qing2	赣			30000		
擐		fon	huan4	赣			30000		
擐		guan	huan4	赣			30000		
擐		kuan	huan4	赣			7500		
擒		qin	qin2	赣			30000		
擘		ca	bai1	赣			2000		
擘		ho	bai1	赣			3000		
擘		za	bai1	赣			12000		
擘		zai	bai1	赣			2400		
擞		cau	sou3	赣			30000		
擢		zo	zhuo2	赣			30000		
擦		cai	ca1	赣			30000		
攀		pan	pan1	赣			7500		
攀		pon	pan1	赣			30000		
攉		fo	huo1	赣			30000		
攒		zan	zan3	赣			30000		
攘		long	rang3	赣			30000		
攥		co	zuan4	赣			30000		
攫		jio	jue2	赣			12000		
攫		ko	jue2	赣			3000		
支		zi	zhi1	赣			30000		
收		seu	shou1	赣			30000		
攸		yeu	you1	赣			7500		
攸		yiu	you1	赣			30000		
改		goi	gai3	赣			30000		
攻		gung	gong1	赣			30000		
放		fong	fang4	赣			30000		
政		zen	zheng4	赣			30000		
故		gu	gu4	赣			30000		
效		hau	xiao4	赣			30000		
敉		mi	mi3	赣			30000		
敌		di	di2	赣			30000		
敏		min	min3	赣			30000		
救		jiu	jiu4	赣			30000		
敕		ji	chi4	赣			7500		
敕		si	chi4	赣			30000		
敕		yi	chi4	赣			5000		
敕		zi	chi4	赣			6000		
敖		ngau	ao2	赣			30000		
教		gau	jiao4	赣			30000		
敛		lien	lian3	赣			30000		
敝		bi	bi4	赣			30000		
敞		qiong	chang3	赣			30000		
敢		gong	gan3	赣			30000		
散		san	san4	赣			30000		
敦		den	dun1	赣			30000		
敫		yeu	jiao3	赣			2400		
敫		yo	jiao3	赣			12000		
敫		yue	jiao3	赣			3000		
敬		jin	jing4	赣			30000		
数		su	shu4	赣			30000		
敲		kau	qiao1	赣			30000		
整		zen	zheng3	赣			30000		
敷		fu	fu1	赣			30000		
文		wen	wen2	赣			34860		
斋		zai	zhai1	赣			30000		
斌		bin	bin1	赣			30000		
斌		fen	bin1	赣			7500		
斐		fi	fei3	赣			30000		
斑		ban	ban1	赣			30000		
斓		han	lan2	赣			12000		
斓		jien	lan2	赣			2000		
斓		san	lan2	赣			3000		
斓		yin	lan2	赣			2400		
斗		deu	dou4	赣			60000		
料		lieu	liao4	赣			30000		
斛		gu	hu2	赣			2000		
斛		lu	hu2	赣			3000		
斛		pu	hu2	赣			12000		
斛		tu	hu2	赣			2400		
斜		qia	xie2	赣			7500		
斜		xia	xie2	赣			30000		
斝		ga	jia3	赣			3000		
斝		ka	jia3	赣			12000		
斟		zen	zhen1	赣			30000		
斡		co	wo4	赣			3000		
斡		me	wo4	赣			2400		
斡		pai	wo4	赣			12000		
斡		woi	wo4	赣			2000		
斢		tieu	tiao3	赣			30000		
斤		jin	jin1	赣			30000		
斥		ci	chi4	赣			120000		
斧		fu	fu3	赣			30000		
斩		zan	zhan3	赣			30000		
斫		jieu	zhuo2	赣			2400		
斫		jo	zhuo2	赣			2000		
斫		xio	zhuo2	赣			12000		
斫		zo	zhuo2	赣			3000		
断		toi	duan4	赣			30000		
断		ton	duan4	赣			30000		
斯		su	si1	赣			30000		
新		xin	xin1	赣			62626		
方		fong	fang1	赣			52641		
於		ngo	yu2	赣			6000		
於		wu	yu2	赣			7500		
於		yu	yu2	赣			30000		
施		si	shi1	赣			30000		
旁		pong	pang2	赣			30000		
旃		zan	zhan1	赣			30000		
旄		mau	mao2	赣			30000		
旅		lyu	lv3	赣			30000		
旆		goi	pei4	赣			2000		
旆		lai	pei4	赣			3000		
旆		pi	pei4	赣			2400		
旆		toi	pei4	赣			12000		
旋		xon	xuan2	赣			30000		
旌		jiang	jing1	赣			30000		
旌		jin	jing1	赣			7500		
旌		qin	jing1	赣			5000		
旌		si	jing1	赣			6000		
旎		ci	ni3	赣			7500		
旎		ji	ni3	赣			6000		
旎		mi	ni3	赣			5000		
旎		qi	ni3	赣			30000		
族		zu	zu2	赣			30000		
旒		liu	liu2	赣			30000		
旖		qi	yi3	赣			7500		
旖		yi	yi3	赣			30000		
旗		qi	qi2	赣			30000		
无		wu	wu2	赣			42181		
既		ji	ji4	赣			30000		
日		ni	ri4	赣			78695		
旦		tan	dan4	赣			30000		
旧		qiu	jiu4	赣			30000		
旨		zi	zhi3	赣			30000		
早		zau	zao3	赣			30000		
旬		xyun	xun2	赣			30000		
旭		xyu	xu4	赣			30000		
旰		gon	gan4	赣			3000		
旰		kon	gan4	赣			12000		
旱		hon	han4	赣			30000		
时		si	shi2	赣			103735		
旷		kuong	kuang4	赣			30000		
旸		xiung	yang2	赣			7500		
旸		yong	yang2	赣			30000		
旺		wong	wang4	赣			30000		
旻		min	min2	赣			30000		
昂		ngong	ang2	赣			30000		
昆		kun	kun1	赣			30000		
昉		fong	fang3	赣			30000		
昊		gau	hao4	赣			3000		
昊		hau	hao4	赣			12000		
昌		qiong	chang1	赣			30000		
明		miang	ming2	赣			30000		
明		min	ming2	赣			7500		
昏		fen	hun1	赣			30000		
易		ya	yi4	赣			30000		
易		yi	yi4	赣			7500		
昔		xi	xi1	赣			30000		
昕		xin	xin1	赣			30000		
昙		tan	tan2	赣			30000		
昝		cen	zan3	赣			2400		
昝		gong	zan3	赣			2000		
昝		hon	zan3	赣			12000		
昝		kan	zan3	赣			3000		
星		xin	xing1	赣			30000		
映		yang	ying4	赣			30000		
映		yin	ying4	赣			7500		
春		qyun	chun1	赣			30000		
昧		mi	mei4	赣			30000		
昨		con	zuo2	赣			60000		
昭		zeu	zhao1	赣			30000		
是		si	shi4	赣			796991		
昱		ju	yu4	赣			12000		
昱		yiu	yu4	赣			3000		
昴		cau	mao3	赣			12000		
昴		ngau	mao3	赣			2000		
昴		qieu	mao3	赣			3000		
昴		za	mao3	赣			2400		
昵		ni	ni4	赣			30000		
昶		jiung	chang3	赣			7500		
昶		qiong	chang3	赣			30000		
昶		yong	chang3	赣			5000		
昼		jiu	zhou4	赣			90000		
昼		zeu	zhou4	赣			60000		
昽		leng	long2	赣			30000		
显		xien	xian3	赣			30000		
晁		ceu	chao2	赣			3000		
晁		zeu	chao2	赣			12000		
晃		fong	huang3	赣			30000		
晋		jin	jin4	赣			30000		
晌		siong	shang3	赣			30000		
晏		ngan	yan4	赣			30000		
晒		sai	shai4	赣			30000		
晓		xieu	xiao3	赣			30000		
晔		ji	ye4	赣			30000		
晔		si	ye4	赣			7500		
晔		xi	ye4	赣			6000		
晔		zi	ye4	赣			5000		
晕		yun	yun1	赣			30000		
晖		fi	hui1	赣			30000		
晚		wan	wan3	赣			30000		
晞		xi	xi1	赣			30000		
晟		sen	cheng2	赣			30000		
晡		fu	bu1	赣			12000		
晡		lu	bu1	赣			2000		
晡		tu	bu1	赣			2400		
晡		wu	bu1	赣			3000		
晢		ze	zhe2	赣			7500		
晢		zi	zhe2	赣			30000		
晤		wu	wu4	赣			30000		
晦		fi	hui4	赣			30000		
晨		cen	chen2	赣			120000		
晨		sen	chen2	赣			60000		
普		pu	pu3	赣			30000		
景		jiang	jing3	赣			7500		
景		jin	jing3	赣			30000		
晰		xi	xi1	赣			30000		
晴		qiang	qing2	赣			60000		
晴		qin	qing2	赣			30000		
晶		jiang	jing1	赣			7500		
晶		jin	jing1	赣			30000		
晷		gui	gui3	赣			30000		
智		zi	zhi4	赣			30000		
晾		liong	liang4	赣			30000		
暂		can	zan4	赣			30000		
暄		xon	xuan1	赣			30000		
暅		den	geng4	赣			2400		
暅		fan	geng4	赣			3000		
暅		wan	geng4	赣			12000		
暅		zen	geng4	赣			2000		
暇		ha	xia2	赣			30000		
暇		xia	xia2	赣			7500		
暎		yang	ying4	赣			30000		
暑		xyu	shu3	赣			30000		
暖		lon	nuan3	赣			30000		
暗		ngong	an4	赣			30000		
暝		jin	ming2	赣			2400		
暝		min	ming2	赣			2000		
暝		ning	ming2	赣			3000		
暝		tiang	ming2	赣			12000		
暧		ngoi	ai4	赣			30000		
暨		goi	ji4	赣			3000		
暨		ji	ji4	赣			12000		
暨		jie	ji4	赣			2400		
暨		qia	ji4	赣			2000		
暮		mu	mu4	赣			30000		
暴		pau	bao4	赣			30000		
暹		qien	xian1	赣			30000		
暾		fen	tun1	赣			12000		
暾		len	tun1	赣			2000		
暾		pen	tun1	赣			3000		
暾		ten	tun1	赣			2400		
曈		teng	tong2	赣			30000		
曙		xyu	shu3	赣			30000		
曛		fen	xun1	赣			2400		
曛		xun	xun1	赣			12000		
曛		xyun	xun1	赣			3000		
曜		yeu	yao4	赣			30000		
曝		pau	pu4	赣			7500		
曝		pu	pu4	赣			30000		
曦		xi	xi1	赣			30000		
曩		dong	nang3	赣			12000		
曩		kang	nang3	赣			3000		
曩		long	nang3	赣			2400		
曰		yue	yue1	赣			30000		
曲		qyu	qu1	赣			30000		
曳		xie	ye4	赣			30000		
更		gien	geng4	赣			56478		
曷		ho	he2	赣			3000		
曷		xie	he2	赣			12000		
曹		cau	cao2	赣			30000		
曼		man	man4	赣			30000		
曾		zen	ceng2	赣			30000		
替		ti	ti4	赣			30000		
最		jyu	zui4	赣			60450		
最		zei	zui4	赣			15112		
月		nyue	yue4	赣			110207		
有		yiu	you3	赣			423765		
朋		peng	peng2	赣			30000		
服		fu	fu2	赣			30000		
朔		seu	shuo4	赣			12000		
朔		su	shuo4	赣			3000		
朕		lin	zhen4	赣			3000		
朕		pin	zhen4	赣			2400		
朕		qin	zhen4	赣			2000		
朕		sen	zhen4	赣			12000		
朗		long	lang3	赣			30000		
望		wong	wang4	赣			30000		
朝		zau	chao2	赣			7500		
朝		zeu	chao2	赣			30000		
期		qi	qi1	赣			30000		
朦		meng	meng2	赣			30000		
木		mu	mu4	赣			30000		
未		wei	wei4	赣			30000		
末		me	mo4	赣			30000		
本		ben	ben3	赣			42207		
札		zai	zha2	赣			30000		
术		xyu	shu4	赣			37664		
朱		jyu	zhu1	赣			30000		
朴		pu	pu3	赣			30000		
朵		deu	duo3	赣			30000		
朵		do	duo3	赣			7500		
机		ji	ji1	赣			60000		
朽		xiu	xiu3	赣			30000		
杀		sai	sha1	赣			30000		
杀		sak	sha1	赣			7500		
杂		ca	za2	赣			30000		
杂		za	za2	赣			7500		
权		qon	quan2	赣			30000		
杆		gon	gan1	赣			30000		
杈		ca	cha1	赣			30000		
杉		sa	shan1	赣			30000		
杉		sen	shan1	赣			120000		
杌		bo	wu4	赣			3000		
杌		tu	wu4	赣			12000		
杌		wai	wu4	赣			2000		
杌		zu	wu4	赣			2400		
李		li	li3	赣			30000		
杏		xin	xing4	赣			30000		
材		coi	cai2	赣			30000		
村		qyun	cun1	赣			30000		
杓		bieu	biao1	赣			2000		
杓		di	biao1	赣			2400		
杓		pieu	biao1	赣			12000		
杓		sau	biao1	赣			3000		
杖		jiong	zhang4	赣			30000		
杜		du	du4	赣			30000		
杞		qi	qi3	赣			30000		
束		xyu	shu4	赣			30000		
杠		gong	gang1	赣			30000		
条		tieu	tiao2	赣			30000		
来		loi	lai2	赣			161501		
杨		yong	yang2	赣			30000		
杪		cau	miao3	赣			7500		
杪		mieu	miao3	赣			30000		
杭		hong	hang2	赣			30000		
杯		bi	bei1	赣			30000		
杰		jie	jie2	赣			30000		
杲		bau	gao3	赣			3000		
杲		lau	gao3	赣			2400		
杲		tau	gao3	赣			2000		
杲		zau	gao3	赣			12000		
杳		die	yao3	赣			2400		
杳		lieu	yao3	赣			12000		
杳		tieu	yao3	赣			3000		
杳		xieu	yao3	赣			2000		
杵		qyu	chu3	赣			30000		
杷		ba	pa2	赣			12000		
杷		ga	pa2	赣			2400		
杷		ha	pa2	赣			3000		
杷		nga	pa2	赣			2000		
杻		ceu	chou3	赣			7500		
杻		niu	chou3	赣			30000		
杼		ning	zhu4	赣			12000		
杼		xyu	zhu4	赣			3000		
松		seng	song1	赣			30000		
板		ban	ban3	赣			30000		
极		ji	ji2	赣			30000		
构		gieu	gou4	赣			30000		
枇		bi	pi2	赣			30000		
枇		pi	pi2	赣			7500		
枉		wong	wang3	赣			30000		
枋		fong	fang1	赣			30000		
析		xi	xi1	赣			30000		
枕		zen	zhen3	赣			30000		
林		lin	lin2	赣			30000		
枘		la	rui4	赣			30000		
枚		mi	mei2	赣			30000		
果		guo	guo3	赣			38374		
枝		zi	zhi1	赣			30000		
枞		ceng	cong1	赣			3000		
枞		seng	cong1	赣			2400		
枞		zeng	cong1	赣			12000		
枢		xyu	shu1	赣			30000		
枣		zau	zao3	赣			30000		
枥		li	li4	赣			30000		
枥		lieu	li4	赣			7500		
枨		diang	cheng2	赣			3000		
枨		din	cheng2	赣			12000		
枪		qiong	qiang1	赣			30000		
枫		fen	feng1	赣			30000		
枭		jieu	xiao1	赣			12000		
枭		yeu	xiao1	赣			3000		
枯		ku	ku1	赣			30000		
枰		piang	ping2	赣			12000		
枰		pin	ping2	赣			3000		
枳		gui	zhi3	赣			5000		
枳		jia	zhi3	赣			30000		
枳		kui	zhi3	赣			6000		
枳		zi	zhi3	赣			7500		
枵		jieu	xiao1	赣			2400		
枵		qieu	xiao1	赣			3000		
枵		xieu	xiao1	赣			2000		
枵		yeu	xiao1	赣			12000		
架		ga	jia4	赣			30000		
枷		ga	jia1	赣			30000		
枸		gieu	gou3	赣			12000		
枸		jyu	gou3	赣			3000		
枸		kieu	gou3	赣			2400		
柁		die	duo4	赣			12000		
柁		do	duo4	赣			3000		
柃		lang	ling2	赣			6000		
柃		liang	ling2	赣			7500		
柃		lien	ling2	赣			5000		
柃		lin	ling2	赣			30000		
柄		bin	bing3	赣			30000		
柈		bon	ban4	赣			2400		
柈		fan	ban4	赣			3000		
柈		pon	ban4	赣			12000		
柏		bai	bai3	赣			7500		
柏		be	bai3	赣			30000		
某		meu	mou3	赣			30000		
柑		gon	gan1	赣			7500		
柑		gong	gan1	赣			30000		
柒		qi	qi1	赣			30000		
染		len	ran3	赣			30000		
柔		leu	rou2	赣			30000		
柘		za	zhe4	赣			30000		
柙		xia	xia2	赣			30000		
柚		ju	you4	赣			2000		
柚		jyu	you4	赣			3000		
柚		yiu	you4	赣			12000		
柚		zeu	you4	赣			2400		
柜		kui	gui4	赣			30000		
柞		tu	zha4	赣			30000		
柠		nin	ning2	赣			30000		
柢		di	di3	赣			30000		
柢		ti	di3	赣			7500		
查		ca	cha2	赣			30000		
柩		qiu	jiu4	赣			30000		
柬		kan	jian3	赣			30000		
柯		go	ke1	赣			3000		
柯		ko	ke1	赣			12000		
柰		lai	nai4	赣			30000		
柱		jyu	zhu4	赣			30000		
柳		liu	liu3	赣			30000		
柴		cai	chai2	赣			30000		
柽		zeng	cheng1	赣			30000		
柿		si	shi4	赣			30000		
栀		jia	zhi1	赣			7500		
栀		si	zhi1	赣			6000		
栀		zi	zhi1	赣			30000		
栅		za	zha4	赣			30000		
标		bieu	biao1	赣			30000		
栈		zan	zhan4	赣			30000		
栉		se	zhi4	赣			12000		
栉		soi	zhi4	赣			3000		
栊		leng	long2	赣			30000		
栋		deng	dong4	赣			30000		
栌		lu	lu2	赣			30000		
栎		li	li4	赣			30000		
栎		yeu	li4	赣			5000		
栎		yo	li4	赣			7500		
栎		yue	li4	赣			6000		
栏		lan	lan2	赣			30000		
树		xyu	shu4	赣			30000		
栓		son	shuan1	赣			30000		
栖		xi	qi1	赣			30000		
栗		su	li4	赣			30000		
栝		kuai	gua1	赣			30000		
栝		kue	gua1	赣			7500		
栝		si	gua1	赣			5000		
栝		woi	gua1	赣			6000		
栟		bin	ben1	赣			3000		
栟		pin	ben1	赣			12000		
校		gau	xiao4	赣			7500		
校		hau	xiao4	赣			30000		
栩		fu	xu3	赣			3000		
栩		jyu	xu3	赣			2400		
栩		xyu	xu3	赣			2000		
栩		yu	xu3	赣			12000		
株		jyu	zhu1	赣			30000		
栲		kau	kao3	赣			30000		
栳		lau	lao3	赣			30000		
栳		lieu	lao3	赣			7500		
样		yong	yang4	赣			48926		
核		ho	he2	赣			30000		
根		gien	gen1	赣			30000		
格		ga	ge2	赣			30000		
格		gie	ge2	赣			30000		
栽		zoi	zai1	赣			30000		
栾		lon	luan2	赣			30000		
桀		gai	jie2	赣			7500		
桀		jie	jie2	赣			30000		
桀		kie	jie2	赣			6000		
桁		hang	heng2	赣			3000		
桁		hong	heng2	赣			12000		
桁		kang	heng2	赣			2400		
桁		kong	heng2	赣			2000		
桂		gui	gui4	赣			30000		
桃		tau	tao2	赣			30000		
桄		fong	guang1	赣			3000		
桄		kuong	guang1	赣			12000		
桄		wang	guang1	赣			2400		
桅		kui	wei2	赣			30000		
框		kuang	kuang1	赣			30000		
案		ngon	an4	赣			30000		
桊		jon	juan4	赣			30000		
桌		zo	zhuo1	赣			30000		
桎		ci	zhi4	赣			30000		
桎		zi	zhi4	赣			7500		
桐		teng	tong2	赣			30000		
桑		song	sang1	赣			30000		
桓		won	huan2	赣			3000		
桓		yon	huan2	赣			12000		
桔		jie	ju2	赣			30000		
桡		lau	rao2	赣			3000		
桡		leu	rao2	赣			12000		
桢		zen	zhen1	赣			30000		
档		dong	dang4	赣			30000		
桥		qieu	qiao2	赣			30000		
桦		fa	hua4	赣			120000		
桦		fua	hua4	赣			30000		
桧		fi	gui4	赣			7500		
桧		kuai	gui4	赣			30000		
桧		kue	gui4	赣			6000		
桧		woi	gui4	赣			5000		
桨		jiong	jiang3	赣			30000		
桩		zong	zhuang1	赣			30000		
桫		xien	suo1	赣			30000		
桴		feu	fu2	赣			6000		
桴		fu	fu2	赣			30000		
桴		pu	fu2	赣			7500		
桶		teng	tong3	赣			30000		
桷		gau	jue2	赣			7500		
桷		go	jue2	赣			30000		
梁		liong	liang2	赣			30000		
梃		tiang	ting3	赣			7500		
梃		tin	ting3	赣			30000		
梅		mi	mei2	赣			30000		
梆		bang	bang1	赣			30000		
梏		gau	gu4	赣			2400		
梏		go	gu4	赣			12000		
梏		kau	gu4	赣			3000		
梓		zai	zi3	赣			12000		
梓		zu	zi3	赣			3000		
梗		gien	geng3	赣			30000		
梢		seu	shao1	赣			30000		
梦		meng	meng4	赣			30000		
梧		wu	wu2	赣			30000		
梨		li	li2	赣			30000		
梭		so	suo1	赣			30000		
梯		ti	ti1	赣			30000		
械		gai	xie4	赣			30000		
械		hai	xie4	赣			7500		
梳		su	shu1	赣			30000		
梵		fan	fan4	赣			30000		
梵		feng	fan4	赣			7500		
梾		loi	lai2	赣			30000		
检		jien	jian3	赣			30000		
棁		bo	zhuo1	赣			3000		
棁		tu	zhuo1	赣			12000		
棁		wai	zhuo1	赣			2000		
棁		zu	zhuo1	赣			2400		
棉		mien	mian2	赣			30000		
棋		qi	qi2	赣			30000		
棍		gun	gun4	赣			30000		
棒		bong	bang4	赣			30000		
棕		zeng	zong1	赣			30000		
棘		ji	ji2	赣			7500		
棘		le	ji2	赣			30000		
棚		peng	peng2	赣			30000		
棠		tong	tang2	赣			30000		
棣		dai	di4	赣			7500		
棣		ti	di4	赣			30000		
棨		ji	qi3	赣			7500		
棨		qi	qi3	赣			30000		
棬		jon	quan1	赣			2400		
棬		qon	quan1	赣			12000		
棬		xon	quan1	赣			2000		
棬		yon	quan1	赣			3000		
森		sen	sen1	赣			30000		
棱		len	leng2	赣			30000		
棵		ko	ke1	赣			30000		
棹		cau	zhao4	赣			2400		
棹		gau	zhao4	赣			3000		
棹		hau	zhao4	赣			12000		
棹		pau	zhao4	赣			2000		
棺		gon	guan1	赣			30000		
棻		ban	fen1	赣			6000		
棻		bon	fen1	赣			7500		
棻		fen	fen1	赣			30000		
棼		bon	fen2	赣			7500		
棼		fen	fen2	赣			30000		
椁		guo	guo3	赣			30000		
椅		yi	yi3	赣			30000		
椋		liung	liang2	赣			30000		
植		zi	zhi2	赣			30000		
椎		jyu	chui2	赣			30000		
椎		jyui	chui2	赣			30000		
椐		jyu	ju1	赣			30000		
椐		qia	ju1	赣			7500		
椐		xyu	ju1	赣			6000		
椑		di	bei1	赣			2000		
椑		ji	bei1	赣			3000		
椑		qi	bei1	赣			2400		
椑		ti	bei1	赣			12000		
椒		jieu	jiao1	赣			30000		
椟		du	du2	赣			7500		
椟		tu	du2	赣			30000		
椠		lien	qian4	赣			2400		
椠		qien	qian4	赣			3000		
椠		sen	qian4	赣			2000		
椠		yen	qian4	赣			12000		
椤		lo	luo2	赣			30000		
椭		to	tuo3	赣			30000		
椰		ye	ye1	赣			30000		
椴		ton	duan4	赣			30000		
椽		qon	chuan2	赣			30000		
椿		qyun	chun1	赣			30000		
楂		ca	zha1	赣			30000		
楔		xie	xie1	赣			30000		
楗		jien	jian4	赣			30000		
楚		cyu	chu3	赣			30000		
楝		jien	lian4	赣			7500		
楝		lien	lian4	赣			30000		
楞		len	leng2	赣			30000		
楠		lan	nan2	赣			12000		
楠		lang	nan2	赣			3000		
楣		mi	mei2	赣			30000		
楦		han	xuan4	赣			12000		
楦		xien	xuan4	赣			3000		
楫		jie	ji2	赣			30000		
楮		du	chu3	赣			30000		
楮		nin	chu3	赣			7500		
楯		den	dun4	赣			5000		
楯		qyun	dun4	赣			7500		
楯		seng	dun4	赣			6000		
楯		xyun	dun4	赣			30000		
楷		koi	kai3	赣			30000		
楸		qiu	qiu1	赣			30000		
楹		yang	ying2	赣			30000		
楼		leu	lou2	赣			30000		
概		goi	gai4	赣			30000		
榄		lan	lan3	赣			30000		
榆		yu	yu2	赣			30000		
榇		cen	chen4	赣			30000		
榈		lu	lv2	赣			30000		
榈		lyu	lv2	赣			7500		
榉		jyu	ju3	赣			12000		
榍		xie	xie4	赣			30000		
榔		long	lang2	赣			30000		
榕		leng	rong2	赣			30000		
榖		gu	gu3	赣			30000		
榛		zen	zhen1	赣			30000		
榜		bong	bang3	赣			30000		
榧		fi	fei3	赣			30000		
榨		za	zha4	赣			30000		
榭		xia	xie4	赣			30000		
榴		liu	liu2	赣			30000		
榷		gau	que4	赣			7500		
榷		go	que4	赣			30000		
榻		da	ta4	赣			3000		
榻		ta	ta4	赣			12000		
槁		kau	gao3	赣			30000		
槊		seu	shuo4	赣			12000		
槊		su	shuo4	赣			3000		
槌		jyui	chui2	赣			12000		
槌		qyu	chui2	赣			3000		
槎		ca	cha2	赣			120000		
槐		fai	huai2	赣			30000		
槚		ga	jia3	赣			3000		
槚		ka	jia3	赣			12000		
槛		kon	kan3	赣			120000		
槟		bin	bin1	赣			30000		
槟		fen	bin1	赣			7500		
槠		jyu	zhu1	赣			30000		
槭		fu	qi1	赣			12000		
槭		jyu	qi1	赣			3000		
槭		mu	qi1	赣			2000		
槭		xyu	qi1	赣			2400		
槲		gu	hu2	赣			2000		
槲		lu	hu2	赣			3000		
槲		pu	hu2	赣			12000		
槲		tu	hu2	赣			2400		
槽		cau	cao2	赣			30000		
槿		jin	jin3	赣			30000		
樊		fan	fan2	赣			30000		
樘		bong	tang2	赣			3000		
樘		pang	tang2	赣			12000		
樘		sang	tang2	赣			2400		
樘		sen	tang2	赣			2000		
樟		jiong	zhang1	赣			30000		
模		mo	mo2	赣			30000		
横		wang	heng2	赣			30000		
樯		qiung	qiang2	赣			30000		
樱		yin	ying1	赣			30000		
樵		qieu	qiao2	赣			30000		
樽		zeng	zun1	赣			30000		
樾		yue	yue4	赣			30000		
橄		gon	gan3	赣			30000		
橇		qieu	qiao1	赣			30000		
橐		pa	tuo2	赣			7500		
橐		to	tuo2	赣			30000		
橘		jyu	ju2	赣			30000		
橙		cang	cheng2	赣			30000		
橡		xiong	xiang4	赣			30000		
橥		jyu	zhu1	赣			30000		
橦		deng	tong2	赣			5000		
橦		gong	tong2	赣			6000		
橦		jiung	tong2	赣			7500		
橦		teng	tong2	赣			30000		
橱		qyu	chu2	赣			30000		
橹		lu	lu3	赣			30000		
橼		jon	yuan2	赣			7500		
橼		yon	yuan2	赣			30000		
檀		tan	tan2	赣			30000		
檄		di	xi2	赣			2400		
檄		ji	xi2	赣			3000		
檄		li	xi2	赣			12000		
檄		ti	xi2	赣			2000		
檎		lin	qin2	赣			7500		
檎		qien	qin2	赣			6000		
檎		qin	qin2	赣			30000		
檐		yen	yan2	赣			30000		
檗		ca	bo4	赣			2000		
檗		ho	bo4	赣			3000		
檗		za	bo4	赣			12000		
檗		zai	bo4	赣			2400		
檠		jiang	qing2	赣			3000		
檠		jin	qing2	赣			2400		
檠		qin	qing2	赣			12000		
檩		bin	lin3	赣			30000		
檬		meng	meng2	赣			30000		
欠		qien	qian4	赣			30000		
次		cu	ci4	赣			30000		
欢		fon	huan1	赣			30000		
欣		xin	xin1	赣			30000		
欤		yu	yu2	赣			30000		
欧		ngieu	ou1	赣			30000		
欲		yu	yu4	赣			30000		
欸		gai	ai1	赣			2400		
欸		kai	ai1	赣			12000		
欸		ngai	ai1	赣			3000		
欸		ngoi	ai1	赣			2000		
欺		qi	qi1	赣			30000		
款		kuon	kuan3	赣			30000		
歃		sa	sha4	赣			30000		
歆		jin	xin1	赣			2400		
歆		lin	xin1	赣			3000		
歆		qin	xin1	赣			12000		
歆		yin	xin1	赣			2000		
歇		xie	xie1	赣			30000		
歉		qien	qian4	赣			30000		
歌		go	ge1	赣			30000		
歙		ji	she4	赣			12000		
歙		se	she4	赣			2400		
歙		ye	she4	赣			3000		
止		zi	zhi3	赣			30000		
正		jiang	zheng4	赣			37763		
此		cu	ci3	赣			41979		
步		pu	bu4	赣			30000		
武		wu	wu3	赣			30000		
歧		qi	qi2	赣			30000		
歪		wai	wai1	赣			30000		
歹		dai	dai3	赣			30000		
死		si	si3	赣			7500		
死		su	si3	赣			30000		
歼		jien	jian1	赣			30000		
殁		me	mo4	赣			30000		
殂		fu	cu2	赣			12000		
殂		lu	cu2	赣			2000		
殂		tu	cu2	赣			2400		
殂		wu	cu2	赣			3000		
殃		yong	yang1	赣			30000		
殄		tin	tian3	赣			30000		
殆		toi	dai4	赣			30000		
殇		tong	shang1	赣			7500		
殇		xiong	shang1	赣			30000		
殉		xyun	xun4	赣			30000		
殊		su	shu1	赣			30000		
殊		xyu	shu1	赣			30000		
残		can	can2	赣			30000		
殍		bieu	piao3	赣			5000		
殍		feu	piao3	赣			6000		
殍		fu	piao3	赣			30000		
殍		pu	piao3	赣			7500		
殒		yun	yun3	赣			30000		
殓		lien	lian4	赣			30000		
殖		zi	zhi2	赣			30000		
殚		dan	dan1	赣			30000		
殛		le	ji2	赣			30000		
殡		bin	bin4	赣			30000		
殣		jin	jin4	赣			30000		
殪		yi	yi4	赣			30000		
殳		xyu	shu1	赣			30000		
殴		ngieu	ou1	赣			30000		
段		ton	duan4	赣			30000		
殷		yin	yin1	赣			30000		
殿		dien	dian4	赣			30000		
毁		fi	hui3	赣			30000		
毂		gu	gu3	赣			30000		
毃		ko	qiao1	赣			30000		
毅		yi	yi4	赣			30000		
毋		wu	wu2	赣			30000		
母		mu	mu3	赣			60000		
每		mi	mei3	赣			30000		
毐		ai	ai3	赣			2400		
毐		ngai	ai3	赣			12000		
毐		ngoi	ai3	赣			3000		
毒		tu	du2	赣			30000		
毓		ju	yu4	赣			12000		
毓		yiu	yu4	赣			3000		
比		bi	bi3	赣			35305		
毕		bi	bi4	赣			30000		
毖		bi	bi4	赣			12000		
毖		fi	bi4	赣			2400		
毖		mi	bi4	赣			3000		
毗		bi	pi2	赣			30000		
毙		bi	bi4	赣			30000		
毛		mau	mao2	赣			30000		
毡		zan	zhan1	赣			30000		
毫		hau	hao2	赣			30000		
毯		tan	tan3	赣			30000		
毳		kui	cui4	赣			12000		
毳		wei	cui4	赣			3000		
毳		xi	cui4	赣			2400		
毳		xyu	cui4	赣			2000		
毵		can	san1	赣			30000		
毹		fu	shu1	赣			12000		
毹		jyu	shu1	赣			2400		
毹		qyu	shu1	赣			2000		
毹		yu	shu1	赣			3000		
氅		qiung	chang3	赣			30000		
氍		jyu	qu2	赣			30000		
氏		si	shi4	赣			30000		
氐		di	di1	赣			30000		
氐		jyu	di1	赣			7500		
民		min	min2	赣			43719		
氓		mong	mang2	赣			30000		
气		qi	qi4	赣			60000		
氛		fen	fen1	赣			30000		
氢		qin	qing1	赣			30000		
氤		yen	yin1	赣			7500		
氤		yin	yin1	赣			30000		
氧		yong	yang3	赣			30000		
氨		ngon	an1	赣			30000		
氮		tan	dan4	赣			30000		
氯		lu	lv4	赣			30000		
氲		yun	yun1	赣			30000		
水		xyu	shui3	赣			30000		
永		yiung	yong3	赣			30000		
汀		tiang	ting1	赣			30000		
汁		zi	zhi1	赣			30000		
求		qiu	qiu2	赣			30000		
汇		fi	hui4	赣			30000		
汉		hon	han4	赣			30000		
汐		xi	xi1	赣			30000		
汔		qi	qi4	赣			30000		
汕		can	shan4	赣			12000		
汕		son	shan4	赣			3000		
汗		hon	han4	赣			30000		
汛		xyun	xun4	赣			30000		
汜		si	si4	赣			30000		
汝		jyu	ru3	赣			3000		
汝		lyu	ru3	赣			2000		
汝		xyu	ru3	赣			12000		
汝		yu	ru3	赣			2400		
汞		gung	gong3	赣			30000		
江		gong	jiang1	赣			30000		
池		ci	chi2	赣			30000		
污		wu	wu1	赣			30000		
汤		tong	tang1	赣			60000		
汤		xiong	tang1	赣			30000		
汨		mi	mi4	赣			30000		
汩		bi	gu3	赣			2000		
汩		ji	gu3	赣			3000		
汩		mi	gu3	赣			2400		
汩		qi	gu3	赣			12000		
汪		wong	wang1	赣			30000		
汭		la	rui4	赣			30000		
汰		toi	tai4	赣			30000		
汲		gie	ji2	赣			7500		
汲		ji	ji2	赣			30000		
汴		pien	bian4	赣			12000		
汶		men	wen4	赣			2400		
汶		min	wen4	赣			3000		
汶		wan	wen4	赣			2000		
汶		wen	wen4	赣			12000		
汹		xiung	xiong1	赣			30000		
汽		qi	qi4	赣			30000		
汾		bon	fen2	赣			7500		
汾		fen	fen2	赣			30000		
沁		lin	qin4	赣			3000		
沁		sen	qin4	赣			12000		
沁		yin	qin4	赣			2400		
沁		zen	qin4	赣			2000		
沂		wei	yi2	赣			12000		
沃		wo	wo4	赣			30000		
沄		fen	yun2	赣			6000		
沄		yon	yun2	赣			7500		
沄		yun	yun2	赣			30000		
沅		nyuon	yuan2	赣			7500		
沅		yon	yuan2	赣			30000		
沆		hong	hang4	赣			12000		
沆		kang	hang4	赣			3000		
沆		kong	hang4	赣			2000		
沈		sen	shen3	赣			30000		
沉		cen	chen2	赣			30000		
沌		jon	dun4	赣			3000		
沌		qon	dun4	赣			2000		
沌		seng	dun4	赣			2400		
沌		ten	dun4	赣			12000		
沏		qie	qi1	赣			30000		
沐		mu	mu4	赣			30000		
沓		dai	da2	赣			30000		
沓		to	da2	赣			120000		
沔		mien	mian3	赣			30000		
沔		wan	mian3	赣			7500		
沕		mi	mi4	赣			30000		
沘		bi	bi3	赣			30000		
沘		pi	bi3	赣			7500		
沙		sa	sha1	赣			30000		
沚		zi	zhi3	赣			30000		
沛		pi	pei4	赣			30000		
沟		gieu	gou1	赣			30000		
没		me	mei2	赣			87597		
沣		feng	feng1	赣			30000		
沤		deu	ou1	赣			2000		
沤		heu	ou1	赣			12000		
沤		ngieu	ou1	赣			3000		
沤		zeu	ou1	赣			2400		
沥		li	li4	赣			30000		
沦		len	lun2	赣			30000		
沧		cong	cang1	赣			30000		
沨		fan	feng1	赣			3000		
沨		feng	feng1	赣			12000		
沩		gui	wei2	赣			7500		
沩		wei	wei2	赣			30000		
沪		fu	hu4	赣			30000		
沫		me	mo4	赣			30000		
沭		qu	shu4	赣			7500		
沭		xyu	shu4	赣			30000		
沮		jyu	ju3	赣			30000		
沱		ci	tuo2	赣			7500		
沱		die	tuo2	赣			6000		
沱		do	tuo2	赣			5000		
沱		to	tuo2	赣			30000		
河		ho	he2	赣			30000		
沸		fi	fei4	赣			30000		
油		yiu	you2	赣			30000		
治		zi	zhi4	赣			30000		
沼		zeu	zhao3	赣			30000		
沽		gu	gu1	赣			30000		
沾		zen	zhan1	赣			30000		
沿		yon	yan2	赣			30000		
泄		xie	xie4	赣			30000		
泅		qiu	qiu2	赣			30000		
泉		qon	quan2	赣			30000		
泊		bo	po1	赣			30000		
泌		mi	mi4	赣			30000		
泐		lei	le4	赣			30000		
泐		li	le4	赣			7500		
泓		jin	hong2	赣			3000		
泓		yin	hong2	赣			12000		
泔		gon	gan1	赣			3000		
泔		gong	gan1	赣			12000		
法		fa	fa3	赣			120000		
泖		cau	mao3	赣			12000		
泖		ngau	mao3	赣			2000		
泖		qieu	mao3	赣			3000		
泖		za	mao3	赣			2400		
泗		su	si4	赣			30000		
泚		cu	ci3	赣			12000		
泚		qi	ci3	赣			3000		
泛		fan	fan4	赣			30000		
泜		ci	zhi1	赣			6000		
泜		li	zhi1	赣			7500		
泜		zi	zhi1	赣			30000		
泞		ning	ning4	赣			30000		
泠		lang	ling2	赣			6000		
泠		liang	ling2	赣			7500		
泠		lien	ling2	赣			5000		
泠		lin	ling2	赣			30000		
泡		pau	pao4	赣			30000		
波		bo	bo1	赣			30000		
泣		qi	qi4	赣			30000		
泥		ni	ni2	赣			30000		
注		jyu	zhu4	赣			30000		
泪		li	lei4	赣			30000		
泫		qon	xuan4	赣			12000		
泮		pon	pan4	赣			12000		
泮		pong	pan4	赣			3000		
泯		min	min3	赣			30000		
泰		toi	tai4	赣			30000		
泱		yang	yang1	赣			7500		
泱		yong	yang1	赣			30000		
泳		yiung	yong3	赣			30000		
泵		bang	beng4	赣			30000		
泵		beng	beng4	赣			7500		
泷		ceng	long2	赣			2000		
泷		gong	long2	赣			12000		
泷		leng	long2	赣			3000		
泷		son	long2	赣			2400		
泸		lu	lu2	赣			30000		
泺		li	luo4	赣			3000		
泺		lo	luo4	赣			12000		
泺		lu	luo4	赣			2400		
泺		pu	luo4	赣			2000		
泻		xie	xie4	赣			30000		
泼		po	po1	赣			30000		
泽		ca	ze2	赣			30000		
泾		jin	jing1	赣			30000		
洁		jie	jie2	赣			30000		
洄		fai	hui2	赣			7500		
洄		fi	hui2	赣			30000		
洄		gui	hui2	赣			6000		
洇		yen	yin1	赣			7500		
洇		yin	yin1	赣			30000		
洋		yong	yang2	赣			30000		
洌		li	lie4	赣			12000		
洌		lie	lie4	赣			3000		
洎		kui	ji4	赣			7500		
洎		yi	ji4	赣			30000		
洑		fu	fu2	赣			30000		
洒		sa	sa3	赣			30000		
洗		xi	xi3	赣			30000		
洙		xyu	zhu1	赣			30000		
洚		deng	jiang4	赣			2000		
洚		feng	jiang4	赣			12000		
洚		gong	jiang4	赣			3000		
洚		leng	jiang4	赣			2400		
洛		lo	luo4	赣			30000		
洞		teng	dong4	赣			30000		
洣		mi	mi3	赣			30000		
津		jin	jin1	赣			30000		
洧		gui	wei3	赣			2000		
洧		lei	wei3	赣			12000		
洧		wei	wei3	赣			3000		
洧		xyu	wei3	赣			2400		
洨		jieu	xiao2	赣			7500		
洨		yeu	xiao2	赣			30000		
洪		feng	hong2	赣			30000		
洫		yu	xu4	赣			12000		
洮		dau	tao2	赣			2400		
洮		tau	tao2	赣			3000		
洮		tieu	tao2	赣			2000		
洮		yeu	tao2	赣			12000		
洱		e	er3	赣			30000		
洲		jiu	zhou1	赣			30000		
洲		zeu	zhou1	赣			7500		
洳		lu	ru4	赣			30000		
洴		pin	ping2	赣			30000		
洵		xyun	xun2	赣			30000		
洹		won	huan2	赣			6000		
洹		yon	huan2	赣			30000		
洺		miang	ming2	赣			30000		
活		foi	huo2	赣			31550		
活		woi	huo2	赣			31550		
洼		wa	wa1	赣			30000		
洽		qia	qia4	赣			30000		
派		pai	pai4	赣			30000		
流		liu	liu2	赣			30000		
浃		die	jia1	赣			2400		
浃		ga	jia1	赣			2000		
浃		ha	jia1	赣			3000		
浃		tie	jia1	赣			12000		
浅		qien	qian3	赣			30000		
浆		jiong	jiang1	赣			30000		
浇		jieu	jiao1	赣			30000		
浈		cang	zhen1	赣			12000		
浈		den	zhen1	赣			3000		
浈		zen	zhen1	赣			2400		
浊		jio	zhuo2	赣			7500		
浊		zo	zhuo2	赣			30000		
测		ce	ce4	赣			30000		
浍		fi	hui4	赣			12000		
浍		kuai	hui4	赣			3000		
济		ji	ji4	赣			48718		
浏		liu	liu2	赣			30000		
浐		can	chan3	赣			30000		
浑		fen	hun2	赣			30000		
浒		fu	hu3	赣			30000		
浓		leng	nong2	赣			30000		
浓		niung	nong2	赣			30000		
浔		qin	xun2	赣			30000		
浕		jin	jin4	赣			12000		
浕		xin	jin4	赣			2400		
浕		yin	jin4	赣			2000		
浕		zen	jin4	赣			3000		
浙		ze	zhe4	赣			30000		
浚		jyun	jun4	赣			12000		
浚		xyun	jun4	赣			3000		
浜		beng	bang1	赣			2400		
浜		bin	bang1	赣			12000		
浜		piang	bang1	赣			3000		
浞		pau	zhuo2	赣			2000		
浞		pu	zhuo2	赣			2400		
浞		yue	zhuo2	赣			3000		
浞		zo	zhuo2	赣			12000		
浡		bien	bo2	赣			7500		
浡		bo	bo2	赣			30000		
浣		fon	huan4	赣			3000		
浣		ko	huan4	赣			12000		
浥		ji	yi4	赣			12000		
浥		ngau	yi4	赣			2400		
浥		yen	yi4	赣			2000		
浥		yi	yi4	赣			3000		
浦		pu	pu3	赣			30000		
浩		hau	hao4	赣			30000		
浪		long	lang4	赣			30000		
浮		feu	fu2	赣			30000		
浮		fu	fu2	赣			7500		
浯		wu	wu2	赣			30000		
浴		yu	yu4	赣			30000		
海		hoi	hai3	赣			30000		
浸		jin	jin4	赣			30000		
浼		mi	mei3	赣			30000		
涂		tu	tu2	赣			30000		
涅		nie	nie4	赣			30000		
消		xieu	xiao1	赣			30000		
涉		xia	she4	赣			30000		
涌		yiung	yong3	赣			30000		
涎		xien	xian2	赣			30000		
涑		heu	su4	赣			2400		
涑		leu	su4	赣			3000		
涑		su	su4	赣			12000		
涑		teu	su4	赣			2000		
涓		jon	juan1	赣			30000		
涔		jin	cen2	赣			2400		
涔		lin	cen2	赣			3000		
涔		qin	cen2	赣			12000		
涔		yin	cen2	赣			2000		
涕		ti	ti4	赣			30000		
涘		yi	si4	赣			120000		
涛		tau	tao1	赣			30000		
涝		lau	lao4	赣			30000		
涞		loi	lai2	赣			30000		
涟		lien	lian2	赣			30000		
涟		lin	lian2	赣			7500		
涠		wei	wei2	赣			30000		
涡		wo	wo1	赣			30000		
涢		yon	yun2	赣			7500		
涢		yun	yun2	赣			30000		
涣		fon	huan4	赣			30000		
涤		di	di2	赣			30000		
润		len	run4	赣			30000		
涧		jien	jian4	赣			30000		
涨		jiong	zhang3	赣			30000		
涩		se	se4	赣			30000		
涪		feu	fu2	赣			30000		
涫		gon	guan4	赣			7500		
涫		guon	guan4	赣			30000		
涫		kuon	guan4	赣			6000		
涮		son	shuan4	赣			30000		
涯		nga	ya2	赣			30000		
液		ye	ye4	赣			30000		
涵		hon	han2	赣			30000		
涸		ho	he2	赣			30000		
涿		cau	zhuo1	赣			30000		
淀		tien	dian4	赣			30000		
淄		ca	zi1	赣			30000		
淅		xi	xi1	赣			30000		
淆		yeu	xiao2	赣			30000		
淇		qi	qi2	赣			30000		
淋		lin	lin2	赣			30000		
淌		tong	tang3	赣			30000		
淑		xyu	shu1	赣			30000		
淖		lau	nao4	赣			30000		
淘		tau	tao2	赣			60000		
淙		deng	cong2	赣			3000		
淙		gong	cong2	赣			12000		
淙		leng	cong2	赣			2400		
淙		teng	cong2	赣			2000		
淝		fi	fei2	赣			30000		
淞		seng	song1	赣			30000		
淠		ji	pi4	赣			2000		
淠		li	pi4	赣			2400		
淠		ti	pi4	赣			12000		
淠		xi	pi4	赣			3000		
淡		tan	dan4	赣			30000		
淤		yu	yu1	赣			30000		
淦		gon	gan4	赣			120000		
淫		yin	yin2	赣			30000		
淬		dei	cui4	赣			2000		
淬		fi	cui4	赣			12000		
淬		mi	cui4	赣			2400		
淬		pi	cui4	赣			3000		
淮		fai	huai2	赣			30000		
深		sen	shen1	赣			30000		
淳		qyun	chun2	赣			30000		
混		fen	hun4	赣			30000		
淹		yen	yan1	赣			30000		
添		tien	tian1	赣			30000		
清		qiang	qing1	赣			30000		
清		qin	qing1	赣			90000		
渊		yon	yuan1	赣			30000		
渌		go	lu4	赣			7500		
渌		gu	lu4	赣			6000		
渌		liu	lu4	赣			5000		
渌		lu	lu4	赣			30000		
渍		cu	zi4	赣			6000		
渍		pi	zi4	赣			7500		
渍		qi	zi4	赣			30000		
渍		zi	zi4	赣			5000		
渎		du	du2	赣			7500		
渎		tu	du2	赣			30000		
渐		jien	jian4	赣			30000		
渐		qien	jian4	赣			30000		
渑		cen	mian3	赣			30000		
渑		ceng	mian3	赣			3000		
渑		min	mian3	赣			12000		
渑		sen	mian3	赣			2400		
渔		yu	yu2	赣			30000		
渗		sen	shen4	赣			30000		
渚		jyu	zhu3	赣			3000		
渚		lyu	zhu3	赣			2000		
渚		xyu	zhu3	赣			12000		
渚		yu	zhu3	赣			2400		
渝		yeu	yu2	赣			7500		
渝		yu	yu2	赣			30000		
渠		gie	qu2	赣			150000		
渠		qy	qu2	赣			30000		
渡		tu	du4	赣			30000		
渣		za	zha1	赣			30000		
渤		bo	bo2	赣			30000		
渥		wo	wo4	赣			12000		
渥		yo	wo4	赣			3000		
温		wen	wen1	赣			30000		
渫		ha	xie4	赣			3000		
渫		ka	xie4	赣			12000		
渫		qia	xie4	赣			2400		
渫		xie	xie4	赣			2000		
渭		fi	wei4	赣			7500		
渭		wei	wei4	赣			30000		
港		gong	gang3	赣			30000		
渲		xon	xuan4	赣			30000		
渴		kie	ke3	赣			30000		
游		yiu	you2	赣			30000		
渺		mieu	miao3	赣			30000		
湃		pai	pai4	赣			30000		
湄		mi	mei2	赣			30000		
湄		wei	mei2	赣			7500		
湉		tien	tian2	赣			30000		
湍		guon	tuan1	赣			12000		
湍		man	tuan1	赣			2400		
湍		pon	tuan1	赣			3000		
湍		yon	tuan1	赣			2000		
湎		mien	mian3	赣			30000		
湎		wan	mian3	赣			7500		
湔		jien	jian1	赣			30000		
湔		qien	jian1	赣			7500		
湖		fu	hu2	赣			32652		
湘		xiong	xiang1	赣			30000		
湛		hang	zhan4	赣			3000		
湛		kang	zhan4	赣			12000		
湛		sen	zhan4	赣			2000		
湛		zen	zhan4	赣			2400		
湜		zi	shi2	赣			30000		
湝		gai	jie1	赣			12000		
湝		hai	jie1	赣			2000		
湝		koi	jie1	赣			3000		
湝		xie	jie1	赣			2400		
湟		fong	huang2	赣			30000		
湟		wong	huang2	赣			7500		
湨		ji	ju2	赣			12000		
湫		ceu	jiao3	赣			2400		
湫		liu	jiao3	赣			2000		
湫		qiu	jiao3	赣			3000		
湫		yiu	jiao3	赣			12000		
湮		yen	yan1	赣			30000		
湮		yin	yan1	赣			7500		
湲		han	yuan2	赣			7500		
湲		yon	yuan2	赣			30000		
湾		wan	wan1	赣			30000		
湿		si	shi1	赣			30000		
溃		kui	kui4	赣			30000		
溅		jien	jian4	赣			30000		
溅		zan	jian4	赣			7500		
溆		xyu	xu4	赣			30000		
溆		yu	xu4	赣			7500		
溇		leu	lou2	赣			30000		
溇		lyu	lou2	赣			7500		
溉		goi	gai4	赣			30000		
溏		tong	tang2	赣			30000		
源		nion	yuan2	赣			30000		
源		yon	yuan2	赣			30000		
溘		ha	ke4	赣			3000		
溘		ho	ke4	赣			12000		
溘		ko	ke4	赣			2000		
溘		la	ke4	赣			2400		
溜		liu	liu1	赣			30000		
溟		bin	ming2	赣			3000		
溟		min	ming2	赣			2000		
溟		tiang	ming2	赣			2400		
溟		tin	ming2	赣			12000		
溠		co	zha4	赣			7500		
溠		za	zha4	赣			30000		
溢		yi	yi4	赣			30000		
溥		bo	pu3	赣			3000		
溥		pau	pu3	赣			2400		
溥		pu	pu3	赣			12000		
溧		su	li4	赣			30000		
溪		qi	xi1	赣			7500		
溪		xi	xi1	赣			30000		
溯		su	su4	赣			30000		
溱		zen	qin2	赣			30000		
溶		yiung	rong2	赣			30000		
溷		ben	hun4	赣			2000		
溷		den	hun4	赣			12000		
溷		kun	hun4	赣			2400		
溷		pen	hun4	赣			3000		
溺		ni	ni4	赣			30000		
溽		lu	ru4	赣			30000		
滁		ning	chu2	赣			2400		
滁		qo	chu2	赣			2000		
滁		qyu	chu2	赣			12000		
滁		tu	chu2	赣			3000		
滂		bong	pang1	赣			30000		
滃		kong	weng1	赣			2000		
滃		leng	weng1	赣			3000		
滃		meng	weng1	赣			2400		
滃		teng	weng1	赣			12000		
滇		jien	dian1	赣			3000		
滇		lien	dian1	赣			2000		
滇		tien	dian1	赣			12000		
滇		yen	dian1	赣			2400		
滋		zu	zi1	赣			30000		
滍		bi	zhi4	赣			30000		
滍		ji	zhi4	赣			6000		
滍		si	zhi4	赣			7500		
滍		zi	zhi4	赣			5000		
滏		fu	fu3	赣			30000		
滑		fa	hua2	赣			7500		
滑		wai	hua2	赣			30000		
滓		zi	zi3	赣			30000		
滔		tau	tao1	赣			30000		
滕		jon	teng2	赣			2400		
滕		ten	teng2	赣			3000		
滕		teng	teng2	赣			12000		
滗		bi	bi4	赣			30000		
滗		mi	bi4	赣			7500		
滘		gau	jiao4	赣			60000		
滚		gun	gun3	赣			30000		
滞		zi	zhi4	赣			30000		
滟		yen	yan4	赣			30000		
滠		se	she4	赣			3000		
滠		ye	she4	赣			12000		
满		mon	man3	赣			30000		
滢		yin	ying2	赣			30000		
滤		lyu	lv4	赣			30000		
滥		lan	lan4	赣			30000		
滦		lon	luan2	赣			30000		
滨		bin	bin1	赣			30000		
滩		tan	tan1	赣			30000		
滪		yu	yu4	赣			30000		
滫		jiu	xiu3	赣			12000		
滫		niu	xiu3	赣			2000		
滫		seu	xiu3	赣			3000		
滫		yiu	xiu3	赣			2400		
滴		di	di1	赣			30000		
滹		fu	hu1	赣			30000		
滹		xi	hu1	赣			7500		
漂		pieu	piao1	赣			30000		
漆		qi	qi1	赣			30000		
漉		go	lu4	赣			7500		
漉		gu	lu4	赣			6000		
漉		lu	lu4	赣			30000		
漏		leu	lou4	赣			30000		
漓		li	li2	赣			30000		
演		yen	yan3	赣			30000		
漕		cau	cao2	赣			2000		
漕		dau	cao2	赣			12000		
漕		ngau	cao2	赣			3000		
漕		zau	cao2	赣			2400		
漠		mo	mo4	赣			30000		
漤		cen	lan3	赣			2400		
漤		gong	lan3	赣			2000		
漤		hon	lan3	赣			12000		
漤		kan	lan3	赣			3000		
漩		xon	xuan2	赣			30000		
漪		yi	yi1	赣			30000		
漫		man	man4	赣			30000		
漭		dong	mang3	赣			12000		
漭		mang	mang3	赣			2400		
漭		pong	mang3	赣			3000		
漭		song	mang3	赣			2000		
漯		si	luo4	赣			30000		
漯		ta	luo4	赣			7500		
漱		xyu	shu4	赣			30000		
漳		jiong	zhang1	赣			30000		
漶		won	huan4	赣			30000		
漾		yong	yang4	赣			30000		
潋		jien	lian4	赣			7500		
潋		lien	lian4	赣			30000		
潍		wei	wei2	赣			30000		
潍		yi	wei2	赣			7500		
潏		jyue	yu4	赣			5000		
潏		ko	yu4	赣			6000		
潏		qu	yu4	赣			7500		
潏		xyu	yu4	赣			30000		
潘		pon	pan1	赣			30000		
潜		qien	qian2	赣			30000		
潞		lu	lu4	赣			30000		
潟		lai	xi4	赣			7500		
潟		xi	xi4	赣			30000		
潢		fong	huang2	赣			30000		
潢		kue	huang2	赣			6000		
潢		wong	huang2	赣			7500		
潦		lieu	lao3	赣			30000		
潭		tan	tan2	赣			30000		
潮		ceu	chao2	赣			30000		
潲		seu	shao4	赣			30000		
潴		jyu	zhu1	赣			30000		
潸		hon	shan1	赣			7500		
潸		son	shan1	赣			30000		
潺		bien	chan2	赣			2000		
潺		pien	chan2	赣			3000		
潺		qien	chan2	赣			12000		
潺		yen	chan2	赣			2400		
潼		qiung	tong2	赣			7500		
潼		teng	tong2	赣			30000		
澄		din	cheng2	赣			30000		
澈		ce	che4	赣			30000		
澉		gon	gan3	赣			2400		
澉		gong	gan3	赣			3000		
澉		lan	gan3	赣			12000		
澉		san	gan3	赣			2000		
澌		cu	si1	赣			30000		
澍		jyu	shu4	赣			30000		
澍		xyu	shu4	赣			7500		
澎		pang	peng1	赣			30000		
澎		peng	peng1	赣			7500		
澜		lan	lan2	赣			30000		
澡		zau	zao3	赣			30000		
澥		gai	xie4	赣			3000		
澥		ngai	xie4	赣			12000		
澧		li	li3	赣			30000		
澳		ngau	ao4	赣			30000		
澴		fan	huan2	赣			12000		
澴		wan	huan2	赣			3000		
澶		can	chan2	赣			3000		
澶		cen	chan2	赣			2400		
澶		dan	chan2	赣			12000		
澶		tan	chan2	赣			2000		
澹		tan	dan4	赣			30000		
澼		pi	pi4	赣			30000		
澼		pia	pi4	赣			7500		
激		ji	ji1	赣			30000		
濂		jien	lian2	赣			2400		
濂		tien	lian2	赣			12000		
濂		xian	lian2	赣			2000		
濂		zen	lian2	赣			3000		
濉		xyu	sui1	赣			30000		
濑		lai	lai4	赣			30000		
濒		bin	bin1	赣			30000		
濞		ji	bi4	赣			2000		
濞		li	bi4	赣			2400		
濞		ti	bi4	赣			12000		
濞		xi	bi4	赣			3000		
濠		hau	hao2	赣			30000		
濡		lan	ru2	赣			2400		
濡		lo	ru2	赣			3000		
濡		lu	ru2	赣			12000		
濮		bu	pu2	赣			12000		
濮		pu	pu2	赣			3000		
濯		cau	zhuo2	赣			2400		
濯		gau	zhuo2	赣			3000		
濯		hau	zhuo2	赣			12000		
濯		pau	zhuo2	赣			2000		
瀌		bieu	biao1	赣			30000		
瀌		yiu	biao1	赣			7500		
瀍		cen	chan2	赣			30000		
瀑		pu	pu4	赣			30000		
瀚		hon	han4	赣			30000		
瀛		yang	ying2	赣			30000		
瀣		coi	xie4	赣			12000		
瀣		ngoi	xie4	赣			2000		
瀣		toi	xie4	赣			3000		
瀣		zoi	xie4	赣			2400		
瀵		fen	fen4	赣			30000		
瀹		yeu	yue4	赣			2400		
瀹		yo	yue4	赣			12000		
瀹		yue	yue4	赣			3000		
灌		guon	guan4	赣			30000		
灏		gau	hao4	赣			3000		
灏		gong	hao4	赣			2400		
灏		hau	hao4	赣			12000		
灞		ba	ba4	赣			30000		
火		fo	huo3	赣			30000		
灭		mie	mie4	赣			30000		
灯		den	deng1	赣			30000		
灰		fi	hui1	赣			30000		
灵		lin	ling2	赣			30000		
灶		zau	zao4	赣			30000		
灸		jiu	jiu3	赣			30000		
灼		jio	zhuo2	赣			7500		
灼		zo	zhuo2	赣			30000		
灾		zoi	zai1	赣			30000		
灿		can	can4	赣			30000		
炀		xiung	yang2	赣			7500		
炀		yong	yang2	赣			30000		
炅		bin	jiong3	赣			2400		
炅		kui	jiong3	赣			3000		
炅		tiang	jiong3	赣			2000		
炅		tin	jiong3	赣			12000		
炉		lu	lu2	赣			30000		
炊		qyu	chui1	赣			30000		
炎		yen	yan2	赣			30000		
炒		cau	chao3	赣			30000		
炔		kui	gui4	赣			30000		
炕		kang	kang4	赣			30000		
炖		fen	dun4	赣			3000		
炖		len	dun4	赣			2000		
炖		pen	dun4	赣			2400		
炖		ten	dun4	赣			12000		
炙		jia	zhi4	赣			120000		
炙		za	zhi4	赣			30000		
炜		wei	wei3	赣			30000		
炟		ho	da2	赣			12000		
炟		koi	da2	赣			2000		
炟		lai	da2	赣			3000		
炟		tai	da2	赣			2400		
炫		xon	xuan4	赣			30000		
炬		jyu	ju4	赣			30000		
炭		tan	tan4	赣			30000		
炮		pau	pao4	赣			30000		
炯		bin	jiong3	赣			3000		
炯		lang	jiong3	赣			2000		
炯		tiang	jiong3	赣			2400		
炯		tin	jiong3	赣			12000		
炱		toi	tai2	赣			30000		
炳		bin	bing3	赣			30000		
炷		jyu	zhu4	赣			30000		
炸		za	zha4	赣			30000		
点		dien	dian3	赣			30000		
炼		lien	lian4	赣			30000		
炽		do	chi4	赣			30000		
炽		zi	chi4	赣			7500		
烁		so	shuo4	赣			30000		
烂		lan	lan4	赣			60000		
烃		bin	ting1	赣			3000		
烃		lang	ting1	赣			2000		
烃		tiang	ting1	赣			2400		
烃		tin	ting1	赣			12000		
烈		lie	lie4	赣			30000		
烊		xiung	yang2	赣			7500		
烊		yong	yang2	赣			30000		
烘		feng	hong1	赣			30000		
烙		lo	lao4	赣			30000		
烛		jyu	zhu2	赣			30000		
烜		fan	xuan3	赣			2400		
烜		fi	xuan3	赣			3000		
烜		jon	xuan3	赣			2000		
烜		wan	xuan3	赣			12000		
烝		zen	zheng1	赣			30000		
烟		yen	yan1	赣			30000		
烤		kau	kao3	赣			30000		
烦		fan	fan2	赣			30000		
烧		seu	shao1	赣			30000		
烨		jie	ye4	赣			2400		
烨		nie	ye4	赣			2000		
烨		ye	ye4	赣			3000		
烨		yen	ye4	赣			12000		
烫		tong	tang4	赣			30000		
烬		jin	jin4	赣			3000		
烬		xin	jin4	赣			2400		
烬		yin	jin4	赣			2000		
烬		zen	jin4	赣			12000		
热		nie	re4	赣			30000		
烹		peng	peng1	赣			30000		
烽		fen	feng1	赣			7500		
烽		feng	feng1	赣			30000		
焉		ye	yan1	赣			30000		
焉		yon	yan1	赣			7500		
焊		hon	han4	赣			30000		
焌		den	jun4	赣			2400		
焌		jyun	jun4	赣			3000		
焌		pen	jun4	赣			2000		
焌		xyu	jun4	赣			12000		
焕		fon	huan4	赣			30000		
焘		dau	dao4	赣			7500		
焘		tau	dao4	赣			30000		
焙		pi	bei4	赣			30000		
焚		fen	fen2	赣			30000		
焜		fen	kun1	赣			30000		
焜		gun	kun1	赣			7500		
焦		jieu	jiao1	赣			30000		
焯		jieu	chao1	赣			2400		
焯		jo	chao1	赣			2000		
焯		xio	chao1	赣			12000		
焯		zo	chao1	赣			3000		
焰		yen	yan4	赣			30000		
焱		di	yan4	赣			2000		
焱		ji	yan4	赣			2400		
焱		li	yan4	赣			3000		
焱		yen	yan4	赣			12000		
然		len	ran2	赣			30000		
煌		fong	huang2	赣			30000		
煎		jien	jian1	赣			30000		
煜		ji	yu4	赣			30000		
煜		si	yu4	赣			7500		
煜		xi	yu4	赣			6000		
煜		zi	yu4	赣			5000		
煞		sa	sha1	赣			30000		
煞		sai	sha1	赣			7500		
煤		mi	mei2	赣			30000		
煦		fu	xu4	赣			12000		
煦		jyu	xu4	赣			3000		
煦		xyu	xu4	赣			2000		
煦		yu	xu4	赣			2400		
照		zeu	zhao4	赣			30000		
煨		wei	wei1	赣			30000		
煮		jyu	zhu3	赣			30000		
煲		bau	bao1	赣			30000		
煽		sen	shan1	赣			30000		
熄		xi	xi1	赣			30000		
熊		xiung	xiong2	赣			30000		
熏		xyun	xun1	赣			30000		
熔		yiung	rong2	赣			30000		
熙		xi	xi1	赣			30000		
熟		xu	shu2	赣			30000		
熠		ji	yi4	赣			30000		
熠		si	yi4	赣			7500		
熠		xi	yi4	赣			6000		
熠		zi	yi4	赣			5000		
熨		wei	yun4	赣			30000		
熨		yu	yun4	赣			7500		
熬		ngau	ao2	赣			30000		
熹		xi	xi1	赣			30000		
燃		len	ran2	赣			30000		
燊		lien	shen1	赣			12000		
燊		zen	shen1	赣			3000		
燎		lieu	liao2	赣			30000		
燏		lyu	yu4	赣			2000		
燏		qyu	yu4	赣			3000		
燏		xyu	yu4	赣			12000		
燏		zu	yu4	赣			2400		
燔		fan	fan2	赣			30000		
燕		yen	yan4	赣			30000		
燠		ngau	yu4	赣			30000		
燠		yeu	yu4	赣			7500		
燠		yu	yu4	赣			6000		
燥		zau	zao4	赣			30000		
燧		sei	sui4	赣			7500		
燧		xyu	sui4	赣			30000		
燮		die	xie4	赣			2400		
燮		ga	xie4	赣			2000		
燮		ha	xie4	赣			3000		
燮		tie	xie4	赣			12000		
燹		ji	xian3	赣			2000		
燹		lei	xian3	赣			3000		
燹		qyu	xian3	赣			2400		
燹		xien	xian3	赣			12000		
爆		pau	bao4	赣			30000		
爝		mieu	jue2	赣			2000		
爝		qieu	jue2	赣			12000		
爝		yeu	jue2	赣			2400		
爝		zeu	jue2	赣			3000		
爨		con	cuan4	赣			30000		
爪		zau	zhao3	赣			30000		
爬		ba	pa2	赣			30000		
爰		yon	yuan2	赣			30000		
爱		ngoi	ai4	赣			30000		
爵		jyue	jue2	赣			30000		
父		fu	fu4	赣			30000		
爷		ya	ye2	赣			60000		
爸		ba	ba4	赣			30000		
爹		die	die1	赣			30000		
爻		jieu	yao2	赣			7500		
爻		yeu	yao2	赣			30000		
爽		song	shuang3	赣			30000		
牁		go	ke1	赣			3000		
牁		ko	ke1	赣			12000		
牂		yong	zang1	赣			12000		
牂		zong	zang1	赣			3000		
片		pien	pian4	赣			30000		
版		ban	ban3	赣			30000		
牌		pai	pai2	赣			30000		
牍		du	du2	赣			30000		
牒		die	die2	赣			12000		
牒		tie	die2	赣			2400		
牒		tien	die2	赣			3000		
牖		yiu	you3	赣			30000		
牙		nga	ya2	赣			30000		
牚		bong	cheng1	赣			2000		
牚		gien	cheng1	赣			2400		
牚		meng	cheng1	赣			12000		
牚		zeng	cheng1	赣			3000		
牛		niu	niu2	赣			30000		
牝		feu	pin4	赣			2000		
牝		min	pin4	赣			2400		
牝		qin	pin4	赣			12000		
牝		yin	pin4	赣			3000		
牟		mau	mou2	赣			12000		
牟		meu	mou2	赣			3000		
牡		tu	mu3	赣			30000		
牢		lau	lao2	赣			30000		
牦		li	mao2	赣			12000		
牦		loi	mao2	赣			3000		
牦		mau	mao2	赣			2000		
牦		mieu	mao2	赣			2400		
牧		mu	mu4	赣			30000		
物		wu	wu4	赣			30000		
牯		ga	gu3	赣			2400		
牯		gu	gu3	赣			12000		
牯		ku	gu3	赣			3000		
牲		sang	sheng1	赣			30000		
牵		qien	qian1	赣			30000		
特		te	te4	赣			30000		
牺		xi	xi1	赣			30000		
犀		sai	xi1	赣			30000		
犀		xi	xi1	赣			7500		
犁		li	li2	赣			30000		
犄		yi	ji1	赣			30000		
犊		du	du2	赣			7500		
犊		tu	du2	赣			30000		
犍		jien	jian1	赣			2000		
犍		kon	jian1	赣			2400		
犍		qien	jian1	赣			3000		
犍		xon	jian1	赣			12000		
犒		kau	kao4	赣			30000		
犨		ceu	chou1	赣			3000		
犨		liu	chou1	赣			2000		
犨		qiu	chou1	赣			2400		
犨		yiu	chou1	赣			12000		
犬		qon	quan3	赣			30000		
犯		fan	fan4	赣			30000		
犰		ceu	qiu2	赣			2400		
犰		ji	qiu2	赣			3000		
犰		qiu	qiu2	赣			12000		
犴		dan	an4	赣			2400		
犴		kon	an4	赣			2000		
犴		lan	an4	赣			3000		
犴		tan	an4	赣			12000		
状		cong	zhuang4	赣			30000		
犷		kuong	guang3	赣			30000		
犹		yiu	you2	赣			30000		
狁		yun	yun3	赣			30000		
狂		kuong	kuang2	赣			30000		
狃		fu	niu3	赣			12000		
狃		niu	niu3	赣			2000		
狃		seu	niu3	赣			3000		
狃		yiu	niu3	赣			2400		
狄		di	di2	赣			12000		
狄		lu	di2	赣			3000		
狄		ti	di2	赣			2400		
狄		yiu	di2	赣			2000		
狈		pi	bei4	赣			30000		
狍		pau	pao2	赣			30000		
狎		xia	xia2	赣			30000		
狐		fu	hu2	赣			30000		
狒		fi	fei4	赣			30000		
狗		gieu	gou3	赣			30000		
狙		jyu	ju1	赣			12000		
狙		la	ju1	赣			2400		
狙		qi	ju1	赣			3000		
狝		xien	xian3	赣			3000		
狝		xon	xian3	赣			12000		
狞		ni	ning2	赣			30000		
狠		hen	hen3	赣			30000		
狡		jieu	jiao3	赣			30000		
狨		leng	rong2	赣			30000		
狩		seu	shou4	赣			30000		
独		tu	du2	赣			30000		
狭		ha	xia2	赣			30000		
狮		si	shi1	赣			30000		
狮		su	shi1	赣			30000		
狯		fi	kuai4	赣			3000		
狯		kuai	kuai4	赣			12000		
狯		mai	kuai4	赣			2000		
狯		wa	kuai4	赣			2400		
狰		zang	zheng1	赣			30000		
狱		yu	yu4	赣			30000		
狲		sen	sun1	赣			30000		
狳		yu	yu2	赣			30000		
狴		pi	bi4	赣			30000		
狷		jien	juan4	赣			7500		
狷		jon	juan4	赣			30000		
狸		li	li2	赣			30000		
狺		jin	yin2	赣			12000		
狺		ngin	yin2	赣			3000		
狺		qin	yin2	赣			2400		
狺		xin	yin2	赣			2000		
狻		son	suan1	赣			30000		
狼		long	lang2	赣			30000		
猃		jien	xian3	赣			7500		
猃		lien	xian3	赣			30000		
猃		xien	xian3	赣			6000		
猊		e	ni2	赣			30000		
猎		lie	lie4	赣			30000		
猕		mi	mi2	赣			30000		
猖		qiong	chang1	赣			30000		
猗		qi	yi1	赣			7500		
猗		yi	yi1	赣			30000		
猛		mang	meng3	赣			30000		
猛		meng	meng3	赣			7500		
猜		cai	cai1	赣			30000		
猝		zu	cu4	赣			30000		
猢		fu	hu2	赣			30000		
猥		fi	wei3	赣			3000		
猥		kui	wei3	赣			2400		
猥		lei	wei3	赣			12000		
猥		mi	wei3	赣			2000		
猩		xin	xing1	赣			30000		
猪		du	zhu1	赣			30000		
猪		jyu	zhu1	赣			30000		
猫		mieu	mao1	赣			30000		
猬		wei	wei4	赣			30000		
献		xien	xian4	赣			30000		
猱		fu	nao2	赣			12000		
猱		hau	nao2	赣			2000		
猱		seu	nao2	赣			3000		
猱		tau	nao2	赣			2400		
猴		heu	hou2	赣			30000		
猷		yeu	you2	赣			7500		
猷		yiu	you2	赣			30000		
猾		fa	hua2	赣			30000		
猾		wai	hua2	赣			7500		
猿		yon	yuan2	赣			30000		
獍		jiang	jing4	赣			7500		
獍		jin	jing4	赣			30000		
獐		jiong	zhang1	赣			30000		
獒		ngau	ao2	赣			30000		
獠		cau	liao2	赣			6000		
獠		lau	liao2	赣			7500		
獠		lieu	liao2	赣			30000		
獠		qieu	liao2	赣			5000		
獬		gai	xie4	赣			3000		
獬		ngai	xie4	赣			12000		
獭		bai	ta3	赣			2000		
獭		pa	ta3	赣			2400		
獭		sai	ta3	赣			3000		
獭		tai	ta3	赣			12000		
獯		fen	xun1	赣			2400		
獯		xun	xun1	赣			12000		
獯		xyun	xun1	赣			3000		
獾		fon	huan1	赣			30000		
玄		xon	xuan2	赣			30000		
玄		xuon	xuan2	赣			30000		
率		lyu	lv4	赣			7500		
率		soi	lv4	赣			30000		
玉		yu	yu4	赣			30000		
王		wong	wang2	赣			30000		
玎		diang	ding1	赣			30000		
玑		ji	ji1	赣			30000		
玕		gon	gan1	赣			2400		
玕		kan	gan1	赣			2000		
玕		kon	gan1	赣			3000		
玕		qien	gan1	赣			12000		
玖		jiu	jiu3	赣			30000		
玙		yu	yu2	赣			30000		
玚		lang	chang4	赣			5000		
玚		qiong	chang4	赣			30000		
玚		yong	chang4	赣			30000		
玛		ma	ma3	赣			30000		
玠		gai	jie4	赣			3000		
玠		jie	jie4	赣			2000		
玠		ka	jie4	赣			2400		
玠		kai	jie4	赣			12000		
玢		bin	bin1	赣			30000		
玢		fen	bin1	赣			7500		
玥		nyue	yue4	赣			12000		
玥		yeu	yue4	赣			3000		
玦		jyue	jue2	赣			3000		
玦		ko	jue2	赣			12000		
玩		wan	wan2	赣			30000		
玫		mi	mei2	赣			30000		
玮		wei	wei3	赣			30000		
环		fan	huan2	赣			30000		
现		xien	xian4	赣			34145		
现		yen	xian4	赣			7500		
玲		lin	ling2	赣			30000		
玷		zen	dian4	赣			30000		
玺		xi	xi3	赣			30000		
玻		bo	bo1	赣			30000		
珀		pa	po4	赣			30000		
珂		ho	ke1	赣			3000		
珂		ko	ke1	赣			2000		
珂		lo	ke1	赣			12000		
珂		ngo	ke1	赣			2400		
珈		ga	jia1	赣			30000		
珈		qyue	jia1	赣			6000		
珉		min	min2	赣			30000		
珊		san	shan1	赣			30000		
珍		zen	zhen1	赣			30000		
珑		leng	long2	赣			30000		
珙		gung	gong3	赣			12000		
珙		jiung	gong3	赣			3000		
珙		kong	gong3	赣			2400		
珞		lau	luo4	赣			7500		
珞		lo	luo4	赣			30000		
珠		jyu	zhu1	赣			30000		
珣		xyun	xun2	赣			30000		
珥		e	er3	赣			30000		
珧		tau	yao2	赣			7500		
珧		yeu	yao2	赣			30000		
珩		hang	hang2	赣			12000		
珩		heng	hang2	赣			3000		
班		ban	ban1	赣			30000		
珰		dang	dang1	赣			7500		
珰		dong	dang1	赣			30000		
珲		fen	hui1	赣			30000		
珽		len	ting3	赣			3000		
珽		tiang	ting3	赣			12000		
球		qiu	qiu2	赣			30000		
琅		long	lang2	赣			30000		
理		li	li3	赣			30000		
琇		su	xiu4	赣			2400		
琇		xiu	xiu4	赣			12000		
琇		yiu	xiu4	赣			3000		
琉		liu	liu2	赣			30000		
琎		jin	jin4	赣			30000		
琏		lien	lian3	赣			30000		
琐		so	suo3	赣			30000		
琚		jyu	ju1	赣			30000		
琚		qia	ju1	赣			7500		
琛		jin	chen1	赣			2400		
琛		lin	chen1	赣			3000		
琛		qin	chen1	赣			12000		
琛		yin	chen1	赣			2000		
琢		zo	zuo2	赣			30000		
琤		dang	cheng1	赣			7500		
琤		qin	cheng1	赣			6000		
琤		qiung	cheng1	赣			30000		
琥		fu	hu3	赣			30000		
琦		jia	qi2	赣			7500		
琦		qi	qi2	赣			30000		
琦		si	qi2	赣			5000		
琦		zi	qi2	赣			6000		
琨		kun	kun1	赣			30000		
琪		qi	qi2	赣			30000		
琫		kong	beng3	赣			2000		
琫		leng	beng3	赣			3000		
琫		meng	beng3	赣			2400		
琫		teng	beng3	赣			12000		
琬		wan	wan3	赣			30000		
琮		deng	cong2	赣			3000		
琮		leng	cong2	赣			12000		
琮		teng	cong2	赣			2400		
琮		zeng	cong2	赣			2000		
琯		den	guan3	赣			12000		
琯		guon	guan3	赣			3000		
琯		kun	guan3	赣			2000		
琯		pen	guan3	赣			2400		
琰		tan	yan3	赣			30000		
琳		lin	lin2	赣			30000		
琴		qin	qin2	赣			30000		
琵		bi	pi2	赣			30000		
琶		ba	pa2	赣			30000		
琼		qiung	qiong2	赣			30000		
瑀		yu	yu3	赣			30000		
瑁		mau	mao4	赣			3000		
瑁		mi	mao4	赣			12000		
瑁		moi	mao4	赣			2400		
瑁		pu	mao4	赣			2000		
瑄		xyuon	xuan1	赣			30000		
瑕		ha	xia2	赣			30000		
瑗		yon	yuan4	赣			30000		
瑚		fu	hu2	赣			30000		
瑛		yin	ying1	赣			30000		
瑜		yeu	yu2	赣			7500		
瑜		yu	yu2	赣			30000		
瑞		lei	rui4	赣			30000		
瑞		lui	rui4	赣			7500		
瑟		se	se4	赣			30000		
瑢		leng	rong2	赣			7500		
瑢		seng	rong2	赣			6000		
瑢		yiung	rong2	赣			30000		
瑭		tong	tang2	赣			30000		
瑰		gui	gui1	赣			30000		
瑶		tau	yao2	赣			7500		
瑶		yeu	yao2	赣			30000		
瑾		jin	jin3	赣			30000		
璀		fi	cui3	赣			3000		
璀		kui	cui3	赣			2400		
璀		lei	cui3	赣			12000		
璀		mi	cui3	赣			2000		
璃		li	li2	赣			30000		
璆		bieu	qiu2	赣			2000		
璆		ceu	qiu2	赣			3000		
璆		qiu	qiu2	赣			12000		
璆		yiu	qiu2	赣			2400		
璇		wan	xuan2	赣			7500		
璇		xon	xuan2	赣			30000		
璋		jiong	zhang1	赣			30000		
璎		yin	ying1	赣			30000		
璐		lu	lu4	赣			30000		
璘		lin	lin2	赣			30000		
璜		fong	huang2	赣			30000		
璜		wong	huang2	赣			7500		
璞		pu	pu2	赣			30000		
璟		jin	jing3	赣			12000		
璟		kien	jing3	赣			2400		
璟		qin	jing3	赣			2000		
璟		yang	jing3	赣			3000		
璠		fan	fan2	赣			30000		
璧		bia	bi4	赣			30000		
璨		can	can4	赣			30000		
璩		gie	qu2	赣			30000		
璪		zau	zao3	赣			30000		
瓒		gon	zan4	赣			5000		
瓒		hon	zan4	赣			6000		
瓒		san	zan4	赣			7500		
瓒		tan	zan4	赣			30000		
瓘		gon	guan4	赣			7500		
瓘		guon	guan4	赣			30000		
瓜		gua	gua1	赣			30000		
瓞		die	die2	赣			3000		
瓞		tu	die2	赣			12000		
瓠		fu	hu4	赣			30000		
瓢		pieu	piao2	赣			30000		
瓣		pan	ban4	赣			30000		
瓤		long	rang2	赣			30000		
瓦		nga	wa3	赣			30000		
瓮		weng	weng4	赣			30000		
瓯		ngeu	ou1	赣			2400		
瓯		ngieu	ou1	赣			12000		
瓯		qyu	ou1	赣			3000		
瓴		lang	ling2	赣			6000		
瓴		liang	ling2	赣			7500		
瓴		lien	ling2	赣			5000		
瓴		lin	ling2	赣			30000		
瓶		pin	ping2	赣			30000		
瓷		cu	ci2	赣			30000		
瓻		ji	chi1	赣			2400		
瓻		su	chi1	赣			2000		
瓻		yi	chi1	赣			12000		
瓻		zu	chi1	赣			3000		
瓿		fu	bu4	赣			30000		
瓿		pi	bu4	赣			6000		
瓿		pu	bu4	赣			5000		
瓿		yon	bu4	赣			7500		
甄		pien	zhen1	赣			3000		
甄		qien	zhen1	赣			12000		
甄		yen	zhen1	赣			2000		
甄		zen	zhen1	赣			2400		
甍		men	meng2	赣			3000		
甍		mong	meng2	赣			12000		
甑		zen	zeng4	赣			30000		
甓		di	pi4	赣			2400		
甓		ji	pi4	赣			3000		
甓		li	pi4	赣			12000		
甓		ti	pi4	赣			2000		
甘		gon	gan1	赣			30000		
甚		sen	shen4	赣			30000		
甜		tien	tian2	赣			30000		
生		sang	sheng1	赣			32898		
生		sen	sheng1	赣			32898		
甥		sen	sheng1	赣			30000		
用		yiung	yong4	赣			120000		
甩		soi	shuai3	赣			30000		
甫		pu	fu3	赣			30000		
甬		yiung	yong3	赣			30000		
田		tien	tian2	赣			90000		
由		yiu	you2	赣			78203		
甲		ga	jia3	赣			30000		
申		sen	shen1	赣			30000		
电		tien	dian4	赣			30000		
男		lan	nan2	赣			7500		
男		lang	nan2	赣			30000		
甸		tien	dian1	赣			30000		
町		can	ting1	赣			2400		
町		len	ting1	赣			2000		
町		tiang	ting1	赣			12000		
町		tin	ting1	赣			3000		
画		fa	hua4	赣			30000		
甾		ca	zai1	赣			30000		
畀		bi	bi4	赣			12000		
畀		fi	bi4	赣			2400		
畀		mi	bi4	赣			3000		
畅		qiong	chang4	赣			30000		
畅		tong	chang4	赣			30000		
畈		fan	fan4	赣			30000		
畋		dien	tian2	赣			6000		
畋		tien	tian2	赣			30000		
畋		xi	tian2	赣			7500		
界		gai	jie4	赣			34387		
畎		jien	quan3	赣			12000		
畏		wei	wei4	赣			30000		
畔		pon	pan4	赣			30000		
留		liu	liu2	赣			30000		
畚		ben	ben3	赣			30000		
畛		jiang	zhen3	赣			6000		
畛		qyun	zhen3	赣			7500		
畛		zen	zhen3	赣			30000		
畜		qyu	chu4	赣			30000		
略		lyue	lve4	赣			30000		
畦		wa	qi2	赣			30000		
番		fai	fan1	赣			7500		
番		fan	fan1	赣			30000		
畯		jyun	jun4	赣			30000		
畴		seu	chou2	赣			30000		
畸		ji	ji1	赣			30000		
畹		wan	wan3	赣			30000		
畿		ji	ji1	赣			7500		
畿		qi	ji1	赣			30000		
疃		fon	tuan3	赣			30000		
疆		jiong	jiang1	赣			30000		
疏		su	shu1	赣			30000		
疑		ni	yi2	赣			30000		
疖		jie	jie1	赣			30000		
疗		lieu	liao2	赣			30000		
疙		go	ge1	赣			30000		
疚		jiu	jiu4	赣			30000		
疝		san	shan4	赣			12000		
疝		son	shan4	赣			3000		
疟		nyue	nve4	赣			30000		
疠		li	li4	赣			30000		
疡		xiung	yang2	赣			7500		
疡		yong	yang2	赣			30000		
疢		cen	chen4	赣			30000		
疣		yiu	you2	赣			30000		
疤		ba	ba1	赣			30000		
疥		gai	jie4	赣			3000		
疥		jie	jie4	赣			2000		
疥		ka	jie4	赣			2400		
疥		kai	jie4	赣			12000		
疫		yi	yi4	赣			30000		
疬		li	li4	赣			30000		
疬		lieu	li4	赣			7500		
疭		zeng	zong4	赣			30000		
疮		cong	chuang1	赣			30000		
疯		feng	feng1	赣			30000		
疰		jyu	zhu4	赣			30000		
疱		cau	pao4	赣			2000		
疱		gau	pao4	赣			2400		
疱		hau	pao4	赣			3000		
疱		pau	pao4	赣			12000		
疲		pi	pi2	赣			30000		
疴		kua	ke1	赣			12000		
疴		nga	ke1	赣			3000		
疵		li	ci1	赣			30000		
疵		qi	ci1	赣			7500		
疵		si	ci1	赣			5000		
疵		zi	ci1	赣			6000		
疸		dan	dan3	赣			12000		
疸		tan	dan3	赣			3000		
疹		zen	zhen3	赣			30000		
疼		teng	teng2	赣			30000		
疽		jyu	ju1	赣			12000		
疽		qi	ju1	赣			3000		
疾		ji	ji2	赣			30000		
痂		ga	jia1	赣			30000		
痂		qyue	jia1	赣			6000		
痃		xien	xuan2	赣			7500		
痃		xon	xuan2	赣			30000		
痄		ba	zha4	赣			2000		
痄		ha	zha4	赣			12000		
痄		ma	zha4	赣			3000		
痄		nga	zha4	赣			2400		
病		piang	bing4	赣			30000		
症		zen	zheng4	赣			30000		
痈		ceng	yong1	赣			6000		
痈		feng	yong1	赣			30000		
痈		jiung	yong1	赣			5000		
痈		seng	yong1	赣			7500		
痉		jiang	jing4	赣			12000		
痉		liang	jing4	赣			3000		
痉		pin	jing4	赣			2000		
痉		zang	jing4	赣			2400		
痊		qon	quan2	赣			30000		
痍		xien	yi2	赣			7500		
痍		yi	yi2	赣			30000		
痒		yong	yang3	赣			60000		
痔		li	zhi4	赣			7500		
痔		si	zhi4	赣			30000		
痔		yi	zhi4	赣			5000		
痔		zi	zhi4	赣			6000		
痕		hen	hen2	赣			30000		
痘		teu	dou4	赣			30000		
痛		teng	tong4	赣			30000		
痞		bei	pi3	赣			2000		
痞		bi	pi3	赣			12000		
痞		feu	pi3	赣			3000		
痞		pi	pi3	赣			2400		
痢		li	li4	赣			30000		
痣		si	zhi4	赣			7500		
痣		zi	zhi4	赣			30000		
痤		co	cuo2	赣			30000		
痨		lau	lao2	赣			30000		
痨		lieu	lao2	赣			7500		
痪		fon	huan4	赣			30000		
痫		han	xian2	赣			30000		
痰		tan	tan2	赣			30000		
痱		fi	fei4	赣			30000		
痱		kui	fei4	赣			6000		
痱		lei	fei4	赣			7500		
痱		mi	fei4	赣			5000		
痴		ci	chi1	赣			30000		
痹		bi	bi4	赣			30000		
痼		gu	gu4	赣			30000		
痼		ku	gu4	赣			7500		
痿		e	wei3	赣			7500		
痿		wei	wei3	赣			30000		
瘁		cei	cui4	赣			30000		
瘃		lu	zhu2	赣			2000		
瘃		xu	zhu2	赣			2400		
瘃		xyu	zhu2	赣			12000		
瘃		yu	zhu2	赣			3000		
瘅		dan	dan1	赣			12000		
瘅		do	dan1	赣			2400		
瘅		tan	dan1	赣			3000		
瘆		lin	shen4	赣			3000		
瘆		pin	shen4	赣			2400		
瘆		qin	shen4	赣			2000		
瘆		sen	shen4	赣			12000		
瘊		heu	hou2	赣			30000		
瘌		lai	la4	赣			30000		
瘗		bi	yi4	赣			5000		
瘗		li	yi4	赣			30000		
瘗		si	yi4	赣			6000		
瘗		zi	yi4	赣			7500		
瘘		leu	lou4	赣			30000		
瘙		sau	sao4	赣			7500		
瘙		zau	sao4	赣			30000		
瘛		ce	chi4	赣			7500		
瘛		li	chi4	赣			5000		
瘛		xi	chi4	赣			6000		
瘛		ze	chi4	赣			30000		
瘟		wen	wen1	赣			30000		
瘠		ji	ji2	赣			2400		
瘠		jia	ji2	赣			12000		
瘠		lie	ji2	赣			3000		
瘢		bon	ban1	赣			2400		
瘢		fan	ban1	赣			3000		
瘢		pon	ban1	赣			12000		
瘤		liu	liu2	赣			30000		
瘥		ca	chai4	赣			2000		
瘥		ho	chai4	赣			2400		
瘥		lo	chai4	赣			12000		
瘥		xia	chai4	赣			3000		
瘦		seu	shou4	赣			30000		
瘩		da	da1	赣			30000		
瘪		bie	bie3	赣			30000		
瘫		tan	tan1	赣			30000		
瘭		bieu	biao1	赣			30000		
瘰		lo	luo3	赣			3000		
瘰		lon	luo3	赣			12000		
瘳		ceu	chou1	赣			30000		
瘴		jiong	zhang4	赣			30000		
瘵		ji	zhai4	赣			30000		
瘸		qyue	que2	赣			30000		
瘼		mo	mo4	赣			30000		
瘼		mu	mo4	赣			7500		
瘾		yin	yin3	赣			30000		
瘿		jiang	ying3	赣			12000		
瘿		liang	ying3	赣			3000		
瘿		pin	ying3	赣			2000		
瘿		zang	ying3	赣			2400		
癀		fong	huang2	赣			30000		
癀		wong	huang2	赣			7500		
癃		leng	long2	赣			30000		
癌		ngai	ai2	赣			30000		
癔		yi	yi4	赣			30000		
癔		yong	yi4	赣			7500		
癖		pi	pi3	赣			30000		
癖		pia	pi3	赣			7500		
癞		lai	lai4	赣			30000		
癣		xien	xuan3	赣			7500		
癣		xon	xuan3	赣			30000		
癫		dien	dian1	赣			30000		
癯		jyu	qu2	赣			30000		
癸		gui	gui3	赣			30000		
登		deng	deng1	赣			30000		
白		pa	bai2	赣			30000		
百		ba	bai3	赣			30000		
皂		zau	zao4	赣			30000		
的		de	de5	赣			318825		
的		go	de5	赣			79706		
皆		gai	jie1	赣			30000		
皇		fong	huang2	赣			30000		
皋		gau	gao1	赣			30000		
皋		hau	gao1	赣			7500		
皎		jieu	jiao3	赣			30000		
皑		coi	ai2	赣			3000		
皑		loi	ai2	赣			2000		
皑		toi	ai2	赣			12000		
皑		zoi	ai2	赣			2400		
皖		hon	wan3	赣			12000		
皤		bo	po2	赣			2400		
皤		fan	po2	赣			12000		
皤		po	po2	赣			3000		
皮		pi	pi2	赣			30000		
皱		zeu	zhou4	赣			30000		
皲		fen	jun1	赣			12000		
皲		jyun	jun1	赣			2000		
皲		wen	jun1	赣			2400		
皲		yun	jun1	赣			3000		
皴		jyun	cun1	赣			30000		
皿		min	min3	赣			30000		
盂		yu	yu2	赣			30000		
盅		jiung	zhong1	赣			30000		
盆		pen	pen2	赣			30000		
盈		yang	ying2	赣			30000		
盉		ho	he2	赣			30000		
盉		wo	he2	赣			7500		
益		yi	yi4	赣			30000		
盍		fai	he2	赣			20000		
盍		fo	he2	赣			30000		
盍		hai	he2	赣			24000		
盍		ho	he2	赣			120000		
盎		wong	ang4	赣			7500		
盎		yang	ang4	赣			30000		
盏		zan	zhan3	赣			30000		
盐		yen	yan2	赣			30000		
监		gan	jian1	赣			30000		
盒		ho	he2	赣			30000		
盔		kui	kui1	赣			30000		
盖		goi	gai4	赣			30000		
盗		tau	dao4	赣			30000		
盘		pon	pan2	赣			30000		
盛		sen	sheng4	赣			30000		
盟		meng	meng2	赣			30000		
盥		gon	guan4	赣			7500		
盥		guon	guan4	赣			30000		
盦		da	an1	赣			2000		
盦		goi	an1	赣			2400		
盦		ngon	an1	赣			12000		
盦		ta	an1	赣			3000		
目		mu	mu4	赣			30000		
盯		diang	ding1	赣			30000		
盱		xyu	xu1	赣			30000		
盲		mong	mang2	赣			30000		
直		ci	zhi2	赣			30000		
相		xiong	xiang1	赣			60000		
盹		den	dun3	赣			30000		
盼		pon	pan4	赣			30000		
盾		den	dun4	赣			30000		
省		sen	sheng3	赣			30000		
眄		bien	mian3	赣			12000		
眄		dien	mian3	赣			2000		
眄		mien	mian3	赣			3000		
眄		xien	mian3	赣			2400		
眇		cau	miao3	赣			7500		
眇		mieu	miao3	赣			30000		
眈		dan	dan1	赣			2400		
眈		hon	dan1	赣			3000		
眈		kan	dan1	赣			2000		
眈		tan	dan1	赣			12000		
眉		mi	mei2	赣			30000		
眊		mau	mao4	赣			30000		
眊		mieu	mao4	赣			7500		
看		kon	kan4	赣			66641		
眍		ngeu	kou1	赣			2400		
眍		ngieu	kou1	赣			12000		
眍		qyu	kou1	赣			3000		
眙		si	yi2	赣			7500		
眙		su	yi2	赣			5000		
眙		yi	yi2	赣			6000		
眙		zi	yi2	赣			30000		
眚		sen	sheng3	赣			30000		
真		zen	zhen1	赣			30000		
眠		mien	mian2	赣			30000		
眢		wan	yuan1	赣			7500		
眢		yon	yuan1	赣			30000		
眦		cu	zi4	赣			5000		
眦		ji	zi4	赣			7500		
眦		pi	zi4	赣			6000		
眦		qi	zi4	赣			30000		
眨		za	zha3	赣			30000		
眩		xon	xuan4	赣			30000		
眩		xuon	xuan4	赣			6000		
眩		xyuon	xuan4	赣			7500		
眭		su	sui1	赣			5000		
眭		to	sui1	赣			7500		
眭		wa	sui1	赣			6000		
眭		xie	sui1	赣			30000		
眯		mi	mi1	赣			30000		
眵		jia	chi1	赣			7500		
眵		qyu	chi1	赣			5000		
眵		si	chi1	赣			6000		
眵		zi	chi1	赣			30000		
眶		kuong	kuang4	赣			30000		
眷		jon	juan4	赣			30000		
眸		mau	mou2	赣			12000		
眸		meu	mou2	赣			3000		
眺		dieu	tiao4	赣			12000		
眺		jieu	tiao4	赣			3000		
眺		lieu	tiao4	赣			2400		
眺		xieu	tiao4	赣			2000		
眼		ngan	yan3	赣			30000		
着		jio	zhe5	赣			188584		
着		qio	zhe5	赣			188584		
睁		zang	zheng1	赣			30000		
睁		zen	zheng1	赣			7500		
睃		so	suo1	赣			30000		
睇		dai	di4	赣			7500		
睇		ti	di4	赣			30000		
睐		loi	lai4	赣			30000		
睑		jien	jian3	赣			30000		
睖		len	leng4	赣			30000		
睚		ca	ya2	赣			12000		
睚		gai	ya2	赣			3000		
睚		nga	ya2	赣			2000		
睚		ngai	ya2	赣			2400		
睛		jiang	jing1	赣			30000		
睛		jin	jing1	赣			7500		
睡		xyu	shui4	赣			30000		
睢		ji	sui1	赣			2400		
睢		lei	sui1	赣			12000		
睢		qyu	sui1	赣			3000		
睢		soi	sui1	赣			2000		
督		du	du1	赣			30000		
睥		ji	pi4	赣			2000		
睥		li	pi4	赣			2400		
睥		ti	pi4	赣			12000		
睥		xi	pi4	赣			3000		
睦		mu	mu4	赣			30000		
睨		ji	ni4	赣			2000		
睨		li	ni4	赣			2400		
睨		ti	ni4	赣			12000		
睨		xi	ni4	赣			3000		
睫		jie	jie2	赣			30000		
睬		coi	cai3	赣			30000		
睹		du	du3	赣			30000		
睽		xi	kui2	赣			12000		
睿		lei	rui4	赣			30000		
瞀		mau	mao4	赣			3000		
瞀		meu	mao4	赣			2400		
瞀		mieu	mao4	赣			2000		
瞀		mu	mao4	赣			12000		
瞄		mieu	miao2	赣			30000		
瞍		seu	sou3	赣			7500		
瞍		xieu	sou3	赣			30000		
瞎		hoi	xia1	赣			30000		
瞑		miang	ming2	赣			6000		
瞑		mien	ming2	赣			30000		
瞑		min	ming2	赣			7500		
瞒		mon	man2	赣			30000		
瞟		bieu	piao3	赣			7500		
瞟		pieu	piao3	赣			30000		
瞠		bong	cheng1	赣			3000		
瞠		pang	cheng1	赣			12000		
瞠		sang	cheng1	赣			2400		
瞠		sen	cheng1	赣			2000		
瞢		len	meng2	赣			2400		
瞢		meng	meng2	赣			3000		
瞢		peng	meng2	赣			2000		
瞢		zen	meng2	赣			12000		
瞥		bie	pie1	赣			12000		
瞥		jie	pie1	赣			3000		
瞥		qie	pie1	赣			2400		
瞥		xie	pie1	赣			2000		
瞧		qieu	qiao2	赣			30000		
瞩		ju	zhu3	赣			3000		
瞩		jyu	zhu3	赣			2400		
瞩		xu	zhu3	赣			12000		
瞪		den	deng4	赣			30000		
瞬		xyun	shun4	赣			30000		
瞭		lieu	liao3	赣			30000		
瞰		dan	kan4	赣			2000		
瞰		hon	kan4	赣			2400		
瞰		lan	kan4	赣			12000		
瞰		san	kan4	赣			3000		
瞳		teng	tong2	赣			30000		
瞵		li	lin2	赣			7500		
瞵		lin	lin2	赣			30000		
瞻		zen	zhan1	赣			30000		
瞽		ga	gu3	赣			2400		
瞽		gu	gu3	赣			12000		
瞽		ku	gu3	赣			3000		
瞿		jyu	qu2	赣			30000		
矍		jio	jue2	赣			12000		
矍		ko	jue2	赣			3000		
矗		qu	chu4	赣			7500		
矗		qyu	chu4	赣			30000		
矛		mau	mao2	赣			30000		
矜		jin	jin1	赣			30000		
矢		si	shi3	赣			30000		
矣		li	yi3	赣			7500		
矣		si	yi3	赣			30000		
矣		yi	yi3	赣			5000		
矣		zi	yi3	赣			6000		
知		zi	zhi1	赣			42780		
矧		min	shen3	赣			2400		
矧		qin	shen3	赣			12000		
矧		tiang	shen3	赣			2000		
矧		yin	shen3	赣			3000		
矩		jyu	ju3	赣			30000		
矫		jieu	jiao3	赣			30000		
矬		co	cuo2	赣			30000		
短		don	duan3	赣			30000		
矮		ngai	ai3	赣			30000		
石		sa	shi2	赣			7500		
石		xia	shi2	赣			30746		
矶		ji	ji1	赣			30000		
矸		gon	gan1	赣			3000		
矸		hon	gan1	赣			12000		
矸		kon	gan1	赣			2400		
矻		ku	ku1	赣			3000		
矻		sen	ku1	赣			12000		
矾		fan	fan2	赣			30000		
矿		kuong	kuang4	赣			30000		
砀		dong	dang4	赣			3000		
砀		pong	dang4	赣			2400		
砀		song	dang4	赣			2000		
砀		tong	dang4	赣			12000		
码		ma	ma3	赣			30000		
砂		sa	sha1	赣			30000		
砉		di	huo4	赣			2400		
砉		ji	huo4	赣			3000		
砉		li	huo4	赣			12000		
砉		ti	huo4	赣			2000		
砌		qi	qi4	赣			30000		
砍		kon	kan3	赣			30000		
砑		nga	ya4	赣			30000		
研		nien	yan2	赣			35029		
砖		don	zhuan1	赣			30000		
砖		jon	zhuan1	赣			30000		
砗		qia	che1	赣			30000		
砚		yen	yan4	赣			30000		
砝		fa	fa2	赣			120000		
砝		qie	fa2	赣			30000		
砟		zau	zha3	赣			12000		
砟		zon	zha3	赣			3000		
砥		jia	di3	赣			7500		
砥		zi	di3	赣			30000		
砧		jin	zhen1	赣			2400		
砧		lin	zhen1	赣			3000		
砧		qin	zhen1	赣			12000		
砧		yin	zhen1	赣			2000		
砭		lien	bian1	赣			2400		
砭		qien	bian1	赣			2000		
砭		yen	bian1	赣			12000		
砭		zen	bian1	赣			3000		
砮		lu	nu3	赣			30000		
砰		peng	peng1	赣			30000		
破		po	po4	赣			30000		
砸		za	za2	赣			30000		
砺		li	li4	赣			30000		
砻		leng	long2	赣			30000		
砾		li	li4	赣			30000		
础		qyu	chu3	赣			30000		
硁		jin	keng1	赣			2000		
硁		peng	keng1	赣			2400		
硁		yin	keng1	赣			12000		
硁		zang	keng1	赣			3000		
硅		gui	gui1	赣			30000		
硌		lau	ge4	赣			7500		
硌		lo	ge4	赣			30000		
硎		kang	xing2	赣			7500		
硎		xin	xing2	赣			30000		
硐		teng	dong4	赣			30000		
硕		so	shuo4	赣			30000		
硖		ha	xia2	赣			30000		
硖		qia	xia2	赣			7500		
硗		bau	qiao1	赣			2400		
硗		kau	qiao1	赣			2000		
硗		lieu	qiao1	赣			3000		
硗		pau	qiao1	赣			12000		
硝		xieu	xiao1	赣			30000		
硪		ngo	wo4	赣			30000		
硫		liu	liu2	赣			30000		
硬		ngang	ying4	赣			30000		
硭		mong	mang2	赣			7500		
硭		wong	mang2	赣			30000		
确		ko	que4	赣			30000		
硷		gan	jian3	赣			12000		
硷		kang	jian3	赣			2000		
硷		lien	jian3	赣			2400		
硷		qien	jian3	赣			3000		
硼		peng	peng2	赣			30000		
碉		dieu	diao1	赣			30000		
碌		lu	lu4	赣			30000		
碍		ngai	ai4	赣			7500		
碍		ngoi	ai4	赣			30000		
碎		soi	sui4	赣			7500		
碎		xyu	sui4	赣			30000		
碑		bi	bei1	赣			30000		
碓		dei	dui4	赣			30000		
碗		won	wan3	赣			30000		
碘		dien	dian3	赣			30000		
碛		cu	qi4	赣			30000		
碜		lin	chen3	赣			3000		
碜		pin	chen3	赣			2400		
碜		qin	chen3	赣			2000		
碜		sen	chen3	赣			12000		
碟		die	die2	赣			30000		
碟		tie	die2	赣			7500		
碡		du	du2	赣			3000		
碡		jyu	du2	赣			2400		
碡		tu	du2	赣			12000		
碡		zeu	du2	赣			2000		
碣		gai	jie2	赣			7500		
碣		jie	jie2	赣			30000		
碣		kie	jie2	赣			6000		
碥		bien	bian3	赣			30000		
碧		bi	bi4	赣			30000		
碰		peng	peng4	赣			30000		
碱		gan	jian3	赣			30000		
碳		tan	tan4	赣			30000		
碴		za	cha2	赣			30000		
碾		nien	nian3	赣			30000		
磁		cu	ci2	赣			30000		
磅		bong	bang4	赣			30000		
磉		dong	sang3	赣			12000		
磉		kang	sang3	赣			3000		
磉		long	sang3	赣			2400		
磊		lei	lei3	赣			30000		
磋		co	cuo1	赣			30000		
磐		bon	pan2	赣			2400		
磐		fan	pan2	赣			3000		
磐		pon	pan2	赣			12000		
磔		di	zhe2	赣			30000		
磕		ko	ke1	赣			30000		
磨		mo	mo2	赣			30000		
磬		jin	qing4	赣			2400		
磬		lin	qing4	赣			2000		
磬		ning	qing4	赣			3000		
磬		tiang	qing4	赣			12000		
磲		gie	qu2	赣			30000		
磴		cang	deng4	赣			3000		
磴		den	deng4	赣			12000		
磷		lin	lin2	赣			30000		
磺		fong	huang2	赣			30000		
礁		jieu	jiao1	赣			30000		
礓		jiung	jiang1	赣			30000		
礤		ho	ca3	赣			12000		
礤		koi	ca3	赣			2000		
礤		lai	ca3	赣			3000		
礤		tai	ca3	赣			2400		
礴		bo	bo2	赣			12000		
礴		po	bo2	赣			2400		
礴		pu	bo2	赣			3000		
示		si	shi4	赣			30000		
礼		li	li3	赣			60000		
社		sa	she4	赣			7500		
社		xia	she4	赣			100000		
祀		si	si4	赣			30000		
祁		qi	qi2	赣			7500		
祁		zi	qi2	赣			30000		
祃		ma	ma4	赣			30000		
祆		jien	xian1	赣			2400		
祆		qien	xian1	赣			12000		
祆		tien	xian1	赣			2000		
祆		yen	xian1	赣			3000		
祈		qi	qi2	赣			30000		
祉		ci	zhi3	赣			30000		
祎		yi	yi1	赣			30000		
祓		fi	fu2	赣			12000		
祓		fo	fu2	赣			3000		
祓		fu	fu2	赣			2400		
祖		zu	zu3	赣			30000		
祗		zi	zhi1	赣			30000		
祚		bu	zuo4	赣			2400		
祚		mu	zuo4	赣			3000		
祚		pu	zuo4	赣			2000		
祚		tu	zuo4	赣			12000		
祜		fu	hu4	赣			30000		
祜		gu	hu4	赣			7500		
祝		ju	zhu4	赣			30000		
祝		jyu	zhu4	赣			30000		
神		sen	shen2	赣			30000		
祟		ceng	sui4	赣			30000		
祠		cu	ci2	赣			30000		
祢		mi	mi2	赣			30000		
祥		xiong	xiang2	赣			30000		
祧		tieu	tiao1	赣			30000		
票		pieu	piao4	赣			30000		
祭		ji	ji4	赣			30000		
祯		zen	zhen1	赣			30000		
祲		jin	jin4	赣			12000		
祲		lin	jin4	赣			2400		
祲		qin	jin4	赣			3000		
祲		yin	jin4	赣			2000		
祷		dau	dao3	赣			30000		
祸		fo	huo4	赣			30000		
祺		qi	qi2	赣			30000		
祼		gon	guan4	赣			7500		
祼		guon	guan4	赣			30000		
祾		len	ling2	赣			7500		
祾		lin	ling2	赣			30000		
禀		bin	bing3	赣			30000		
禁		jin	jin4	赣			30000		
禄		go	lu4	赣			7500		
禄		gu	lu4	赣			6000		
禄		lu	lu4	赣			30000		
禅		can	chan2	赣			2400		
禅		dan	chan2	赣			12000		
禅		sen	chan2	赣			3000		
禊		xi	xi4	赣			30000		
福		fu	fu2	赣			30000		
禚		jieu	zhuo2	赣			2400		
禚		jo	zhuo2	赣			2000		
禚		xio	zhuo2	赣			12000		
禚		zo	zhuo2	赣			3000		
禧		xi	xi3	赣			30000		
禳		long	rang2	赣			30000		
禳		niong	rang2	赣			7500		
禳		xiung	rang2	赣			6000		
禹		yu	yu3	赣			30000		
禺		yu	yu2	赣			30000		
离		li	li2	赣			30000		
禽		qin	qin2	赣			30000		
禾		wo	he2	赣			30000		
秀		xiu	xiu4	赣			30000		
私		su	si1	赣			30000		
秃		tu	tu1	赣			30000		
秆		gon	gan3	赣			30000		
秉		bin	bing3	赣			30000		
秋		qiu	qiu1	赣			30000		
种		jiung	zhong3	赣			40923		
科		ko	ke1	赣			30000		
秒		mieu	miao3	赣			30000		
秕		pi	bi3	赣			30000		
秘		mi	mi4	赣			30000		
租		zu	zu1	赣			30000		
秣		me	mo4	赣			12000		
秣		mi	mo4	赣			2400		
秣		moi	mo4	赣			3000		
秣		wai	mo4	赣			2000		
秤		cen	cheng4	赣			30000		
秦		qin	qin2	赣			30000		
秧		yong	yang1	赣			30000		
秩		zi	zhi4	赣			30000		
秫		qu	shu2	赣			30000		
秭		zu	zi3	赣			30000		
积		ji	ji1	赣			30000		
称		cen	cheng1	赣			30000		
秸		gon	jie1	赣			30000		
移		yi	yi2	赣			30000		
秽		fei	hui4	赣			30000		
秾		leng	nong2	赣			3000		
秾		ngiung	nong2	赣			12000		
稀		xi	xi1	赣			30000		
稂		long	lang2	赣			30000		
稃		fu	fu1	赣			30000		
稃		pu	fu1	赣			7500		
稆		lyu	lv3	赣			30000		
程		cen	cheng2	赣			30000		
稍		seu	shao1	赣			30000		
税		xyu	shui4	赣			30000		
稔		lin	ren3	赣			3000		
稔		pin	ren3	赣			2400		
稔		qin	ren3	赣			2000		
稔		sen	ren3	赣			12000		
稗		gua	bai4	赣			12000		
稗		kua	bai4	赣			2400		
稗		mai	bai4	赣			3000		
稗		pai	bai4	赣			2000		
稚		zi	zhi4	赣			30000		
稞		ha	ke1	赣			7500		
稞		ko	ke1	赣			30000		
稠		ceu	chou2	赣			30000		
稣		su	su1	赣			30000		
稳		wen	wen3	赣			30000		
稷		ji	ji4	赣			30000		
稻		tau	dao4	赣			30000		
稼		ga	jia4	赣			30000		
稽		ji	ji1	赣			30000		
稿		gau	gao3	赣			30000		
穄		ji	ji4	赣			30000		
穆		mu	mu4	赣			30000		
穑		se	se4	赣			30000		
穗		xyu	sui4	赣			30000		
穰		long	rang2	赣			30000		
穰		niong	rang2	赣			7500		
穰		xiung	rang2	赣			6000		
穴		xyue	xue2	赣			30000		
究		jiu	jiu1	赣			35029		
穷		qiung	qiong2	赣			30000		
穸		xi	xi1	赣			30000		
穹		kong	qiong2	赣			12000		
空		kung	kong1	赣			30000		
穿		qon	chuan1	赣			30000		
穿		ton	chuan1	赣			30000		
窀		han	zhun1	赣			7500		
窀		san	zhun1	赣			6000		
窀		ten	zhun1	赣			30000		
窀		yin	zhun1	赣			5000		
突		tu	tu1	赣			30000		
窃		qie	qie4	赣			30000		
窄		zai	zhai3	赣			30000		
窅		die	yao3	赣			2000		
窅		lieu	yao3	赣			12000		
窅		ngau	yao3	赣			3000		
窅		tieu	yao3	赣			2400		
窈		die	yao3	赣			2400		
窈		lieu	yao3	赣			12000		
窈		tieu	yao3	赣			3000		
窈		xieu	yao3	赣			2000		
窍		qieu	qiao4	赣			30000		
窑		yeu	yao2	赣			30000		
窒		zi	zhi4	赣			30000		
窕		die	tiao3	赣			3000		
窕		tieu	tiao3	赣			12000		
窖		gau	jiao4	赣			30000		
窗		cong	chuang1	赣			30000		
窗		kang	chuang1	赣			7500		
窘		jiung	jiong3	赣			30000		
窜		coi	cuan4	赣			7500		
窜		con	cuan4	赣			30000		
窝		wo	wo1	赣			30000		
窟		ku	ku1	赣			30000		
窠		ko	ke1	赣			30000		
窣		bo	su1	赣			3000		
窣		tu	su1	赣			12000		
窣		wai	su1	赣			2000		
窣		zu	su1	赣			2400		
窥		kui	kui1	赣			30000		
窦		deu	dou4	赣			3000		
窦		teu	dou4	赣			12000		
窨		yin	xun1	赣			30000		
窬		deu	yu2	赣			2000		
窬		teu	yu2	赣			3000		
窬		yeu	yu2	赣			2400		
窬		yu	yu2	赣			12000		
窭		fu	ju4	赣			12000		
窭		jyu	ju4	赣			3000		
窭		xyu	ju4	赣			2000		
窭		yu	ju4	赣			2400		
窳		yu	yu3	赣			30000		
窸		qi	xi1	赣			3000		
窸		soi	xi1	赣			2400		
窸		xi	xi1	赣			12000		
窿		leng	long2	赣			30000		
立		li	li4	赣			30000		
竑		feng	hong2	赣			30000		
竖		xyu	shu4	赣			30000		
站		zan	zhan4	赣			30000		
竞		jin	jing4	赣			30000		
竟		jin	jing4	赣			30000		
章		jiong	zhang1	赣			30000		
竣		jyun	jun4	赣			30000		
童		teng	tong2	赣			30000		
竦		seng	song3	赣			30000		
竭		jie	jie2	赣			30000		
端		doi	duan1	赣			30000		
端		don	duan1	赣			30000		
竹		ju	zhu2	赣			30000		
竹		jyu	zhu2	赣			30000		
竺		du	zhu2	赣			6000		
竺		jyu	zhu2	赣			30000		
竺		zo	zhu2	赣			7500		
竽		yu	yu2	赣			30000		
竿		gon	gan1	赣			30000		
笃		du	du3	赣			30000		
笄		ji	ji1	赣			30000		
笆		ba	ba1	赣			30000		
笈		ca	ji2	赣			7500		
笈		ji	ji2	赣			30000		
笊		za	zhao4	赣			30000		
笊		zau	zhao4	赣			7500		
笋		sen	sun3	赣			30000		
笏		fei	hu4	赣			30000		
笑		xieu	xiao4	赣			32256		
笔		bi	bi3	赣			30000		
笕		jien	jian3	赣			30000		
笙		sen	sheng1	赣			30000		
笛		di	di2	赣			7500		
笛		ti	di2	赣			30000		
笞		ci	chi1	赣			30000		
笠		li	li4	赣			30000		
笤		tieu	tiao2	赣			30000		
笥		si	si4	赣			30000		
笥		su	si4	赣			7500		
符		fu	fu2	赣			30000		
笨		ben	ben4	赣			30000		
笨		sen	ben4	赣			7500		
笪		dan	da2	赣			2000		
笪		ho	da2	赣			12000		
笪		lai	da2	赣			3000		
笪		tai	da2	赣			2400		
笫		bi	zi3	赣			7500		
笫		ji	zi3	赣			5000		
笫		si	zi3	赣			6000		
笫		zi	zi3	赣			30000		
第		ti	di4	赣			30000		
笮		za	ze2	赣			12000		
笮		zai	ze2	赣			2000		
笮		zau	ze2	赣			3000		
笮		zon	ze2	赣			2400		
笱		gieu	gou3	赣			30000		
笱		kieu	gou3	赣			7500		
笳		ga	jia1	赣			30000		
笳		qyue	jia1	赣			6000		
笺		jien	jian1	赣			3000		
笺		qien	jian1	赣			12000		
笼		leng	long2	赣			30000		
笾		bien	bian1	赣			30000		
筅		xi	xian3	赣			12000		
筅		xien	xian3	赣			3000		
等		dai	deng3	赣			195934		
等		den	deng3	赣			195934		
筋		jin	jin1	赣			30000		
筌		qon	quan2	赣			3000		
筌		son	quan2	赣			12000		
筏		fa	fa2	赣			30000		
筐		kuong	kuang1	赣			30000		
筑		jyu	zhu4	赣			30000		
筒		teng	tong3	赣			30000		
答		da	da2	赣			7500		
答		dai	da2	赣			30000		
策		ce	ce4	赣			30000		
筚		bi	bi4	赣			30000		
筚		mi	bi4	赣			7500		
筛		sai	shai1	赣			30000		
筜		dang	dang1	赣			7500		
筜		dong	dang1	赣			30000		
筝		zen	zheng1	赣			30000		
筠		bin	yun2	赣			2400		
筠		cen	yun2	赣			12000		
筠		sen	yun2	赣			3000		
筠		yin	yun2	赣			2000		
筮		si	shi4	赣			30000		
筱		die	xiao3	赣			2400		
筱		lieu	xiao3	赣			12000		
筱		tieu	xiao3	赣			3000		
筱		xieu	xiao3	赣			2000		
筲		seu	shao1	赣			30000		
筵		yen	yan2	赣			30000		
筷		kuai	kuai4	赣			30000		
筹		ceu	chou2	赣			30000		
筼		yon	yun2	赣			7500		
筼		yun	yun2	赣			30000		
签		qien	qian1	赣			30000		
简		gan	jian3	赣			30000		
箅		bi	bi4	赣			30000		
箅		fi	bi4	赣			6000		
箅		mi	bi4	赣			7500		
箍		gu	gu1	赣			30000		
箐		jiang	qing4	赣			30000		
箐		jin	qing4	赣			7500		
箐		qin	qing4	赣			5000		
箐		si	qing4	赣			6000		
箓		go	lu4	赣			6000		
箓		gu	lu4	赣			5000		
箓		liu	lu4	赣			7500		
箓		lu	lu4	赣			30000		
箔		bo	bo2	赣			12000		
箔		po	bo2	赣			2400		
箔		pu	bo2	赣			3000		
箕		ji	ji1	赣			30000		
算		son	suan4	赣			30000		
箜		kong	kong1	赣			30000		
管		guon	guan3	赣			30000		
箦		zai	ze2	赣			12000		
箦		ze	ze2	赣			3000		
箧		die	qie4	赣			2400		
箧		ga	qie4	赣			2000		
箧		ha	qie4	赣			3000		
箧		tie	qie4	赣			12000		
箨		pa	tuo4	赣			7500		
箨		to	tuo4	赣			30000		
箩		lo	luo2	赣			30000		
箪		dan	dan1	赣			30000		
箫		xieu	xiao1	赣			30000		
箬		lo	ruo4	赣			12000		
箬		ni	ruo4	赣			2400		
箬		ya	ruo4	赣			3000		
箭		jien	jian4	赣			30000		
箱		xiong	xiang1	赣			30000		
箴		zen	zhen1	赣			30000		
箸		jyu	zhu4	赣			3000		
箸		qo	zhu4	赣			12000		
箸		qyu	zhu4	赣			2400		
篁		fong	huang2	赣			30000		
篁		wong	huang2	赣			7500		
篆		jon	zhuan4	赣			12000		
篆		qon	zhuan4	赣			2400		
篆		seng	zhuan4	赣			3000		
篆		zon	zhuan4	赣			2000		
篇		pien	pian1	赣			30000		
篌		heu	hou2	赣			30000		
篑		kai	kui4	赣			7500		
篑		kui	kui4	赣			30000		
篓		leu	lou3	赣			30000		
篙		hau	gao1	赣			30000		
篚		fi	fei3	赣			30000		
篝		gieu	gou1	赣			12000		
篝		jyu	gou1	赣			3000		
篝		kieu	gou1	赣			2400		
篡		con	cuan4	赣			30000		
篥		su	li4	赣			30000		
篦		pi	bi4	赣			30000		
篪		ci	chi2	赣			30000		
篮		lan	lan2	赣			30000		
篱		li	li2	赣			30000		
篷		peng	peng2	赣			30000		
篼		deu	dou1	赣			30000		
篾		mie	mie4	赣			30000		
簃		ci	yi2	赣			30000		
簃		xia	yi2	赣			6000		
簃		yi	yi2	赣			7500		
簇		cu	cu4	赣			30000		
簉		fu	zao4	赣			12000		
簉		seu	zao4	赣			3000		
簉		yiu	zao4	赣			2400		
簉		zeu	zao4	赣			2000		
簋		gui	gui3	赣			30000		
簏		go	lu4	赣			7500		
簏		gu	lu4	赣			6000		
簏		lu	lu4	赣			30000		
簟		dien	dian4	赣			3000		
簟		qien	dian4	赣			12000		
簟		zen	dian4	赣			2400		
簠		fu	fu3	赣			30000		
簠		pu	fu3	赣			7500		
簦		den	deng1	赣			12000		
簦		deng	deng1	赣			3000		
簧		fong	huang2	赣			30000		
簧		wong	huang2	赣			7500		
簪		jin	zan1	赣			2400		
簪		lin	zan1	赣			3000		
簪		qin	zan1	赣			12000		
簪		tan	zan1	赣			2000		
簸		bo	bo3	赣			30000		
簿		pu	bu4	赣			30000		
籀		zeu	zhou4	赣			30000		
籁		lai	lai4	赣			30000		
籍		ji	ji2	赣			30000		
米		mi	mi3	赣			35136		
籴		di	di2	赣			12000		
籴		lu	di2	赣			3000		
籴		ti	di2	赣			2400		
籴		yiu	di2	赣			2000		
类		lei	lei4	赣			30000		
类		li	lei4	赣			7500		
籼		xien	xian1	赣			30000		
籽		zu	zi3	赣			30000		
粉		fen	fen3	赣			30000		
粒		li	li4	赣			30000		
粕		bo	po4	赣			30000		
粗		cu	cu1	赣			30000		
粘		nien	zhan1	赣			7500		
粘		zen	zhan1	赣			30000		
粜		dieu	tiao4	赣			12000		
粜		jieu	tiao4	赣			3000		
粜		lieu	tiao4	赣			2400		
粜		xieu	tiao4	赣			2000		
粝		lai	li4	赣			3000		
粝		li	li4	赣			12000		
粞		coi	xi1	赣			2400		
粞		toi	xi1	赣			12000		
粞		xi	xi1	赣			3000		
粞		zoi	xi1	赣			2000		
粟		su	su4	赣			30000		
粤		yue	yue4	赣			30000		
粥		ju	zhou1	赣			30000		
粪		fen	fen4	赣			30000		
粮		liong	liang2	赣			30000		
粱		liong	liang2	赣			30000		
粲		can	can4	赣			30000		
粳		gang	jing1	赣			2400		
粳		gien	jing1	赣			3000		
粳		kien	jing1	赣			12000		
粹		cei	cui4	赣			30000		
粼		li	lin2	赣			7500		
粼		lin	lin2	赣			30000		
粽		deng	zong4	赣			2400		
粽		feng	zong4	赣			12000		
粽		kong	zong4	赣			2000		
粽		teng	zong4	赣			3000		
精		jiang	jing1	赣			30000		
精		jin	jing1	赣			7500		
糁		cen	san3	赣			2400		
糁		gong	san3	赣			2000		
糁		hon	san3	赣			12000		
糁		kan	san3	赣			3000		
糅		fu	rou2	赣			12000		
糅		seu	rou2	赣			3000		
糅		yiu	rou2	赣			2400		
糅		zeu	rou2	赣			2000		
糇		heu	hou2	赣			30000		
糈		jyu	xu3	赣			3000		
糈		lyu	xu3	赣			2000		
糈		xyu	xu3	赣			12000		
糈		yu	xu3	赣			2400		
糊		fu	hu2	赣			30000		
糍		cu	ci2	赣			12000		
糍		ji	ci2	赣			3000		
糕		gau	gao1	赣			30000		
糖		tong	tang2	赣			30000		
糗		jiu	qiu3	赣			12000		
糗		niu	qiu3	赣			2000		
糗		seu	qiu3	赣			3000		
糗		yiu	qiu3	赣			2400		
糙		cau	cao1	赣			30000		
糜		mi	mi2	赣			30000		
糟		zau	zao1	赣			30000		
糠		kong	kang1	赣			30000		
糯		lo	nuo4	赣			30000		
系		xi	xi4	赣			32105		
紊		wen	wen3	赣			30000		
素		su	su4	赣			30000		
索		so	suo3	赣			30000		
紧		jin	jin3	赣			30000		
紫		zu	zi3	赣			30000		
累		lei	lei4	赣			30000		
累		li	lei4	赣			7500		
絮		xyu	xu4	赣			30000		
絷		ji	zhi2	赣			30000		
絷		si	zhi2	赣			7500		
絷		xi	zhi2	赣			6000		
絷		zi	zhi2	赣			5000		
綦		qi	qi2	赣			30000		
綮		ji	qi3	赣			7500		
綮		qi	qi3	赣			30000		
縻		mi	mi2	赣			30000		
繁		fan	fan2	赣			30000		
繄		ji	yi1	赣			2000		
繄		qi	yi1	赣			12000		
繄		ti	yi1	赣			3000		
繄		xi	yi1	赣			2400		
繇		tau	yao2	赣			2400		
繇		yeu	yao2	赣			3000		
繇		yiu	yao2	赣			12000		
繇		zeu	yao2	赣			2000		
纂		ko	zuan3	赣			2000		
纂		lon	zuan3	赣			3000		
纂		pon	zuan3	赣			12000		
纂		toi	zuan3	赣			2400		
纛		dau	dao4	赣			30000		
纛		tau	dao4	赣			7500		
纛		tu	dao4	赣			6000		
纠		jiu	jiu1	赣			30000		
纡		yu	yu1	赣			30000		
红		feng	hong2	赣			60000		
纣		jiu	zhou4	赣			12000		
纣		niu	zhou4	赣			2000		
纣		seu	zhou4	赣			3000		
纣		yiu	zhou4	赣			2400		
纤		qien	xian1	赣			30000		
纥		ho	ge1	赣			12000		
纥		wai	ge1	赣			2400		
纥		ye	ge1	赣			3000		
约		yo	yue1	赣			30000		
级		ji	ji2	赣			30000		
纨		won	wan2	赣			3000		
纨		yon	wan2	赣			12000		
纩		kuong	kuang4	赣			30000		
纪		ji	ji4	赣			30000		
纫		len	ren4	赣			30000		
纬		wei	wei3	赣			30000		
纭		yon	yun2	赣			7500		
纭		yun	yun2	赣			30000		
纯		qyun	chun2	赣			30000		
纰		ji	pi1	赣			2000		
纰		pi	pi1	赣			12000		
纰		yi	pi1	赣			3000		
纰		zu	pi1	赣			2400		
纱		sa	sha1	赣			30000		
纲		gong	gang1	赣			30000		
纳		la	na4	赣			30000		
纴		len	ren4	赣			30000		
纵		coi	zong4	赣			30000		
纵		zeng	zong4	赣			30000		
纶		han	lun2	赣			6000		
纶		jien	lun2	赣			7500		
纶		len	lun2	赣			30000		
纷		fen	fen1	赣			30000		
纷		fin	fen1	赣			7500		
纸		zi	zhi3	赣			30000		
纹		wen	wen2	赣			30000		
纺		fong	fang3	赣			30000		
纻		ning	zhu4	赣			30000		
纽		niu	niu3	赣			30000		
纾		su	shu1	赣			30000		
纾		xyu	shu1	赣			30000		
线		xien	xian4	赣			60000		
绀		gon	gan4	赣			120000		
绁		xie	xie4	赣			12000		
绁		xyue	xie4	赣			3000		
绂		bei	fu2	赣			30000		
练		lien	lian4	赣			30000		
组		zu	zu3	赣			30000		
绅		sen	shen1	赣			30000		
细		xi	xi4	赣			30000		
织		zi	zhi1	赣			30000		
终		jiung	zhong1	赣			30000		
绉		cau	zhou4	赣			30000		
绉		zeu	zhou4	赣			7500		
绊		pon	ban4	赣			30000		
绋		bei	fu2	赣			30000		
绌		lyu	chu4	赣			2000		
绌		qyu	chu4	赣			3000		
绌		xyu	chu4	赣			12000		
绌		zu	chu4	赣			2400		
绍		seu	shao4	赣			30000		
绎		yi	yi4	赣			30000		
经		jin	jing1	赣			51289		
绑		bong	bang3	赣			30000		
绒		leng	rong2	赣			30000		
结		jie	jie2	赣			60000		
绔		ku	ku4	赣			3000		
绔		kua	ku4	赣			12000		
绕		leu	rao4	赣			30000		
绗		hang	hang2	赣			30000		
绘		fi	hui4	赣			30000		
给		ba	gei3	赣			13896		
给		bai	gei3	赣			17370		
给		gie	gei3	赣			69480		
绚		xon	xuan4	赣			30000		
绛		feng	jiang4	赣			12000		
绛		gong	jiang4	赣			3000		
络		lo	luo4	赣			30000		
绝		go	jue2	赣			7500		
绝		jyue	jue2	赣			6000		
绝		qie	jue2	赣			30000		
绞		gau	jiao3	赣			30000		
统		teng	tong3	赣			30000		
绠		gien	geng3	赣			3000		
绠		kien	geng3	赣			12000		
绡		seu	xiao1	赣			3000		
绡		xieu	xiao1	赣			12000		
绡		xio	xiao1	赣			2400		
绢		jon	juan4	赣			30000		
绣		xiu	xiu4	赣			30000		
绤		xi	xi4	赣			30000		
绥		xyu	sui2	赣			30000		
绦		ceu	tao1	赣			2000		
绦		dau	tao1	赣			12000		
绦		tau	tao1	赣			2400		
绦		tieu	tao1	赣			3000		
继		ji	ji4	赣			30000		
绨		ti	ti2	赣			30000		
绨		tia	ti2	赣			6000		
绨		ze	ti2	赣			7500		
绩		ji	ji4	赣			30000		
绪		xyu	xu4	赣			30000		
绫		lin	ling2	赣			30000		
续		xyu	xu4	赣			30000		
绮		qi	qi3	赣			30000		
绯		fi	fei1	赣			30000		
绰		co	chuo4	赣			30000		
绲		ben	gun3	赣			12000		
绲		den	gun3	赣			3000		
绲		fen	gun3	赣			2400		
绲		ti	gun3	赣			2000		
绳		sen	sheng2	赣			30000		
维		wei	wei2	赣			30000		
绵		mien	mian2	赣			30000		
绶		seu	shou4	赣			30000		
绷		beng	beng1	赣			30000		
绸		ceu	chou2	赣			30000		
绹		tau	tao2	赣			30000		
绺		liu	liu3	赣			30000		
绻		fan	quan3	赣			2400		
绻		jon	quan3	赣			2000		
绻		qyuon	quan3	赣			3000		
绻		wan	quan3	赣			12000		
综		zeng	zong1	赣			30000		
绽		zan	zhan4	赣			30000		
绾		ban	wan3	赣			12000		
绾		fon	wan3	赣			3000		
绾		qon	wan3	赣			2000		
绾		zon	wan3	赣			2400		
绿		liu	lv4	赣			60000		
缀		zyui	zhui4	赣			30000		
缁		ca	zi1	赣			30000		
缂		ca	ke4	赣			2000		
缂		ho	ke4	赣			3000		
缂		za	ke4	赣			12000		
缂		zai	ke4	赣			2400		
缃		xiong	xiang1	赣			30000		
缄		can	jian1	赣			12000		
缄		hang	jian1	赣			3000		
缄		hon	jian1	赣			2400		
缄		sen	jian1	赣			2000		
缅		mien	mian3	赣			30000		
缆		lan	lan3	赣			30000		
缇		ti	ti2	赣			30000		
缇		tia	ti2	赣			6000		
缇		ze	ti2	赣			7500		
缉		ji	ji1	赣			30000		
缉		si	ji1	赣			7500		
缉		xi	ji1	赣			6000		
缉		zi	ji1	赣			5000		
缌		si	si1	赣			7500		
缌		su	si1	赣			30000		
缎		ton	duan4	赣			30000		
缏		bien	bian4	赣			30000		
缏		piang	bian4	赣			6000		
缏		pien	bian4	赣			7500		
缑		gieu	gou1	赣			12000		
缑		jyu	gou1	赣			3000		
缑		kieu	gou1	赣			2400		
缒		qyu	zhui4	赣			30000		
缓		fon	huan3	赣			30000		
缔		ti	di4	赣			30000		
缕		lyu	lv3	赣			30000		
编		bien	bian1	赣			30000		
缗		min	min2	赣			30000		
缘		yon	yuan2	赣			30000		
缙		jin	jin4	赣			30000		
缚		fu	fu4	赣			30000		
缛		lu	ru4	赣			30000		
缜		bin	zhen3	赣			2000		
缜		cen	zhen3	赣			12000		
缜		sen	zhen3	赣			3000		
缜		zen	zhen3	赣			2400		
缝		feng	feng4	赣			30000		
缟		bau	gao3	赣			3000		
缟		lau	gao3	赣			2400		
缟		tau	gao3	赣			2000		
缟		zau	gao3	赣			12000		
缠		can	chan2	赣			7500		
缠		cen	chan2	赣			30000		
缡		li	li2	赣			30000		
缢		qi	yi4	赣			12000		
缢		yi	yi4	赣			3000		
缣		jien	jian1	赣			30000		
缤		bin	bin1	赣			30000		
缥		bieu	piao1	赣			30000		
缦		man	man4	赣			30000		
缨		yin	ying1	赣			30000		
缩		so	suo1	赣			30000		
缪		mau	mou2	赣			3000		
缪		meu	mou2	赣			2400		
缪		miu	mou2	赣			2000		
缪		mu	mou2	赣			12000		
缫		sau	sao1	赣			7500		
缫		zau	sao1	赣			30000		
缬		ho	xie2	赣			12000		
缬		ye	xie2	赣			3000		
缭		lieu	liao2	赣			30000		
缮		dan	shan4	赣			7500		
缮		sen	shan4	赣			30000		
缯		ceng	zeng1	赣			2000		
缯		lin	zeng1	赣			12000		
缯		sen	zeng1	赣			3000		
缯		zen	zeng1	赣			2400		
缰		jiong	jiang1	赣			30000		
缱		qien	qian3	赣			30000		
缲		sau	qiao1	赣			7500		
缲		zau	qiao1	赣			30000		
缳		fon	huan2	赣			30000		
缳		qon	huan2	赣			7500		
缴		jieu	jiao3	赣			30000		
缵		ko	zuan3	赣			2000		
缵		lon	zuan3	赣			3000		
缵		pon	zuan3	赣			12000		
缵		toi	zuan3	赣			2400		
缶		bei	fou3	赣			12000		
缶		feu	fou3	赣			3000		
缸		gong	gang1	赣			30000		
缺		qyue	que1	赣			30000		
罂		jin	ying1	赣			7500		
罂		yin	ying1	赣			30000		
罄		jin	qing4	赣			2400		
罄		lin	qing4	赣			2000		
罄		ning	qing4	赣			3000		
罄		tiang	qing4	赣			12000		
罅		fu	xia4	赣			3000		
罅		ha	xia4	赣			12000		
罐		guon	guan4	赣			30000		
网		mong	wang3	赣			30000		
网		wong	wang3	赣			7500		
罔		mong	wang3	赣			30000		
罕		hon	han3	赣			30000		
罗		lo	luo2	赣			60000		
罘		feu	fu2	赣			30000		
罚		fa	fa2	赣			30000		
罟		ga	gu3	赣			2400		
罟		gu	gu3	赣			12000		
罟		ku	gu3	赣			3000		
罢		ba	ba4	赣			7500		
罢		pa	ba4	赣			30000		
罨		ngon	yan3	赣			7500		
罨		yen	yan3	赣			30000		
罩		zau	zhao4	赣			30000		
罪		jyu	zui4	赣			30000		
置		zi	zhi4	赣			30000		
罱		lan	lan3	赣			30000		
署		xyu	shu3	赣			30000		
罴		bai	pi2	赣			7500		
罴		bi	pi2	赣			30000		
罹		li	li2	赣			30000		
罽		bi	ji4	赣			5000		
罽		li	ji4	赣			30000		
罽		si	ji4	赣			6000		
罽		zi	ji4	赣			7500		
罾		zen	zeng1	赣			30000		
羁		ji	ji1	赣			30000		
羁		qi	ji1	赣			7500		
羊		yong	yang2	赣			30000		
羌		kuang	qiang1	赣			3000		
羌		kuong	qiang1	赣			12000		
美		mi	mei3	赣			36089		
羑		yiu	you3	赣			30000		
羔		gau	gao1	赣			30000		
羚		lang	ling2	赣			6000		
羚		liang	ling2	赣			7500		
羚		lien	ling2	赣			5000		
羚		lin	ling2	赣			30000		
羝		di	di1	赣			30000		
羞		xiu	xiu1	赣			30000		
羟		han	qiang3	赣			3000		
羟		peng	qiang3	赣			2000		
羟		yin	qiang3	赣			12000		
羟		zang	qiang3	赣			2400		
羡		xien	xian4	赣			30000		
群		qyun	qun2	赣			30000		
羯		gai	jie2	赣			30000		
羲		xi	xi1	赣			30000		
羸		li	lei2	赣			12000		
羹		gang	geng1	赣			30000		
羹		gien	geng1	赣			7500		
羼		can	chan4	赣			30000		
羽		yu	yu3	赣			30000		
羿		ji	yi4	赣			2000		
羿		li	yi4	赣			2400		
羿		ti	yi4	赣			12000		
羿		xi	yi4	赣			3000		
翁		weng	weng1	赣			30000		
翅		ci	chi4	赣			30000		
翊		ye	yi4	赣			30000		
翌		ye	yi4	赣			30000		
翎		lin	ling2	赣			30000		
翔		xiong	xiang2	赣			30000		
翕		ji	xi1	赣			30000		
翘		qieu	qiao4	赣			30000		
翙		fon	hui4	赣			30000		
翚		fi	hui1	赣			30000		
翟		ca	di2	赣			2000		
翟		di	di2	赣			12000		
翟		zai	di2	赣			3000		
翟		ze	di2	赣			2400		
翠		cei	cui4	赣			7500		
翠		qyu	cui4	赣			30000		
翡		fi	fei3	赣			30000		
翥		za	zhu4	赣			30000		
翦		jien	jian3	赣			12000		
翦		qien	jian3	赣			3000		
翩		pien	pian1	赣			30000		
翮		ho	he2	赣			30000		
翮		jieu	he2	赣			7500		
翯		ko	he4	赣			3000		
翯		pu	he4	赣			2400		
翯		yue	he4	赣			2000		
翯		zo	he4	赣			12000		
翰		hon	han4	赣			30000		
翳		ji	yi4	赣			2000		
翳		qi	yi4	赣			12000		
翳		ti	yi4	赣			3000		
翳		xi	yi4	赣			2400		
翻		fan	fan1	赣			30000		
翼		ye	yi4	赣			30000		
翼		yi	yi4	赣			7500		
耀		yeu	yao4	赣			30000		
老		lau	lao3	赣			33423		
考		kau	kao3	赣			30000		
耄		mau	mao4	赣			30000		
者		jia	zhe3	赣			30000		
者		ze	zhe3	赣			7500		
耆		qi	qi2	赣			30000		
耋		die	die2	赣			3000		
耋		tu	die2	赣			12000		
而		e	er2	赣			143233		
耍		sa	shua3	赣			30000		
耐		lai	nai4	赣			30000		
耒		dei	lei3	赣			2000		
耒		fi	lei3	赣			12000		
耒		mi	lei3	赣			2400		
耒		pi	lei3	赣			3000		
耔		zai	zi3	赣			12000		
耔		zu	zi3	赣			3000		
耕		gang	geng1	赣			7500		
耕		gien	geng1	赣			30000		
耖		cau	chao4	赣			30000		
耗		hau	hao4	赣			30000		
耘		yun	yun2	赣			30000		
耙		pa	ba4	赣			30000		
耜		si	si4	赣			30000		
耠		ho	huo1	赣			30000		
耦		ngeu	ou3	赣			12000		
耦		ngieu	ou3	赣			3000		
耧		leu	lou2	赣			30000		
耨		deu	nou4	赣			2400		
耨		gieu	nou4	赣			2000		
耨		heu	nou4	赣			12000		
耨		zeu	nou4	赣			3000		
耩		gong	jiang3	赣			30000		
耰		yiu	you1	赣			30000		
耳		e	er3	赣			30000		
耵		da	ding1	赣			12000		
耵		diang	ding1	赣			3000		
耵		din	ding1	赣			2400		
耶		xia	ye2	赣			30000		
耶		ye	ye2	赣			7500		
耷		da	da1	赣			2400		
耷		goi	da1	赣			3000		
耷		ko	da1	赣			2000		
耷		ta	da1	赣			12000		
耸		seng	song3	赣			30000		
耻		ci	chi3	赣			30000		
耽		dan	dan1	赣			30000		
耿		gien	geng3	赣			30000		
聂		nie	nie4	赣			30000		
聃		can	dan1	赣			2400		
聃		hon	dan1	赣			2000		
聃		san	dan1	赣			3000		
聃		tan	dan1	赣			12000		
聆		lang	ling2	赣			6000		
聆		liang	ling2	赣			7500		
聆		lien	ling2	赣			5000		
聆		lin	ling2	赣			30000		
聊		lieu	liao2	赣			30000		
聋		leng	long2	赣			30000		
职		zi	zhi2	赣			30000		
聍		ning	ning2	赣			30000		
聒		kuai	gua1	赣			30000		
聒		kue	gua1	赣			7500		
聒		si	gua1	赣			5000		
聒		woi	gua1	赣			6000		
联		lien	lian2	赣			30000		
聘		pin	pin4	赣			30000		
聚		jyu	ju4	赣			30000		
聩		bi	kui4	赣			2400		
聩		fai	kui4	赣			12000		
聩		kuai	kui4	赣			3000		
聩		pa	kui4	赣			2000		
聪		ceng	cong1	赣			30000		
聱		bau	ao2	赣			3000		
聱		cau	ao2	赣			2000		
聱		ngau	ao2	赣			2400		
聱		pau	ao2	赣			12000		
聿		lyu	yu4	赣			2000		
聿		qyu	yu4	赣			3000		
聿		xyu	yu4	赣			12000		
聿		zu	yu4	赣			2400		
肃		su	su4	赣			30000		
肃		xyu	su4	赣			7500		
肄		yi	yi4	赣			30000		
肆		su	si4	赣			30000		
肉		niu	rou4	赣			30000		
肋		lei	le1	赣			30000		
肋		li	le1	赣			7500		
肌		ji	ji1	赣			30000		
肓		fong	huang1	赣			30000		
肖		xieu	xiao4	赣			30000		
肘		zeu	zhou3	赣			30000		
肚		du	du4	赣			30000		
肛		gong	gang1	赣			30000		
肝		gon	gan1	赣			30000		
肠		qiong	chang2	赣			30000		
股		gu	gu3	赣			30000		
肢		zi	zhi1	赣			30000		
肤		fu	fu1	赣			30000		
肥		fi	fei2	赣			30000		
肩		jien	jian1	赣			30000		
肪		fong	fang2	赣			30000		
肫		xyun	zhun1	赣			30000		
肭		bo	na4	赣			2400		
肭		tu	na4	赣			3000		
肭		wai	na4	赣			12000		
肭		zu	na4	赣			2000		
肮		kang	ang1	赣			30000		
肯		kien	ken3	赣			30000		
肱		len	gong1	赣			3000		
肱		peng	gong1	赣			2400		
肱		sen	gong1	赣			2000		
肱		zen	gong1	赣			12000		
育		yiu	yu4	赣			30000		
育		yu	yu4	赣			30000		
肴		yeu	yao2	赣			30000		
肺		fi	fei4	赣			30000		
肾		sen	shen4	赣			30000		
肿		jiung	zhong3	赣			30000		
胀		jiong	zhang4	赣			30000		
胁		xie	xie2	赣			30000		
胂		bin	shen4	赣			2400		
胂		cen	shen4	赣			3000		
胂		sen	shen4	赣			12000		
胂		yin	shen4	赣			2000		
胃		wei	wei4	赣			30000		
胄		zeu	zhou4	赣			30000		
胆		dan	dan3	赣			30000		
背		bi	bei4	赣			30000		
胍		gu	gua1	赣			30000		
胍		ku	gua1	赣			7500		
胎		toi	tai1	赣			30000		
胖		pong	pang4	赣			30000		
胖		zong	pang4	赣			7500		
胗		jiang	zhen1	赣			3000		
胗		jin	zhen1	赣			2400		
胗		zen	zhen1	赣			12000		
胙		bu	zuo4	赣			2400		
胙		mu	zuo4	赣			3000		
胙		pu	zuo4	赣			2000		
胙		tu	zuo4	赣			12000		
胚		pi	pei1	赣			30000		
胛		ga	jia3	赣			30000		
胛		nga	jia3	赣			7500		
胜		sen	sheng4	赣			30000		
胝		jyu	zhi1	赣			12000		
胞		bau	bao1	赣			30000		
胡		fu	hu2	赣			30000		
胡		wu	hu2	赣			7500		
胤		yin	yin4	赣			30000		
胥		jyu	xu1	赣			12000		
胥		qyu	xu1	赣			2000		
胥		xyu	xu1	赣			3000		
胥		yu	xu1	赣			2400		
胧		leng	long2	赣			30000		
胪		lu	lu2	赣			30000		
胪		lyu	lu2	赣			7500		
胫		bin	jing4	赣			2400		
胫		ning	jing4	赣			2000		
胫		tiang	jing4	赣			12000		
胫		tin	jing4	赣			3000		
胭		yen	yan1	赣			30000		
胯		kua	kua4	赣			30000		
胰		yi	yi2	赣			30000		
胱		fong	guang1	赣			3000		
胱		kuong	guang1	赣			12000		
胱		wang	guang1	赣			2400		
胲		goi	hai3	赣			30000		
胳		go	ge1	赣			30000		
胴		teng	dong4	赣			30000		
胶		jieu	jiao1	赣			30000		
胸		xiung	xiong1	赣			30000		
胺		ngo	an4	赣			30000		
胼		jien	pian2	赣			2400		
胼		qien	pian2	赣			12000		
胼		tien	pian2	赣			2000		
胼		yen	pian2	赣			3000		
能		len	neng2	赣			93096		
脂		zi	zhi1	赣			30000		
脆		kui	cui4	赣			30000		
脉		mai	mai4	赣			7500		
脉		me	mai4	赣			30000		
脊		ji	ji2	赣			30000		
脍		fi	kuai4	赣			12000		
脍		kuai	kuai4	赣			3000		
脏		zong	zang4	赣			30000		
脐		qi	qi2	赣			30000		
脑		lau	nao3	赣			30000		
脓		leng	nong2	赣			30000		
脔		lien	luan2	赣			7500		
脔		lon	luan2	赣			30000		
脖		bien	bo2	赣			30000		
脖		bo	bo2	赣			7500		
脘		guon	wan3	赣			30000		
脚		jio	jiao3	赣			30000		
脞		mo	cuo3	赣			2000		
脞		po	cuo3	赣			2400		
脞		so	cuo3	赣			12000		
脞		to	cuo3	赣			3000		
脬		bau	pao1	赣			7500		
脬		pau	pao1	赣			30000		
脯		pu	pu2	赣			30000		
脱		to	tuo1	赣			90000		
脱		toi	tuo1	赣			30000		
脶		lo	luo2	赣			30000		
脶		wo	luo2	赣			7500		
脸		lien	lian3	赣			30000		
脾		pi	pi2	赣			30000		
腆		can	tian3	赣			30000		
腊		lai	la4	赣			30000		
腊		lak	la4	赣			7500		
腋		ye	ye4	赣			30000		
腌		yen	yan1	赣			30000		
腐		fu	fu3	赣			30000		
腑		fu	fu3	赣			30000		
腑		pu	fu3	赣			7500		
腒		gie	ju1	赣			2400		
腒		jyu	ju1	赣			12000		
腒		qia	ju1	赣			3000		
腓		fi	fei2	赣			30000		
腔		qiong	qiang1	赣			30000		
腕		wan	wan4	赣			30000		
腕		won	wan4	赣			30000		
腠		ceu	cou4	赣			30000		
腥		xin	xing1	赣			30000		
腧		xyu	shu4	赣			30000		
腩		cen	nan3	赣			2400		
腩		gong	nan3	赣			2000		
腩		hon	nan3	赣			12000		
腩		kan	nan3	赣			3000		
腭		ngo	e4	赣			30000		
腮		soi	sai1	赣			30000		
腰		yeu	yao1	赣			30000		
腱		ngien	jian4	赣			2000		
腱		qien	jian4	赣			3000		
腱		xon	jian4	赣			12000		
腱		ye	jian4	赣			2400		
腴		yeu	yu2	赣			7500		
腴		yu	yu2	赣			30000		
腹		fu	fu4	赣			30000		
腺		xien	xian4	赣			30000		
腻		ni	ni4	赣			30000		
腼		can	mian3	赣			30000		
腽		bo	wa4	赣			3000		
腽		tu	wa4	赣			12000		
腽		wai	wa4	赣			2000		
腽		zu	wa4	赣			2400		
腾		teng	teng2	赣			30000		
腿		toi	tui3	赣			30000		
膀		bong	bang3	赣			30000		
膂		lyu	lv3	赣			30000		
膈		ga	ge2	赣			12000		
膈		gie	ge2	赣			3000		
膊		bo	bo2	赣			30000		
膏		gau	gao1	赣			30000		
膑		min	bin4	赣			2400		
膑		qin	bin4	赣			12000		
膑		tiang	bin4	赣			2000		
膑		yin	bin4	赣			3000		
膘		bieu	biao1	赣			30000		
膙		kuong	jiang3	赣			12000		
膛		tong	tang2	赣			30000		
膜		mo	mo2	赣			30000		
膝		qi	xi1	赣			30000		
膦		lien	lin4	赣			30000		
膨		pang	peng2	赣			30000		
膨		peng	peng2	赣			7500		
膪		do	chuai4	赣			3000		
膪		gua	chuai4	赣			12000		
膪		kua	chuai4	赣			2000		
膪		mai	chuai4	赣			2400		
膳		sen	shan4	赣			30000		
膺		ngien	ying1	赣			12000		
膺		yin	ying1	赣			3000		
膻		sen	shan1	赣			7500		
膻		tan	shan1	赣			30000		
臀		ten	tun2	赣			30000		
臂		bi	bi4	赣			30000		
臆		yi	yi4	赣			30000		
臆		yong	yi4	赣			7500		
臊		sau	sao1	赣			30000		
臑		lo	nao4	赣			3000		
臑		lu	nao4	赣			12000		
臣		cen	chen2	赣			30000		
臧		yong	zang1	赣			12000		
臧		zong	zang1	赣			3000		
自		cu	zi4	赣			90933		
自		zi	zi4	赣			8288		
臬		jie	nie4	赣			12000		
臬		mie	nie4	赣			2000		
臬		qie	nie4	赣			3000		
臬		xie	nie4	赣			2400		
臭		ceu	chou4	赣			30000		
至		zi	zhi4	赣			43708		
致		ci	zhi4	赣			30000		
臻		zen	zhen1	赣			30000		
臼		jiu	jiu4	赣			30000		
臾		kui	yu2	赣			6000		
臾		yeu	yu2	赣			7500		
臾		yu	yu2	赣			30000		
舀		yeu	yao3	赣			30000		
舂		ceng	chong1	赣			6000		
舂		feng	chong1	赣			30000		
舂		jiung	chong1	赣			5000		
舂		seng	chong1	赣			7500		
舄		lai	xi4	赣			6000		
舄		sau	xi4	赣			7500		
舄		xi	xi4	赣			30000		
舅		qiu	jiu4	赣			60000		
舆		yu	yu2	赣			30000		
舌		se	she2	赣			30000		
舍		xia	she3	赣			30000		
舐		ci	shi4	赣			7500		
舐		ji	shi4	赣			6000		
舐		mi	shi4	赣			5000		
舐		qi	shi4	赣			30000		
舒		su	shu1	赣			30000		
舒		xyu	shu1	赣			30000		
舔		se	tian3	赣			7500		
舔		tien	tian3	赣			30000		
舛		qon	chuan3	赣			30000		
舜		xyun	shun4	赣			30000		
舞		wu	wu3	赣			30000		
舟		zeu	zhou1	赣			30000		
舣		ngin	yi3	赣			12000		
舣		ngo	yi3	赣			3000		
航		hong	hang2	赣			30000		
舫		fong	fang3	赣			7500		
舫		pong	fang3	赣			30000		
般		bon	ban1	赣			30311		
舰		jien	jian4	赣			30000		
舱		cong	cang1	赣			30000		
舳		ju	zhu2	赣			2400		
舳		jyu	zhu2	赣			12000		
舳		zeu	zhu2	赣			3000		
舴		di	ze2	赣			12000		
舴		zai	ze2	赣			3000		
舵		do	duo4	赣			30000		
舶		bo	bo2	赣			30000		
舷		xon	xian2	赣			30000		
舸		do	ge3	赣			3000		
舸		ho	ge3	赣			12000		
舸		kie	ge3	赣			2400		
舸		ko	ge3	赣			2000		
船		qon	chuan2	赣			30000		
船		xon	chuan2	赣			30000		
舻		lu	lu2	赣			30000		
艇		tin	ting3	赣			30000		
艋		mang	meng3	赣			30000		
艘		seu	sou1	赣			30000		
艚		cau	cao2	赣			30000		
艟		cong	chong1	赣			2400		
艟		deng	chong1	赣			3000		
艟		qiung	chong1	赣			12000		
艨		meng	meng2	赣			30000		
艮		hen	gen3	赣			12000		
良		liong	liang2	赣			30000		
艰		jien	jian1	赣			30000		
色		sai	se4	赣			7500		
色		se	se4	赣			30000		
艳		yen	yan4	赣			30000		
艴		bien	fu2	赣			2000		
艴		bo	fu2	赣			12000		
艴		fo	fu2	赣			3000		
艴		fu	fu2	赣			2400		
艺		ni	yi4	赣			30000		
艽		gau	jiao1	赣			12000		
艽		kau	jiao1	赣			2000		
艽		kui	jiao1	赣			2400		
艽		qiu	jiao1	赣			3000		
艾		ngoi	ai4	赣			30000		
艿		leng	nai3	赣			30000		
节		jie	jie2	赣			30000		
芄		won	wan2	赣			3000		
芄		yon	wan2	赣			12000		
芈		mi	mi3	赣			30000		
芊		jien	qian1	赣			3000		
芊		qien	qian1	赣			2000		
芊		tien	qian1	赣			12000		
芊		yen	qian1	赣			2400		
芋		yu	yu4	赣			30000		
芍		sau	shao2	赣			30000		
芎		kong	qiong1	赣			12000		
芏		tu	du4	赣			30000		
芑		qi	qi3	赣			30000		
芒		mong	mang2	赣			30000		
芗		xiong	xiang1	赣			30000		
芙		fu	fu2	赣			30000		
芜		wu	wu2	赣			30000		
芝		zi	zhi1	赣			30000		
芟		coi	shan1	赣			12000		
芟		sen	shan1	赣			3000		
芡		jien	qian4	赣			30000		
芥		jie	jie4	赣			30000		
芦		lu	lu2	赣			30000		
芨		gie	ji1	赣			7500		
芨		ji	ji1	赣			30000		
芩		lin	qin2	赣			7500		
芩		qien	qin2	赣			6000		
芩		qin	qin2	赣			30000		
芪		jia	qi2	赣			7500		
芪		qi	qi2	赣			30000		
芪		si	qi2	赣			5000		
芪		zi	qi2	赣			6000		
芫		nyuon	yan2	赣			7500		
芫		yon	yan2	赣			30000		
芬		fen	fen1	赣			30000		
芭		ba	ba1	赣			30000		
芮		la	rui4	赣			30000		
芯		xin	xin1	赣			30000		
芰		qi	ji4	赣			30000		
花		fa	hua1	赣			30000		
芳		fong	fang1	赣			30000		
芴		wu	wu4	赣			30000		
芷		zi	zhi3	赣			30000		
芸		yon	yun2	赣			7500		
芸		yun	yun2	赣			30000		
芹		jin	qin2	赣			30000		
芼		mau	mao4	赣			30000		
芽		nga	ya2	赣			30000		
芾		bei	fei4	赣			2000		
芾		bi	fei4	赣			2400		
芾		fi	fei4	赣			12000		
芾		pi	fei4	赣			3000		
苁		kong	cong1	赣			2000		
苁		leng	cong1	赣			3000		
苁		meng	cong1	赣			2400		
苁		teng	cong1	赣			12000		
苇		wei	wei3	赣			30000		
苈		li	li4	赣			30000		
苈		lieu	li4	赣			7500		
苋		fon	xian4	赣			12000		
苌		qiung	chang2	赣			30000		
苍		cong	cang1	赣			30000		
苎		ning	zhu4	赣			30000		
苏		su	su1	赣			30000		
苑		wan	yuan4	赣			30000		
苒		len	ran3	赣			30000		
苓		lang	ling2	赣			6000		
苓		liang	ling2	赣			7500		
苓		lien	ling2	赣			5000		
苓		lin	ling2	赣			30000		
苔		toi	tai2	赣			30000		
苕		dieu	shao2	赣			7500		
苕		tieu	shao2	赣			30000		
苗		mieu	miao2	赣			30000		
苘		bin	qing3	赣			2400		
苘		qin	qing3	赣			3000		
苘		tiang	qing3	赣			2000		
苘		tin	qing3	赣			12000		
苛		ko	ke1	赣			30000		
苜		mu	mu4	赣			30000		
苞		bau	bao1	赣			30000		
苟		gieu	gou3	赣			30000		
苡		yi	yi3	赣			30000		
苣		jyu	ju4	赣			30000		
若		lo	ruo4	赣			30000		
苦		fu	ku3	赣			7500		
苦		ku	ku3	赣			30000		
苫		lo	shan1	赣			30000		
苯		ben	ben3	赣			30000		
英		yin	ying1	赣			30000		
苴		jyu	ju1	赣			12000		
苴		qi	ju1	赣			2400		
苴		xyu	ju1	赣			3000		
苴		yu	ju1	赣			2000		
苷		gon	gan1	赣			3000		
苷		gong	gan1	赣			12000		
苹		pin	ping2	赣			30000		
苻		fu	fu2	赣			30000		
苻		yon	fu2	赣			7500		
茀		fi	fu2	赣			12000		
茀		fo	fu2	赣			3000		
茀		fu	fu2	赣			2400		
茁		jo	zhuo2	赣			30000		
茂		mau	mao4	赣			30000		
茂		meu	mao4	赣			30000		
范		fan	fan4	赣			30000		
茄		qie	jia1	赣			30000		
茄		qyue	jia1	赣			30000		
茅		mau	mao2	赣			30000		
茆		cau	mao2	赣			12000		
茆		liu	mao2	赣			3000		
茆		qieu	mao2	赣			2400		
茆		za	mao2	赣			2000		
茈		li	ci2	赣			30000		
茈		qi	ci2	赣			7500		
茈		si	ci2	赣			5000		
茈		zi	ci2	赣			6000		
茉		mo	mo4	赣			30000		
茎		jin	jing1	赣			30000		
茏		leng	long2	赣			30000		
茏		liung	long2	赣			7500		
茑		dieu	niao3	赣			30000		
茔		yin	ying2	赣			30000		
茕		qiung	qiong2	赣			30000		
茗		bin	ming2	赣			3000		
茗		lang	ming2	赣			2000		
茗		tiang	ming2	赣			2400		
茗		tin	ming2	赣			12000		
茛		hen	gen4	赣			12000		
茜		jien	qian4	赣			3000		
茜		lien	qian4	赣			2000		
茜		tien	qian4	赣			12000		
茜		yen	qian4	赣			2400		
茝		coi	chai3	赣			7500		
茝		hoi	chai3	赣			6000		
茝		toi	chai3	赣			5000		
茝		zi	chai3	赣			30000		
茧		jien	jian3	赣			30000		
茨		cu	ci2	赣			12000		
茨		ji	ci2	赣			3000		
茫		mong	mang2	赣			30000		
茬		ca	cha2	赣			30000		
茭		gau	jiao1	赣			12000		
茭		jieu	jiao1	赣			2000		
茭		ngau	jiao1	赣			2400		
茯		fu	fu2	赣			30000		
茱		xyu	zhu1	赣			30000		
茳		gong	jiang1	赣			30000		
茴		fi	hui2	赣			30000		
茵		yin	yin1	赣			30000		
茶		ca	cha2	赣			30000		
茸		leng	rong1	赣			30000		
茹		jyu	ru2	赣			3000		
茹		lu	ru2	赣			2400		
茹		xyu	ru2	赣			12000		
茹		yu	ru2	赣			2000		
荀		xyun	xun2	赣			30000		
荃		qon	quan2	赣			3000		
荃		son	quan2	赣			12000		
荆		jin	jing1	赣			30000		
荇		xin	xing4	赣			30000		
草		cau	cao3	赣			30000		
荏		lin	ren3	赣			3000		
荏		pin	ren3	赣			2400		
荏		qin	ren3	赣			2000		
荏		sen	ren3	赣			12000		
荐		jien	jian4	赣			30000		
荑		ti	ti2	赣			12000		
荑		xien	ti2	赣			2400		
荑		yi	ti2	赣			3000		
荑		ze	ti2	赣			2000		
荒		fong	huang1	赣			30000		
荔		li	li4	赣			30000		
荙		tai	da2	赣			30000		
荚		ga	jia2	赣			30000		
荛		leu	rao2	赣			30000		
荜		bi	bi4	赣			30000		
荜		mi	bi4	赣			7500		
荞		qieu	qiao2	赣			30000		
荟		ngoi	hui4	赣			7500		
荟		zen	hui4	赣			30000		
荠		ji	ji4	赣			30000		
荡		dong	dang4	赣			30000		
荣		leng	rong2	赣			30000		
荤		fen	hun1	赣			30000		
荥		yin	xing2	赣			30000		
荦		pau	luo4	赣			2000		
荦		pu	luo4	赣			2400		
荦		yue	luo4	赣			3000		
荦		zo	luo4	赣			12000		
荧		yin	ying2	赣			30000		
荨		tan	xun2	赣			30000		
荩		jin	jin4	赣			3000		
荩		xin	jin4	赣			2400		
荩		yin	jin4	赣			2000		
荩		zen	jin4	赣			12000		
荪		sen	sun1	赣			30000		
荫		yin	yin1	赣			30000		
荬		mai	mai3	赣			30000		
荭		fen	hong2	赣			7500		
荭		feng	hong2	赣			30000		
药		yo	yao4	赣			30000		
荷		ho	he2	赣			30000		
荸		bo	bi2	赣			30000		
荻		di	di2	赣			12000		
荻		lu	di2	赣			3000		
荻		ti	di2	赣			2400		
荻		yiu	di2	赣			2000		
荼		ca	tu2	赣			5000		
荼		du	tu2	赣			7500		
荼		tu	tu2	赣			30000		
荼		xia	tu2	赣			6000		
荽		xyu	sui1	赣			30000		
莅		li	li4	赣			30000		
莆		fu	pu2	赣			30000		
莆		pu	pu2	赣			7500		
莉		li	li4	赣			30000		
莎		so	sha1	赣			30000		
莒		jyu	ju3	赣			12000		
莓		fu	mei2	赣			3000		
莓		mi	mei2	赣			12000		
莓		seu	mei2	赣			2400		
莓		yiu	mei2	赣			2000		
莘		lien	shen1	赣			12000		
莘		zen	shen1	赣			3000		
莙		jin	jun1	赣			12000		
莙		jiung	jun1	赣			2000		
莙		jyun	jun1	赣			3000		
莛		tiang	ting2	赣			7500		
莛		tin	ting2	赣			30000		
莜		die	you2	赣			12000		
莜		dieu	you2	赣			3000		
莝		co	cuo4	赣			30000		
莞		guon	guan3	赣			12000		
莞		won	guan3	赣			2400		
莞		yon	guan3	赣			3000		
莠		yiu	you3	赣			30000		
莨		long	lang4	赣			30000		
莩		bieu	fu2	赣			6000		
莩		fu	fu2	赣			30000		
莩		pu	fu2	赣			7500		
莪		ngo	e2	赣			30000		
莫		mo	mo4	赣			30000		
莱		lai	lai2	赣			7500		
莱		loi	lai2	赣			30000		
莲		lien	lian2	赣			30000		
莳		si	shi2	赣			30000		
莶		jien	xian1	赣			7500		
莶		lien	xian1	赣			30000		
获		fo	huo4	赣			30000		
莸		yeu	you2	赣			7500		
莸		yiu	you2	赣			30000		
莹		yin	ying2	赣			30000		
莺		yin	ying1	赣			30000		
莼		qyun	chun2	赣			30000		
莽		mang	mang3	赣			30000		
菀		wan	wan3	赣			12000		
菀		wei	wan3	赣			3000		
菀		yu	wan3	赣			2400		
菁		jiang	jing1	赣			30000		
菁		jin	jing1	赣			7500		
菁		qin	jing1	赣			5000		
菁		si	jing1	赣			6000		
菅		kan	jian1	赣			30000		
菇		gu	gu1	赣			30000		
菊		jiu	ju2	赣			30000		
菌		jyun	jun1	赣			30000		
菏		ho	he2	赣			30000		
菏		ko	he2	赣			7500		
菔		bu	fu2	赣			6000		
菔		fu	fu2	赣			30000		
菔		pu	fu2	赣			7500		
菖		qiung	chang1	赣			30000		
菘		jiung	song1	赣			12000		
菘		leng	song1	赣			2400		
菘		qiun	song1	赣			2000		
菘		qiung	song1	赣			3000		
菜		coi	cai4	赣			30000		
菝		pai	ba2	赣			30000		
菟		du	tu2	赣			7500		
菟		tu	tu2	赣			30000		
菠		bo	bo1	赣			30000		
菡		hon	han4	赣			30000		
菥		su	xi1	赣			7500		
菥		xi	xi1	赣			30000		
菩		pu	pu2	赣			30000		
菰		gu	gu1	赣			30000		
菰		ku	gu1	赣			7500		
菱		lin	ling2	赣			30000		
菲		fi	fei1	赣			30000		
菹		jyu	ju1	赣			30000		
菼		tan	tan3	赣			30000		
菽		teu	shu1	赣			3000		
菽		xyu	shu1	赣			12000		
萁		ji	qi2	赣			7500		
萁		jyu	qi2	赣			6000		
萁		qi	qi2	赣			30000		
萃		cei	cui4	赣			30000		
萄		tau	tao2	赣			30000		
萋		qi	qi1	赣			30000		
萌		men	meng2	赣			30000		
萍		pin	ping2	赣			30000		
萎		wei	wei1	赣			30000		
萏		tan	dan4	赣			30000		
萑		jyu	huan2	赣			30000		
萝		lo	luo2	赣			30000		
萤		yin	ying2	赣			30000		
营		yin	ying2	赣			30000		
萦		yang	ying2	赣			30000		
萧		xieu	xiao1	赣			30000		
萨		sa	sa4	赣			7500		
萨		sai	sa4	赣			30000		
萩		qiu	qiu1	赣			30000		
萱		xon	xuan1	赣			30000		
萸		yeu	yu2	赣			7500		
萸		yu	yu2	赣			30000		
萼		ngo	e4	赣			30000		
落		lai	luo4	赣			30000		
落		lo	luo4	赣			60000		
葆		bau	bao3	赣			30000		
葑		feng	feng1	赣			30000		
葓		fen	hong2	赣			7500		
葓		feng	hong2	赣			30000		
葖		tu	tu1	赣			30000		
著		jyu	zhu4	赣			30000		
葚		lin	ren4	赣			3000		
葚		pin	ren4	赣			2400		
葚		qin	ren4	赣			2000		
葚		sen	ren4	赣			12000		
葛		gie	ge2	赣			30000		
葛		go	ge2	赣			7500		
葡		pu	pu2	赣			30000		
董		deng	dong3	赣			30000		
葩		ba	pa1	赣			30000		
葫		fu	hu2	赣			30000		
葬		zong	zang4	赣			30000		
葭		ga	jia1	赣			30000		
葭		qyue	jia1	赣			6000		
葱		ceng	cong1	赣			30000		
葳		wei	wei1	赣			30000		
葵		kui	kui2	赣			30000		
葶		da	ting2	赣			7500		
葶		diang	ting2	赣			6000		
葶		din	ting2	赣			5000		
葶		tin	ting2	赣			30000		
葸		li	xi3	赣			7500		
葸		si	xi3	赣			30000		
葸		yi	xi3	赣			5000		
葸		zi	xi3	赣			6000		
葺		ji	qi4	赣			30000		
葺		si	qi4	赣			7500		
葺		xi	qi4	赣			6000		
葺		zi	qi4	赣			5000		
蒂		di	di4	赣			30000		
蒇		jien	chan3	赣			2400		
蒇		mien	chan3	赣			3000		
蒇		qien	chan3	赣			12000		
蒇		zan	chan3	赣			2000		
蒉		kai	kui4	赣			7500		
蒉		kui	kui4	赣			30000		
蒋		jiong	jiang3	赣			30000		
蒌		leu	lou2	赣			30000		
蒌		lyu	lou2	赣			7500		
蒗		long	lang4	赣			30000		
蒙		meng	meng2	赣			30000		
蒜		con	suan4	赣			30000		
蒟		jyu	ju3	赣			30000		
蒡		bong	bang4	赣			3000		
蒡		pang	bang4	赣			12000		
蒡		peng	bang4	赣			2400		
蒡		pong	bang4	赣			2000		
蒯		kai	kuai3	赣			12000		
蒲		pu	pu2	赣			30000		
蒴		seu	shuo4	赣			12000		
蒴		su	shuo4	赣			3000		
蒸		zen	zheng1	赣			30000		
蒹		jien	jian1	赣			30000		
蒺		ji	ji2	赣			30000		
蒿		hau	hao1	赣			30000		
蓁		zen	zhen1	赣			30000		
蓂		mi	ming2	赣			2400		
蓂		miang	ming2	赣			3000		
蓂		min	ming2	赣			12000		
蓄		xyu	xu4	赣			30000		
蓇		gui	gu3	赣			3000		
蓇		wai	gu3	赣			12000		
蓉		leng	rong2	赣			30000		
蓊		leng	weng3	赣			3000		
蓊		meng	weng3	赣			2400		
蓊		teng	weng3	赣			12000		
蓊		weng	weng3	赣			2000		
蓍		si	shi1	赣			30000		
蓐		lu	ru4	赣			30000		
蓑		cei	suo1	赣			2400		
蓑		fi	suo1	赣			12000		
蓑		mi	suo1	赣			3000		
蓑		so	suo1	赣			2000		
蓓		pi	bei4	赣			12000		
蓓		pu	bei4	赣			3000		
蓖		pi	bi4	赣			30000		
蓝		lan	lan2	赣			7500		
蓝		lang	lan2	赣			30000		
蓟		ji	ji4	赣			3000		
蓟		xi	ji4	赣			12000		
蓠		li	li2	赣			30000		
蓣		yu	yu4	赣			30000		
蓥		yin	ying2	赣			30000		
蓦		me	mo4	赣			30000		
蓬		peng	peng2	赣			30000		
蓼		lieu	liao3	赣			30000		
蓼		liu	liao3	赣			7500		
蓼		lu	liao3	赣			6000		
蓿		su	xu5	赣			30000		
蔌		seu	su4	赣			7500		
蔌		su	su4	赣			30000		
蔑		mie	mie4	赣			30000		
蔓		man	man4	赣			30000		
蔗		za	zhe4	赣			30000		
蔚		wei	wei4	赣			30000		
蔟		ceu	cu4	赣			12000		
蔟		cu	cu4	赣			3000		
蔡		goi	cai4	赣			2000		
蔡		lai	cai4	赣			3000		
蔡		pi	cai4	赣			2400		
蔡		toi	cai4	赣			12000		
蔫		ye	nian1	赣			30000		
蔫		yen	nian1	赣			7500		
蔬		su	shu1	赣			30000		
蔷		qiung	qiang2	赣			30000		
蔷		se	qiang2	赣			7500		
蔹		jien	lian3	赣			6000		
蔹		lien	lian3	赣			30000		
蔹		nien	lian3	赣			5000		
蔹		yen	lian3	赣			7500		
蔺		li	lin4	赣			12000		
蔺		lin	lin4	赣			3000		
蔻		heu	kou4	赣			30000		
蔼		ngoi	ai3	赣			30000		
蔽		bi	bi4	赣			30000		
蕃		fan	fan1	赣			30000		
蕃		nyuon	fan1	赣			6000		
蕃		xon	fan1	赣			5000		
蕃		yon	fan1	赣			7500		
蕈		lin	xun4	赣			3000		
蕈		pin	xun4	赣			2400		
蕈		qin	xun4	赣			2000		
蕈		sen	xun4	赣			12000		
蕉		jieu	jiao1	赣			30000		
蕊		lei	rui3	赣			30000		
蕖		gie	qu2	赣			30000		
蕙		fi	hui4	赣			30000		
蕞		dei	zui4	赣			3000		
蕞		fi	zui4	赣			12000		
蕞		kuai	zui4	赣			2400		
蕞		ngoi	zui4	赣			2000		
蕤		gui	rui2	赣			2000		
蕤		jyu	rui2	赣			2400		
蕤		wei	rui2	赣			12000		
蕤		xyu	rui2	赣			3000		
蕨		gai	jue2	赣			12000		
蕰		wen	wen1	赣			7500		
蕰		yon	wen1	赣			6000		
蕰		yun	wen1	赣			30000		
蕲		ji	qi2	赣			12000		
蕲		jin	qi2	赣			2000		
蕲		qi	qi2	赣			3000		
蕲		qin	qi2	赣			2400		
蕴		yun	yun4	赣			30000		
蕹		weng	weng4	赣			60000		
蕺		ji	ji2	赣			30000		
蕺		si	ji2	赣			7500		
蕺		xi	ji2	赣			6000		
蕺		zi	ji2	赣			5000		
蕻		feng	hong2	赣			30000		
蕻		gong	hong2	赣			7500		
蕾		lei	lei3	赣			30000		
薄		po	bao2	赣			30000		
薅		hau	hao1	赣			3000		
薅		leu	hao1	赣			12000		
薇		wei	wei1	赣			30000		
薏		yi	yi4	赣			30000		
薏		yong	yi4	赣			7500		
薛		xyue	xue1	赣			30000		
薜		ji	bi4	赣			2000		
薜		li	bi4	赣			2400		
薜		ti	bi4	赣			12000		
薜		xi	bi4	赣			3000		
薤		gai	xie4	赣			30000		
薨		len	hong1	赣			3000		
薨		peng	hong1	赣			2400		
薨		sen	hong1	赣			2000		
薨		zen	hong1	赣			12000		
薪		xin	xin1	赣			30000		
薮		cau	sou3	赣			30000		
薯		xyu	shu3	赣			30000		
薰		fen	xun1	赣			2400		
薰		xun	xun1	赣			12000		
薰		xyun	xun1	赣			3000		
藁		bau	gao3	赣			3000		
藁		lau	gao3	赣			2400		
藁		tau	gao3	赣			2000		
藁		zau	gao3	赣			12000		
藉		ji	ji2	赣			30000		
藉		jia	ji2	赣			7500		
藉		lie	ji2	赣			6000		
藏		cong	cang2	赣			30000		
藐		mieu	miao3	赣			30000		
藓		xien	xian3	赣			3000		
藓		xon	xian3	赣			12000		
藕		ngieu	ou3	赣			30000		
藜		li	li2	赣			30000		
藤		ten	teng2	赣			30000		
藩		fan	fan1	赣			30000		
藩		nyuon	fan1	赣			6000		
藩		xon	fan1	赣			5000		
藩		yon	fan1	赣			7500		
藻		zau	zao3	赣			30000		
藿		fo	huo4	赣			30000		
蘅		hang	heng2	赣			12000		
蘅		heng	heng2	赣			3000		
蘑		mo	mo2	赣			30000		
蘖		ho	nie4	赣			12000		
蘖		lai	nie4	赣			3000		
蘖		nie	nie4	赣			2000		
蘖		tai	nie4	赣			2400		
蘘		long	rang2	赣			30000		
蘘		niong	rang2	赣			7500		
蘘		xiung	rang2	赣			6000		
蘧		gie	qu2	赣			12000		
蘧		jyu	qu2	赣			3000		
蘩		fan	fan2	赣			30000		
蘸		den	zhan4	赣			7500		
蘸		zen	zhan4	赣			30000		
蘼		mi	mi2	赣			30000		
虎		fu	hu3	赣			30000		
虏		lu	lu3	赣			30000		
虐		nyue	nve4	赣			30000		
虑		lyu	lv4	赣			30000		
虔		jien	qian2	赣			2400		
虔		kon	qian2	赣			3000		
虔		qien	qian2	赣			12000		
虚		xyu	xu1	赣			30000		
虞		yu	yu2	赣			30000		
虢		fu	guo2	赣			30000		
虫		qiung	chong2	赣			30000		
虬		bieu	qiu2	赣			3000		
虬		yiu	qiu2	赣			12000		
虮		ji	ji3	赣			30000		
虮		qi	ji3	赣			7500		
虱		se	shi1	赣			30000		
虹		feng	hong2	赣			30000		
虺		fai	hui1	赣			12000		
虺		fi	hui1	赣			3000		
虺		kuai	hui1	赣			2000		
虺		qiung	hui1	赣			2400		
虽		xyu	sui1	赣			30000		
虾		ha	xia1	赣			30000		
虿		ho	chai4	赣			3000		
虿		pai	chai4	赣			12000		
虿		zai	chai4	赣			2400		
蚀		si	shi2	赣			30000		
蚁		ni	yi3	赣			30000		
蚁		nin	yi3	赣			30000		
蚂		ma	ma3	赣			7500		
蚂		man	ma3	赣			30000		
蚊		wen	wen2	赣			30000		
蚌		bang	bang4	赣			30000		
蚍		bi	pi2	赣			30000		
蚓		yin	yin3	赣			30000		
蚕		can	can2	赣			30000		
蚜		nga	ya2	赣			30000		
蚝		si	hao2	赣			7500		
蚝		su	hao2	赣			5000		
蚝		yi	hao2	赣			6000		
蚝		zi	hao2	赣			30000		
蚣		gung	gong1	赣			30000		
蚤		zau	zao3	赣			30000		
蚨		fu	fu2	赣			30000		
蚨		yon	fu2	赣			7500		
蚩		ci	chi1	赣			30000		
蚪		deu	dou3	赣			30000		
蚬		bien	xian3	赣			12000		
蚬		dien	xian3	赣			2000		
蚬		qien	xian3	赣			2400		
蚬		xien	xian3	赣			3000		
蚯		qiu	qiu1	赣			30000		
蚰		yeu	you2	赣			7500		
蚰		yiu	you2	赣			30000		
蚱		zai	zha4	赣			30000		
蚴		jiu	you4	赣			12000		
蚶		hon	han1	赣			30000		
蚺		lien	ran2	赣			3000		
蚺		qien	ran2	赣			2000		
蚺		yen	ran2	赣			2400		
蚺		zen	ran2	赣			12000		
蛀		jyu	zhu4	赣			30000		
蛄		gu	gu1	赣			30000		
蛄		ku	gu1	赣			7500		
蛆		qi	qu1	赣			30000		
蛆		qyu	qu1	赣			7500		
蛇		xia	she2	赣			30000		
蛉		lin	ling2	赣			30000		
蛊		ga	gu3	赣			2400		
蛊		gu	gu3	赣			12000		
蛊		ku	gu3	赣			3000		
蛋		tan	dan4	赣			30000		
蛎		li	li4	赣			30000		
蛏		zeng	cheng1	赣			30000		
蛑		mau	mou2	赣			12000		
蛑		meu	mou2	赣			3000		
蛔		fi	hui2	赣			30000		
蛘		mi	yang2	赣			7500		
蛘		xiung	yang2	赣			6000		
蛘		yong	yang2	赣			30000		
蛙		wa	wa1	赣			30000		
蛛		jyu	zhu1	赣			30000		
蛞		koi	kuo4	赣			7500		
蛞		si	kuo4	赣			30000		
蛟		gau	jiao1	赣			12000		
蛟		jieu	jiao1	赣			2000		
蛟		ngau	jiao1	赣			2400		
蛤		ha	ha2	赣			30000		
蛩		ceng	qiong2	赣			6000		
蛩		feng	qiong2	赣			30000		
蛩		jiung	qiong2	赣			5000		
蛩		seng	qiong2	赣			7500		
蛭		ci	zhi4	赣			7500		
蛭		jo	zhi4	赣			6000		
蛭		zi	zhi4	赣			30000		
蛮		man	man2	赣			30000		
蛰		ji	zhe2	赣			30000		
蛰		si	zhe2	赣			7500		
蛰		xi	zhe2	赣			6000		
蛰		zi	zhe2	赣			5000		
蛱		ga	jia2	赣			30000		
蛲		leu	nao2	赣			7500		
蛲		yeu	nao2	赣			30000		
蛳		sai	si1	赣			7500		
蛳		si	si1	赣			30000		
蛳		su	si1	赣			30000		
蛴		qi	qi2	赣			30000		
蛸		seu	shao1	赣			3000		
蛸		xieu	shao1	赣			12000		
蛸		xio	shao1	赣			2400		
蛹		yiung	yong3	赣			30000		
蛾		ngo	e2	赣			30000		
蜀		xyu	shu3	赣			30000		
蜂		feng	feng1	赣			30000		
蜃		sen	shen4	赣			30000		
蜇		ze	zhe1	赣			30000		
蜈		wu	wu2	赣			30000		
蜉		feu	fu2	赣			30000		
蜊		li	li2	赣			30000		
蜍		jyu	chu2	赣			3000		
蜍		qyu	chu2	赣			2000		
蜍		xyu	chu2	赣			2400		
蜍		yu	chu2	赣			30000		
蜎		qon	yuan1	赣			3000		
蜎		ye	yuan1	赣			2400		
蜎		yen	yuan1	赣			2000		
蜎		yon	yuan1	赣			12000		
蜒		yen	yan2	赣			30000		
蜓		tin	ting2	赣			30000		
蜕		tei	tui4	赣			30000		
蜗		wo	wo1	赣			30000		
蜘		zi	zhi1	赣			30000		
蜚		fi	fei1	赣			30000		
蜜		mi	mi4	赣			30000		
蜡		la	la4	赣			30000		
蜡		lai	la4	赣			7500		
蜢		mang	meng3	赣			30000		
蜣		kuang	qiang1	赣			3000		
蜣		kuong	qiang1	赣			12000		
蜥		xi	xi1	赣			30000		
蜩		dieu	tiao2	赣			7500		
蜩		tieu	tiao2	赣			30000		
蜮		fo	yu4	赣			30000		
蜮		yu	yu4	赣			7500		
蜱		mieu	pi2	赣			12000		
蜱		pa	pi2	赣			2400		
蜱		pi	pi2	赣			3000		
蜴		xia	yi4	赣			2400		
蜴		ya	yi4	赣			2000		
蜴		ye	yi4	赣			3000		
蜴		yi	yi4	赣			12000		
蜷		jon	quan2	赣			12000		
蜷		qon	quan2	赣			3000		
蜻		qin	qing1	赣			30000		
蜾		fa	guo3	赣			7500		
蜾		guo	guo3	赣			30000		
蜿		wan	wan1	赣			30000		
蜿		yon	wan1	赣			7500		
蝇		yin	ying2	赣			30000		
蝈		ga	guo1	赣			12000		
蝈		gie	guo1	赣			3000		
蝉		can	chan2	赣			30000		
蝌		ko	ke1	赣			30000		
蝎		xie	xie1	赣			30000		
蝓		yeu	yu2	赣			7500		
蝓		yu	yu2	赣			30000		
蝗		fong	huang2	赣			30000		
蝙		bien	bian1	赣			30000		
蝠		fu	fu2	赣			30000		
蝣		yeu	you2	赣			7500		
蝣		yiu	you2	赣			30000		
蝤		ceu	qiu2	赣			3000		
蝤		liu	qiu2	赣			2000		
蝤		qiu	qiu2	赣			2400		
蝤		yiu	qiu2	赣			12000		
蝥		mau	mao2	赣			6000		
蝥		meu	mao2	赣			5000		
蝥		mieu	mao2	赣			7500		
蝥		wu	mao2	赣			30000		
蝮		fu	fu4	赣			30000		
蝰		xi	kui2	赣			12000		
蝴		fu	hu2	赣			30000		
蝶		die	die2	赣			7500		
蝶		tie	die2	赣			30000		
蝼		leu	lou2	赣			30000		
蝾		leng	rong2	赣			12000		
蝾		yin	rong2	赣			3000		
螃		pong	pang2	赣			30000		
螋		fu	sou1	赣			12000		
螋		jyu	sou1	赣			2400		
螋		qyu	sou1	赣			2000		
螋		yu	sou1	赣			3000		
融		yiung	rong2	赣			30000		
螗		tong	tang2	赣			30000		
螟		min	ming2	赣			30000		
螠		qi	yi4	赣			30000		
螣		jon	te4	赣			2000		
螣		sen	te4	赣			12000		
螣		ten	te4	赣			2400		
螣		teng	te4	赣			3000		
螫		si	shi4	赣			30000		
螬		cau	cao2	赣			30000		
螭		li	chi1	赣			3000		
螭		sai	chi1	赣			12000		
螯		ngau	ao2	赣			30000		
螳		tong	tang2	赣			30000		
螵		pieu	piao1	赣			30000		
螺		lo	luo2	赣			30000		
螽		jiung	zhong1	赣			3000		
螽		qiun	zhong1	赣			12000		
蟀		soi	shuai4	赣			30000		
蟆		ma	ma2	赣			30000		
蟊		mau	mao2	赣			12000		
蟊		meu	mao2	赣			3000		
蟋		soi	xi1	赣			30000		
蟒		mang	mang3	赣			30000		
蟠		bon	pan2	赣			6000		
蟠		fan	pan2	赣			30000		
蟠		pon	pan2	赣			7500		
蟥		fong	huang2	赣			30000		
蟥		wong	huang2	赣			7500		
蟪		fi	hui4	赣			30000		
蟹		hai	xie4	赣			7500		
蟹		ngai	xie4	赣			30000		
蟾		lien	chan2	赣			3000		
蟾		qien	chan2	赣			2000		
蟾		yen	chan2	赣			2400		
蟾		zen	chan2	赣			12000		
蠃		lo	luo3	赣			30000		
蠃		lon	luo3	赣			7500		
蠊		lien	lian2	赣			30000		
蠋		lu	zhu2	赣			2000		
蠋		xu	zhu2	赣			12000		
蠋		xyu	zhu2	赣			3000		
蠋		yu	zhu2	赣			2400		
蠓		meng	meng3	赣			30000		
蠕		lu	ru2	赣			30000		
蠖		ngo	huo4	赣			12000		
蠡		li	li2	赣			30000		
蠡		lo	li2	赣			7500		
蠢		qyun	chun3	赣			30000		
蠲		jon	juan1	赣			30000		
蠹		du	du4	赣			30000		
血		xie	xue4	赣			30000		
血		xyue	xue4	赣			30000		
衄		fu	nv4	赣			12000		
衄		jyu	nv4	赣			3000		
衄		mu	nv4	赣			2000		
衄		xyu	nv4	赣			2400		
衅		xin	xin4	赣			30000		
行		hang	xing2	赣			30000		
行		hong	xing2	赣			7500		
行		xin	xing2	赣			54355		
衍		yen	yan3	赣			30000		
衔		xien	xian2	赣			30000		
街		gai	jie1	赣			30000		
衙		nga	ya2	赣			30000		
衡		hen	heng2	赣			30000		
衢		jyu	qu2	赣			30000		
衣		yi	yi1	赣			30000		
补		bu	bu3	赣			30000		
表		bieu	biao3	赣			32777		
衩		ca	cha3	赣			30000		
衫		sen	shan1	赣			30000		
衬		cen	chen4	赣			30000		
衮		ben	gun3	赣			12000		
衮		den	gun3	赣			3000		
衮		fen	gun3	赣			2400		
衮		ti	gun3	赣			2000		
衰		soi	shuai1	赣			30000		
衲		la	na4	赣			30000		
衷		jiung	zhong1	赣			30000		
衽		len	ren4	赣			30000		
衾		qin	qin1	赣			30000		
衿		jin	jin1	赣			30000		
袁		yon	yuan2	赣			30000		
袂		bi	mei4	赣			5000		
袂		li	mei4	赣			30000		
袂		si	mei4	赣			6000		
袂		zi	mei4	赣			7500		
袄		ngau	ao3	赣			30000		
袅		die	niao3	赣			2400		
袅		lieu	niao3	赣			12000		
袅		tieu	niao3	赣			3000		
袅		xieu	niao3	赣			2000		
袆		fi	hui1	赣			30000		
袈		ga	jia1	赣			30000		
袈		qyue	jia1	赣			6000		
袋		toi	dai4	赣			30000		
袍		pau	pao2	赣			30000		
袒		tan	tan3	赣			30000		
袖		qiu	xiu4	赣			30000		
袖		xiu	xiu4	赣			7500		
袗		jiang	zhen3	赣			7500		
袗		zen	zhen3	赣			30000		
袜		wai	wa4	赣			30000		
袢		fan	pan4	赣			30000		
袤		mau	mao4	赣			3000		
袤		meu	mao4	赣			2400		
袤		mu	mao4	赣			12000		
袪		xyu	qu1	赣			30000		
被		den	bei4	赣			26711		
被		pi	bei4	赣			106845		
袭		xi	xi2	赣			30000		
袯		bon	bo2	赣			2400		
袯		fa	bo2	赣			3000		
袯		pai	bo2	赣			12000		
袱		fu	fu2	赣			30000		
袼		go	ge1	赣			7500		
袼		ko	ge1	赣			5000		
袼		lau	ge1	赣			6000		
袼		lo	ge1	赣			30000		
裁		coi	cai2	赣			30000		
裂		lie	lie4	赣			30000		
装		zong	zhuang1	赣			30000		
裆		dong	dang1	赣			30000		
裈		kun	kun1	赣			30000		
裎		cen	cheng2	赣			30000		
裒		heu	pou2	赣			3000		
裒		kieu	pou2	赣			2000		
裒		leu	pou2	赣			12000		
裒		teu	pou2	赣			2400		
裔		xie	yi4	赣			30000		
裕		yu	yu4	赣			30000		
裘		ceu	qiu2	赣			7500		
裘		qiu	qiu2	赣			30000		
裙		qyun	qun2	赣			30000		
裟		sa	sha1	赣			30000		
裤		ku	ku4	赣			30000		
裥		han	jian3	赣			30000		
裨		bai	bi4	赣			2400		
裨		bi	bi4	赣			3000		
裨		pa	bi4	赣			2000		
裨		pi	bi4	赣			12000		
裰		co	duo1	赣			3000		
裰		me	duo1	赣			2400		
裰		pai	duo1	赣			12000		
裰		woi	duo1	赣			2000		
裱		mieu	biao3	赣			2000		
裱		qieu	biao3	赣			12000		
裱		yeu	biao3	赣			2400		
裱		zeu	biao3	赣			3000		
裳		song	shang5	赣			7500		
裳		xiong	shang5	赣			30000		
裴		fi	pei2	赣			12000		
裴		pi	pei2	赣			3000		
裸		leng	luo3	赣			7500		
裸		lo	luo3	赣			30000		
裹		guo	guo3	赣			30000		
裼		xi	ti4	赣			30000		
裾		jyu	ju1	赣			30000		
裾		qia	ju1	赣			7500		
褂		gua	gua4	赣			30000		
褊		jien	bian3	赣			2400		
褊		mien	bian3	赣			3000		
褊		qien	bian3	赣			12000		
褊		zan	bian3	赣			2000		
褐		ho	he4	赣			30000		
褒		bau	bao1	赣			30000		
褓		bau	bao3	赣			30000		
褚		jyu	chu3	赣			3000		
褚		nin	chu3	赣			2000		
褚		qo	chu3	赣			12000		
褚		qyu	chu3	赣			2400		
褛		leu	lv3	赣			30000		
褛		lyu	lv3	赣			7500		
褡		da	da1	赣			2000		
褡		dai	da1	赣			2400		
褡		goi	da1	赣			3000		
褡		ta	da1	赣			12000		
褥		lu	ru4	赣			30000		
褪		tei	tui4	赣			30000		
褫		ci	chi3	赣			30000		
褫		ji	chi3	赣			6000		
褫		mi	chi3	赣			5000		
褫		qi	chi3	赣			7500		
褰		bien	qian1	赣			2000		
褰		pien	qian1	赣			3000		
褰		qien	qian1	赣			12000		
褰		yen	qian1	赣			2400		
褴		lan	lan2	赣			12000		
褴		lang	lan2	赣			3000		
褶		die	zhe3	赣			6000		
褶		set	zhe3	赣			30000		
褶		si	zhe3	赣			30000		
褶		xi	zhe3	赣			7500		
褶		xia	zhe3	赣			5000		
襁		kuong	qiang3	赣			12000		
襄		xiong	xiang1	赣			30000		
襞		bia	bi4	赣			12000		
襞		pi	bi4	赣			3000		
襟		jin	jin1	赣			30000		
襦		lo	ru2	赣			3000		
襦		lu	ru2	赣			12000		
襻		fon	pan4	赣			12000		
襻		kuan	pan4	赣			2400		
襻		man	pan4	赣			2000		
襻		qon	pan4	赣			3000		
西		xi	xi1	赣			30000		
要		yeu	yao4	赣			156581		
覃		tan	tan2	赣			30000		
覆		fu	fu4	赣			30000		
见		jien	jian4	赣			58965		
观		guon	guan1	赣			30000		
规		gui	gui1	赣			30000		
觅		mi	mi4	赣			30000		
视		si	shi4	赣			30000		
觇		lien	chan1	赣			2400		
觇		qien	chan1	赣			2000		
觇		yen	chan1	赣			12000		
觇		zen	chan1	赣			3000		
览		lan	lan3	赣			30000		
觉		gau	jue2	赣			60000		
觉		go	jue2	赣			60000		
觊		yi	ji4	赣			30000		
觋		di	xi2	赣			2400		
觋		ji	xi2	赣			3000		
觋		li	xi2	赣			12000		
觋		ti	xi2	赣			2000		
觌		di	di2	赣			12000		
觌		lu	di2	赣			3000		
觌		ti	di2	赣			2400		
觌		yiu	di2	赣			2000		
觎		xyu	yu2	赣			6000		
觎		yeu	yu2	赣			7500		
觎		yu	yu2	赣			30000		
觏		gieu	gou4	赣			30000		
觏		jyu	gou4	赣			7500		
觐		jin	jin4	赣			30000		
角		go	jiao3	赣			30000		
觖		jyue	jue2	赣			7500		
觖		ko	jue2	赣			30000		
觖		qi	jue2	赣			6000		
觖		zi	jue2	赣			5000		
觚		gu	gu1	赣			30000		
觚		ku	gu1	赣			7500		
觜		ji	zi1	赣			12000		
觜		zu	zi1	赣			3000		
觞		tong	shang1	赣			7500		
觞		xiong	shang1	赣			30000		
解		gai	jie3	赣			30000		
觥		gang	gong1	赣			2000		
觥		gien	gong1	赣			2400		
觥		jin	gong1	赣			12000		
觥		kien	gong1	赣			3000		
触		qyu	chu4	赣			30000		
觯		jia	zhi4	赣			7500		
觯		pi	zhi4	赣			5000		
觯		qi	zhi4	赣			6000		
觯		zi	zhi4	赣			30000		
觱		bi	bi4	赣			12000		
觱		fo	bi4	赣			3000		
觱		jyue	bi4	赣			2400		
觱		wu	bi4	赣			2000		
觳		gu	hu2	赣			2000		
觳		lu	hu2	赣			3000		
觳		pu	hu2	赣			12000		
觳		tu	hu2	赣			2400		
言		nien	yan2	赣			30000		
訄		hau	qiu2	赣			2400		
訄		lau	qiu2	赣			2000		
訄		qiu	qiu2	赣			3000		
訄		tau	qiu2	赣			12000		
訇		fen	hong1	赣			2000		
訇		xon	hong1	赣			12000		
訇		xuon	hong1	赣			2400		
訇		xyuon	hong1	赣			3000		
訾		ji	zi1	赣			7500		
訾		zu	zi1	赣			30000		
詈		li	li4	赣			30000		
詹		zen	zhan1	赣			30000		
誉		yu	yu4	赣			30000		
誊		jon	teng2	赣			30000		
誓		si	shi4	赣			30000		
謇		jon	jian3	赣			12000		
警		jin	jing3	赣			30000		
譬		pi	pi4	赣			30000		
计		ji	ji4	赣			30000		
订		tiang	ding4	赣			30000		
讣		fu	fu4	赣			3000		
讣		pu	fu4	赣			12000		
认		lin	ren4	赣			30204		
认		nin	ren4	赣			7500		
讥		ji	ji1	赣			30000		
讦		gai	jie2	赣			30000		
讦		li	jie2	赣			7500		
讦		si	jie2	赣			5000		
讦		zi	jie2	赣			6000		
讧		fen	hong4	赣			7500		
讧		feng	hong4	赣			30000		
讨		tau	tao3	赣			30000		
让		long	rang4	赣			50310		
让		niong	rang4	赣			12577		
讪		son	shan4	赣			30000		
讫		qia	qi4	赣			30000		
训		fen	xun4	赣			7500		
训		xun	xun4	赣			30000		
议		ni	yi4	赣			30000		
讯		xyun	xun4	赣			100000		
记		ji	ji4	赣			30000		
讲		gong	jiang3	赣			30000		
讳		fi	hui4	赣			30000		
讴		ngeu	ou1	赣			2400		
讴		ngieu	ou1	赣			12000		
讴		qyu	ou1	赣			3000		
讵		jyu	ju4	赣			12000		
讵		qyu	ju4	赣			2000		
讵		xyu	ju4	赣			3000		
讵		yu	ju4	赣			2400		
讶		nga	ya4	赣			30000		
讷		bo	ne4	赣			3000		
讷		tu	ne4	赣			12000		
讷		wai	ne4	赣			2000		
讷		zu	ne4	赣			2400		
许		he	xu3	赣			30000		
许		xyu	xu3	赣			30000		
讹		ngo	e2	赣			30000		
论		len	lun4	赣			30000		
讼		seng	song4	赣			30000		
讽		fen	feng3	赣			30000		
设		se	she4	赣			30000		
访		fong	fang3	赣			30000		
诀		jyue	jue2	赣			30000		
证		zen	zheng4	赣			30000		
诂		ga	gu3	赣			2400		
诂		gu	gu3	赣			12000		
诂		ku	gu3	赣			3000		
诃		ho	he1	赣			30000		
评		pin	ping2	赣			30000		
诅		zu	zu3	赣			30000		
识		si	shi2	赣			30000		
诈		za	zha4	赣			30000		
诉		su	su4	赣			30000		
诊		dang	zhen3	赣			7500		
诊		jiang	zhen3	赣			30000		
诊		zen	zhen3	赣			6000		
诋		di	di3	赣			3000		
诋		ti	di3	赣			12000		
诋		tia	di3	赣			2400		
诋		ze	di3	赣			2000		
诌		ceu	zhou1	赣			3000		
诌		liu	zhou1	赣			2000		
诌		qiu	zhou1	赣			2400		
诌		yiu	zhou1	赣			12000		
词		cu	ci2	赣			30000		
诎		qyu	qu1	赣			30000		
诏		zeu	zhao4	赣			30000		
诐		bai	bi4	赣			7500		
诐		bi	bi4	赣			30000		
诐		bo	bi4	赣			6000		
译		ni	yi4	赣			30000		
诒		toi	yi2	赣			30000		
诒		yi	yi2	赣			7500		
诓		kuong	kuang1	赣			30000		
诔		lei	lei3	赣			30000		
试		si	shi4	赣			30000		
诖		fa	gua4	赣			2400		
诖		gua	gua4	赣			12000		
诖		kua	gua4	赣			3000		
诗		si	shi1	赣			30000		
诘		bi	ji2	赣			2000		
诘		ji	ji2	赣			3000		
诘		mi	ji2	赣			2400		
诘		qi	ji2	赣			12000		
诙		fi	hui1	赣			7500		
诙		kui	hui1	赣			30000		
诚		cen	cheng2	赣			30000		
诛		jyu	zhu1	赣			30000		
诛		lie	zhu1	赣			7500		
诜		lien	shen1	赣			12000		
诜		zen	shen1	赣			3000		
话		fa	hua4	赣			8560		
话		wa	hua4	赣			160000		
诞		tan	dan4	赣			30000		
诟		gieu	gou4	赣			12000		
诟		heu	gou4	赣			2000		
诟		kieu	gou4	赣			3000		
诠		qon	quan2	赣			3000		
诠		son	quan2	赣			12000		
诡		gui	gui3	赣			30000		
询		xyun	xun2	赣			30000		
诣		ji	yi4	赣			2000		
诣		li	yi4	赣			2400		
诣		ti	yi4	赣			12000		
诣		xi	yi4	赣			3000		
诤		ngang	zheng4	赣			12000		
该		goi	gai1	赣			90000		
详		xiong	xiang2	赣			30000		
诧		ga	cha4	赣			3000		
诧		ha	cha4	赣			12000		
诧		ka	cha4	赣			2000		
诧		nga	cha4	赣			2400		
诨		ben	hun4	赣			2000		
诨		den	hun4	赣			12000		
诨		kun	hun4	赣			2400		
诨		pen	hun4	赣			3000		
诩		fu	xu3	赣			12000		
诩		jyu	xu3	赣			3000		
诩		xyu	xu3	赣			2000		
诩		yu	xu3	赣			2400		
诫		gai	jie4	赣			30000		
诬		wu	wu1	赣			30000		
语		nyu	yu3	赣			160000		
诮		mieu	qiao4	赣			2000		
诮		qieu	qiao4	赣			12000		
诮		yeu	qiao4	赣			2400		
诮		zeu	qiao4	赣			3000		
误		wu	wu4	赣			30000		
诰		gau	gao4	赣			12000		
诱		yiu	you4	赣			30000		
诲		fi	hui4	赣			30000		
诳		kuong	kuang2	赣			12000		
诳		wong	kuang2	赣			3000		
说		xyue	shuo1	赣			219817		
诵		seng	song4	赣			30000		
请		qiang	qing3	赣			30000		
诸		jyu	zhu1	赣			30000		
诹		fu	zou1	赣			12000		
诹		jyu	zou1	赣			2400		
诹		qyu	zou1	赣			2000		
诹		yu	zou1	赣			3000		
诺		lo	nuo4	赣			30000		
读		tu	du2	赣			30000		
诼		zo	zhuo2	赣			30000		
诽		fi	fei3	赣			30000		
课		ko	ke4	赣			30000		
诿		lei	wei3	赣			2400		
诿		qyu	wei3	赣			3000		
诿		wei	wei3	赣			12000		
谀		yeu	yu2	赣			7500		
谀		yu	yu2	赣			30000		
谁		xyu	shui2	赣			30000		
谂		sen	shen3	赣			30000		
调		dieu	diao4	赣			30000		
调		tieu	diao4	赣			30000		
谄		jien	chan3	赣			12000		
谄		kuong	chan3	赣			2000		
谄		sen	chan3	赣			2400		
谄		yen	chan3	赣			3000		
谅		liong	liang4	赣			30000		
谆		jyun	zhun1	赣			30000		
谇		cei	sui4	赣			2400		
谇		ceng	sui4	赣			3000		
谇		qyu	sui4	赣			2000		
谇		xyu	sui4	赣			12000		
谈		tan	tan2	赣			30000		
谊		ni	yi4	赣			30000		
谋		meu	mou2	赣			30000		
谌		jin	chen2	赣			2400		
谌		lin	chen2	赣			3000		
谌		qin	chen2	赣			12000		
谌		yin	chen2	赣			2000		
谍		die	die2	赣			30000		
谎		fong	huang3	赣			30000		
谏		han	jian4	赣			30000		
谐		xie	xie2	赣			30000		
谑		ko	xue4	赣			12000		
谑		sau	xue4	赣			2400		
谑		xio	xue4	赣			2000		
谑		yo	xue4	赣			3000		
谒		jie	ye4	赣			30000		
谓		wei	wei4	赣			30000		
谔		ngo	e4	赣			30000		
谕		xyu	yu4	赣			7500		
谕		yu	yu4	赣			30000		
谖		fan	xuan1	赣			3000		
谖		jon	xuan1	赣			2000		
谖		wan	xuan1	赣			12000		
谖		xon	xuan1	赣			2400		
谗		can	chan2	赣			12000		
谗		gan	chan2	赣			3000		
谗		jien	chan2	赣			2400		
谗		ngai	chan2	赣			2000		
谙		ngon	an1	赣			30000		
谚		yen	yan4	赣			30000		
谛		ti	di4	赣			30000		
谜		mi	mi2	赣			30000		
谝		bien	pian2	赣			3000		
谝		pan	pian2	赣			2400		
谝		piang	pian2	赣			2000		
谝		pien	pian2	赣			12000		
谟		mo	mo2	赣			30000		
谟		wu	mo2	赣			7500		
谠		dong	dang3	赣			30000		
谡		so	su4	赣			30000		
谢		xia	xie4	赣			30000		
谣		yeu	yao2	赣			30000		
谤		pong	bang4	赣			30000		
谥		si	shi4	赣			30000		
谥		yi	shi4	赣			7500		
谦		qien	qian1	赣			30000		
谧		mi	mi4	赣			30000		
谨		jin	jin3	赣			30000		
谩		man	man2	赣			30000		
谩		mien	man2	赣			7500		
谩		mon	man2	赣			6000		
谪		ca	zhe2	赣			2000		
谪		ho	zhe2	赣			3000		
谪		za	zhe2	赣			12000		
谪		zai	zhe2	赣			2400		
谬		miu	miu4	赣			30000		
谭		tan	tan2	赣			30000		
谮		lin	zen4	赣			3000		
谮		sen	zen4	赣			12000		
谮		yin	zen4	赣			2400		
谮		zen	zen4	赣			2000		
谯		qieu	qiao2	赣			30000		
谰		lan	lan2	赣			30000		
谱		pu	pu3	赣			30000		
谲		jyue	jue2	赣			3000		
谲		ko	jue2	赣			12000		
谳		jien	yan4	赣			2400		
谳		mien	yan4	赣			3000		
谳		qien	yan4	赣			12000		
谳		zan	yan4	赣			2000		
谴		qien	qian3	赣			30000		
谵		da	zhan1	赣			2400		
谵		goi	zhan1	赣			3000		
谵		ko	zhan1	赣			2000		
谵		ta	zhan1	赣			12000		
谶		lin	chen4	赣			3000		
谶		sen	chen4	赣			12000		
谶		yin	chen4	赣			2400		
谶		zen	chen4	赣			2000		
谷		gu	gu3	赣			30000		
豁		fo	huo1	赣			30000		
豆		teu	dou4	赣			30000		
豇		gong	jiang1	赣			30000		
豉		lei	shi4	赣			12000		
豉		xyu	shi4	赣			3000		
豌		wan	wan1	赣			30000		
豕		ci	shi3	赣			30000		
豚		ten	tun2	赣			30000		
豛		teng	yi4	赣			30000		
象		xiong	xiang4	赣			30000		
豢		fon	huan4	赣			30000		
豨		qiung	xi1	赣			7500		
豨		xi	xi1	赣			30000		
豪		hau	hao2	赣			30000		
豫		yu	yu4	赣			30000		
豳		bin	bin1	赣			30000		
豳		fen	bin1	赣			7500		
豸		ci	zhi4	赣			7500		
豸		ji	zhi4	赣			6000		
豸		mi	zhi4	赣			5000		
豸		qi	zhi4	赣			30000		
豹		bau	bao4	赣			30000		
豺		cai	chai2	赣			30000		
貂		dieu	diao1	赣			30000		
貅		xiu	xiu1	赣			30000		
貉		ho	hao2	赣			12000		
貉		me	hao2	赣			3000		
貊		me	mo4	赣			30000		
貌		mau	mao4	赣			30000		
貔		bi	pi2	赣			30000		
貘		me	mo4	赣			30000		
贝		bi	bei4	赣			30000		
贞		zen	zhen1	赣			30000		
负		fu	fu4	赣			30000		
贡		gung	gong4	赣			30000		
财		coi	cai2	赣			90000		
责		ze	ze2	赣			30000		
贤		xien	xian2	赣			30000		
败		pai	bai4	赣			30000		
账		jiong	zhang4	赣			30000		
货		fo	huo4	赣			30000		
质		zi	zhi4	赣			30000		
贩		fan	fan4	赣			30000		
贪		tan	tan1	赣			30000		
贫		pin	pin2	赣			30000		
贬		bien	bian3	赣			30000		
购		gieu	gou4	赣			30000		
贮		qyu	zhu4	赣			30000		
贯		guon	guan4	赣			30000		
贰		e	er4	赣			30000		
贱		qien	jian4	赣			30000		
贲		ben	ben1	赣			2000		
贲		bon	ben1	赣			2400		
贲		fen	ben1	赣			12000		
贲		fi	ben1	赣			3000		
贳		si	shi4	赣			30000		
贳		xia	shi4	赣			7500		
贴		tie	tie1	赣			30000		
贵		gui	gui4	赣			30000		
贶		kuong	kuang4	赣			30000		
贷		toi	dai4	赣			30000		
贸		meu	mao4	赣			30000		
费		fi	fei4	赣			30000		
贺		ho	he4	赣			30000		
贻		toi	yi2	赣			12000		
贻		yi	yi2	赣			3000		
贼		ce	zei2	赣			30000		
贽		zi	zhi4	赣			30000		
贾		ga	jia3	赣			30000		
贿		fi	hui4	赣			30000		
赁		lin	lin4	赣			30000		
赂		lu	lu4	赣			30000		
赃		zong	zang1	赣			30000		
资		zu	zi1	赣			30000		
赅		goi	gai1	赣			30000		
赇		ceu	qiu2	赣			7500		
赇		qiu	qiu2	赣			30000		
赈		jiang	zhen4	赣			7500		
赈		zen	zhen4	赣			30000		
赉		loi	lai4	赣			30000		
赊		xia	she1	赣			30000		
赋		fu	fu4	赣			30000		
赌		du	du3	赣			30000		
赍		lu	ji1	赣			6000		
赍		si	ji1	赣			5000		
赍		xi	ji1	赣			7500		
赍		zu	ji1	赣			30000		
赎		xyu	shu2	赣			30000		
赏		song	shang3	赣			7500		
赏		xiong	shang3	赣			30000		
赐		cu	ci4	赣			30000		
赑		bi	bi4	赣			7500		
赑		pi	bi4	赣			30000		
赓		gang	geng1	赣			2400		
赓		gien	geng1	赣			3000		
赓		kien	geng1	赣			12000		
赔		pi	pei2	赣			30000		
赖		lai	lai4	赣			30000		
赘		jyui	zhui4	赣			30000		
赙		fu	fu4	赣			30000		
赚		can	zhuan4	赣			30000		
赛		soi	sai4	赣			30000		
赜		ca	ze2	赣			2000		
赜		ho	ze2	赣			3000		
赜		za	ze2	赣			12000		
赜		zai	ze2	赣			2400		
赝		yen	yan4	赣			30000		
赞		zan	zan4	赣			30000		
赟		yen	yun1	赣			7500		
赟		yin	yun1	赣			30000		
赠		cen	zeng4	赣			7500		
赠		zen	zeng4	赣			30000		
赡		sen	shan4	赣			30000		
赢		yang	ying2	赣			60000		
赣		gon	gan4	赣			160000		
赤		ci	chi4	赣			7500		
赤		qia	chi4	赣			30000		
赦		xia	she4	赣			30000		
赧		hon	nan3	赣			12000		
赪		zeng	cheng1	赣			30000		
赫		ho	he4	赣			30000		
赭		du	zhe3	赣			12000		
赭		jia	zhe3	赣			3000		
走		zeu	zou3	赣			50437		
赳		jiu	jiu1	赣			30000		
赴		fu	fu4	赣			30000		
赵		zeu	zhao4	赣			30000		
赶		gon	gan3	赣			30000		
起		qi	qi3	赣			58684		
趁		cen	chen4	赣			30000		
趄		jyu	ju1	赣			12000		
趄		qi	ju1	赣			3000		
超		ceu	chao1	赣			30000		
越		e	yue4	赣			7500		
越		yue	yue4	赣			30000		
趋		qyu	qu1	赣			30000		
趑		ji	zi1	赣			2400		
趑		su	zi1	赣			2000		
趑		yi	zi1	赣			12000		
趑		zu	zi1	赣			3000		
趟		tong	tang4	赣			30000		
趣		qyu	qu4	赣			30000		
趱		hon	zan3	赣			2000		
趱		san	zan3	赣			2400		
趱		tan	zan3	赣			3000		
趱		zan	zan3	赣			12000		
足		zu	zu2	赣			30000		
趴		pa	pa1	赣			30000		
趵		bo	bao4	赣			12000		
趵		pau	bao4	赣			3000		
趺		fu	fu1	赣			30000		
趼		jien	jian3	赣			3000		
趼		nien	jian3	赣			12000		
趼		yen	jian3	赣			2400		
趾		zi	zhi3	赣			30000		
趿		sa	ta1	赣			30000		
跃		yue	yue4	赣			30000		
跄		qiung	qiang1	赣			30000		
跆		toi	tai2	赣			30000		
跋		pai	ba2	赣			30000		
跌		die	die1	赣			30000		
跎		ci	tuo2	赣			7500		
跎		to	tuo2	赣			30000		
跏		ga	jia1	赣			30000		
跏		qyue	jia1	赣			6000		
跐		ci	ci1	赣			7500		
跐		ji	ci1	赣			6000		
跐		mi	ci1	赣			5000		
跐		qi	ci1	赣			30000		
跑		doi	pao3	赣			7500		
跑		pau	pao3	赣			30000		
跖		jia	zhi2	赣			30000		
跖		si	zhi2	赣			6000		
跖		to	zhi2	赣			7500		
跗		fu	fu1	赣			30000		
跚		san	shan1	赣			30000		
跛		bo	bo3	赣			30000		
距		jyu	ju4	赣			30000		
跞		lau	li4	赣			2400		
跞		li	li4	赣			3000		
跞		lieu	li4	赣			2000		
跞		lo	li4	赣			12000		
跟		gien	gen1	赣			32393		
跣		xi	xian3	赣			12000		
跣		xien	xian3	赣			3000		
跤		kau	jiao1	赣			30000		
跨		kua	kua4	赣			30000		
跪		kui	gui4	赣			30000		
跬		kui	kui3	赣			30000		
路		lu	lu4	赣			30000		
跳		tieu	tiao4	赣			30000		
践		qien	jian4	赣			30000		
跶		tai	da2	赣			30000		
跷		qieu	qiao1	赣			30000		
跸		bi	bi4	赣			30000		
跸		mi	bi4	赣			7500		
跹		xien	xian1	赣			30000		
跺		do	duo4	赣			30000		
跻		jie	ji1	赣			7500		
跻		lu	ji1	赣			6000		
跻		si	ji1	赣			5000		
跻		xi	ji1	赣			30000		
跽		bi	ji4	赣			30000		
跽		ji	ji4	赣			6000		
跽		si	ji4	赣			7500		
跽		zi	ji4	赣			5000		
踉		liung	liang2	赣			30000		
踉		long	liang2	赣			7500		
踉		lyue	liang2	赣			6000		
踊		yiung	yong3	赣			30000		
踌		ceu	chou2	赣			30000		
踌		seu	chou2	赣			7500		
踏		ta	ta4	赣			30000		
踔		gau	chuo1	赣			2000		
踔		hau	chuo1	赣			2400		
踔		pau	chuo1	赣			3000		
踔		zo	chuo1	赣			12000		
踝		fa	huai2	赣			120000		
踞		jyu	ju4	赣			30000		
踟		ci	chi2	赣			30000		
踢		tia	ti1	赣			30000		
踣		bu	bo2	赣			7500		
踣		pu	bo2	赣			30000		
踩		coi	cai3	赣			30000		
踪		zeng	zong1	赣			30000		
踬		ci	zhi4	赣			30000		
踬		zi	zhi4	赣			7500		
踯		zi	zhi2	赣			30000		
踱		do	duo2	赣			30000		
踵		jiung	zhong3	赣			3000		
踵		jyung	zhong3	赣			12000		
踶		ci	di4	赣			6000		
踶		ji	di4	赣			5000		
踶		qi	di4	赣			7500		
踶		ti	di4	赣			30000		
踹		dan	chuai4	赣			2400		
踹		don	chuai4	赣			3000		
踹		sen	chuai4	赣			2000		
踹		toi	chuai4	赣			12000		
踽		fu	ju3	赣			3000		
踽		jyu	ju3	赣			12000		
踽		xyu	ju3	赣			2000		
踽		yu	ju3	赣			2400		
蹀		die	die2	赣			12000		
蹀		tie	die2	赣			2400		
蹀		tien	die2	赣			3000		
蹁		bien	pian2	赣			3000		
蹁		jien	pian2	赣			2000		
蹁		qien	pian2	赣			12000		
蹁		yen	pian2	赣			2400		
蹂		leu	rou2	赣			30000		
蹄		ti	ti2	赣			30000		
蹇		jien	jian3	赣			2400		
蹇		jon	jian3	赣			12000		
蹇		yen	jian3	赣			3000		
蹈		dau	dao3	赣			30000		
蹉		co	cuo1	赣			30000		
蹊		wa	qi1	赣			3000		
蹊		xie	qi1	赣			12000		
蹋		ta	ta4	赣			30000		
蹐		ji	ji2	赣			30000		
蹐		jia	ji2	赣			7500		
蹑		nie	nie4	赣			30000		
蹒		bon	pan2	赣			2000		
蹒		fan	pan2	赣			2400		
蹒		man	pan2	赣			12000		
蹒		pon	pan2	赣			3000		
蹙		fu	cu4	赣			12000		
蹙		jyu	cu4	赣			3000		
蹙		mu	cu4	赣			2000		
蹙		xyu	cu4	赣			2400		
蹜		so	su4	赣			30000		
蹢		de	di2	赣			5000		
蹢		di	di2	赣			30000		
蹢		dieu	di2	赣			6000		
蹢		zi	di2	赣			7500		
蹦		beng	beng4	赣			30000		
蹩		bie	bie2	赣			30000		
蹬		den	deng1	赣			30000		
蹭		cen	ceng4	赣			30000		
蹯		fan	fan2	赣			30000		
蹰		qyu	chu2	赣			30000		
蹲		den	dun1	赣			30000		
蹴		fu	cu4	赣			12000		
蹴		jyu	cu4	赣			3000		
蹴		mu	cu4	赣			2000		
蹴		xyu	cu4	赣			2400		
蹶		gai	jue2	赣			12000		
蹶		wei	jue2	赣			3000		
蹶		xi	jue2	赣			2400		
蹶		xyu	jue2	赣			2000		
蹼		bu	pu3	赣			12000		
蹼		pu	pu3	赣			3000		
躁		zau	zao4	赣			30000		
躅		lu	zhu2	赣			2000		
躅		xu	zhu2	赣			2400		
躅		xyu	zhu2	赣			12000		
躅		yu	zhu2	赣			3000		
躇		ning	chu2	赣			2400		
躇		qo	chu2	赣			2000		
躇		qyu	chu2	赣			12000		
躇		tu	chu2	赣			3000		
躏		lin	lin4	赣			30000		
躐		lie	lie4	赣			30000		
躔		cen	chan2	赣			30000		
躞		die	xie4	赣			2400		
躞		ga	xie4	赣			2000		
躞		ha	xie4	赣			3000		
躞		tie	xie4	赣			12000		
身		sen	shen1	赣			30000		
身		xin	shen1	赣			7500		
躬		gung	gong1	赣			30000		
躯		qyu	qu1	赣			30000		
躲		do	duo3	赣			30000		
躺		tong	tang3	赣			30000		
车		ca	che1	赣			30000		
车		qia	che1	赣			30000		
轧		nga	ya4	赣			30000		
轨		gui	gui3	赣			30000		
轩		xon	xuan1	赣			30000		
轪		dai	dai4	赣			7500		
轪		tai	dai4	赣			6000		
轪		ti	dai4	赣			30000		
轫		len	ren4	赣			30000		
轫		lin	ren4	赣			7500		
转		jon	zhuan3	赣			60000		
轮		len	lun2	赣			30000		
软		nyuon	ruan3	赣			30000		
轰		fen	hong1	赣			30000		
轱		ku	gu1	赣			3000		
轱		kua	gu1	赣			12000		
轲		ho	ke1	赣			3000		
轲		ko	ke1	赣			2400		
轲		lo	ke1	赣			12000		
轲		ngo	ke1	赣			2000		
轳		lu	lu2	赣			30000		
轴		zeu	zhou2	赣			30000		
轵		jia	zhi3	赣			30000		
轵		zi	zhi3	赣			7500		
轶		die	yi4	赣			2400		
轶		tu	yi4	赣			3000		
轶		yi	yi4	赣			12000		
轷		fu	hu1	赣			30000		
轷		xi	hu1	赣			7500		
轸		jiang	zhen3	赣			3000		
轸		zen	zhen3	赣			12000		
轹		lai	li4	赣			2400		
轹		lau	li4	赣			2000		
轹		li	li4	赣			3000		
轹		lo	li4	赣			12000		
轺		jieu	yao2	赣			2400		
轺		qieu	yao2	赣			3000		
轺		xieu	yao2	赣			2000		
轺		yeu	yao2	赣			12000		
轻		qiang	qing1	赣			30000		
轼		si	shi4	赣			30000		
载		zoi	zai4	赣			30000		
轾		ci	zhi4	赣			30000		
轾		zi	zhi4	赣			7500		
轿		jieu	jiao4	赣			7500		
轿		qieu	jiao4	赣			30000		
辀		dieu	zhou1	赣			30000		
辁		can	quan2	赣			3000		
辁		dan	quan2	赣			12000		
辂		lu	lu4	赣			30000		
较		gau	jiao4	赣			30431		
辄		jie	zhe2	赣			2400		
辄		nie	zhe2	赣			2000		
辄		ye	zhe2	赣			3000		
辄		yen	zhe2	赣			12000		
辅		fu	fu3	赣			30000		
辆		liong	liang4	赣			30000		
辇		lien	nian3	赣			30000		
辈		pi	bei4	赣			30000		
辉		fi	hui1	赣			30000		
辊		ben	gun3	赣			12000		
辊		den	gun3	赣			3000		
辊		fen	gun3	赣			2400		
辊		ti	gun3	赣			2000		
辋		mong	wang3	赣			30000		
辌		liung	liang2	赣			30000		
辍		zyui	chuo4	赣			30000		
辎		cu	zi1	赣			6000		
辎		qi	zi1	赣			7500		
辎		si	zi1	赣			30000		
辎		su	zi1	赣			5000		
辏		ceu	cou4	赣			30000		
辐		fu	fu2	赣			30000		
辑		ji	ji2	赣			30000		
辒		wen	wen1	赣			12000		
辒		yon	wen1	赣			3000		
输		xyu	shu1	赣			120000		
辔		bi	pei4	赣			12000		
辔		fi	pei4	赣			2400		
辔		mi	pei4	赣			3000		
辕		yon	yuan2	赣			30000		
辖		ha	xia2	赣			7500		
辖		xia	xia2	赣			30000		
辗		nien	nian3	赣			3000		
辗		zan	nian3	赣			12000		
辘		go	lu4	赣			7500		
辘		gu	lu4	赣			6000		
辘		lu	lu4	赣			30000		
辙		ze	zhe2	赣			30000		
辚		li	lin2	赣			7500		
辚		lin	lin2	赣			30000		
辛		xin	xin1	赣			30000		
辜		gu	gu1	赣			30000		
辞		cu	ci2	赣			30000		
辟		pi	pi4	赣			30000		
辣		lai	la4	赣			30000		
辣		lak	la4	赣			7500		
辨		pan	bian4	赣			30000		
辩		pien	bian4	赣			30000		
辫		bien	bian4	赣			30000		
辰		cen	chen2	赣			30000		
辱		lu	ru3	赣			30000		
边		bien	bian1	赣			60000		
辽		lieu	liao2	赣			30000		
达		tai	da2	赣			30000		
迁		qien	qian1	赣			30000		
迂		yu	yu1	赣			30000		
迄		qi	qi4	赣			30000		
迅		xyun	xun4	赣			30000		
过		guo	guo4	赣			97817		
迈		mai	mai4	赣			30000		
迎		yang	ying2	赣			30000		
迎		yin	ying2	赣			30000		
运		yun	yun4	赣			30000		
近		qin	jin4	赣			30000		
迓		nga	ya4	赣			30000		
返		fan	fan3	赣			30000		
迕		wu	wu4	赣			30000		
迕		yu	wu4	赣			7500		
还		hai	hai2	赣			157058		
还		wan	hai2	赣			18487		
这		ze	zhe4	赣			261791		
进		jin	jin4	赣			54355		
远		yon	yuan3	赣			30000		
违		wei	wei2	赣			30000		
连		lien	lian2	赣			30000		
迟		ci	chi2	赣			30000		
迢		dieu	tiao2	赣			7500		
迢		tieu	tiao2	赣			30000		
迥		bin	jiong3	赣			3000		
迥		lang	jiong3	赣			2000		
迥		tiang	jiong3	赣			2400		
迥		tin	jiong3	赣			12000		
迦		ga	jia1	赣			2400		
迦		ka	jia1	赣			12000		
迦		qyue	jia1	赣			2000		
迦		wo	jia1	赣			3000		
迨		toi	dai4	赣			30000		
迩		e	er3	赣			30000		
迪		di	di2	赣			12000		
迪		lu	di2	赣			3000		
迪		ti	di2	赣			2400		
迪		yiu	di2	赣			2000		
迫		po	po4	赣			30000		
迭		die	die2	赣			3000		
迭		tu	die2	赣			12000		
迮		zai	ze2	赣			2400		
迮		zau	ze2	赣			3000		
迮		zo	ze2	赣			12000		
述		xyu	shu4	赣			30000		
迷		mi	mi2	赣			30000		
迸		ngang	beng4	赣			12000		
迹		ji	ji4	赣			30000		
追		jyu	zhui1	赣			30000		
退		tei	tui4	赣			30000		
送		seng	song4	赣			30000		
适		si	shi4	赣			30000		
逃		tau	tao2	赣			30000		
逄		pong	pang2	赣			30000		
逅		heu	hou4	赣			30000		
逆		ni	ni4	赣			30000		
选		xon	xuan3	赣			30000		
逊		xyun	xun4	赣			30000		
逋		fu	bu1	赣			12000		
逋		lu	bu1	赣			2000		
逋		tu	bu1	赣			2400		
逋		wu	bu1	赣			3000		
逍		seu	xiao1	赣			6000		
逍		xieu	xiao1	赣			30000		
逍		xio	xiao1	赣			7500		
透		teu	tou4	赣			30000		
逐		jyu	zhu2	赣			30000		
逑		ceu	qiu2	赣			7500		
逑		qiu	qiu2	赣			30000		
递		ti	di4	赣			30000		
途		tu	tu2	赣			30000		
逖		ti	ti4	赣			12000		
逖		tia	ti4	赣			2400		
逖		za	ti4	赣			3000		
逗		deu	dou4	赣			30000		
通		teng	tong1	赣			120000		
逛		guang	guang4	赣			30000		
逛		guong	guang4	赣			30000		
逝		si	shi4	赣			30000		
逞		cen	cheng3	赣			30000		
速		su	su4	赣			30000		
造		cau	zao4	赣			30000		
逡		jyun	qun1	赣			30000		
逢		feng	feng2	赣			30000		
逦		lei	li3	赣			12000		
逭		won	huan4	赣			30000		
逮		dai	dai3	赣			30000		
逯		liu	lu4	赣			7500		
逯		lu	lu4	赣			30000		
逵		kui	kui2	赣			30000		
逶		wei	wei1	赣			30000		
逸		yi	yi4	赣			30000		
逻		lo	luo2	赣			30000		
逼		bi	bi1	赣			30000		
逾		yu	yu2	赣			30000		
遁		den	dun4	赣			30000		
遁		ten	dun4	赣			7500		
遂		sei	sui4	赣			30000		
遄		can	chuan2	赣			3000		
遄		dan	chuan2	赣			12000		
遇		yu	yu4	赣			30000		
遍		pien	bian4	赣			30000		
遏		ngo	e4	赣			30000		
遐		ha	xia2	赣			30000		
遑		fong	huang2	赣			30000		
遑		wong	huang2	赣			7500		
遒		ceu	qiu2	赣			3000		
遒		liu	qiu2	赣			2000		
遒		qiu	qiu2	赣			2400		
遒		yiu	qiu2	赣			12000		
道		tau	dao4	赣			140545		
遗		yi	yi2	赣			30000		
遘		gieu	gou4	赣			30000		
遘		jyu	gou4	赣			7500		
遛		liu	liu2	赣			30000		
遢		da	ta4	赣			3000		
遢		ta	ta4	赣			12000		
遣		qien	qian3	赣			30000		
遥		yeu	yao2	赣			30000		
遨		ngau	ao2	赣			30000		
遭		zau	zao1	赣			30000		
遮		jia	zhe1	赣			30000		
遴		li	lin2	赣			12000		
遴		lin	lin2	赣			3000		
遵		zen	zun1	赣			30000		
遽		jyu	ju4	赣			2400		
遽		qyu	ju4	赣			2000		
遽		xyu	ju4	赣			12000		
遽		yu	ju4	赣			3000		
避		bi	bi4	赣			7500		
避		pi	bi4	赣			30000		
邀		yeu	yao1	赣			30000		
邂		gai	xie4	赣			30000		
邃		cei	sui4	赣			3000		
邃		ceng	sui4	赣			12000		
邈		mieu	miao3	赣			30000		
邋		la	la1	赣			3000		
邋		lai	la1	赣			12000		
邋		lie	la1	赣			2400		
邑		yi	yi4	赣			30000		
邓		den	deng4	赣			30000		
邕		ceng	yong1	赣			6000		
邕		feng	yong1	赣			30000		
邕		jiung	yong1	赣			5000		
邕		seng	yong1	赣			7500		
邗		gon	han2	赣			2000		
邗		hon	han2	赣			12000		
邗		kon	han2	赣			2400		
邗		qien	han2	赣			3000		
邙		mong	mang2	赣			30000		
邙		wong	mang2	赣			7500		
邛		ceng	qiong2	赣			6000		
邛		feng	qiong2	赣			30000		
邛		jiung	qiong2	赣			5000		
邛		seng	qiong2	赣			7500		
邝		fong	kuang4	赣			12000		
邝		kuong	kuang4	赣			3000		
邡		fong	fang1	赣			30000		
邢		xin	xing2	赣			30000		
那		na	na4	赣			111550		
邦		bong	bang1	赣			30000		
邪		xia	xie2	赣			30000		
邪		xie	xie2	赣			7500		
邬		ngo	wu1	赣			6000		
邬		wu	wu1	赣			30000		
邬		yen	wu1	赣			5000		
邬		yu	wu1	赣			7500		
邮		yiu	you2	赣			30000		
邯		hon	han2	赣			30000		
邰		toi	tai2	赣			30000		
邱		qiu	qiu1	赣			30000		
邳		bi	pi1	赣			30000		
邴		bin	bing3	赣			30000		
邵		zeu	shao4	赣			30000		
邶		bi	bei4	赣			3000		
邶		pi	bei4	赣			12000		
邸		di	di3	赣			30000		
邹		ceu	zou1	赣			3000		
邹		liu	zou1	赣			2000		
邹		qiu	zou1	赣			2400		
邹		yiu	zou1	赣			12000		
邺		nie	ye4	赣			30000		
邻		lin	lin2	赣			30000		
邽		gui	gui1	赣			3000		
邽		wa	gui1	赣			12000		
邾		jyu	zhu1	赣			30000		
邾		lie	zhu1	赣			7500		
郁		yu	yu4	赣			30000		
郅		ci	zhi4	赣			30000		
郅		zi	zhi4	赣			7500		
郇		fan	huan2	赣			3000		
郇		wan	huan2	赣			2400		
郇		xyun	huan2	赣			12000		
郈		heu	hou4	赣			30000		
郊		gau	jiao1	赣			30000		
郊		jieu	jiao1	赣			7500		
郎		long	lang2	赣			30000		
郏		ka	jia2	赣			30000		
郐		fi	kuai4	赣			12000		
郐		kuai	kuai4	赣			3000		
郑		zen	zheng4	赣			30000		
郓		yon	yun4	赣			7500		
郓		yun	yun4	赣			30000		
郗		ji	xi1	赣			2400		
郗		su	xi1	赣			2000		
郗		yi	xi1	赣			12000		
郗		zu	xi1	赣			3000		
郚		wu	wu2	赣			30000		
郛		fu	fu2	赣			30000		
郛		pu	fu2	赣			7500		
郜		gau	gao4	赣			30000		
郝		ci	hao3	赣			5000		
郝		lu	hao3	赣			6000		
郝		qia	hao3	赣			7500		
郝		si	hao3	赣			30000		
郡		fen	jun4	赣			12000		
郡		wen	jun4	赣			2400		
郡		yon	jun4	赣			2000		
郡		yun	jun4	赣			3000		
郢		yin	ying3	赣			12000		
郤		xi	xi4	赣			30000		
郦		li	li4	赣			30000		
郦		lieu	li4	赣			7500		
郧		yon	yun2	赣			7500		
郧		yun	yun2	赣			30000		
部		pu	bu4	赣			30000		
郫		pa	pi2	赣			7500		
郫		pai	pi2	赣			6000		
郫		pi	pi2	赣			30000		
郭		guo	guo1	赣			30000		
郯		tan	tan2	赣			30000		
郴		jin	chen1	赣			2400		
郴		lin	chen1	赣			3000		
郴		qin	chen1	赣			12000		
郴		yin	chen1	赣			2000		
郸		dan	dan1	赣			30000		
都		du	dou1	赣			202780		
郾		yen	yan3	赣			30000		
郿		mi	mei2	赣			30000		
郿		wei	mei2	赣			7500		
鄂		ngo	e4	赣			30000		
鄄		jon	juan4	赣			30000		
鄘		leng	yong1	赣			7500		
鄘		seng	yong1	赣			6000		
鄘		yiung	yong1	赣			30000		
鄙		bi	bi3	赣			30000		
鄞		jin	yin2	赣			12000		
鄞		ngin	yin2	赣			3000		
鄞		qin	yin2	赣			2400		
鄞		xin	yin2	赣			2000		
鄢		wan	yan1	赣			3000		
鄢		ye	yan1	赣			2400		
鄢		yen	yan1	赣			12000		
鄣		jiung	zhang1	赣			30000		
鄯		dan	shan4	赣			7500		
鄯		sen	shan4	赣			30000		
鄱		fan	po2	赣			3000		
鄱		po	po2	赣			12000		
鄹		ceu	zou1	赣			3000		
鄹		liu	zou1	赣			2000		
鄹		qiu	zou1	赣			2400		
鄹		yiu	zou1	赣			12000		
酃		lang	ling2	赣			6000		
酃		liang	ling2	赣			7500		
酃		lien	ling2	赣			5000		
酃		lin	ling2	赣			30000		
酆		feng	feng1	赣			30000		
酉		yiu	you3	赣			30000		
酊		da	ding1	赣			12000		
酊		diang	ding1	赣			3000		
酊		din	ding1	赣			2400		
酋		ceu	qiu2	赣			3000		
酋		liu	qiu2	赣			2000		
酋		qiu	qiu2	赣			2400		
酋		yiu	qiu2	赣			12000		
酌		jo	zhuo2	赣			30000		
配		pi	pei4	赣			30000		
酎		zeu	zhou4	赣			30000		
酏		ci	yi3	赣			7500		
酏		ji	yi3	赣			6000		
酏		mi	yi3	赣			5000		
酏		qi	yi3	赣			30000		
酐		fong	gan1	赣			12000		
酒		jiu	jiu3	赣			30000		
酗		xyu	xu4	赣			30000		
酝		yn	yun4	赣			7500		
酝		yun	yun4	赣			30000		
酡		ci	tuo2	赣			7500		
酡		to	tuo2	赣			30000		
酢		zau	cu4	赣			12000		
酢		zon	cu4	赣			3000		
酣		hon	han1	赣			30000		
酤		fu	gu1	赣			6000		
酤		gu	gu1	赣			30000		
酤		ku	gu1	赣			7500		
酥		su	su1	赣			30000		
酩		bin	ming3	赣			3000		
酩		lang	ming3	赣			2000		
酩		tiang	ming3	赣			2400		
酩		tin	ming3	赣			12000		
酪		lau	lao4	赣			30000		
酬		ceu	chou2	赣			30000		
酮		teng	tong2	赣			30000		
酱		jiong	jiang4	赣			30000		
酲		cen	cheng2	赣			30000		
酴		du	tu2	赣			7500		
酴		tu	tu2	赣			30000		
酵		gau	jiao4	赣			30000		
酷		ku	ku4	赣			30000		
酸		son	suan1	赣			30000		
酹		fi	lei4	赣			12000		
酹		lai	lei4	赣			2000		
酹		mi	lei4	赣			2400		
酹		pi	lei4	赣			3000		
酽		xie	yan4	赣			12000		
酾		li	shai1	赣			30000		
酾		qi	shai1	赣			6000		
酾		su	shai1	赣			7500		
酾		zi	shai1	赣			5000		
酿		niong	niang4	赣			30000		
醅		ceu	pei1	赣			3000		
醅		liu	pei1	赣			2000		
醅		qiu	pei1	赣			2400		
醅		yiu	pei1	赣			12000		
醇		qyun	chun2	赣			30000		
醉		ji	zui4	赣			30000		
醋		cu	cu4	赣			30000		
醍		ti	ti2	赣			30000		
醍		tia	ti2	赣			6000		
醍		ze	ti2	赣			7500		
醐		fu	hu2	赣			30000		
醑		jyu	xu3	赣			3000		
醑		lyu	xu3	赣			2000		
醑		xyu	xu3	赣			12000		
醑		yu	xu3	赣			2400		
醒		xiang	xing3	赣			30000		
醢		hoi	hai3	赣			30000		
醪		lau	lao2	赣			30000		
醭		pu	bu2	赣			30000		
醮		mieu	jiao4	赣			2000		
醮		qieu	jiao4	赣			12000		
醮		yeu	jiao4	赣			2400		
醮		zeu	jiao4	赣			3000		
醯		ji	xi1	赣			2000		
醯		qi	xi1	赣			12000		
醯		ti	xi1	赣			3000		
醯		xi	xi1	赣			2400		
醴		li	li3	赣			30000		
醵		jyu	ju4	赣			2400		
醵		qyu	ju4	赣			2000		
醵		xyu	ju4	赣			12000		
醵		yu	ju4	赣			3000		
醺		fen	xun1	赣			2400		
醺		xun	xun1	赣			12000		
醺		xyun	xun1	赣			3000		
采		coi	cai3	赣			30000		
释		si	shi4	赣			30000		
里		di	li3	赣			19263		
里		li	li3	赣			77054		
重		qiung	zhong4	赣			37557		
野		ya	ye3	赣			30000		
量		liong	liang4	赣			30000		
金		jin	jin1	赣			30000		
釜		fu	fu3	赣			30000		
鉴		jien	jian4	赣			30000		
銎		ceng	qiong2	赣			5000		
銎		feng	qiong2	赣			7500		
銎		seng	qiong2	赣			6000		
銎		xiung	qiong2	赣			30000		
銮		lon	luan2	赣			30000		
鋈		wo	wu4	赣			30000		
錾		can	zan4	赣			30000		
錾		jien	zan4	赣			6000		
錾		qien	zan4	赣			7500		
鍪		mau	mou2	赣			12000		
鍪		meu	mou2	赣			3000		
鏊		ngau	ao4	赣			30000		
鏖		cau	ao2	赣			2000		
鏖		hau	ao2	赣			3000		
鏖		lau	ao2	赣			2400		
鏖		tau	ao2	赣			12000		
针		zen	zhen1	赣			30000		
钉		diang	ding1	赣			30000		
钊		jieu	zhao1	赣			3000		
钊		yeu	zhao1	赣			2400		
钊		zeu	zhao1	赣			12000		
钌		dieu	liao3	赣			30000		
钏		qon	chuan4	赣			30000		
钐		gan	shan1	赣			3000		
钐		jien	shan1	赣			12000		
钒		fan	fan2	赣			12000		
钓		dieu	diao4	赣			30000		
钗		ca	chai1	赣			12000		
钗		cai	chai1	赣			3000		
钘		xin	xing2	赣			30000		
钙		goi	gai4	赣			30000		
钝		den	dun4	赣			30000		
钞		cau	chao1	赣			30000		
钟		jiung	zhong1	赣			30000		
钠		la	na4	赣			30000		
钡		bi	bei4	赣			7500		
钡		pi	bei4	赣			30000		
钢		gong	gang1	赣			30000		
钣		ban	ban3	赣			30000		
钤		qien	qian2	赣			3000		
钤		zen	qian2	赣			12000		
钤		zon	qian2	赣			2400		
钥		yeu	yao4	赣			30000		
钦		qin	qin1	赣			30000		
钧		jyun	jun1	赣			30000		
钨		ngo	wu1	赣			6000		
钨		wu	wu1	赣			30000		
钨		yu	wu1	赣			7500		
钩		gieu	gou1	赣			30000		
钫		fong	fang1	赣			30000		
钭		deu	tou3	赣			2400		
钭		heu	tou3	赣			12000		
钭		kieu	tou3	赣			3000		
钭		ngieu	tou3	赣			2000		
钮		niu	niu3	赣			30000		
钯		ba	ba3	赣			30000		
钱		qien	qian2	赣			30000		
钲		jiang	zheng1	赣			2400		
钲		sen	zheng1	赣			3000		
钲		zen	zheng1	赣			12000		
钳		qien	qian2	赣			30000		
钴		ga	gu3	赣			2400		
钴		gu	gu3	赣			12000		
钴		ku	gu3	赣			3000		
钵		bon	bo1	赣			2400		
钵		fa	bo1	赣			3000		
钵		pai	bo1	赣			12000		
钹		pai	bo2	赣			30000		
钺		yue	yue4	赣			30000		
钻		zon	zuan1	赣			30000		
钾		ga	jia3	赣			30000		
钿		dien	dian4	赣			6000		
钿		tien	dian4	赣			30000		
钿		xi	dian4	赣			7500		
铁		tie	tie3	赣			30000		
铃		lin	ling2	赣			30000		
铄		so	shuo4	赣			30000		
铅		qien	qian1	赣			7500		
铅		yon	qian1	赣			30000		
铆		mau	mao3	赣			30000		
铉		qon	xuan4	赣			12000		
铊		si	ta1	赣			30000		
铊		yu	ta1	赣			7500		
铋		bi	bi4	赣			30000		
铋		fi	bi4	赣			6000		
铋		mi	bi4	赣			7500		
铍		pi	pi1	赣			30000		
铎		do	duo2	赣			3000		
铎		tu	duo2	赣			12000		
铐		kau	kao4	赣			30000		
铗		ga	jia2	赣			30000		
铙		bau	nao2	赣			3000		
铙		cau	nao2	赣			2400		
铙		pau	nao2	赣			12000		
铙		yeu	nao2	赣			2000		
铚		ci	zhi4	赣			7500		
铚		jo	zhi4	赣			6000		
铚		zi	zhi4	赣			30000		
铛		dang	dang1	赣			30000		
铜		teng	tong2	赣			30000		
铝		lyu	lv3	赣			30000		
铠		koi	kai3	赣			30000		
铡		za	zha2	赣			30000		
铢		xyu	zhu1	赣			30000		
铣		xien	xi3	赣			30000		
铤		tiang	ding4	赣			7500		
铤		tin	ding4	赣			30000		
铧		fa	hua2	赣			30000		
铧		hua	hua2	赣			7500		
铨		qon	quan2	赣			3000		
铨		son	quan2	赣			12000		
铩		li	sha1	赣			7500		
铩		sai	sha1	赣			30000		
铩		si	sha1	赣			5000		
铩		zi	sha1	赣			6000		
铪		go	ha1	赣			2000		
铪		ha	ha1	赣			2400		
铪		hau	ha1	赣			3000		
铪		ho	ha1	赣			12000		
铫		die	diao4	赣			5000		
铫		tau	diao4	赣			6000		
铫		tieu	diao4	赣			7500		
铫		yeu	diao4	赣			30000		
铬		ga	ge4	赣			6000		
铬		lau	ge4	赣			7500		
铬		lo	ge4	赣			30000		
铭		miang	ming2	赣			30000		
铭		min	ming2	赣			7500		
铮		qin	zheng1	赣			30000		
铰		gau	jiao3	赣			12000		
铰		jieu	jiao3	赣			3000		
铰		ngau	jiao3	赣			2000		
铲		can	chan3	赣			30000		
铳		fen	chong4	赣			30000		
铳		jion	chong4	赣			6000		
铳		jiung	chong4	赣			7500		
铳		qiun	chong4	赣			5000		
铴		dong	tang1	赣			30000		
铴		tong	tang1	赣			7500		
银		ngin	yin2	赣			30000		
铸		jyu	zhu4	赣			30000		
铺		pu	pu4	赣			30000		
铻		nga	wu2	赣			3000		
铻		ngyu	wu2	赣			2000		
铻		nyu	wu2	赣			2400		
铻		yu	wu2	赣			12000		
链		lien	lian4	赣			30000		
铿		kien	keng1	赣			12000		
销		xieu	xiao1	赣			30000		
锁		so	suo3	赣			30000		
锃		bong	zeng4	赣			2000		
锃		gien	zeng4	赣			2400		
锃		meng	zeng4	赣			12000		
锃		zeng	zeng4	赣			3000		
锄		qyu	chu2	赣			30000		
锅		wo	guo1	赣			60000		
锈		xiu	xiu4	赣			30000		
锉		co	cuo4	赣			30000		
锊		lie	lve4	赣			12000		
锊		soi	lve4	赣			3000		
锋		fen	feng1	赣			30000		
锌		xin	xin1	赣			30000		
锐		lei	rui4	赣			30000		
锑		ti	ti1	赣			30000		
锑		tia	ti1	赣			6000		
锑		ze	ti1	赣			7500		
锒		long	lang2	赣			30000		
锓		jien	qin3	赣			30000		
锓		qin	qin3	赣			7500		
锔		lu	ju1	赣			2000		
锔		xu	ju1	赣			2400		
锔		xyu	ju1	赣			12000		
锔		yu	ju1	赣			3000		
锗		coi	zhe3	赣			12000		
锗		deu	zhe3	赣			3000		
错		co	cuo4	赣			30000		
锚		mau	mao2	赣			30000		
锜		ji	qi2	赣			6000		
锜		jia	qi2	赣			7500		
锜		qi	qi2	赣			30000		
锜		zi	qi2	赣			5000		
锟		ben	kun1	赣			12000		
锟		den	kun1	赣			3000		
锟		fen	kun1	赣			2400		
锟		kun	kun1	赣			2000		
锡		xi	xi1	赣			30000		
锢		gu	gu4	赣			30000		
锢		ku	gu4	赣			7500		
锣		lo	luo2	赣			30000		
锤		qyu	chui2	赣			30000		
锥		jyu	zhui1	赣			30000		
锦		min	jin3	赣			30000		
锧		ci	zhi4	赣			30000		
锧		zi	zhi4	赣			7500		
锨		xien	xian1	赣			30000		
锬		tan	tan2	赣			30000		
锭		tiang	ding4	赣			30000		
键		jien	jian4	赣			30000		
锯		jyu	ju4	赣			30000		
锰		men	meng3	赣			30000		
锱		ca	zi1	赣			30000		
锲		jie	qie4	赣			30000		
锲		qi	qie4	赣			7500		
锴		gai	kai3	赣			30000		
锴		koi	kai3	赣			7500		
锵		qiong	qiang1	赣			30000		
锷		ngo	e4	赣			30000		
锸		jie	cha1	赣			2400		
锸		nie	cha1	赣			2000		
锸		ye	cha1	赣			3000		
锸		yen	cha1	赣			12000		
锹		qieu	qiao1	赣			30000		
锻		don	duan4	赣			30000		
锽		fong	huang2	赣			3000		
锽		wang	huang2	赣			12000		
锾		fan	huan2	赣			12000		
锾		wan	huan2	赣			3000		
镀		du	du4	赣			30000		
镂		leu	lou4	赣			30000		
镃		zai	zi1	赣			12000		
镃		zu	zi1	赣			3000		
镆		mo	mo4	赣			30000		
镆		mu	mo4	赣			7500		
镇		zen	zhen4	赣			30000		
镈		bo	bo2	赣			30000		
镈		pau	bo2	赣			7500		
镉		li	ge2	赣			30000		
镉		lieu	ge2	赣			7500		
镊		nie	nie4	赣			30000		
镌		jien	juan1	赣			12000		
镏		liu	liu2	赣			30000		
镐		gau	gao3	赣			30000		
镑		bong	bang4	赣			30000		
镒		yi	yi4	赣			30000		
镔		bin	bin1	赣			30000		
镔		fen	bin1	赣			7500		
镖		pieu	biao1	赣			30000		
镗		dong	tang1	赣			3000		
镗		tong	tang1	赣			12000		
镘		man	man4	赣			30000		
镘		mon	man4	赣			7500		
镛		leng	yong1	赣			7500		
镛		seng	yong1	赣			6000		
镛		yiung	yong1	赣			30000		
镜		jiang	jing4	赣			30000		
镝		de	di1	赣			6000		
镝		di	di1	赣			30000		
镝		dieu	di1	赣			7500		
镝		sau	di1	赣			5000		
镞		gu	zu2	赣			2000		
镞		lu	zu2	赣			3000		
镞		pu	zu2	赣			12000		
镞		tu	zu2	赣			2400		
镠		bieu	liu2	赣			6000		
镠		liu	liu2	赣			30000		
镠		yiu	liu2	赣			7500		
镡		qin	chan2	赣			7500		
镡		tan	chan2	赣			30000		
镡		yin	chan2	赣			6000		
镢		jio	jue2	赣			12000		
镢		ko	jue2	赣			3000		
镣		lieu	liao4	赣			30000		
镤		pu	pu2	赣			30000		
镦		dei	dui4	赣			30000		
镧		lan	lan2	赣			30000		
镩		con	cuan1	赣			30000		
镪		kuong	qiang1	赣			12000		
镫		cang	deng4	赣			3000		
镫		den	deng4	赣			12000		
镬		fo	huo4	赣			30000		
镭		lei	lei2	赣			30000		
镯		xu	zhuo2	赣			12000		
镯		xyu	zhuo2	赣			3000		
镯		zo	zhuo2	赣			2400		
镰		lien	lian2	赣			30000		
镳		bieu	biao1	赣			30000		
镴		la	la4	赣			3000		
镴		lai	la4	赣			12000		
镵		gan	chan2	赣			12000		
镵		jien	chan2	赣			3000		
镵		ngai	chan2	赣			2400		
镵		qien	chan2	赣			2000		
镶		xiong	xiang1	赣			30000		
长		cong	zhang3	赣			7500		
长		jiong	zhang3	赣			20465		
长		qiong	zhang3	赣			40281		
閕		nga	xia1	赣			30000		
门		men	men2	赣			39823		
闪		sen	shan3	赣			30000		
闭		bi	bi4	赣			30000		
问		wen	wen4	赣			55563		
闯		cong	chuang3	赣			30000		
闰		len	run4	赣			30000		
闱		wei	wei2	赣			30000		
闲		han	xian2	赣			30000		
闳		feng	hong2	赣			30000		
间		gan	jian1	赣			33288		
间		kan	jian1	赣			60000		
闵		min	min3	赣			30000		
闶		kang	kang1	赣			3000		
闶		kong	kang1	赣			12000		
闷		men	men4	赣			30000		
闸		za	zha2	赣			30000		
闹		lau	nao4	赣			30000		
闺		gui	gui1	赣			30000		
闻		wen	wen2	赣			30000		
闼		tai	ta4	赣			30000		
闽		min	min3	赣			30000		
闾		lu	lv2	赣			30000		
闾		lyu	lv2	赣			7500		
闿		koi	kai3	赣			30000		
阀		fa	fa2	赣			30000		
阁		go	ge2	赣			30000		
阂		ngoi	he2	赣			30000		
阃		ben	kun3	赣			12000		
阃		den	kun3	赣			3000		
阃		fen	kun3	赣			2400		
阃		ti	kun3	赣			2000		
阄		gui	jiu1	赣			7500		
阄		jiu	jiu1	赣			30000		
阅		yue	yue4	赣			30000		
阆		long	lang2	赣			30000		
阇		du	du1	赣			30000		
阇		yu	du1	赣			7500		
阈		yu	yu4	赣			12000		
阉		ngon	yan1	赣			7500		
阉		yen	yan1	赣			30000		
阊		qiung	chang1	赣			30000		
阋		di	xi4	赣			2400		
阋		ji	xi4	赣			3000		
阋		li	xi4	赣			12000		
阋		ti	xi4	赣			2000		
阍		fen	hun1	赣			30000		
阎		yen	yan2	赣			30000		
阏		jie	e4	赣			6000		
阏		ngo	e4	赣			5000		
阏		ye	e4	赣			7500		
阏		yen	e4	赣			30000		
阐		can	chan3	赣			30000		
阑		lan	lan2	赣			30000		
阒		qia	qu4	赣			12000		
阔		koi	kuo4	赣			30000		
阔		kuo	kuo4	赣			7500		
阕		qyue	que4	赣			30000		
阖		goi	he2	赣			30000		
阗		dien	tian2	赣			6000		
阗		tien	tian2	赣			30000		
阗		xi	tian2	赣			7500		
阘		ta	da2	赣			30000		
阙		fa	que1	赣			12000		
阙		fai	que1	赣			3000		
阙		pai	que1	赣			2000		
阙		yue	que1	赣			2400		
阚		hang	han3	赣			2400		
阚		jien	han3	赣			3000		
阚		lan	han3	赣			12000		
阚		san	han3	赣			2000		
阜		fu	fu4	赣			30000		
阜		pu	fu4	赣			7500		
队		dei	dui4	赣			30000		
阡		qien	qian1	赣			30000		
阪		ban	ban3	赣			7500		
阪		fan	ban3	赣			30000		
阪		zon	ban3	赣			6000		
阮		fan	ruan3	赣			2400		
阮		nyuon	ruan3	赣			2000		
阮		wan	ruan3	赣			12000		
阮		yon	ruan3	赣			3000		
阱		jiang	jing3	赣			30000		
防		fong	fang2	赣			30000		
阳		yong	yang2	赣			30000		
阴		yin	yin1	赣			30000		
阵		zen	zhen4	赣			30000		
阶		gai	jie1	赣			30000		
阻		zu	zu3	赣			30000		
阼		bu	zuo4	赣			2400		
阼		mu	zuo4	赣			3000		
阼		pu	zuo4	赣			2000		
阼		tu	zuo4	赣			12000		
阽		yen	dian4	赣			30000		
阿		nga	a1	赣			30000		
陀		ci	tuo2	赣			7500		
陀		to	tuo2	赣			30000		
陂		bai	bei1	赣			7500		
陂		bi	bei1	赣			30000		
陂		bo	bei1	赣			6000		
附		fu	fu4	赣			30000		
际		ji	ji4	赣			30000		
陆		lu	lu4	赣			30000		
陇		feng	long3	赣			5000		
陇		kong	long3	赣			7500		
陇		xiung	long3	赣			6000		
陇		yiung	long3	赣			30000		
陈		cen	chen2	赣			30000		
陉		xin	xing2	赣			30000		
陋		leu	lou4	赣			30000		
陌		me	mo4	赣			30000		
陌		mo	mo4	赣			7500		
降		gong	jiang4	赣			30000		
限		han	xian4	赣			30000		
陔		goi	gai1	赣			30000		
陕		sen	shan3	赣			30000		
陛		di	bi4	赣			3000		
陛		mi	bi4	赣			2000		
陛		qi	bi4	赣			2400		
陛		ti	bi4	赣			12000		
陟		ji	zhi4	赣			7500		
陟		si	zhi4	赣			30000		
陟		yi	zhi4	赣			5000		
陟		zi	zhi4	赣			6000		
陡		deu	dou3	赣			30000		
院		yon	yuan4	赣			30000		
除		qyu	chu2	赣			30000		
陧		jie	nie4	赣			12000		
陧		mie	nie4	赣			2000		
陧		qie	nie4	赣			3000		
陧		xie	nie4	赣			2400		
陨		yun	yun3	赣			30000		
险		xien	xian3	赣			30000		
陪		pi	pei2	赣			30000		
陬		fu	zou1	赣			12000		
陬		jyu	zou1	赣			2000		
陬		yiu	zou1	赣			3000		
陬		yu	zou1	赣			2400		
陲		qyui	chui2	赣			30000		
陴		pa	pi2	赣			7500		
陴		pi	pi2	赣			30000		
陵		lin	ling2	赣			30000		
陶		tau	tao2	赣			30000		
陷		xien	xian4	赣			30000		
隅		yu	yu2	赣			30000		
隆		leng	long2	赣			30000		
隈		dei	wei1	赣			2000		
隈		fi	wei1	赣			12000		
隈		mi	wei1	赣			2400		
隈		pi	wei1	赣			3000		
隋		to	sui2	赣			30000		
隋		xyu	sui2	赣			7500		
隍		fong	huang2	赣			30000		
隍		wong	huang2	赣			7500		
随		xyu	sui2	赣			30000		
隐		yin	yin3	赣			30000		
隔		ga	ge2	赣			30000		
隗		fi	kui2	赣			3000		
隗		kui	kui2	赣			2400		
隗		lei	kui2	赣			12000		
隗		mi	kui2	赣			2000		
隘		ngai	ai4	赣			30000		
隙		xi	xi4	赣			30000		
障		jiong	zhang4	赣			30000		
隧		xyu	sui4	赣			30000		
隰		xi	xi2	赣			30000		
隳		to	hui1	赣			30000		
隶		li	li4	赣			30000		
隻		jia	zhi1	赣			30000		
隼		sen	sun3	赣			30000		
隽		seng	juan4	赣			30000		
难		lan	nan2	赣			30000		
雀		qio	que4	赣			30000		
雀		qo	que4	赣			7500		
雁		yen	yan4	赣			30000		
雄		xiung	xiong2	赣			30000		
雅		nga	ya3	赣			30000		
集		ji	ji2	赣			30000		
雇		gu	gu4	赣			30000		
雉		bi	zhi4	赣			30000		
雉		ji	zhi4	赣			6000		
雉		si	zhi4	赣			7500		
雉		zi	zhi4	赣			5000		
雌		cu	ci2	赣			30000		
雍		ceng	yong1	赣			6000		
雍		feng	yong1	赣			30000		
雍		jiung	yong1	赣			5000		
雍		seng	yong1	赣			7500		
雎		jyu	ju1	赣			12000		
雎		qi	ju1	赣			3000		
雏		cu	chu2	赣			7500		
雏		qyu	chu2	赣			30000		
雒		lau	luo4	赣			7500		
雒		lo	luo4	赣			30000		
雕		dieu	diao1	赣			30000		
雠		ceu	chou2	赣			30000		
雨		yu	yu3	赣			60000		
雩		xyu	yu2	赣			7500		
雩		yu	yu2	赣			30000		
雪		xie	xue3	赣			30000		
雯		men	wen2	赣			7500		
雯		min	wen2	赣			6000		
雯		wen	wen2	赣			30000		
雳		li	li4	赣			30000		
零		liang	ling2	赣			30000		
雷		lei	lei2	赣			30000		
雷		li	lei2	赣			7500		
雹		bau	bao2	赣			30000		
雾		wu	wu4	赣			30000		
需		xyu	xu1	赣			30000		
霁		ji	ji4	赣			3000		
霁		jie	ji4	赣			12000		
霄		seu	xiao1	赣			6000		
霄		xieu	xiao1	赣			30000		
霄		xio	xiao1	赣			7500		
霆		tiang	ting2	赣			7500		
霆		tin	ting2	赣			30000		
震		zen	zhen4	赣			30000		
霈		pi	pei4	赣			30000		
霉		mi	mei2	赣			30000		
霍		fo	huo4	赣			30000		
霎		sa	sha4	赣			30000		
霏		fi	fei1	赣			30000		
霓		ji	ni2	赣			2000		
霓		li	ni2	赣			2400		
霓		ti	ni2	赣			12000		
霓		xi	ni2	赣			3000		
霖		lin	lin2	赣			30000		
霜		song	shuang1	赣			30000		
霞		ha	xia2	赣			30000		
霞		xia	xia2	赣			7500		
霪		yin	yin2	赣			30000		
霭		ngo	ai3	赣			3000		
霭		ngoi	ai3	赣			12000		
霰		xien	xian4	赣			12000		
霰		xyun	xian4	赣			3000		
露		lu	lu4	赣			30000		
霸		ba	ba4	赣			30000		
霹		pi	pi1	赣			30000		
霾		mai	mai2	赣			30000		
青		qiang	qing1	赣			30000		
靓		qiang	jing4	赣			3000		
靓		qin	jing4	赣			12000		
靖		jin	jing4	赣			30000		
静		qin	jing4	赣			30000		
非		fi	fei1	赣			30000		
靠		kau	kao4	赣			30000		
靡		mi	mi2	赣			30000		
面		mien	mian4	赣			30000		
靥		yen	ye4	赣			30000		
革		gie	ge2	赣			30000		
靳		jin	jin4	赣			30000		
靴		xyue	xue1	赣			30000		
靶		ba	ba3	赣			30000		
靸		da	sa3	赣			2000		
靸		goi	sa3	赣			3000		
靸		sa	sa3	赣			2400		
靸		ta	sa3	赣			12000		
靺		me	mo4	赣			12000		
靺		mi	mo4	赣			2400		
靺		moi	mo4	赣			3000		
靺		wai	mo4	赣			2000		
靼		ho	da2	赣			3000		
靼		lai	da2	赣			2400		
靼		tai	da2	赣			2000		
靼		ze	da2	赣			12000		
靽		bon	ban4	赣			12000		
靽		pon	ban4	赣			3000		
靿		cau	yao4	赣			2400		
靿		gau	yao4	赣			3000		
靿		hau	yao4	赣			12000		
靿		pau	yao4	赣			2000		
鞁		pi	bei4	赣			30000		
鞅		yong	yang1	赣			30000		
鞋		hai	xie2	赣			30000		
鞍		ngon	an1	赣			30000		
鞒		qieu	qiao2	赣			30000		
鞘		seu	qiao4	赣			30000		
鞘		xieu	qiao4	赣			7500		
鞠		jyu	ju1	赣			30000		
鞣		leu	rou2	赣			30000		
鞧		qiu	qiu1	赣			30000		
鞨		ho	he2	赣			3000		
鞨		se	he2	赣			2400		
鞨		xie	he2	赣			12000		
鞫		jiu	ju1	赣			12000		
鞫		jyu	ju1	赣			3000		
鞭		bien	bian1	赣			30000		
鞯		jien	jian1	赣			3000		
鞯		qien	jian1	赣			12000		
鞲		gieu	gou1	赣			3000		
鞲		jyu	gou1	赣			2400		
鞲		kieu	gou1	赣			12000		
鞴		bi	bei4	赣			2000		
鞴		bu	bei4	赣			2400		
鞴		fu	bei4	赣			12000		
鞴		pi	bei4	赣			3000		
韂		ngan	chan4	赣			2400		
韂		sen	chan4	赣			3000		
韂		yen	chan4	赣			12000		
韂		zen	chan4	赣			2000		
韦		wei	wei2	赣			30000		
韧		len	ren4	赣			30000		
韨		bei	fu2	赣			30000		
韩		hon	han2	赣			30000		
韪		wei	wei3	赣			30000		
韫		wen	yun4	赣			3000		
韫		yon	yun4	赣			2400		
韫		yun	yun4	赣			12000		
韬		ceu	tao1	赣			2000		
韬		dau	tao1	赣			12000		
韬		tau	tao1	赣			2400		
韬		tieu	tao1	赣			3000		
韭		jiu	jiu3	赣			30000		
音		yin	yin1	赣			30000		
韵		yun	yun4	赣			30000		
韶		jieu	shao2	赣			2400		
韶		qieu	shao2	赣			3000		
韶		xieu	shao2	赣			2000		
韶		yeu	shao2	赣			12000		
页		ye	ye4	赣			30000		
顶		diang	ding3	赣			30000		
顶		din	ding3	赣			7500		
顷		qin	qing3	赣			30000		
顸		dan	han1	赣			2400		
顸		kon	han1	赣			2000		
顸		lan	han1	赣			3000		
顸		tan	han1	赣			12000		
项		hong	xiang4	赣			30000		
项		xiong	xiang4	赣			30000		
顺		xyun	shun4	赣			30000		
须		xyu	xu1	赣			30000		
顼		xyu	xu1	赣			7500		
顼		yu	xu1	赣			30000		
顽		wan	wan2	赣			30000		
顽		won	wan2	赣			30000		
顾		gu	gu4	赣			30000		
顿		den	dun4	赣			30000		
颀		ji	qi2	赣			7500		
颀		qi	qi2	赣			30000		
颁		bon	ban1	赣			30000		
颂		seng	song4	赣			30000		
颃		hong	hang2	赣			12000		
颃		kang	hang2	赣			2400		
颃		kong	hang2	赣			3000		
预		yu	yu4	赣			30000		
颅		lu	lu2	赣			30000		
领		liang	ling3	赣			31739		
颇		po	po3	赣			30000		
颈		jiang	jing3	赣			30000		
颉		gon	jie2	赣			3000		
颉		ho	jie2	赣			2400		
颉		xie	jie2	赣			12000		
颉		ye	jie2	赣			2000		
颊		ga	jia2	赣			30000		
颋		len	ting3	赣			3000		
颋		tiang	ting3	赣			12000		
颌		ha	he2	赣			2000		
颌		hau	he2	赣			2400		
颌		ho	he2	赣			3000		
颌		hon	he2	赣			12000		
颍		yin	ying3	赣			30000		
颏		goi	ke1	赣			2400		
颏		hai	ke1	赣			3000		
颏		kie	ke1	赣			12000		
颐		toi	yi2	赣			12000		
颐		yi	yi2	赣			3000		
频		pin	pin2	赣			30000		
颓		tu	tui2	赣			30000		
颔		hon	han4	赣			30000		
颔		hong	han4	赣			7500		
颖		yin	ying3	赣			30000		
颗		ko	ke1	赣			30000		
题		ti	ti2	赣			55563		
颙		ceng	yong2	赣			6000		
颙		feng	yong2	赣			30000		
颙		jiung	yong2	赣			5000		
颙		seng	yong2	赣			7500		
颚		ngo	e4	赣			30000		
颛		jon	zhuan1	赣			30000		
颛		zuon	zhuan1	赣			30000		
颜		yen	yan2	赣			30000		
额		nia	e2	赣			30000		
颞		jie	nie4	赣			2400		
颞		nie	nie4	赣			2000		
颞		ye	nie4	赣			3000		
颞		yen	nie4	赣			12000		
颟		man	man1	赣			30000		
颟		mon	man1	赣			7500		
颠		dien	dian1	赣			30000		
颡		dong	sang3	赣			12000		
颡		kang	sang3	赣			3000		
颡		long	sang3	赣			2400		
颢		gau	hao4	赣			3000		
颢		hau	hao4	赣			12000		
颤		can	chan4	赣			30000		
颤		zan	chan4	赣			7500		
颥		lo	ru2	赣			3000		
颥		lu	ru2	赣			12000		
颦		pin	pin2	赣			30000		
颧		jon	quan2	赣			12000		
颧		qon	quan2	赣			3000		
风		feng	feng1	赣			90000		
飐		jien	zhan3	赣			12000		
飐		kuong	zhan3	赣			2000		
飐		sen	zhan3	赣			2400		
飐		yen	zhan3	赣			3000		
飑		pau	biao1	赣			30000		
飑		pu	biao1	赣			7500		
飒		sa	sa4	赣			30000		
飔		cu	si1	赣			6000		
飔		qi	si1	赣			7500		
飔		si	si1	赣			30000		
飔		su	si1	赣			5000		
飗		liu	liu2	赣			30000		
飘		pieu	piao1	赣			30000		
飞		fi	fei1	赣			60000		
食		si	shi2	赣			30000		
飧		sen	sun1	赣			30000		
飨		xiong	xiang3	赣			30000		
餍		ngan	yan4	赣			6000		
餍		ngon	yan4	赣			7500		
餍		yen	yan4	赣			30000		
餐		can	can1	赣			30000		
餮		tie	tie4	赣			30000		
饔		ceng	yong1	赣			6000		
饔		feng	yong1	赣			30000		
饔		jiung	yong1	赣			5000		
饔		seng	yong1	赣			7500		
饕		ceu	tao1	赣			2000		
饕		dau	tao1	赣			12000		
饕		tau	tao1	赣			2400		
饕		tieu	tao1	赣			3000		
饥		ji	ji1	赣			30000		
饧		cen	tang2	赣			12000		
饧		jiang	tang2	赣			3000		
饧		qiang	tang2	赣			2400		
饧		yin	tang2	赣			2000		
饨		ten	tun2	赣			30000		
饩		qi	xi4	赣			30000		
饪		lin	ren4	赣			3000		
饪		pin	ren4	赣			2400		
饪		qin	ren4	赣			2000		
饪		sen	ren4	赣			12000		
饫		yen	yu4	赣			3000		
饫		yu	yu4	赣			12000		
饬		ji	chi4	赣			7500		
饬		si	chi4	赣			30000		
饬		yi	chi4	赣			5000		
饬		zi	chi4	赣			6000		
饭		fan	fan4	赣			60000		
饮		yin	yin3	赣			30000		
饯		qien	jian4	赣			30000		
饰		si	shi4	赣			30000		
饱		bau	bao3	赣			30000		
饲		cu	si4	赣			30000		
饲		su	si4	赣			7500		
饴		toi	yi2	赣			12000		
饴		yi	yi2	赣			3000		
饵		e	er3	赣			30000		
饶		leu	rao2	赣			30000		
饷		xiong	xiang3	赣			30000		
饸		ka	he2	赣			30000		
饺		jieu	jiao3	赣			30000		
饼		biang	bing3	赣			30000		
饽		bien	bo1	赣			7500		
饽		bo	bo1	赣			30000		
饿		ngo	e4	赣			30000		
馀		yu	yu2	赣			30000		
馁		lei	nei3	赣			30000		
馄		fen	hun2	赣			30000		
馅		xie	xian4	赣			30000		
馆		guon	guan3	赣			30000		
馈		kui	kui4	赣			30000		
馋		can	chan2	赣			30000		
馌		jie	ye4	赣			2400		
馌		nie	ye4	赣			2000		
馌		ye	ye4	赣			3000		
馌		yen	ye4	赣			12000		
馍		mo	mo2	赣			30000		
馏		liu	liu2	赣			30000		
馑		jin	jin3	赣			30000		
馒		man	man2	赣			30000		
馓		san	san3	赣			30000		
馔		jon	zhuan4	赣			12000		
馔		qon	zhuan4	赣			3000		
馔		xon	zhuan4	赣			2000		
馔		yon	zhuan4	赣			2400		
首		seu	shou3	赣			30746		
馗		ceu	kui2	赣			2400		
馗		kui	kui2	赣			3000		
馗		qiu	kui2	赣			12000		
馘		ga	guo2	赣			12000		
馘		gie	guo2	赣			3000		
香		xiong	xiang1	赣			30000		
馥		fu	fu4	赣			30000		
馥		ji	fu4	赣			6000		
馥		si	fu4	赣			7500		
馥		zi	fu4	赣			5000		
馨		diang	xin1	赣			2000		
馨		lin	xin1	赣			12000		
馨		tin	xin1	赣			2400		
馨		xin	xin1	赣			3000		
马		ma	ma3	赣			30000		
驭		ngyu	yu4	赣			3000		
驭		yu	yu4	赣			12000		
驮		to	tuo2	赣			30000		
驯		xyun	xun4	赣			30000		
驰		ci	chi2	赣			30000		
驱		qyu	qu1	赣			30000		
驳		bo	bo2	赣			30000		
驴		lyu	lv2	赣			30000		
驵		cu	zang3	赣			12000		
驵		zong	zang3	赣			3000		
驶		si	shi3	赣			30000		
驷		su	si4	赣			30000		
驸		fu	fu4	赣			30000		
驹		jyu	ju1	赣			30000		
驺		ceu	zou1	赣			3000		
驺		liu	zou1	赣			2000		
驺		qiu	zou1	赣			2400		
驺		yiu	zou1	赣			12000		
驻		jyu	zhu4	赣			30000		
驼		to	tuo2	赣			30000		
驽		lu	nu2	赣			30000		
驾		ga	jia4	赣			30000		
驿		xia	yi4	赣			2400		
驿		ya	yi4	赣			2000		
驿		ye	yi4	赣			3000		
驿		yi	yi4	赣			12000		
骀		toi	dai4	赣			30000		
骁		jieu	xiao1	赣			12000		
骁		yeu	xiao1	赣			3000		
骂		ma	ma4	赣			30000		
骄		jieu	jiao1	赣			30000		
骅		fa	hua2	赣			30000		
骅		hua	hua2	赣			7500		
骆		lo	luo4	赣			30000		
骇		hoi	hai4	赣			30000		
骈		jien	pian2	赣			2400		
骈		qien	pian2	赣			12000		
骈		tien	pian2	赣			2000		
骈		yen	pian2	赣			3000		
骊		li	li2	赣			30000		
骋		cen	cheng3	赣			30000		
验		yen	yan4	赣			30000		
骍		qin	xing1	赣			12000		
骍		qiung	xing1	赣			3000		
骍		yin	xing1	赣			2400		
骎		can	qin1	赣			2000		
骎		jin	qin1	赣			3000		
骎		qin	qin1	赣			12000		
骎		san	qin1	赣			2400		
骏		jyun	jun4	赣			30000		
骐		qi	qi2	赣			30000		
骑		qi	qi2	赣			30000		
骓		jyu	zhui1	赣			30000		
骖		can	can1	赣			3000		
骖		san	can1	赣			12000		
骗		pien	pian4	赣			30000		
骘		ci	zhi4	赣			30000		
骘		zi	zhi4	赣			7500		
骙		jyue	kui2	赣			2400		
骙		ko	kui2	赣			3000		
骙		kui	kui2	赣			12000		
骚		sau	sao1	赣			30000		
骛		wu	wu4	赣			30000		
骜		ngau	ao4	赣			30000		
骝		liu	liu2	赣			30000		
骞		bien	qian1	赣			2000		
骞		pien	qian1	赣			3000		
骞		qien	qian1	赣			12000		
骞		yen	qian1	赣			2400		
骠		mieu	biao1	赣			2000		
骠		qieu	biao1	赣			12000		
骠		yeu	biao1	赣			2400		
骠		zeu	biao1	赣			3000		
骡		lo	luo2	赣			30000		
骤		zeu	zhou4	赣			30000		
骥		yi	ji4	赣			30000		
骧		xiong	xiang1	赣			30000		
骨		gui	gu3	赣			30000		
骰		teu	tou2	赣			30000		
骶		ti	di3	赣			30000		
骸		hai	hai2	赣			3000		
骸		xie	hai2	赣			12000		
骺		heu	hou2	赣			30000		
骼		ga	ge2	赣			30000		
髀		bi	bi4	赣			12000		
髀		di	bi4	赣			2400		
髀		qi	bi4	赣			2000		
髀		ti	bi4	赣			3000		
髁		ko	ke1	赣			30000		
髁		kua	ke1	赣			7500		
髂		kua	qia4	赣			12000		
髅		leu	lou2	赣			30000		
髋		kun	kuan1	赣			12000		
髋		kuon	kuan1	赣			3000		
髌		min	bin4	赣			2400		
髌		qin	bin4	赣			12000		
髌		tiang	bin4	赣			2000		
髌		yin	bin4	赣			3000		
髑		du	du2	赣			7500		
髑		tu	du2	赣			30000		
髓		xi	sui3	赣			30000		
高		gau	gao1	赣			57483		
髡		kun	kun1	赣			30000		
髦		mau	mao2	赣			30000		
髫		dieu	tiao2	赣			7500		
髫		tieu	tiao2	赣			30000		
髯		lien	ran2	赣			3000		
髯		qien	ran2	赣			2000		
髯		yen	ran2	赣			2400		
髯		zen	ran2	赣			12000		
髻		ji	ji4	赣			3000		
髻		xi	ji4	赣			12000		
鬃		deng	zong1	赣			3000		
鬃		gong	zong1	赣			12000		
鬃		leng	zong1	赣			2400		
鬃		teng	zong1	赣			2000		
鬈		jon	quan2	赣			3000		
鬈		qon	quan2	赣			12000		
鬈		xon	quan2	赣			2000		
鬈		yon	quan2	赣			2400		
鬓		bin	bin4	赣			30000		
鬟		fan	huan2	赣			12000		
鬟		wan	huan2	赣			3000		
鬣		lie	lie4	赣			30000		
鬯		qiong	chang4	赣			30000		
鬲		ga	ge2	赣			7500		
鬲		gie	ge2	赣			6000		
鬲		li	ge2	赣			30000		
鬲		lieu	ge2	赣			5000		
鬶		gui	gui1	赣			30000		
鬻		ju	yu4	赣			12000		
鬻		yiu	yu4	赣			3000		
鬼		gui	gui3	赣			30000		
魁		kui	kui2	赣			30000		
魂		fen	hun2	赣			30000		
魃		pai	ba2	赣			30000		
魄		pa	po4	赣			30000		
魅		mi	mei4	赣			30000		
魇		yen	yan3	赣			30000		
魈		seu	xiao1	赣			6000		
魈		xieu	xiao1	赣			30000		
魈		xio	xiao1	赣			7500		
魉		liung	liang3	赣			30000		
魍		mong	wang3	赣			30000		
魏		wei	wei4	赣			30000		
魑		li	chi1	赣			3000		
魑		sai	chi1	赣			12000		
魔		mo	mo2	赣			30000		
鱼		nyu	yu2	赣			30000		
鱽		dau	dao1	赣			30000		
鲁		lu	lu3	赣			30000		
鲂		fong	fang2	赣			30000		
鲇		jien	nian2	赣			2400		
鲇		tien	nian2	赣			12000		
鲇		xian	nian2	赣			2000		
鲇		zen	nian2	赣			3000		
鲈		lu	lu2	赣			30000		
鲉		ceu	you2	赣			3000		
鲉		seu	you2	赣			2000		
鲉		yeu	you2	赣			2400		
鲉		yiu	you2	赣			12000		
鲊		ba	zha3	赣			2000		
鲊		ha	zha3	赣			12000		
鲊		ma	zha3	赣			3000		
鲊		nga	zha3	赣			2400		
鲋		fu	fu4	赣			30000		
鲌		bo	ba4	赣			3000		
鲌		pa	ba4	赣			12000		
鲍		cau	bao4	赣			12000		
鲍		ngau	bao4	赣			2000		
鲍		qieu	bao4	赣			3000		
鲍		za	bao4	赣			2400		
鲎		heu	hou4	赣			30000		
鲎		wo	hou4	赣			7500		
鲏		pi	pi2	赣			30000		
鲐		toi	tai2	赣			30000		
鲑		gui	gui1	赣			2400		
鲑		hai	gui1	赣			2000		
鲑		wa	gui1	赣			3000		
鲑		xi	gui1	赣			12000		
鲔		gui	wei3	赣			2000		
鲔		lei	wei3	赣			12000		
鲔		wei	wei3	赣			3000		
鲔		xyu	wei3	赣			2400		
鲙		fi	kuai4	赣			12000		
鲙		kuai	kuai4	赣			3000		
鲚		ji	ji4	赣			30000		
鲛		gau	jiao1	赣			12000		
鲛		jieu	jiao1	赣			2000		
鲛		ngau	jiao1	赣			2400		
鲜		xien	xian1	赣			30000		
鲞		xiung	xiang3	赣			30000		
鲠		gien	geng3	赣			3000		
鲠		kien	geng3	赣			12000		
鲡		li	li2	赣			30000		
鲢		lien	lian2	赣			30000		
鲢		lin	lian2	赣			7500		
鲣		jien	jian1	赣			30000		
鲤		li	li3	赣			30000		
鲥		si	shi2	赣			30000		
鲦		dieu	tiao2	赣			7500		
鲦		tieu	tiao2	赣			30000		
鲧		ben	gun3	赣			12000		
鲧		den	gun3	赣			3000		
鲧		fen	gun3	赣			2400		
鲧		ti	gun3	赣			2000		
鲨		sa	sha1	赣			30000		
鲩		hon	huan4	赣			12000		
鲪		jyun	jun1	赣			12000		
鲫		ji	ji4	赣			30000		
鲭		jiang	qing1	赣			2400		
鲭		qin	qing1	赣			2000		
鲭		sen	qing1	赣			3000		
鲭		zen	qing1	赣			12000		
鲮		lin	ling2	赣			30000		
鲯		qi	qi2	赣			30000		
鲰		heu	zou1	赣			12000		
鲰		kieu	zou1	赣			3000		
鲰		leu	zou1	赣			2000		
鲰		ngieu	zou1	赣			2400		
鲱		fi	fei1	赣			30000		
鲲		kun	kun1	赣			30000		
鲳		qiung	chang1	赣			30000		
鲴		gu	gu4	赣			30000		
鲴		ku	gu4	赣			7500		
鲵		e	ni2	赣			30000		
鲷		dieu	diao1	赣			30000		
鲸		jiang	jing1	赣			30000		
鲻		ca	zi1	赣			30000		
鲼		ban	fen4	赣			7500		
鲼		fen	fen4	赣			30000		
鲽		da	die2	赣			3000		
鲽		ta	die2	赣			12000		
鳀		di	ti2	赣			5000		
鳀		si	ti2	赣			7500		
鳀		ti	ti2	赣			30000		
鳀		tia	ti2	赣			6000		
鳂		wei	wei1	赣			30000		
鳃		coi	sai1	赣			3000		
鳃		loi	sai1	赣			2000		
鳃		toi	sai1	赣			12000		
鳃		zoi	sai1	赣			2400		
鳄		ngo	e4	赣			30000		
鳅		qiu	qiu1	赣			30000		
鳆		fu	fu4	赣			30000		
鳉		jiung	jiang1	赣			30000		
鳊		ban	bian1	赣			12000		
鳊		bien	bian1	赣			2400		
鳊		bon	bian1	赣			3000		
鳌		ngau	ao2	赣			30000		
鳍		qi	qi2	赣			30000		
鳎		da	ta3	赣			3000		
鳎		ta	ta3	赣			12000		
鳏		han	guan1	赣			12000		
鳏		jien	guan1	赣			3000		
鳐		tau	yao2	赣			7500		
鳐		yeu	yao2	赣			30000		
鳔		bieu	biao4	赣			30000		
鳖		bie	bie1	赣			30000		
鳗		man	man2	赣			12000		
鳗		mon	man2	赣			2400		
鳗		wan	man2	赣			3000		
鳘		min	min3	赣			30000		
鳙		ceng	yong1	赣			2000		
鳙		feng	yong1	赣			3000		
鳙		seng	yong1	赣			12000		
鳙		yiung	yong1	赣			2400		
鳚		wei	wei4	赣			30000		
鳜		gai	gui4	赣			12000		
鳜		wei	gui4	赣			3000		
鳜		xi	gui4	赣			2400		
鳜		xyu	gui4	赣			2000		
鳞		lin	lin2	赣			30000		
鳟		ben	zun1	赣			3000		
鳟		den	zun1	赣			12000		
鳟		fen	zun1	赣			2400		
鳟		ti	zun1	赣			2000		
鳡		gong	gan3	赣			30000		
鳢		li	li3	赣			30000		
鸟		dieu	niao3	赣			30000		
鸟		nieu	niao3	赣			7500		
鸠		jiu	jiu1	赣			30000		
鸡		ji	ji1	赣			30000		
鸢		jon	yuan1	赣			7500		
鸢		yon	yuan1	赣			30000		
鸣		miang	ming2	赣			30000		
鸣		min	ming2	赣			7500		
鸤		si	shi1	赣			30000		
鸥		ngieu	ou1	赣			30000		
鸦		nga	ya1	赣			30000		
鸨		bau	bao3	赣			30000		
鸩		sen	zhen4	赣			30000		
鸪		gu	gu1	赣			30000		
鸪		ku	gu1	赣			7500		
鸫		deng	dong1	赣			30000		
鸫		dong	dong1	赣			30000		
鸬		lu	lu2	赣			30000		
鸭		nga	ya1	赣			30000		
鸮		jieu	xiao1	赣			2400		
鸮		qieu	xiao1	赣			3000		
鸮		xieu	xiao1	赣			2000		
鸮		yeu	xiao1	赣			12000		
鸯		yong	yang1	赣			30000		
鸰		lang	ling2	赣			6000		
鸰		liang	ling2	赣			7500		
鸰		lien	ling2	赣			5000		
鸰		lin	ling2	赣			30000		
鸱		ji	chi1	赣			2400		
鸱		su	chi1	赣			2000		
鸱		yi	chi1	赣			12000		
鸱		zu	chi1	赣			3000		
鸲		gieu	qu2	赣			3000		
鸲		jyu	qu2	赣			12000		
鸲		kieu	qu2	赣			2400		
鸳		yon	yuan1	赣			30000		
鸵		to	tuo2	赣			30000		
鸷		zi	zhi4	赣			30000		
鸸		e	er2	赣			30000		
鸹		kuai	gua1	赣			30000		
鸹		kue	gua1	赣			7500		
鸹		si	gua1	赣			5000		
鸹		woi	gua1	赣			6000		
鸺		xiu	xiu1	赣			30000		
鸼		ceu	zhou1	赣			7500		
鸼		zeu	zhou1	赣			30000		
鸽		go	ge1	赣			30000		
鸾		lon	luan2	赣			30000		
鸿		fen	hong2	赣			30000		
鹀		wu	wu2	赣			30000		
鹁		bien	bo2	赣			7500		
鹁		bo	bo2	赣			30000		
鹂		li	li2	赣			30000		
鹃		jon	juan1	赣			30000		
鹄		kau	gu3	赣			3000		
鹄		pu	gu3	赣			12000		
鹄		tu	gu3	赣			2400		
鹄		wo	gu3	赣			2000		
鹅		ngo	e2	赣			30000		
鹆		gu	yu4	赣			7500		
鹆		yu	yu4	赣			30000		
鹇		han	xian2	赣			30000		
鹈		ti	ti2	赣			30000		
鹈		tia	ti2	赣			6000		
鹈		ze	ti2	赣			7500		
鹉		wu	wu3	赣			30000		
鹊		xi	que4	赣			30000		
鹎		bai	bei1	赣			3000		
鹎		bi	bei1	赣			12000		
鹎		pi	bei1	赣			2400		
鹏		pen	peng2	赣			30000		
鹐		can	qian1	赣			12000		
鹐		hang	qian1	赣			2400		
鹐		hon	qian1	赣			2000		
鹐		qien	qian1	赣			3000		
鹑		qyun	chun2	赣			30000		
鹕		fu	hu2	赣			30000		
鹗		ngo	e4	赣			30000		
鹘		fa	gu3	赣			6000		
鹘		gui	gu3	赣			7500		
鹘		wai	gu3	赣			30000		
鹛		mi	mei2	赣			30000		
鹛		wei	mei2	赣			7500		
鹜		mu	wu4	赣			3000		
鹜		wu	wu4	赣			12000		
鹞		tau	yao4	赣			7500		
鹞		yeu	yao4	赣			30000		
鹠		liu	liu2	赣			30000		
鹣		jien	jian1	赣			30000		
鹤		ho	he4	赣			30000		
鹦		yin	ying1	赣			30000		
鹧		za	zhe4	赣			30000		
鹨		bieu	liu4	赣			2400		
鹨		liu	liu4	赣			12000		
鹨		mau	liu4	赣			2000		
鹨		yiu	liu4	赣			3000		
鹩		lieu	liao2	赣			30000		
鹪		jieu	jiao1	赣			30000		
鹫		qiu	jiu4	赣			30000		
鹬		lyu	yu4	赣			2000		
鹬		qyu	yu4	赣			3000		
鹬		xyu	yu4	赣			12000		
鹬		zu	yu4	赣			2400		
鹭		lu	lu4	赣			30000		
鹰		yin	ying1	赣			30000		
鹱		ngo	hu4	赣			12000		
鹲		meng	meng2	赣			30000		
鹳		gon	guan4	赣			7500		
鹳		guon	guan4	赣			30000		
鹿		lu	lu4	赣			30000		
麂		ji	ji3	赣			30000		
麇		jin	jun1	赣			30000		
麈		jyu	zhu3	赣			30000		
麋		mi	mi2	赣			30000		
麋		wei	mi2	赣			7500		
麒		qi	qi2	赣			30000		
麓		go	lu4	赣			7500		
麓		gu	lu4	赣			6000		
麓		lu	lu4	赣			30000		
麝		xia	she4	赣			30000		
麟		lin	lin2	赣			30000		
麦		mai	mai4	赣			30000		
麦		me	mai4	赣			7500		
麸		fu	fu1	赣			30000		
麻		ma	ma2	赣			30000		
麾		to	hui1	赣			30000		
黄		fong	huang2	赣			7500		
黄		wong	huang2	赣			60000		
黇		tien	tian1	赣			3000		
黇		zen	tian1	赣			12000		
黉		fong	hong2	赣			3000		
黉		wang	hong2	赣			12000		
黍		su	shu3	赣			30000		
黎		li	li2	赣			30000		
黏		zen	nian2	赣			30000		
黑		he	hei1	赣			30000		
黔		qien	qian2	赣			30000		
默		me	mo4	赣			30000		
默		mo	mo4	赣			7500		
黛		dai	dai4	赣			3000		
黛		li	dai4	赣			2400		
黛		toi	dai4	赣			12000		
黜		lyu	chu4	赣			2000		
黜		qyu	chu4	赣			3000		
黜		xyu	chu4	赣			12000		
黜		zu	chu4	赣			2400		
黝		jiu	you3	赣			7500		
黝		yi	you3	赣			30000		
黟		ji	yi1	赣			2000		
黟		qi	yi1	赣			12000		
黟		ti	yi1	赣			3000		
黟		xi	yi1	赣			2400		
黠		fa	xia2	赣			3000		
黠		wai	xia2	赣			12000		
黥		jiang	qing2	赣			3000		
黥		qin	qing2	赣			12000		
黧		li	li2	赣			30000		
黩		du	du2	赣			7500		
黩		tu	du2	赣			30000		
黯		can	an4	赣			12000		
黯		hang	an4	赣			3000		
黯		kang	an4	赣			2000		
黯		qien	an4	赣			2400		
黹		bi	zhi3	赣			30000		
黹		ji	zhi3	赣			6000		
黹		si	zhi3	赣			7500		
黹		zi	zhi3	赣			5000		
黻		bei	fu2	赣			30000		
黼		fu	fu3	赣			30000		
黼		pu	fu3	赣			7500		
黾		mang	min3	赣			2000		
黾		mien	min3	赣			12000		
黾		min	min3	赣			3000		
黾		wan	min3	赣			2400		
鼋		nyuon	yuan2	赣			7500		
鼋		yon	yuan2	赣			30000		
鼍		ci	tuo2	赣			7500		
鼍		to	tuo2	赣			30000		
鼎		din	ding3	赣			30000		
鼐		lai	nai4	赣			30000		
鼐		len	nai4	赣			7500		
鼒		coi	zi1	赣			30000		
鼒		zai	zi1	赣			7500		
鼒		zu	zi1	赣			6000		
鼓		gu	gu3	赣			30000		
鼗		tau	tao2	赣			30000		
鼙		ji	pi2	赣			2000		
鼙		qi	pi2	赣			12000		
鼙		ti	pi2	赣			3000		
鼙		xi	pi2	赣			2400		
鼠		xyu	shu3	赣			30000		
鼢		ban	fen2	赣			6000		
鼢		bon	fen2	赣			7500		
鼢		fen	fen2	赣			30000		
鼩		jyu	qu2	赣			30000		
鼫		so	shi2	赣			3000		
鼫		xia	shi2	赣			12000		
鼬		yiu	you4	赣			30000		
鼯		wu	wu2	赣			30000		
鼱		jiang	jing1	赣			30000		
鼱		jin	jing1	赣			7500		
鼱		qin	jing1	赣			5000		
鼱		si	jing1	赣			6000		
鼷		wa	xi1	赣			3000		
鼷		xie	xi1	赣			12000		
鼹		yen	yan3	赣			30000		
鼻		pi	bi2	赣			30000		
鼾		dan	han1	赣			2000		
鼾		hon	han1	赣			12000		
鼾		lan	han1	赣			2400		
鼾		tan	han1	赣			3000		
齁		heu	hou1	赣			3000		
齁		kieu	hou1	赣			2000		
齁		leu	hou1	赣			12000		
齁		teu	hou1	赣			2400		
齐		qi	qi2	赣			30000		
齑		jie	ji1	赣			5000		
齑		lu	ji1	赣			7500		
齑		si	ji1	赣			6000		
齑		xi	ji1	赣			30000		
齿		ci	chi3	赣			30000		
龀		cen	chen4	赣			12000		
龀		jin	chen4	赣			2400		
龀		qin	chen4	赣			2000		
龀		tiang	chen4	赣			3000		
龁		ho	he2	赣			12000		
龁		wai	he2	赣			2400		
龁		ye	he2	赣			3000		
龃		jyu	ju3	赣			3000		
龃		lyu	ju3	赣			2000		
龃		xyu	ju3	赣			12000		
龃		yu	ju3	赣			2400		
龄		lin	ling2	赣			30000		
龇		li	zi1	赣			30000		
龇		qi	zi1	赣			7500		
龇		si	zi1	赣			5000		
龇		zi	zi1	赣			6000		
龈		can	ken3	赣			2400		
龈		jin	ken3	赣			3000		
龈		kien	ken3	赣			12000		
龈		zan	ken3	赣			2000		
龉		nga	yu3	赣			2400		
龉		nyu	yu3	赣			2000		
龉		wu	yu3	赣			12000		
龉		yu	yu3	赣			3000		
龊		pau	chuo4	赣			2000		
龊		pu	chuo4	赣			2400		
龊		yue	chuo4	赣			3000		
龊		zo	chuo4	赣			12000		
龋		fu	qu3	赣			12000		
龋		jyu	qu3	赣			3000		
龋		xyu	qu3	赣			2000		
龋		yu	qu3	赣			2400		
龌		wo	wo4	赣			12000		
龌		yo	wo4	赣			3000		
龙		leng	long2	赣			7500		
龙		liung	long2	赣			30000		
龚		jiung	gong1	赣			12000		
龚		kong	gong1	赣			3000		
龛		kon	kan1	赣			30000		
龟		gui	gui1	赣			30000		
龠		yeu	yue4	赣			2400		
龠		yo	yue4	赣			12000		
龠		yue	yue4	赣			3000		
𠞭		leu	lou2	赣			30000		
𠮶		go	𠮶5	赣			150000		
𪲛		ji	𪲛5	赣			3000		
𪲛		xi	𪲛5	赣			12000		
𪷽		zan	zan4	赣			30000		
𫍧		lai	𫍧5	赣			30000		
